사고번호,사고일시,요일,시군구,사고내용,사망자수,중상자수,경상자수,부상신고자수,사고유형,법규위반,노면상태,기상상태,도로형태,가해운전자 차종,가해운전자 성별,가해운전자 연령,가해운전자 상해정도,피해운전자 차종,피해운전자 성별,피해운전자 연령,피해운전자 상해정도
2013011400100363,2013년 1월 14일 18시,월요일,전라남도 여수시 고소동,경상사고,0,0,1,0,차대차 - 측면직각충돌,안전운전불이행,건조,맑음,단일로 - 기타,승용,남,52세,상해없음,원동기,남,35세,경상
2013011400100398,2013년 1월 14일 19시,월요일,전라남도 고흥군 고흥읍,경상사고,0,0,1,0,차대사람 - 기타,안전운전불이행,건조,맑음,단일로 - 기타,이륜,남,17세,상해없음,보행자,남,3세,경상
2013011400100399,2013년 1월 14일 19시,월요일,전라남도 장성군 황룡면,경상사고,0,0,1,0,차량단독 - 공작물충돌,안전운전불이행,결빙,맑음,미분류 - 미분류,승용,남,45세,경상,,,,
2013011400100400,2013년 1월 14일 19시,월요일,전라남도 진도군 진도읍,중상사고,0,1,0,0,차대사람 - 횡단중,신호위반,건조,맑음,교차로 - 교차로부근,승용,남,65세,상해없음,보행자,남,38세,중상
2013011400100401,2013년 1월 14일 19시,월요일,전라남도 구례군 구례읍,경상사고,0,0,1,1,차대차 - 추돌 - 주정차중,안전운전불이행,건조,맑음,교차로 - 교차로부근,화물,남,55세,부상신고,승용,남,44세,기타불명
2013011400100426,2013년 1월 14일 20시,월요일,전라남도 완도군 완도읍,사망사고,1,1,0,0,차대사람 - 횡단중,안전운전불이행,건조,맑음,단일로 - 횡단보도부근,승용,여,34세,상해없음,보행자,남,55세,사망
2013011400100427,2013년 1월 14일 20시,월요일,전라남도 완도군 완도읍,중상사고,0,1,0,0,차대차 - 기타,교차로운행방법위반,건조,맑음,교차로 - 교차로안,승용,남,51세,상해없음,자전거,남,55세,중상
2013011400100508,2013년 1월 14일 23시,월요일,전라남도 여수시 남산동,경상사고,0,0,1,0,차대차 - 기타,교차로운행방법위반,건조,맑음,교차로 - 교차로안,화물,남,42세,상해없음,원동기,남,29세,경상
2013011500100017,2013년 1월 15일 00시,화요일,전라남도 나주시 다시면,경상사고,0,0,1,0,차량단독 - 공작물충돌,안전운전불이행,건조,맑음,단일로 - 기타,승용,여,41세,경상,,,,
2013011500100050,2013년 1월 15일 02시,화요일,전라남도 순천시 풍덕동,경상사고,0,0,1,0,차대사람 - 기타,안전운전불이행,건조,맑음,단일로 - 기타,승용,남,43세,상해없음,보행자,남,46세,경상
2013011500100058,2013년 1월 15일 03시,화요일,전라남도 목포시 용당동,경상사고,0,0,4,0,차대차 - 측면직각충돌,교차로운행방법위반,건조,맑음,교차로 - 교차로안,승용,남,35세,상해없음,승용,남,24세,경상
2013011500100094,2013년 1월 15일 06시,화요일,전라남도 목포시 옥암동,중상사고,0,2,1,0,차대차 - 측면직각충돌,신호위반,건조,맑음,교차로 - 교차로안,승용,남,44세,경상,승용,남,63세,중상
2013011500100111,2013년 1월 15일 07시,화요일,전라남도 영암군 삼호읍,경상사고,0,0,1,0,차대차 - 측면직각충돌,신호위반,건조,맑음,단일로 - 횡단보도상,화물,남,53세,상해없음,자전거,남,27세,경상
2013011500100132,2013년 1월 15일 08시,화요일,전라남도 나주시 봉황면,중상사고,0,3,0,0,차량단독 - 공작물충돌,안전운전불이행,건조,맑음,단일로 - 기타,승용,남,67세,중상,,,,
2013011500100219,2013년 1월 15일 12시,화요일,전라남도 나주시 성북동,중상사고,0,1,0,0,차대사람 - 횡단중,안전운전불이행,건조,맑음,교차로 - 교차로안,화물,남,56세,상해없음,보행자,여,54세,중상
2013011500100220,2013년 1월 15일 12시,화요일,전라남도 화순군 화순읍,경상사고,0,0,2,0,차대차 - 측면직각충돌,교차로운행방법위반,건조,맑음,교차로 - 교차로안,승용,여,45세,경상,승용,여,35세,경상
2013011500100241,2013년 1월 15일 13시,화요일,전라남도 장흥군 장흥읍,경상사고,0,0,1,0,차대사람 - 기타,안전운전불이행,건조,맑음,교차로 - 교차로부근,화물,남,40세,상해없음,보행자,여,56세,경상
2013011500100242,2013년 1월 15일 13시,화요일,전라남도 광양시 광양읍,중상사고,0,1,0,0,차대차 - 추돌 - 진행중,안전거리미확보,건조,맑음,단일로 - 기타,승용,여,45세,상해없음,화물,남,68세,중상
2013011500100354,2013년 1월 15일 18시,화요일,전라남도 목포시 상동,경상사고,0,0,1,0,차대차 - 측면직각충돌,직진우회전진행방해,건조,맑음,교차로 - 교차로안,승용,남,57세,경상,승용,남,53세,상해없음
2013011500100419,2013년 1월 15일 20시,화요일,전라남도 영암군 삼호읍,경상사고,0,0,1,0,차대사람 - 기타,안전운전불이행,건조,맑음,단일로 - 기타,화물,남,40세,상해없음,보행자,여,48세,경상
2013011500100460,2013년 1월 15일 21시,화요일,전라남도 목포시 연산동,경상사고,0,0,2,0,차대차 - 추돌 - 주정차중,안전운전불이행,건조,맑음,교차로 - 교차로부근,승용,남,53세,상해없음,승용,여,45세,경상
2013011500100528,2013년 1월 15일 23시,화요일,전라남도 영암군 삼호읍,중상사고,0,3,0,0,차대차 - 추돌 - 주정차중,안전운전불이행,건조,맑음,교차로 - 교차로부근,승용,남,51세,상해없음,승용,여,38세,중상
2013011600100053,2013년 1월 16일 03시,수요일,전라남도 장흥군 대덕읍,중상사고,0,1,0,0,차량단독 - 기타,안전운전불이행,건조,맑음,교차로 - 교차로안,화물,남,51세,중상,,,,
2013011600100065,2013년 1월 16일 04시,수요일,전라남도 완도군 청산면,중상사고,0,1,0,0,차량단독 - 전도전복,안전운전불이행,건조,맑음,단일로 - 기타,이륜,여,33세,중상,,,,
2013011600100132,2013년 1월 16일 08시,수요일,전라남도 목포시 용당동,중상사고,0,1,0,0,차대사람 - 보도통행중,안전운전불이행,건조,맑음,교차로 - 교차로안,승용,여,28세,상해없음,보행자,남,70세,중상
2013011600100133,2013년 1월 16일 08시,수요일,전라남도 여수시 둔덕동,경상사고,0,0,1,0,차대차 - 추돌 - 진행중,안전운전불이행,건조,맑음,교차로 - 교차로부근,승용,남,40세,상해없음,승용,남,58세,경상
2013011600100134,2013년 1월 16일 08시,수요일,전라남도 해남군 산이면,중상사고,0,1,0,0,차대사람 - 기타,안전운전불이행,건조,맑음,단일로 - 기타,승합,남,68세,상해없음,보행자,남,69세,중상
2013011600100153,2013년 1월 16일 09시,수요일,전라남도 나주시 삼영동,경상사고,0,0,1,0,차대차 - 기타,교차로운행방법위반,건조,맑음,교차로 - 교차로안,승용,남,70세,상해없음,승용,남,40세,경상
2013011600100154,2013년 1월 16일 09시,수요일,전라남도 완도군 완도읍,경상사고,0,0,1,0,차대차 - 측면직각충돌,교차로운행방법위반,건조,맑음,교차로 - 교차로안,화물,남,63세,상해없음,승용,여,37세,상해없음
2013011600100213,2013년 1월 16일 12시,수요일,전라남도 목포시 동명동,경상사고,0,0,1,0,차대차 - 추돌 - 주정차중,안전운전불이행,건조,흐림,단일로 - 기타,승용,남,35세,상해없음,승용,남,26세,경상
2013011600100238,2013년 1월 16일 13시,수요일,전라남도 완도군 완도읍,중상사고,0,3,2,0,차대차 - 추돌 - 진행중,안전거리미확보,건조,맑음,교차로 - 교차로부근,화물,남,59세,상해없음,승용,남,62세,경상
2013011600100318,2013년 1월 16일 17시,수요일,전라남도 나주시 이창동,중상사고,0,1,0,0,차량단독 - 전도전복,안전운전불이행,건조,맑음,단일로 - 기타,이륜,남,74세,중상,,,,
2013011600100319,2013년 1월 16일 17시,수요일,전라남도 무안군 삼향읍,중상사고,0,1,0,0,차대차 - 기타,기타,건조,맑음,단일로 - 기타,특수,남,29세,상해없음,이륜,남,22세,중상
2013011600100320,2013년 1월 16일 17시,수요일,전라남도 광양시 광양읍,경상사고,0,0,1,0,차대차 - 측면직각충돌,교차로운행방법위반,건조,맑음,교차로 - 교차로부근,승용,남,29세,상해없음,자전거,여,47세,경상
2013011600100353,2013년 1월 16일 18시,수요일,전라남도 담양군 금성면,경상사고,0,0,3,0,차량단독 - 전도전복,안전운전불이행,결빙,흐림,단일로 - 기타,승용,여,55세,경상,,,,
2013011600100354,2013년 1월 16일 18시,수요일,전라남도 무안군 운남면,부상신고사고,0,0,0,1,차량단독 - 공작물충돌,안전운전불이행,건조,맑음,단일로 - 기타,승용,남,48세,부상신고,,,,
2013011600100402,2013년 1월 16일 19시,수요일,전라남도 여수시 돌산읍,경상사고,0,0,2,0,차대차 - 측면직각충돌,신호위반,건조,맑음,교차로 - 교차로안,화물,남,24세,상해없음,승용,남,34세,경상
2013011600100403,2013년 1월 16일 19시,수요일,전라남도 순천시 해룡면,중상사고,0,1,4,0,차대차 - 기타,안전거리미확보,건조,맑음,교차로 - 교차로부근,승용,남,26세,상해없음,화물,남,30세,중상
2013011600100404,2013년 1월 16일 19시,수요일,전라남도 광양시 광양읍,경상사고,0,0,1,0,차대차 - 측면직각충돌,안전운전불이행,습기,맑음,교차로 - 교차로안,원동기,남,55세,경상,승용,여,39세,상해없음
2013011600100431,2013년 1월 16일 20시,수요일,전라남도 여수시 학동,경상사고,0,0,1,0,차대사람 - 길가장자리구역통행중,안전운전불이행,건조,맑음,교차로 - 교차로부근,승용,남,22세,기타불명,보행자,여,33세,경상
2013011600100432,2013년 1월 16일 20시,수요일,전라남도 영암군 삼호읍,경상사고,0,0,1,0,차대사람 - 기타,안전운전불이행,건조,맑음,단일로 - 기타,기타불명,기타불명,기타불명,기타불명,보행자,남,57세,경상
2013011600100433,2013년 1월 16일 20시,수요일,전라남도 담양군 봉산면,경상사고,0,0,1,0,차대차 - 추돌 - 주정차중,안전운전불이행,습기,흐림,교차로 - 교차로부근,승용,남,29세,상해없음,승용,남,37세,경상
2013011600100468,2013년 1월 16일 21시,수요일,전라남도 목포시 옥암동,경상사고,0,0,2,0,차대차 - 추돌 - 주정차중,안전운전불이행,건조,맑음,교차로 - 교차로부근,승용,남,35세,상해없음,승용,여,46세,경상
2013011600100469,2013년 1월 16일 21시,수요일,전라남도 해남군 현산면,경상사고,0,0,6,0,차대차 - 추돌 - 진행중,안전운전불이행,건조,맑음,단일로 - 기타,승용,남,49세,경상,승용,여,39세,경상
2013011600100470,2013년 1월 16일 21시,수요일,전라남도 무안군 삼향읍,중상사고,0,1,0,0,차대사람 - 횡단중,신호위반,건조,맑음,교차로 - 교차로안,승용,남,35세,상해없음,보행자,남,51세,중상
2013011600100496,2013년 1월 16일 22시,수요일,전라남도 목포시 옥암동,경상사고,0,0,1,0,차대차 - 기타,안전운전불이행,건조,맑음,단일로 - 기타,승용,남,25세,상해없음,승용,남,37세,경상
2013011700100015,2013년 1월 17일 00시,목요일,전라남도 구례군 구례읍,경상사고,0,0,4,0,차대차 - 측면직각충돌,교차로운행방법위반,건조,맑음,교차로 - 교차로안,승용,여,53세,상해없음,승용,여,40세,경상
2013011700100031,2013년 1월 17일 01시,목요일,전라남도 여수시 여서동,중상사고,0,3,0,0,차대차 - 정면충돌,중앙선침범,건조,맑음,단일로 - 기타,승용,남,55세,중상,승용,남,53세,중상
2013011700100097,2013년 1월 17일 06시,목요일,전라남도 진도군 진도읍,중상사고,0,1,0,0,차대사람 - 기타,안전운전불이행,기타,기타,단일로 - 기타,이륜,여,52세,상해없음,보행자,여,77세,중상
2013011700100115,2013년 1월 17일 07시,목요일,전라남도 영암군 삼호읍,중상사고,0,1,0,0,차대차 - 측면직각충돌,직진우회전진행방해,건조,맑음,교차로 - 교차로안,원동기,여,46세,중상,승용,남,31세,상해없음
2013011700100141,2013년 1월 17일 08시,목요일,전라남도 장성군 남면,경상사고,0,0,1,0,차대사람 - 기타,안전운전불이행,습기,흐림,단일로 - 기타,화물,남,53세,상해없음,보행자,남,67세,경상
2013011700100142,2013년 1월 17일 08시,목요일,전라남도 장성군 삼계면,사망사고,1,0,1,0,차대차 - 측면직각충돌,중앙선침범,습기,흐림,단일로 - 기타,승용,여,27세,사망,화물,남,42세,경상
2013011700100192,2013년 1월 17일 10시,목요일,전라남도 여수시 율촌면,경상사고,0,0,1,0,차대차 - 추돌 - 진행중,안전운전불이행,건조,맑음,단일로 - 기타,승용,남,47세,상해없음,화물,남,50세,경상
2013011700100193,2013년 1월 17일 10시,목요일,전라남도 해남군 북평면,경상사고,0,0,4,0,차대차 - 정면충돌,교차로운행방법위반,건조,맑음,교차로 - 교차로안,화물,남,62세,경상,승합,남,47세,경상
2013011700100194,2013년 1월 17일 10시,목요일,전라남도 영광군 불갑면,중상사고,0,1,0,0,차대차 - 정면충돌,교차로운행방법위반,건조,맑음,교차로 - 교차로부근,승용,남,58세,상해없음,이륜,남,76세,중상
2013011700100195,2013년 1월 17일 10시,목요일,전라남도 영암군 삼호읍,중상사고,0,1,4,0,차대차 - 측면직각충돌,직진우회전진행방해,건조,흐림,교차로 - 교차로안,승용,남,40세,경상,승용,남,35세,경상
2013011700100218,2013년 1월 17일 11시,목요일,전라남도 순천시 인제동,경상사고,0,0,3,0,차대차 - 측면직각충돌,신호위반,건조,맑음,교차로 - 교차로안,승용,남,62세,상해없음,승용,남,52세,경상
2013011700100219,2013년 1월 17일 11시,목요일,전라남도 진도군 군내면,중상사고,0,2,1,0,차대차 - 정면충돌,중앙선침범,건조,맑음,기타 - 기타,화물,남,74세,중상,화물,남,37세,경상
2013011700100250,2013년 1월 17일 13시,목요일,전라남도 목포시 옥암동,경상사고,0,0,1,0,차대차 - 측면직각충돌,신호위반,습기,눈,단일로 - 횡단보도상,승용,여,56세,상해없음,이륜,남,36세,경상
2013011700100251,2013년 1월 17일 13시,목요일,전라남도 순천시 조례동,부상신고사고,0,0,0,1,차대차 - 추돌 - 주정차중,안전운전불이행,건조,맑음,교차로 - 교차로부근,승용,남,32세,부상신고,승합,남,57세,상해없음
2013011700100252,2013년 1월 17일 13시,목요일,전라남도 장성군 장성읍,중상사고,0,1,1,0,차대차 - 측면직각충돌,신호위반,건조,흐림,교차로 - 교차로안,화물,남,60세,경상,승용,남,74세,중상
2013011700100253,2013년 1월 17일 13시,목요일,전라남도 광양시 성황동,경상사고,0,0,2,0,차대차 - 기타,안전거리미확보,건조,맑음,교차로 - 교차로안,승합,여,48세,상해없음,승합,남,29세,경상
2013011700100278,2013년 1월 17일 14시,목요일,전라남도 여수시 봉산동,사망사고,1,0,0,0,차량단독 - 기타,안전운전불이행,건조,맑음,단일로 - 기타,이륜,남,43세,사망,,,,
2013011700100279,2013년 1월 17일 14시,목요일,전라남도 영암군 학산면,경상사고,0,0,1,0,차량단독 - 도로외이탈 - 추락,안전운전불이행,건조,맑음,단일로 - 기타,이륜,남,68세,경상,,,,
2013011700100300,2013년 1월 17일 15시,목요일,전라남도 완도군 완도읍,경상사고,0,0,1,0,차대차 - 추돌 - 주정차중,안전운전불이행,건조,맑음,교차로 - 교차로부근,승용,남,74세,상해없음,승용,남,66세,경상
2013011700100301,2013년 1월 17일 15시,목요일,전라남도 구례군 구례읍,경상사고,0,0,1,0,차대사람 - 횡단중,안전운전불이행,건조,맑음,교차로 - 교차로부근,승용,여,51세,상해없음,보행자,남,6세,경상
2013011700100326,2013년 1월 17일 16시,목요일,전라남도 나주시 다시면,부상신고사고,0,0,0,1,차량단독 - 도로외이탈 - 추락,안전운전불이행,기타,맑음,단일로 - 기타,화물,남,66세,부상신고,,,,
2013011700100388,2013년 1월 17일 18시,목요일,전라남도 나주시 동수동,중상사고,0,1,0,0,차량단독 - 공작물충돌,안전운전불이행,결빙,맑음,교차로 - 교차로부근,원동기,남,54세,중상,,,,
2013011700100389,2013년 1월 17일 18시,목요일,전라남도 영암군 삼호읍,경상사고,0,0,1,0,차대차 - 추돌 - 진행중,중앙선침범,건조,맑음,교차로 - 교차로부근,화물,남,27세,상해없음,승용,남,30세,경상
2013011700100493,2013년 1월 17일 21시,목요일,전라남도 목포시 죽교동,경상사고,0,0,2,0,차대차 - 측면직각충돌,중앙선침범,건조,맑음,단일로 - 기타,승용,남,34세,상해없음,승합,남,32세,경상
2013011700100494,2013년 1월 17일 21시,목요일,전라남도 목포시 상동,부상신고사고,0,0,0,1,차대사람 - 기타,안전운전불이행,건조,맑음,단일로 - 기타,기타불명,기타불명,기타불명,기타불명,보행자,남,54세,부상신고
2013011700100550,2013년 1월 17일 23시,목요일,전라남도 보성군 보성읍,경상사고,0,0,3,0,차대차 - 추돌 - 주정차중,안전운전불이행,결빙,맑음,단일로 - 기타,승용,남,33세,상해없음,화물,남,56세,기타불명
2013011800100015,2013년 1월 18일 00시,금요일,전라남도 순천시 조례동,경상사고,0,0,1,0,차대차 - 정면충돌,중앙선침범,건조,맑음,단일로 - 기타,승용,남,26세,상해없음,이륜,남,16세,경상
2013011800100078,2013년 1월 18일 06시,금요일,전라남도 나주시 운곡동,사망사고,1,0,1,0,차량단독 - 공작물충돌,안전운전불이행,건조,맑음,단일로 - 기타,화물,남,68세,경상,,,,
2013011800100105,2013년 1월 18일 07시,금요일,전라남도 목포시 용해동,경상사고,0,0,3,0,차대차 - 측면직각충돌,신호위반,건조,맑음,교차로 - 교차로안,승용,남,58세,상해없음,승용,남,44세,경상
2013011800100106,2013년 1월 18일 07시,금요일,전라남도 영암군 학산면,사망사고,1,0,0,0,차량단독 - 공작물충돌,안전운전불이행,건조,맑음,단일로 - 기타,승용,남,27세,사망,,,,
2013011800100107,2013년 1월 18일 07시,금요일,전라남도 영암군 덕진면,중상사고,0,1,2,0,차대차 - 측면직각충돌,직진우회전진행방해,건조,맑음,교차로 - 교차로안,화물,남,48세,경상,승용,여,59세,중상
2013011800100138,2013년 1월 18일 08시,금요일,전라남도 목포시 호남동,중상사고,0,1,0,0,차대사람 - 보도통행중,안전운전불이행,건조,맑음,단일로 - 기타,승용,여,40세,상해없음,보행자,남,84세,중상
2013011800100139,2013년 1월 18일 08시,금요일,전라남도 여수시 선원동,중상사고,0,1,0,0,차대차 - 추돌 - 진행중,안전운전불이행,건조,맑음,단일로 - 기타,승용,남,58세,상해없음,화물,남,45세,상해없음
2013011800100170,2013년 1월 18일 09시,금요일,전라남도 보성군 조성면,중상사고,0,1,1,0,차대차 - 측면직각충돌,안전운전불이행,건조,맑음,단일로 - 기타,이륜,남,62세,중상,화물,남,24세,경상
2013011800100171,2013년 1월 18일 09시,금요일,전라남도 화순군 화순읍,경상사고,0,0,9,0,차대차 - 추돌 - 진행중,안전거리미확보,건조,맑음,단일로 - 기타,승용,남,50세,상해없음,승용,남,29세,상해없음
2013011800100197,2013년 1월 18일 10시,금요일,전라남도 순천시 풍덕동,중상사고,0,1,0,0,차대사람 - 횡단중,안전운전불이행,건조,맑음,교차로 - 교차로안,화물,남,37세,상해없음,보행자,여,70세,중상
2013011800100198,2013년 1월 18일 10시,금요일,전라남도 장흥군 부산면,중상사고,0,1,0,0,차대차 - 측면직각충돌,안전운전불이행,건조,맑음,단일로 - 기타,화물,남,41세,상해없음,원동기,남,80세,중상
2013011800100199,2013년 1월 18일 10시,금요일,전라남도 담양군 봉산면,경상사고,0,0,2,0,차대차 - 측면직각충돌,교차로운행방법위반,건조,맑음,교차로 - 교차로안,승용,남,43세,상해없음,화물,남,56세,경상
2013011800100200,2013년 1월 18일 10시,금요일,전라남도 담양군 담양읍,경상사고,0,0,2,0,차대차 - 측면직각충돌,교차로운행방법위반,건조,맑음,교차로 - 교차로부근,원동기,남,75세,경상,승용,남,46세,상해없음
2013011800100223,2013년 1월 18일 11시,금요일,전라남도 순천시 저전동,중상사고,0,1,0,0,차대사람 - 차도통행중,안전운전불이행,건조,맑음,교차로 - 교차로부근,화물,남,30세,상해없음,보행자,여,77세,중상
2013011800100250,2013년 1월 18일 12시,금요일,전라남도 영광군 영광읍,경상사고,0,0,2,1,차대차 - 측면직각충돌,안전운전불이행,건조,맑음,교차로 - 교차로안,승용,남,34세,부상신고,화물,남,71세,경상
2013011800100274,2013년 1월 18일 13시,금요일,전라남도 함평군 엄다면,경상사고,0,0,1,0,차대차 - 추돌 - 진행중,안전운전불이행,건조,맑음,단일로 - 기타,화물,남,46세,상해없음,자전거,남,24세,경상
2013011800100275,2013년 1월 18일 13시,금요일,전라남도 완도군 고금면,경상사고,0,0,1,0,차대차 - 추돌 - 진행중,교차로운행방법위반,건조,맑음,교차로 - 교차로안,승용,남,28세,상해없음,승합,남,49세,경상
2013011800100276,2013년 1월 18일 13시,금요일,전라남도 광양시 마동,경상사고,0,0,1,0,차량단독 - 전도전복,안전운전불이행,건조,맑음,교차로 - 교차로부근,승용,여,44세,경상,,,,
2013011800100321,2013년 1월 18일 15시,금요일,전라남도 화순군 화순읍,경상사고,0,0,1,0,차대차 - 기타,차로위반,건조,맑음,단일로 - 기타,승합,남,51세,상해없음,승합,남,53세,상해없음
2013011800100345,2013년 1월 18일 16시,금요일,전라남도 강진군 작천면,중상사고,0,2,0,0,차대차 - 측면직각충돌,기타,건조,맑음,교차로 - 교차로안,화물,남,50세,상해없음,승용,여,62세,중상
2013011800100386,2013년 1월 18일 17시,금요일,전라남도 목포시 산정동,중상사고,0,1,0,0,차대차 - 측면직각충돌,직진우회전진행방해,건조,맑음,교차로 - 교차로안,승용,여,35세,상해없음,원동기,남,35세,중상
2013011800100387,2013년 1월 18일 17시,금요일,전라남도 여수시 평여동,경상사고,0,0,1,0,차대차 - 추돌 - 주정차중,안전운전불이행,건조,맑음,단일로 - 기타,화물,남,39세,상해없음,승용,여,35세,상해없음
2013011800100388,2013년 1월 18일 17시,금요일,전라남도 함평군 함평읍,경상사고,0,0,2,0,차대차 - 측면직각충돌,신호위반,건조,맑음,교차로 - 교차로안,화물,남,53세,상해없음,화물,남,38세,경상
2013011800100389,2013년 1월 18일 17시,금요일,전라남도 담양군 담양읍,경상사고,0,0,1,0,차대차 - 기타,신호위반,건조,흐림,교차로 - 교차로안,원동기,남,25세,상해없음,승용,남,55세,상해없음
2013011800100432,2013년 1월 18일 18시,금요일,전라남도 목포시 용해동,중상사고,0,1,0,0,차대사람 - 횡단중,신호위반,건조,맑음,단일로 - 횡단보도상,승용,여,29세,상해없음,보행자,남,45세,중상
2013011800100433,2013년 1월 18일 18시,금요일,전라남도 여수시 신월동,중상사고,0,1,0,0,차대차 - 정면충돌,중앙선침범,건조,맑음,단일로 - 기타,승용,남,64세,상해없음,승용,남,35세,중상
2013011800100434,2013년 1월 18일 18시,금요일,전라남도 순천시 연향동,경상사고,0,0,2,3,차대차 - 기타,직진우회전진행방해,건조,맑음,교차로 - 교차로안,승합,남,41세,상해없음,승용,남,38세,경상
2013011800100435,2013년 1월 18일 18시,금요일,전라남도 나주시 중앙동,경상사고,0,0,1,0,차대차 - 측면직각충돌,직진우회전진행방해,건조,맑음,교차로 - 교차로안,승합,남,44세,상해없음,원동기,남,50세,경상
2013011800100436,2013년 1월 18일 18시,금요일,전라남도 곡성군 곡성읍,경상사고,0,0,1,0,차대차 - 측면직각충돌,교차로운행방법위반,건조,맑음,교차로 - 교차로안,화물,남,59세,상해없음,승용,여,42세,경상
2013011800100437,2013년 1월 18일 18시,금요일,전라남도 광양시 광영동,사망사고,1,0,0,0,차대사람 - 차도통행중,안전운전불이행,건조,맑음,교차로 - 교차로부근,승용,남,58세,상해없음,보행자,여,57세,사망
2013011800100509,2013년 1월 18일 20시,금요일,전라남도 순천시 조례동,경상사고,0,0,2,0,차대차 - 기타,직진우회전진행방해,건조,맑음,교차로 - 교차로안,승용,남,52세,상해없음,원동기,남,22세,경상
2013011800100511,2013년 1월 18일 20시,금요일,전라남도 광양시 중동,경상사고,0,0,2,0,차대차 - 기타,불법유턴,건조,맑음,교차로 - 교차로부근,승용,남,26세,경상,승합,남,38세,경상
2013011800100548,2013년 1월 18일 21시,금요일,전라남도 순천시 조례동,사망사고,1,0,1,0,차대차 - 기타,중앙선침범,건조,맑음,단일로 - 기타,원동기,남,16세,사망,승용,남,26세,경상
2013011800100632,2013년 1월 18일 23시,금요일,전라남도 영암군 삼호읍,경상사고,0,0,1,0,차대사람 - 횡단중,안전운전불이행,건조,맑음,교차로 - 교차로안,기타불명,기타불명,기타불명,기타불명,보행자,남,24세,경상
2013011900100016,2013년 1월 19일 00시,토요일,전라남도 나주시 다시면,중상사고,0,1,0,0,차량단독 - 공작물충돌,안전운전불이행,건조,맑음,단일로 - 기타,승용,남,29세,중상,,,,
2013011900100132,2013년 1월 19일 05시,토요일,전라남도 순천시 조례동,사망사고,1,0,0,0,차대사람 - 기타,안전운전불이행,건조,맑음,단일로 - 기타,승용,남,28세,기타불명,보행자,남,57세,사망
2013011900100160,2013년 1월 19일 07시,토요일,전라남도 순천시 주암면,중상사고,0,1,1,0,차대차 - 추돌 - 진행중,안전운전불이행,건조,흐림,단일로 - 기타,화물,남,40세,중상,건설기계,남,50세,경상
2013011900100178,2013년 1월 19일 08시,토요일,전라남도 고흥군 풍양면,경상사고,0,0,1,0,차대차 - 추돌 - 진행중,안전거리미확보,건조,맑음,단일로 - 기타,승용,남,49세,상해없음,화물,남,55세,경상
2013011900100276,2013년 1월 19일 12시,토요일,전라남도 나주시 남평읍,경상사고,0,0,1,0,차대차 - 측면직각충돌,직진우회전진행방해,건조,맑음,교차로 - 교차로안,승용,남,57세,상해없음,화물,남,47세,경상
2013011900100321,2013년 1월 19일 14시,토요일,전라남도 영암군 시종면,중상사고,0,1,0,0,차대사람 - 기타,안전운전불이행,건조,맑음,기타 - 기타,화물,여,46세,상해없음,보행자,여,76세,중상
2013011900100322,2013년 1월 19일 14시,토요일,전라남도 곡성군 곡성읍,경상사고,0,0,1,0,차대차 - 기타,안전운전불이행,건조,맑음,교차로 - 교차로부근,승용,남,80세,상해없음,화물,남,66세,경상
2013011900100378,2013년 1월 19일 17시,토요일,전라남도 목포시 석현동,경상사고,0,0,2,0,차대차 - 측면직각충돌,신호위반,건조,맑음,교차로 - 교차로부근,승용,남,32세,상해없음,승용,여,50세,경상
2013011900100413,2013년 1월 19일 18시,토요일,전라남도 순천시 조례동,경상사고,0,0,1,0,차대차 - 기타,안전운전불이행,건조,맑음,단일로 - 기타,자전거,여,56세,경상,승용,남,42세,상해없음
2013011900100414,2013년 1월 19일 18시,토요일,전라남도 순천시 덕월동,경상사고,0,0,1,0,차대차 - 기타,안전거리미확보,건조,맑음,교차로 - 교차로부근,승용,남,52세,상해없음,승용,여,32세,경상
2013011900100415,2013년 1월 19일 18시,토요일,전라남도 장성군 장성읍,경상사고,0,0,1,0,차대차 - 측면직각충돌,안전운전불이행,건조,맑음,단일로 - 기타,화물,남,59세,상해없음,승용,여,39세,경상
2013011900100416,2013년 1월 19일 18시,토요일,전라남도 무안군 청계면,중상사고,0,1,0,0,차대차 - 측면직각충돌,신호위반,건조,맑음,교차로 - 교차로안,승용,남,45세,상해없음,원동기,남,28세,중상
2013011900100496,2013년 1월 19일 20시,토요일,전라남도 순천시 외서면,사망사고,1,0,0,0,차량단독 - 기타,안전운전불이행,결빙,맑음,단일로 - 기타,원동기,남,65세,사망,,,,
2013012000100056,2013년 1월 20일 02시,일요일,전라남도 목포시 용당동,경상사고,0,0,1,0,차대차 - 추돌 - 주정차중,안전운전불이행,건조,맑음,단일로 - 기타,승용,남,27세,경상,화물,남,60세,상해없음
2013012000100057,2013년 1월 20일 02시,일요일,전라남도 순천시 연향동,경상사고,0,0,1,0,차대사람 - 기타,안전운전불이행,건조,맑음,단일로 - 기타,승용,남,22세,상해없음,보행자,남,18세,경상
2013012000100090,2013년 1월 20일 04시,일요일,전라남도 순천시 동외동,중상사고,0,1,0,0,차량단독 - 공작물충돌,안전운전불이행,건조,맑음,단일로 - 기타,승용,남,32세,중상,,,,
2013012000100091,2013년 1월 20일 04시,일요일,전라남도 강진군 도암면,경상사고,0,0,1,0,차량단독 - 공작물충돌,안전운전불이행,건조,맑음,교차로 - 교차로안,승용,남,34세,경상,,,,