사고번호,사고일시,요일,시군구,사고내용,사망자수,중상자수,경상자수,부상신고자수,사고유형,법규위반,노면상태,기상상태,도로형태,가해운전자 차종,가해운전자 성별,가해운전자 연령,가해운전자 상해정도,피해운전자 차종,피해운전자 성별,피해운전자 연령,피해운전자 상해정도
2013012000100104,2013년 1월 20일 05시,일요일,전라남도 순천시 매곡동,중상사고,0,2,0,0,차량단독 - 공작물충돌,안전운전불이행,건조,맑음,단일로 - 기타,이륜,남,22세,중상,,,,
2013012000100118,2013년 1월 20일 06시,일요일,전라남도 여수시 봉산동,경상사고,0,0,1,0,차대사람 - 횡단중,안전운전불이행,건조,맑음,교차로 - 교차로안,승용,남,74세,상해없음,보행자,남,60세,경상
2013012000100119,2013년 1월 20일 06시,일요일,전라남도 영암군 삼호읍,중상사고,0,2,1,0,차대차 - 정면충돌,중앙선침범,건조,맑음,단일로 - 기타,승용,남,45세,경상,승용,남,43세,중상
2013012000100158,2013년 1월 20일 09시,일요일,전라남도 고흥군 고흥읍,경상사고,0,0,1,0,차대차 - 정면충돌,중앙선침범,건조,맑음,단일로 - 기타,승합,남,52세,상해없음,승용,남,58세,경상
2013012000100177,2013년 1월 20일 10시,일요일,전라남도 목포시 용당동,경상사고,0,0,4,0,차대차 - 추돌 - 진행중,안전거리미확보,건조,흐림,교차로 - 교차로부근,승용,남,80세,경상,승용,남,59세,경상
2013012000100178,2013년 1월 20일 10시,일요일,전라남도 나주시 보산동,중상사고,0,1,0,0,차량단독 - 기타,안전운전불이행,건조,맑음,단일로 - 기타,승용,남,50세,중상,,,,
2013012000100179,2013년 1월 20일 10시,일요일,전라남도 나주시 이창동,경상사고,0,0,1,1,차대차 - 측면직각충돌,안전운전불이행,건조,맑음,교차로 - 교차로부근,화물,남,49세,부상신고,화물,남,44세,경상
2013012000100180,2013년 1월 20일 10시,일요일,전라남도 장흥군 장흥읍,경상사고,0,0,1,0,차대차 - 기타,중앙선침범,건조,맑음,단일로 - 기타,원동기,남,39세,경상,승용,남,35세,상해없음
2013012000100181,2013년 1월 20일 10시,일요일,전라남도 보성군 보성읍,경상사고,0,0,1,0,차대차 - 추돌 - 진행중,중앙선침범,건조,맑음,단일로 - 기타,화물,남,37세,상해없음,이륜,남,77세,경상
2013012000100218,2013년 1월 20일 13시,일요일,전라남도 영광군 법성면,부상신고사고,0,0,0,1,차량단독 - 전도전복,안전운전불이행,건조,맑음,단일로 - 기타,승용,남,19세,부상신고,,,,
2013012000100219,2013년 1월 20일 13시,일요일,전라남도 장성군 장성읍,부상신고사고,0,0,0,1,차대차 - 측면직각충돌,교차로운행방법위반,건조,맑음,교차로 - 교차로안,승용,여,43세,상해없음,승용,남,34세,부상신고
2013012000100220,2013년 1월 20일 13시,일요일,전라남도 담양군 금성면,중상사고,0,1,2,0,차대차 - 측면직각충돌,직진우회전진행방해,건조,맑음,교차로 - 교차로안,승용,여,55세,경상,화물,남,61세,경상
2013012000100230,2013년 1월 20일 14시,일요일,전라남도 보성군 벌교읍,사망사고,1,0,0,0,차량단독 - 도로외이탈 - 추락,안전운전불이행,건조,맑음,단일로 - 기타,화물,남,52세,상해없음,,,,
2013012000100248,2013년 1월 20일 15시,일요일,전라남도 영암군 삼호읍,사망사고,1,0,0,0,차대사람 - 기타,안전운전불이행,건조,맑음,교차로 - 교차로안,승용,남,38세,상해없음,보행자,남,2세,사망
2013012000100263,2013년 1월 20일 16시,일요일,전라남도 순천시 풍덕동,경상사고,0,0,1,0,차대사람 - 횡단중,안전운전불이행,건조,맑음,단일로 - 기타,화물,남,63세,상해없음,보행자,여,62세,경상
2013012000100285,2013년 1월 20일 17시,일요일,전라남도 목포시 옥암동,경상사고,0,0,3,0,차대차 - 추돌 - 주정차중,안전운전불이행,건조,흐림,교차로 - 교차로부근,승용,남,37세,상해없음,승용,남,40세,경상
2013012000100286,2013년 1월 20일 17시,일요일,전라남도 강진군 강진읍,중상사고,0,1,0,0,차대차 - 측면직각충돌,중앙선침범,건조,맑음,교차로 - 교차로부근,원동기,남,56세,중상,승용,여,35세,상해없음
2013012000100313,2013년 1월 20일 18시,일요일,전라남도 목포시 용당동,경상사고,0,0,3,0,차대차 - 측면직각충돌,신호위반,건조,맑음,교차로 - 교차로안,승용,남,55세,경상,승용,남,56세,경상
2013012000100314,2013년 1월 20일 18시,일요일,전라남도 목포시 호남동,경상사고,0,0,1,0,차대사람 - 횡단중,안전운전불이행,건조,흐림,단일로 - 기타,승합,남,44세,상해없음,보행자,여,63세,경상
2013012000100315,2013년 1월 20일 18시,일요일,전라남도 광양시 중동,경상사고,0,0,1,0,차대차 - 추돌 - 진행중,직진우회전진행방해,건조,맑음,교차로 - 교차로안,승용,남,45세,상해없음,승용,남,60세,경상
2013012000100346,2013년 1월 20일 19시,일요일,전라남도 목포시 산정동,경상사고,0,0,1,0,차대차 - 추돌 - 주정차중,안전운전불이행,건조,흐림,교차로 - 교차로부근,승용,남,57세,상해없음,승용,남,24세,경상
2013012000100347,2013년 1월 20일 19시,일요일,전라남도 광양시 중동,중상사고,0,1,0,0,차대차 - 기타,중앙선침범,건조,맑음,단일로 - 기타,승용,남,45세,상해없음,이륜,남,44세,중상
2013012000100373,2013년 1월 20일 20시,일요일,전라남도 영광군 영광읍,경상사고,0,0,1,0,차대차 - 기타,신호위반,건조,맑음,교차로 - 교차로안,승합,남,39세,상해없음,화물,남,64세,경상
2013012100100009,2013년 1월 21일 00시,월요일,전라남도 목포시 용당동,경상사고,0,0,5,0,차대차 - 추돌 - 주정차중,안전운전불이행,건조,맑음,교차로 - 교차로부근,승용,남,49세,상해없음,승용,여,41세,경상
2013012100100019,2013년 1월 21일 01시,월요일,전라남도 목포시 옥암동,경상사고,0,0,2,0,차대차 - 측면직각충돌,교차로운행방법위반,습기,비,교차로 - 교차로안,승용,여,39세,경상,승용,여,40세,경상
2013012100100036,2013년 1월 21일 03시,월요일,전라남도 순천시 풍덕동,경상사고,0,0,1,0,차대차 - 측면직각충돌,안전운전불이행,습기,비,단일로 - 기타,승용,남,19세,상해없음,화물,남,47세,경상
2013012100100113,2013년 1월 21일 07시,월요일,전라남도 여수시 국동,중상사고,0,1,0,0,차대차 - 기타,교차로운행방법위반,습기,비,교차로 - 교차로안,승용,남,30세,상해없음,이륜,남,54세,중상
2013012100100137,2013년 1월 21일 08시,월요일,전라남도 담양군 창평면,경상사고,0,0,1,0,차대사람 - 차도통행중,안전운전불이행,습기,비,교차로 - 교차로부근,승용,여,43세,상해없음,보행자,여,17세,경상
2013012100100170,2013년 1월 21일 09시,월요일,전라남도 여수시 미평동,경상사고,0,0,1,0,차대차 - 측면직각충돌,안전거리미확보,습기,비,단일로 - 기타,승합,여,45세,상해없음,승용,남,36세,경상
2013012100100171,2013년 1월 21일 09시,월요일,전라남도 여수시 소라면,경상사고,0,0,1,0,차대차 - 측면직각충돌,신호위반,습기,비,교차로 - 교차로안,승용,여,47세,상해없음,승용,남,39세,상해없음
2013012100100191,2013년 1월 21일 10시,월요일,전라남도 여수시 선원동,경상사고,0,0,1,0,차대차 - 추돌 - 진행중,안전거리미확보,건조,맑음,교차로 - 교차로부근,승용,남,32세,상해없음,승용,여,32세,경상
2013012100100192,2013년 1월 21일 10시,월요일,전라남도 해남군 해남읍,중상사고,0,2,0,0,차대차 - 정면충돌,중앙선침범,습기,비,단일로 - 기타,화물,남,66세,중상,화물,남,40세,중상
2013012100100233,2013년 1월 21일 12시,월요일,전라남도 목포시 보광동1가,경상사고,0,0,1,0,차대사람 - 기타,안전운전불이행,습기,비,단일로 - 기타,승용,여,70세,상해없음,보행자,남,48세,경상
2013012100100234,2013년 1월 21일 12시,월요일,전라남도 영암군 덕진면,중상사고,0,1,0,0,차대차 - 추돌 - 주정차중,안전운전불이행,습기,비,교차로 - 교차로부근,화물,남,48세,상해없음,승용,남,41세,중상
2013012100100235,2013년 1월 21일 12시,월요일,전라남도 구례군 구례읍,중상사고,0,1,0,0,차대사람 - 횡단중,안전운전불이행,건조,맑음,교차로 - 교차로부근,승용,여,45세,상해없음,보행자,남,87세,중상
2013012100100254,2013년 1월 21일 13시,월요일,전라남도 여수시 주삼동,경상사고,0,0,1,0,차대차 - 측면직각충돌,안전운전불이행,습기,비,단일로 - 기타,화물,남,28세,상해없음,승용,여,44세,경상
2013012100100255,2013년 1월 21일 13시,월요일,전라남도 함평군 학교면,중상사고,0,1,3,0,차량단독 - 도로외이탈 - 기타,안전운전불이행,습기,비,단일로 - 기타,승용,남,24세,경상,,,,
2013012100100274,2013년 1월 21일 14시,월요일,전라남도 광양시 광양읍,경상사고,0,0,1,0,차대차 - 측면직각충돌,신호위반,습기,비,교차로 - 교차로부근,승용,여,48세,상해없음,이륜,남,61세,경상
2013012100100312,2013년 1월 21일 15시,월요일,전라남도 담양군 담양읍,중상사고,0,1,3,0,차대차 - 측면직각충돌,교차로운행방법위반,습기,흐림,교차로 - 교차로안,승용,여,45세,중상,승용,남,49세,경상
2013012100100409,2013년 1월 21일 18시,월요일,전라남도 목포시 용당동,경상사고,0,0,3,0,차대차 - 추돌 - 주정차중,안전운전불이행,습기,비,교차로 - 교차로부근,화물,남,69세,상해없음,승용,남,64세,경상
2013012100100410,2013년 1월 21일 18시,월요일,전라남도 순천시 조례동,경상사고,0,0,1,0,차대차 - 기타,차로위반,습기,비,단일로 - 기타,승용,남,43세,상해없음,원동기,남,40세,경상
2013012100100411,2013년 1월 21일 18시,월요일,전라남도 나주시 금천면,경상사고,0,0,1,0,차량단독 - 공작물충돌,안전운전불이행,습기,비,단일로 - 기타,승용,남,34세,상해없음,,,,
2013012100100412,2013년 1월 21일 18시,월요일,전라남도 장흥군 장흥읍,경상사고,0,0,1,0,차대차 - 기타,교차로운행방법위반,건조,맑음,교차로 - 교차로안,자전거,여,56세,경상,승용,남,50세,상해없음
2013012100100413,2013년 1월 21일 18시,월요일,전라남도 화순군 동면,중상사고,0,1,0,1,차대차 - 추돌 - 진행중,안전운전불이행,습기,비,단일로 - 기타,승합,남,58세,부상신고,화물,남,59세,중상
2013012100100414,2013년 1월 21일 18시,월요일,전라남도 함평군 신광면,경상사고,0,0,1,0,차대차 - 측면직각충돌,안전운전불이행,습기,비,단일로 - 기타,승용,남,52세,경상,승용,남,40세,상해없음
2013012100100552,2013년 1월 21일 22시,월요일,전라남도 순천시 조례동,중상사고,0,1,0,0,차대사람 - 기타,안전운전불이행,건조,맑음,기타 - 기타,승용,남,52세,상해없음,보행자,남,36세,중상
2013012100100553,2013년 1월 21일 22시,월요일,전라남도 화순군 화순읍,경상사고,0,0,1,0,차대차 - 정면충돌,신호위반,습기,비,교차로 - 교차로안,승용,남,53세,상해없음,원동기,남,16세,경상
2013012100100579,2013년 1월 21일 23시,월요일,전라남도 여수시 소라면,경상사고,0,0,1,0,차량단독 - 기타,안전운전불이행,건조,맑음,단일로 - 터널,승용,남,43세,경상,,,,
2013012200100077,2013년 1월 22일 02시,화요일,전라남도 광양시 광양읍,경상사고,0,0,1,0,차대차 - 측면직각충돌,안전운전불이행,습기,비,단일로 - 기타,승용,여,38세,경상,화물,남,39세,기타불명
2013012200100103,2013년 1월 22일 05시,화요일,전라남도 목포시 해안동1가,경상사고,0,0,1,0,차대사람 - 기타,안전운전불이행,건조,맑음,단일로 - 기타,기타불명,기타불명,기타불명,기타불명,보행자,남,20세,경상
2013012200100175,2013년 1월 22일 08시,화요일,전라남도 화순군 화순읍,경상사고,0,0,1,0,차대차 - 측면직각충돌,신호위반,습기,흐림,교차로 - 교차로안,승용,남,60세,상해없음,승용,여,45세,경상
2013012200100190,2013년 1월 22일 09시,화요일,전라남도 완도군 완도읍,경상사고,0,0,1,0,차대차 - 추돌 - 진행중,안전운전불이행,건조,맑음,교차로 - 교차로부근,승합,남,32세,상해없음,화물,남,52세,경상
2013012200100210,2013년 1월 22일 10시,화요일,전라남도 목포시 산정동,경상사고,0,0,2,0,차대차 - 기타,신호위반,건조,맑음,교차로 - 교차로안,승용,여,47세,상해없음,승용,남,46세,경상
2013012200100211,2013년 1월 22일 10시,화요일,전라남도 화순군 춘양면,중상사고,0,1,0,3,차량단독 - 전도전복,안전운전불이행,습기,흐림,단일로 - 기타,승용,여,19세,부상신고,,,,
2013012200100228,2013년 1월 22일 11시,화요일,전라남도 해남군 해남읍,경상사고,0,0,1,0,차대차 - 측면직각충돌,교차로운행방법위반,습기,비,교차로 - 교차로안,승용,남,59세,상해없음,승용,남,70세,경상
2013012200100229,2013년 1월 22일 11시,화요일,전라남도 광양시 광양읍,경상사고,0,0,2,0,차대차 - 측면직각충돌,직진우회전진행방해,건조,맑음,교차로 - 교차로안,원동기,여,46세,경상,승용,여,51세,상해없음
2013012200100245,2013년 1월 22일 12시,화요일,전라남도 목포시 옥암동,경상사고,0,0,1,0,차대차 - 추돌 - 주정차중,안전운전불이행,건조,맑음,단일로 - 기타,승용,남,46세,상해없음,승용,여,53세,경상
2013012200100278,2013년 1월 22일 14시,화요일,전라남도 목포시 상동,중상사고,0,1,0,0,차대차 - 기타,안전운전불이행,건조,맑음,단일로 - 기타,승용,남,40세,상해없음,이륜,남,25세,중상
2013012200100279,2013년 1월 22일 14시,화요일,전라남도 목포시 용해동,경상사고,0,0,1,0,차대차 - 기타,안전운전불이행,습기,비,단일로 - 기타,승용,남,56세,상해없음,승용,여,41세,경상
2013012200100280,2013년 1월 22일 14시,화요일,전라남도 순천시 연향동,중상사고,0,1,0,0,차대사람 - 보도통행중,안전운전불이행,건조,맑음,단일로 - 기타,승용,남,53세,상해없음,보행자,남,47세,중상
2013012200100281,2013년 1월 22일 14시,화요일,전라남도 나주시 동수동,부상신고사고,0,0,0,1,차량단독 - 전도전복,안전운전불이행,건조,맑음,단일로 - 기타,화물,남,60세,부상신고,,,,
2013012200100282,2013년 1월 22일 14시,화요일,전라남도 영암군 삼호읍,중상사고,0,1,0,0,차대사람 - 보도통행중,안전운전불이행,건조,맑음,단일로 - 기타,기타불명,기타불명,기타불명,기타불명,보행자,여,75세,중상
2013012200100298,2013년 1월 22일 15시,화요일,전라남도 목포시 옥암동,중상사고,0,1,0,0,차대사람 - 횡단중,보행자보호의무위반,건조,맑음,교차로 - 교차로안,화물,남,38세,상해없음,보행자,남,7세,중상
2013012200100314,2013년 1월 22일 16시,화요일,전라남도 무안군 무안읍,경상사고,0,0,1,0,차대차 - 측면직각충돌,직진우회전진행방해,건조,맑음,교차로 - 교차로안,화물,여,50세,상해없음,승용,남,55세,경상
2013012200100332,2013년 1월 22일 17시,화요일,전라남도 여수시 돌산읍,중상사고,0,1,0,0,차량단독 - 도로외이탈 - 기타,안전운전불이행,건조,맑음,단일로 - 기타,화물,남,66세,상해없음,,,,
2013012200100333,2013년 1월 22일 17시,화요일,전라남도 장흥군 장흥읍,부상신고사고,0,0,0,1,차대사람 - 기타,안전운전불이행,건조,맑음,교차로 - 교차로부근,기타불명,기타불명,기타불명,기타불명,보행자,남,16세,부상신고
2013012200100334,2013년 1월 22일 17시,화요일,전라남도 광양시 도이동,중상사고,0,1,1,0,차대차 - 측면직각충돌,신호위반,습기,비,교차로 - 교차로안,승용,남,25세,중상,승용,남,51세,경상
2013012200100368,2013년 1월 22일 18시,화요일,전라남도 여수시 돌산읍,중상사고,0,1,0,0,차대차 - 측면직각충돌,직진우회전진행방해,건조,맑음,교차로 - 교차로안,승용,남,30세,상해없음,화물,여,41세,중상
2013012200100369,2013년 1월 22일 18시,화요일,전라남도 순천시 연향동,경상사고,0,0,1,0,차대차 - 추돌 - 진행중,안전운전불이행,건조,맑음,단일로 - 기타,화물,남,28세,상해없음,승용,남,33세,경상
2013012200100370,2013년 1월 22일 18시,화요일,전라남도 강진군 마량면,중상사고,0,1,1,0,차량단독 - 공작물충돌,안전운전불이행,습기,맑음,단일로 - 기타,화물,남,40세,경상,,,,
2013012200100392,2013년 1월 22일 19시,화요일,전라남도 목포시 대양동,경상사고,0,0,5,0,차대차 - 추돌 - 주정차중,안전운전불이행,건조,맑음,교차로 - 교차로부근,승합,남,55세,상해없음,승용,남,50세,경상
2013012200100393,2013년 1월 22일 19시,화요일,전라남도 여수시 서교동,경상사고,0,0,1,0,차대차 - 기타,안전운전불이행,건조,맑음,교차로 - 교차로안,승용,여,59세,경상,승용,남,30세,상해없음
2013012200100394,2013년 1월 22일 19시,화요일,전라남도 광양시 중동,경상사고,0,0,1,0,차대차 - 기타,교차로운행방법위반,건조,흐림,교차로 - 교차로안,승용,남,45세,상해없음,승용,남,41세,상해없음
2013012200100481,2013년 1월 22일 22시,화요일,전라남도 순천시 용당동,경상사고,0,0,1,0,차대차 - 측면직각충돌,신호위반,건조,맑음,교차로 - 교차로안,승용,남,21세,상해없음,승용,여,41세,경상
2013012200100482,2013년 1월 22일 22시,화요일,전라남도 광양시 금호동,부상신고사고,0,0,0,1,차대차 - 측면직각충돌,안전운전불이행,습기,흐림,교차로 - 교차로부근,승용,남,33세,부상신고,특수,남,51세,상해없음
2013012200100526,2013년 1월 22일 23시,화요일,전라남도 화순군 화순읍,중상사고,0,1,0,0,차대사람 - 길가장자리구역통행중,안전운전불이행,습기,비,단일로 - 기타,승용,남,49세,상해없음,보행자,여,49세,중상
2013012300100021,2013년 1월 23일 00시,수요일,전라남도 여수시 둔덕동,경상사고,0,0,2,0,차대차 - 기타,안전운전불이행,건조,맑음,교차로 - 교차로부근,승용,남,29세,상해없음,승용,남,29세,상해없음
2013012300100022,2013년 1월 23일 00시,수요일,전라남도 순천시 조례동,경상사고,0,0,1,0,차대차 - 추돌 - 진행중,안전운전불이행,건조,맑음,단일로 - 기타,승용,남,30세,상해없음,승용,남,45세,경상
2013012300100023,2013년 1월 23일 00시,수요일,전라남도 영암군 삼호읍,중상사고,0,1,1,0,차대차 - 추돌 - 진행중,안전운전불이행,건조,맑음,단일로 - 기타,화물,남,32세,중상,화물,남,28세,경상
2013012300100044,2013년 1월 23일 01시,수요일,전라남도 목포시 상동,경상사고,0,0,2,0,차대차 - 추돌 - 주정차중,안전운전불이행,건조,맑음,교차로 - 교차로부근,승용,남,28세,상해없음,승용,여,52세,경상
2013012300100067,2013년 1월 23일 02시,수요일,전라남도 순천시 해룡면,경상사고,0,0,1,0,차대차 - 기타,직진우회전진행방해,건조,맑음,교차로 - 교차로안,화물,남,47세,상해없음,승용,남,30세,경상
2013012300100116,2013년 1월 23일 06시,수요일,전라남도 여수시 둔덕동,중상사고,0,1,0,0,차대사람 - 횡단중,안전운전불이행,습기,비,교차로 - 교차로부근,화물,남,31세,상해없음,보행자,여,55세,중상
2013012300100117,2013년 1월 23일 06시,수요일,전라남도 영암군 삼호읍,경상사고,0,0,3,0,차대차 - 추돌 - 주정차중,안전운전불이행,습기,비,교차로 - 교차로부근,화물,여,44세,경상,승용,남,56세,경상
2013012300100138,2013년 1월 23일 07시,수요일,전라남도 목포시 용당동,중상사고,0,1,1,0,차대차 - 측면직각충돌,직진우회전진행방해,건조,흐림,교차로 - 교차로안,승합,남,76세,경상,화물,남,63세,중상
2013012300100139,2013년 1월 23일 07시,수요일,전라남도 장성군 황룡면,경상사고,0,0,1,0,차대차 - 추돌 - 진행중,안전운전불이행,습기,흐림,단일로 - 기타,승용,남,31세,상해없음,승용,남,51세,경상
2013012300100140,2013년 1월 23일 07시,수요일,전라남도 완도군 신지면,사망사고,1,0,0,0,차량단독 - 전도전복,안전운전불이행,습기,비,단일로 - 기타,건설기계,남,62세,사망,,,,
2013012300100188,2013년 1월 23일 09시,수요일,전라남도 나주시 산포면,경상사고,0,0,1,0,차대차 - 기타,직진우회전진행방해,습기,비,교차로 - 교차로안,화물,남,50세,상해없음,승용,남,28세,경상
2013012300100189,2013년 1월 23일 09시,수요일,전라남도 영암군 삼호읍,경상사고,0,0,2,0,차대차 - 측면직각충돌,직진우회전진행방해,습기,흐림,교차로 - 교차로안,화물,남,71세,경상,화물,남,38세,경상
2013012300100219,2013년 1월 23일 11시,수요일,전라남도 해남군 해남읍,경상사고,0,0,1,0,차대차 - 측면직각충돌,안전운전불이행,건조,흐림,단일로 - 기타,승용,여,52세,상해없음,이륜,남,74세,경상
2013012300100235,2013년 1월 23일 12시,수요일,전라남도 영암군 삼호읍,중상사고,0,2,0,0,차량단독 - 전도전복,안전운전불이행,습기,흐림,단일로 - 기타,화물,남,60세,중상,,,,
2013012300100236,2013년 1월 23일 12시,수요일,전라남도 완도군 고금면,중상사고,0,1,0,0,차대사람 - 횡단중,안전운전불이행,건조,맑음,단일로 - 기타,화물,남,39세,상해없음,보행자,여,73세,중상
2013012300100254,2013년 1월 23일 13시,수요일,전라남도 목포시 옥암동,경상사고,0,0,3,0,차대차 - 기타,신호위반,건조,기타,교차로 - 교차로안,승용,남,29세,상해없음,승합,남,60세,경상
2013012300100255,2013년 1월 23일 13시,수요일,전라남도 영암군 신북면,경상사고,0,0,4,0,차대차 - 측면직각충돌,직진우회전진행방해,습기,비,교차로 - 교차로안,승용,남,62세,상해없음,승합,남,56세,경상
2013012300100276,2013년 1월 23일 14시,수요일,전라남도 목포시 용해동,경상사고,0,0,3,0,차대차 - 기타,안전운전불이행,건조,기타,단일로 - 기타,원동기,남,16세,경상,승용,남,53세,경상
2013012300100277,2013년 1월 23일 14시,수요일,전라남도 여수시 선원동,경상사고,0,0,2,0,차대차 - 정면충돌,중앙선침범,건조,맑음,단일로 - 기타,승용,남,30세,상해없음,승용,남,57세,경상
2013012300100307,2013년 1월 23일 16시,수요일,전라남도 목포시 산정동,경상사고,0,0,1,0,차대차 - 기타,안전운전불이행,건조,기타,교차로 - 교차로안,승용,남,56세,경상,승용,남,28세,상해없음
2013012300100308,2013년 1월 23일 16시,수요일,전라남도 완도군 완도읍,경상사고,0,0,2,0,차대차 - 측면직각충돌,교차로운행방법위반,건조,맑음,교차로 - 교차로안,승용,남,30세,상해없음,승용,여,37세,경상
2013012300100328,2013년 1월 23일 17시,수요일,전라남도 여수시 신기동,경상사고,0,0,1,0,차대차 - 추돌 - 주정차중,안전운전불이행,건조,맑음,단일로 - 기타,승용,여,41세,경상,승용,남,54세,상해없음
2013012300100329,2013년 1월 23일 17시,수요일,전라남도 화순군 화순읍,경상사고,0,0,1,0,차대차 - 측면직각충돌,안전운전불이행,습기,흐림,단일로 - 기타,승용,남,45세,상해없음,승용,여,27세,경상
2013012300100330,2013년 1월 23일 17시,수요일,전라남도 강진군 대구면,중상사고,0,1,0,0,차대사람 - 횡단중,안전운전불이행,건조,맑음,교차로 - 교차로안,화물,남,58세,상해없음,보행자,여,65세,중상
2013012300100370,2013년 1월 23일 18시,수요일,전라남도 나주시 남평읍,사망사고,1,0,0,0,차대사람 - 차도통행중,안전운전불이행,습기,흐림,단일로 - 기타,화물,남,43세,상해없음,보행자,여,83세,사망
2013012300100371,2013년 1월 23일 18시,수요일,전라남도 무안군 무안읍,중상사고,0,1,0,0,차대사람 - 기타,안전운전불이행,건조,맑음,단일로 - 기타,승용,여,40세,상해없음,보행자,남,53세,중상
2013012300100420,2013년 1월 23일 19시,수요일,전라남도 구례군 구례읍,중상사고,0,2,0,0,차대차 - 기타,불법유턴,건조,맑음,단일로 - 기타,화물,남,52세,상해없음,승용,남,54세,중상
2013012300100493,2013년 1월 23일 21시,수요일,전라남도 광양시 중동,경상사고,0,0,1,0,차대차 - 측면직각충돌,안전거리미확보,건조,맑음,단일로 - 기타,승용,남,55세,상해없음,승용,남,47세,경상
2013012400100019,2013년 1월 24일 00시,목요일,전라남도 순천시 연향동,경상사고,0,0,3,0,차대차 - 기타,안전거리미확보,건조,맑음,교차로 - 교차로부근,승용,여,45세,상해없음,승용,남,51세,경상
2013012400100100,2013년 1월 24일 06시,목요일,전라남도 목포시 용당동,사망사고,1,0,0,0,차대사람 - 기타,안전운전불이행,건조,흐림,단일로 - 기타,원동기,남,57세,상해없음,보행자,여,75세,사망
2013012400100169,2013년 1월 24일 08시,목요일,전라남도 여수시 율촌면,중상사고,0,1,0,0,차대차 - 추돌 - 진행중,안전운전불이행,건조,맑음,단일로 - 기타,승합,남,34세,상해없음,승용,여,30세,중상
2013012400100170,2013년 1월 24일 08시,목요일,전라남도 장성군 북하면,경상사고,0,0,1,0,차대차 - 정면충돌,중앙선침범,건조,맑음,단일로 - 기타,승용,남,37세,상해없음,화물,남,43세,경상
2013012400100171,2013년 1월 24일 08시,목요일,전라남도 곡성군 겸면,경상사고,0,0,1,0,차대차 - 추돌 - 진행중,안전운전불이행,결빙,흐림,기타 - 기타,화물,남,46세,상해없음,승용,여,50세,경상
2013012400100205,2013년 1월 24일 09시,목요일,전라남도 강진군 도암면,중상사고,0,1,0,0,차대차 - 측면직각충돌,직진우회전진행방해,건조,맑음,교차로 - 교차로안,원동기,남,78세,중상,화물,남,48세,상해없음
2013012400100243,2013년 1월 24일 10시,목요일,전라남도 목포시 용당동,경상사고,0,0,1,0,차대차 - 측면직각충돌,중앙선침범,건조,맑음,단일로 - 기타,원동기,남,78세,경상,승용,남,53세,상해없음
2013012400100244,2013년 1월 24일 10시,목요일,전라남도 무안군 해제면,중상사고,0,1,0,0,차대사람 - 기타,안전운전불이행,건조,맑음,단일로 - 기타,화물,남,60세,상해없음,보행자,여,93세,중상
2013012400100330,2013년 1월 24일 14시,목요일,전라남도 완도군 금당면,중상사고,0,1,0,0,차량단독 - 공작물충돌,안전운전불이행,건조,맑음,단일로 - 기타,건설기계,남,52세,중상,,,,
2013012400100357,2013년 1월 24일 15시,목요일,전라남도 여수시 해산동,경상사고,0,0,2,0,차대차 - 측면직각충돌,안전거리미확보,건조,맑음,단일로 - 기타,승용,여,44세,경상,화물,남,59세,경상
2013012400100358,2013년 1월 24일 15시,목요일,전라남도 무안군 몽탄면,경상사고,0,0,2,0,차대차 - 정면충돌,중앙선침범,건조,흐림,단일로 - 기타,승용,여,27세,상해없음,화물,남,53세,경상
2013012400100378,2013년 1월 24일 16시,목요일,전라남도 영암군 삼호읍,경상사고,0,0,4,0,차대차 - 측면직각충돌,안전거리미확보,건조,맑음,교차로 - 교차로안,화물,남,43세,상해없음,승합,남,35세,상해없음
2013012400100379,2013년 1월 24일 16시,목요일,전라남도 광양시 광양읍,경상사고,0,0,1,0,차대차 - 측면직각충돌,교차로운행방법위반,건조,맑음,교차로 - 교차로안,승용,여,41세,상해없음,이륜,남,76세,경상
2013012400100405,2013년 1월 24일 17시,목요일,전라남도 영광군 영광읍,경상사고,0,0,2,0,차량단독 - 공작물충돌,안전운전불이행,건조,맑음,단일로 - 기타,승용,남,22세,상해없음,,,,
2013012400100444,2013년 1월 24일 18시,목요일,전라남도 여수시 고소동,경상사고,0,0,1,0,차대사람 - 횡단중,안전운전불이행,건조,맑음,단일로 - 기타,이륜,남,35세,상해없음,보행자,남,68세,경상
2013012400100542,2013년 1월 24일 22시,목요일,전라남도 영광군 영광읍,경상사고,0,0,1,0,차대차 - 정면충돌,중앙선침범,건조,맑음,단일로 - 기타,승용,남,51세,상해없음,승합,남,45세,경상
2013012400100543,2013년 1월 24일 22시,목요일,전라남도 담양군 담양읍,경상사고,0,0,2,0,차대차 - 측면직각충돌,신호위반,습기,흐림,교차로 - 교차로안,승용,여,48세,상해없음,승용,여,44세,경상
2013012500100030,2013년 1월 25일 01시,금요일,전라남도 목포시 옥암동,중상사고,0,1,0,0,차량단독 - 전도전복,안전운전불이행,건조,맑음,교차로 - 교차로부근,승용,남,33세,중상,,,,
2013012500100083,2013년 1월 25일 07시,금요일,전라남도 여수시 선원동,경상사고,0,0,1,0,차대차 - 측면직각충돌,안전운전불이행,건조,맑음,교차로 - 교차로안,화물,남,43세,경상,승용,남,34세,상해없음