사고번호,사고일시,요일,시군구,사고내용,사망자수,중상자수,경상자수,부상신고자수,사고유형,법규위반,노면상태,기상상태,도로형태,가해운전자 차종,가해운전자 성별,가해운전자 연령,가해운전자 상해정도,피해운전자 차종,피해운전자 성별,피해운전자 연령,피해운전자 상해정도
2013012500100108,2013년 1월 25일 08시,금요일,전라남도 목포시 산정동,중상사고,0,1,2,0,차대차 - 측면직각충돌,신호위반,건조,맑음,교차로 - 교차로안,승용,여,24세,경상,승용,남,49세,상해없음
2013012500100109,2013년 1월 25일 08시,금요일,전라남도 목포시 상동,경상사고,0,0,2,0,차대차 - 측면직각충돌,신호위반,건조,맑음,교차로 - 교차로안,승용,남,23세,상해없음,승용,남,60세,경상
2013012500100134,2013년 1월 25일 09시,금요일,전라남도 목포시 상동,경상사고,0,0,1,0,차대차 - 측면직각충돌,안전운전불이행,건조,맑음,교차로 - 교차로안,승용,남,23세,상해없음,승용,여,40세,경상
2013012500100197,2013년 1월 25일 12시,금요일,전라남도 완도군 보길면,중상사고,0,1,0,0,차대차 - 정면충돌,중앙선침범,건조,맑음,단일로 - 기타,화물,남,30세,상해없음,화물,남,56세,중상
2013012500100288,2013년 1월 25일 16시,금요일,전라남도 목포시 호남동,경상사고,0,0,2,0,차대차 - 기타,차로위반,건조,맑음,교차로 - 교차로부근,승용,남,66세,상해없음,승용,남,47세,경상
2013012500100320,2013년 1월 25일 17시,금요일,전라남도 장성군 동화면,경상사고,0,0,2,0,차량단독 - 공작물충돌,안전운전불이행,건조,맑음,단일로 - 기타,화물,남,39세,상해없음,,,,
2013012500100357,2013년 1월 25일 18시,금요일,전라남도 목포시 대양동,경상사고,0,0,1,0,차대차 - 측면직각충돌,교차로운행방법위반,건조,맑음,교차로 - 교차로안,승용,여,35세,상해없음,승합,남,55세,경상
2013012500100358,2013년 1월 25일 18시,금요일,전라남도 해남군 해남읍,경상사고,0,0,1,0,차대차 - 기타,안전운전불이행,건조,맑음,단일로 - 기타,승용,남,31세,상해없음,승용,여,27세,경상
2013012500100422,2013년 1월 25일 20시,금요일,전라남도 보성군 회천면,경상사고,0,0,1,0,차대차 - 측면직각충돌,중앙선침범,건조,맑음,단일로 - 기타,승용,남,45세,상해없음,화물,남,47세,경상
2013012500100423,2013년 1월 25일 20시,금요일,전라남도 무안군 삼향읍,경상사고,0,0,1,0,차대차 - 측면직각충돌,안전운전불이행,건조,맑음,교차로 - 교차로안,승합,남,40세,상해없음,이륜,여,37세,경상
2013012500100448,2013년 1월 25일 21시,금요일,전라남도 목포시 상동,경상사고,0,0,1,0,차대차 - 측면직각충돌,안전운전불이행,건조,흐림,단일로 - 기타,승용,남,47세,상해없음,승합,남,33세,상해없음
2013012500100449,2013년 1월 25일 21시,금요일,전라남도 여수시 학동,경상사고,0,0,1,0,차대차 - 추돌 - 진행중,안전운전불이행,건조,맑음,교차로 - 교차로부근,승용,남,44세,상해없음,승용,남,51세,경상
2013012500100499,2013년 1월 25일 23시,금요일,전라남도 나주시 노안면,경상사고,0,0,4,0,차량단독 - 전도전복,안전운전불이행,건조,맑음,단일로 - 기타,승용,여,22세,경상,,,,
2013012600100020,2013년 1월 26일 00시,토요일,전라남도 광양시 중동,경상사고,0,0,1,0,차대사람 - 차도통행중,보행자보호의무위반,건조,맑음,단일로 - 기타,승용,남,21세,상해없음,보행자,남,46세,경상
2013012600100021,2013년 1월 26일 00시,토요일,전라남도 광양시 마동,경상사고,0,0,1,0,차량단독 - 공작물충돌,안전운전불이행,건조,맑음,단일로 - 기타,승용,남,46세,경상,,,,
2013012600100092,2013년 1월 26일 04시,토요일,전라남도 나주시 동수동,부상신고사고,0,0,0,1,차대차 - 추돌 - 주정차중,안전운전불이행,습기,눈,교차로 - 교차로부근,승용,여,50세,부상신고,승용,남,27세,기타불명
2013012600100177,2013년 1월 26일 10시,토요일,전라남도 영광군 법성면,중상사고,0,1,0,0,차대차 - 측면직각충돌,안전운전불이행,건조,맑음,단일로 - 기타,승용,남,73세,상해없음,이륜,남,72세,중상
2013012600100190,2013년 1월 26일 11시,토요일,전라남도 여수시 국동,경상사고,0,0,5,0,차대차 - 측면직각충돌,교차로운행방법위반,건조,맑음,교차로 - 교차로안,승용,남,30세,상해없음,화물,남,43세,경상
2013012600100191,2013년 1월 26일 11시,토요일,전라남도 완도군 완도읍,경상사고,0,0,1,1,차대차 - 추돌 - 진행중,안전거리미확보,건조,맑음,교차로 - 교차로부근,화물,남,41세,상해없음,승용,남,42세,경상
2013012600100192,2013년 1월 26일 11시,토요일,전라남도 무안군 청계면,중상사고,0,1,2,0,차대차 - 측면직각충돌,중앙선침범,건조,맑음,단일로 - 기타,승용,남,35세,경상,화물,남,37세,중상
2013012600100210,2013년 1월 26일 12시,토요일,전라남도 순천시 조례동,경상사고,0,0,1,0,차대차 - 기타,안전운전불이행,건조,맑음,교차로 - 교차로안,승용,여,53세,상해없음,원동기,남,29세,경상
2013012600100238,2013년 1월 26일 13시,토요일,전라남도 광양시 옥곡면,경상사고,0,0,3,0,차대차 - 기타,안전운전불이행,건조,맑음,단일로 - 기타,화물,남,31세,상해없음,승용,남,38세,경상
2013012600100260,2013년 1월 26일 14시,토요일,전라남도 순천시 조례동,경상사고,0,0,1,0,차대사람 - 기타,안전운전불이행,건조,맑음,단일로 - 기타,원동기,남,35세,상해없음,보행자,남,11세,경상
2013012600100310,2013년 1월 26일 16시,토요일,전라남도 광양시 금호동,중상사고,0,1,0,0,차대차 - 기타,안전운전불이행,건조,맑음,단일로 - 기타,승용,남,22세,상해없음,자전거,여,12세,중상
2013012600100331,2013년 1월 26일 17시,토요일,전라남도 순천시 동외동,경상사고,0,0,2,0,차대차 - 추돌 - 진행중,안전운전불이행,건조,맑음,단일로 - 기타,승용,남,31세,경상,화물,남,57세,경상
2013012600100391,2013년 1월 26일 19시,토요일,전라남도 광양시 중동,경상사고,0,0,2,0,차대차 - 측면직각충돌,안전운전불이행,건조,맑음,교차로 - 교차로안,승용,남,40세,상해없음,승용,남,52세,경상
2013012600100439,2013년 1월 26일 21시,토요일,전라남도 목포시 연산동,중상사고,0,1,0,0,차대사람 - 횡단중,안전운전불이행,건조,흐림,단일로 - 기타,승용,남,29세,상해없음,보행자,여,55세,중상
2013012600100440,2013년 1월 26일 21시,토요일,전라남도 목포시 용당동,부상신고사고,0,0,0,1,차대사람 - 횡단중,안전운전불이행,건조,맑음,교차로 - 교차로안,기타불명,기타불명,기타불명,기타불명,보행자,남,15세,부상신고
2013012600100464,2013년 1월 26일 22시,토요일,전라남도 목포시 산정동,중상사고,0,1,0,0,차대사람 - 횡단중,안전운전불이행,건조,맑음,교차로 - 교차로안,승합,여,60세,상해없음,보행자,남,50세,중상
2013012600100465,2013년 1월 26일 22시,토요일,전라남도 여수시 학동,경상사고,0,0,1,0,차대사람 - 기타,안전운전불이행,건조,맑음,단일로 - 기타,승용,여,18세,상해없음,보행자,남,52세,경상
2013012600100466,2013년 1월 26일 22시,토요일,전라남도 순천시 동외동,경상사고,0,0,2,0,차대차 - 기타,안전거리미확보,건조,맑음,교차로 - 교차로부근,승용,남,32세,상해없음,승용,남,22세,경상
2013012600100486,2013년 1월 26일 23시,토요일,전라남도 화순군 화순읍,경상사고,0,0,1,0,차대차 - 정면충돌,중앙선침범,건조,흐림,단일로 - 기타,승용,남,46세,상해없음,승용,남,65세,경상
2013012700100028,2013년 1월 27일 01시,일요일,전라남도 여수시 웅천동,경상사고,0,0,6,0,차대차 - 추돌 - 주정차중,안전운전불이행,건조,맑음,교차로 - 교차로부근,승용,남,49세,상해없음,승용,남,41세,경상
2013012700100079,2013년 1월 27일 05시,일요일,전라남도 목포시 산정동,경상사고,0,0,3,0,차대차 - 추돌 - 주정차중,안전운전불이행,건조,맑음,단일로 - 기타,승용,남,31세,상해없음,승용,남,50세,경상
2013012700100103,2013년 1월 27일 07시,일요일,전라남도 여수시 소라면,경상사고,0,0,1,0,차대차 - 측면직각충돌,중앙선침범,건조,맑음,교차로 - 교차로부근,승용,남,59세,상해없음,승용,남,43세,경상
2013012700100115,2013년 1월 27일 08시,일요일,전라남도 여수시 주삼동,경상사고,0,0,1,0,차대차 - 측면직각충돌,신호위반,건조,맑음,교차로 - 교차로안,특수,남,58세,상해없음,승용,남,64세,경상
2013012700100140,2013년 1월 27일 10시,일요일,전라남도 영암군 군서면,중상사고,0,1,1,0,차대차 - 측면직각충돌,안전운전불이행,습기,눈,교차로 - 교차로안,승용,여,41세,상해없음,이륜,남,80세,중상
2013012700100141,2013년 1월 27일 10시,일요일,전라남도 광양시 옥곡면,사망사고,1,0,1,0,차량단독 - 전도전복,안전운전불이행,건조,맑음,단일로 - 기타,화물,남,53세,경상,,,,
2013012700100179,2013년 1월 27일 12시,일요일,전라남도 나주시 봉황면,중상사고,0,2,3,0,차대차 - 정면충돌,중앙선침범,습기,흐림,단일로 - 기타,화물,남,43세,중상,화물,남,22세,경상
2013012700100180,2013년 1월 27일 12시,일요일,전라남도 화순군 화순읍,중상사고,0,1,9,0,차대차 - 추돌 - 진행중,안전거리미확보,결빙,눈,단일로 - 터널,승용,남,58세,경상,승용,남,35세,경상
2013012700100198,2013년 1월 27일 13시,일요일,전라남도 해남군 화원면,경상사고,0,0,4,0,차대차 - 측면직각충돌,교차로운행방법위반,건조,맑음,교차로 - 교차로안,승용,남,54세,경상,승용,여,51세,경상
2013012700100218,2013년 1월 27일 14시,일요일,전라남도 목포시 용해동,중상사고,0,1,1,0,차대차 - 측면직각충돌,안전운전불이행,건조,맑음,단일로 - 기타,승용,남,36세,상해없음,자전거,남,13세,중상
2013012700100219,2013년 1월 27일 14시,일요일,전라남도 무안군 일로읍,경상사고,0,0,1,0,차대차 - 기타,안전운전불이행,결빙,눈,교차로 - 교차로안,승용,남,32세,상해없음,화물,남,66세,경상
2013012700100243,2013년 1월 27일 15시,일요일,전라남도 여수시 화양면,경상사고,0,0,1,0,차대차 - 기타,안전운전불이행,건조,맑음,단일로 - 기타,건설기계,남,48세,상해없음,승용,남,43세,경상
2013012700100244,2013년 1월 27일 15시,일요일,전라남도 화순군 이양면,중상사고,0,1,8,0,차대차 - 추돌 - 진행중,안전운전불이행,결빙,눈,단일로 - 기타,승용,여,31세,경상,승용,남,61세,경상
2013012700100259,2013년 1월 27일 16시,일요일,전라남도 장흥군 장동면,경상사고,0,0,4,0,차량단독 - 기타,안전운전불이행,결빙,눈,단일로 - 터널,화물,남,51세,경상,,,,
2013012700100260,2013년 1월 27일 16시,일요일,전라남도 화순군 이양면,경상사고,0,0,2,0,차대차 - 추돌 - 진행중,안전운전불이행,결빙,눈,단일로 - 터널,승용,남,45세,상해없음,승용,남,30세,경상
2013012700100280,2013년 1월 27일 17시,일요일,전라남도 순천시 매곡동,중상사고,0,1,0,0,차대사람 - 기타,안전운전불이행,건조,맑음,단일로 - 기타,승용,남,62세,상해없음,보행자,여,71세,중상
2013012700100281,2013년 1월 27일 17시,일요일,전라남도 장흥군 장동면,경상사고,0,0,5,0,차량단독 - 기타,안전운전불이행,결빙,눈,단일로 - 터널,승합,남,59세,경상,,,,
2013012700100299,2013년 1월 27일 18시,일요일,전라남도 화순군 화순읍,중상사고,0,1,0,0,차대차 - 측면직각충돌,안전운전불이행,건조,맑음,교차로 - 교차로안,승용,남,53세,상해없음,원동기,남,33세,중상
2013012700100300,2013년 1월 27일 18시,일요일,전라남도 광양시 광양읍,경상사고,0,0,1,0,차대차 - 측면직각충돌,안전운전불이행,건조,맑음,교차로 - 교차로부근,승용,남,52세,상해없음,승용,여,52세,경상
2013012700100322,2013년 1월 27일 19시,일요일,전라남도 순천시 옥천동,중상사고,0,1,0,0,차대차 - 측면직각충돌,교차로운행방법위반,건조,맑음,교차로 - 교차로안,이륜,남,55세,중상,승용,남,36세,상해없음
2013012700100323,2013년 1월 27일 19시,일요일,전라남도 나주시 공산면,경상사고,0,0,1,0,차량단독 - 도로외이탈 - 기타,안전운전불이행,결빙,흐림,단일로 - 기타,승용,여,24세,경상,,,,
2013012700100324,2013년 1월 27일 19시,일요일,전라남도 영광군 영광읍,경상사고,0,0,3,1,차대차 - 측면직각충돌,교차로운행방법위반,건조,맑음,교차로 - 교차로안,승합,남,63세,부상신고,승용,남,53세,경상
2013012700100325,2013년 1월 27일 19시,일요일,전라남도 화순군 화순읍,경상사고,0,0,4,1,차대차 - 측면직각충돌,교차로운행방법위반,건조,맑음,교차로 - 교차로안,승용,남,35세,부상신고,승용,남,32세,경상
2013012700100326,2013년 1월 27일 19시,일요일,전라남도 영암군 도포면,중상사고,0,2,0,0,차량단독 - 전도전복,안전운전불이행,결빙,흐림,단일로 - 기타,승용,여,44세,중상,,,,
2013012700100327,2013년 1월 27일 19시,일요일,전라남도 영암군 미암면,경상사고,0,0,1,0,차량단독 - 도로외이탈 - 추락,안전운전불이행,적설,눈,단일로 - 기타,화물,남,63세,경상,,,,
2013012700100328,2013년 1월 27일 19시,일요일,전라남도 곡성군 죽곡면,경상사고,0,0,1,0,차대차 - 기타,중앙선침범,건조,맑음,단일로 - 기타,승용,남,43세,상해없음,승합,남,52세,경상
2013012700100364,2013년 1월 27일 21시,일요일,전라남도 목포시 상동,중상사고,0,1,0,0,차대차 - 기타,신호위반,건조,맑음,교차로 - 교차로안,승용,남,21세,상해없음,이륜,남,19세,중상
2013012700100385,2013년 1월 27일 23시,일요일,전라남도 광양시 광양읍,부상신고사고,0,0,0,1,차대차 - 측면직각충돌,안전운전불이행,건조,맑음,교차로 - 교차로안,승용,남,30세,상해없음,승용,남,54세,상해없음
2013012800100025,2013년 1월 28일 02시,월요일,전라남도 함평군 신광면,경상사고,0,0,1,0,차량단독 - 기타,안전운전불이행,건조,맑음,단일로 - 기타,화물,남,33세,경상,,,,
2013012800100032,2013년 1월 28일 04시,월요일,전라남도 진도군 지산면,사망사고,1,0,0,0,차량단독 - 공작물충돌,안전운전불이행,건조,맑음,단일로 - 기타,승용,여,43세,사망,,,,
2013012800100067,2013년 1월 28일 07시,월요일,전라남도 해남군 북일면,경상사고,0,0,2,0,차대차 - 측면직각충돌,교차로운행방법위반,건조,맑음,교차로 - 교차로안,승용,남,47세,상해없음,승용,여,30세,경상
2013012800100068,2013년 1월 28일 07시,월요일,전라남도 광양시 광양읍,경상사고,0,0,1,0,차대차 - 추돌 - 주정차중,안전운전불이행,건조,맑음,교차로 - 교차로부근,승용,남,61세,상해없음,승용,남,23세,경상
2013012800100100,2013년 1월 28일 08시,월요일,전라남도 순천시 동외동,중상사고,0,1,2,0,차대차 - 기타,안전운전불이행,건조,맑음,교차로 - 교차로안,승용,남,68세,경상,승용,남,31세,경상
2013012800100118,2013년 1월 28일 09시,월요일,전라남도 여수시 신월동,경상사고,0,0,1,0,차대사람 - 횡단중,신호위반,건조,맑음,교차로 - 교차로부근,화물,남,59세,상해없음,보행자,여,8세,경상
2013012800100119,2013년 1월 28일 09시,월요일,전라남도 순천시 해룡면,경상사고,0,0,1,0,차대차 - 추돌 - 진행중,안전운전불이행,건조,맑음,단일로 - 기타,화물,남,31세,상해없음,승용,남,68세,경상
2013012800100166,2013년 1월 28일 11시,월요일,전라남도 장흥군 유치면,경상사고,0,0,2,0,차량단독 - 기타,안전운전불이행,결빙,흐림,단일로 - 기타,승용,남,24세,상해없음,,,,
2013012800100167,2013년 1월 28일 11시,월요일,전라남도 강진군 군동면,중상사고,0,1,0,0,차대차 - 추돌 - 진행중,기타,건조,맑음,교차로 - 교차로안,화물,남,42세,상해없음,이륜,남,52세,중상
2013012800100168,2013년 1월 28일 11시,월요일,전라남도 진도군 임회면,중상사고,0,2,0,0,차대차 - 기타,안전운전불이행,기타,기타,단일로 - 횡단보도상,이륜,남,67세,중상,승용,여,52세,중상
2013012800100211,2013년 1월 28일 13시,월요일,전라남도 목포시 상동,중상사고,0,1,4,0,차대차 - 기타,신호위반,건조,맑음,교차로 - 교차로안,승용,여,46세,경상,승용,남,57세,경상
2013012800100212,2013년 1월 28일 13시,월요일,전라남도 순천시 덕암동,중상사고,0,1,0,0,차대차 - 기타,교차로운행방법위반,건조,맑음,교차로 - 교차로안,승용,남,44세,중상,화물,남,32세,상해없음
2013012800100231,2013년 1월 28일 14시,월요일,전라남도 목포시 상동,경상사고,0,0,1,0,차대차 - 기타,차로위반,건조,맑음,단일로 - 기타,승용,여,49세,상해없음,화물,남,28세,경상
2013012800100232,2013년 1월 28일 14시,월요일,전라남도 여수시 충무동,경상사고,0,0,1,0,차대차 - 기타,안전운전불이행,건조,맑음,단일로 - 기타,승용,여,53세,기타불명,이륜,남,28세,경상
2013012800100233,2013년 1월 28일 14시,월요일,전라남도 순천시 조례동,경상사고,0,0,1,0,차대사람 - 보도통행중,안전운전불이행,건조,맑음,교차로 - 교차로부근,승용,여,48세,상해없음,보행자,여,13세,경상
2013012800100234,2013년 1월 28일 14시,월요일,전라남도 나주시 봉황면,경상사고,0,0,2,0,차대차 - 측면직각충돌,직진우회전진행방해,건조,맑음,교차로 - 교차로안,화물,남,44세,상해없음,원동기,남,70세,경상
2013012800100235,2013년 1월 28일 14시,월요일,전라남도 광양시 중동,경상사고,0,0,1,0,차량단독 - 기타,안전운전불이행,건조,맑음,교차로 - 교차로안,승용,남,70세,상해없음,,,,
2013012800100257,2013년 1월 28일 15시,월요일,전라남도 순천시 장천동,경상사고,0,0,4,0,차대차 - 추돌 - 주정차중,안전운전불이행,건조,맑음,교차로 - 교차로부근,승용,남,67세,상해없음,승용,여,43세,경상
2013012800100306,2013년 1월 28일 17시,월요일,전라남도 목포시 용당동,경상사고,0,0,1,0,차대차 - 기타,안전운전불이행,건조,맑음,단일로 - 기타,승용,여,46세,상해없음,승용,남,41세,경상
2013012800100340,2013년 1월 28일 18시,월요일,전라남도 여수시 덕충동,경상사고,0,0,1,0,차대차 - 정면충돌,중앙선침범,건조,맑음,단일로 - 횡단보도부근,승용,여,25세,상해없음,승용,여,37세,경상
2013012800100341,2013년 1월 28일 18시,월요일,전라남도 화순군 화순읍,경상사고,0,0,1,0,차대사람 - 기타,안전운전불이행,건조,맑음,단일로 - 기타,승용,남,35세,상해없음,보행자,여,91세,경상
2013012800100342,2013년 1월 28일 18시,월요일,전라남도 영암군 삼호읍,경상사고,0,0,1,0,차대차 - 측면직각충돌,신호위반,건조,맑음,교차로 - 교차로안,승용,남,34세,상해없음,자전거,남,23세,경상
2013012800100376,2013년 1월 28일 19시,월요일,전라남도 목포시 용당동,사망사고,1,0,0,0,차대사람 - 횡단중,과속,건조,흐림,단일로 - 기타,화물,남,56세,상해없음,보행자,남,41세,사망
2013012800100377,2013년 1월 28일 19시,월요일,전라남도 여수시 광무동,중상사고,0,1,0,0,차대사람 - 횡단중,신호위반,건조,맑음,단일로 - 횡단보도상,승용,남,53세,상해없음,보행자,남,52세,중상
2013012800100378,2013년 1월 28일 19시,월요일,전라남도 완도군 완도읍,경상사고,0,0,1,0,차대차 - 추돌 - 진행중,안전거리미확보,건조,맑음,단일로 - 기타,승용,여,61세,상해없음,승용,남,53세,경상
2013012800100379,2013년 1월 28일 19시,월요일,전라남도 광양시 중동,중상사고,0,1,0,0,차대차 - 측면직각충돌,교차로운행방법위반,건조,맑음,교차로 - 교차로안,승용,여,44세,상해없음,원동기,남,17세,중상
2013012800100429,2013년 1월 28일 21시,월요일,전라남도 목포시 용해동,경상사고,0,0,2,0,차대차 - 측면직각충돌,안전거리미확보,건조,맑음,단일로 - 기타,승용,남,49세,상해없음,승용,남,36세,경상
2013012800100471,2013년 1월 28일 23시,월요일,전라남도 광양시 중동,경상사고,0,0,2,0,차대차 - 측면직각충돌,직진우회전진행방해,건조,맑음,교차로 - 교차로안,승용,남,28세,경상,승용,여,48세,경상
2013012900100082,2013년 1월 29일 06시,화요일,전라남도 목포시 산정동,부상신고사고,0,0,0,1,차대차 - 측면직각충돌,신호위반,건조,맑음,교차로 - 교차로안,승합,남,74세,부상신고,승용,남,49세,상해없음
2013012900100083,2013년 1월 29일 06시,화요일,전라남도 순천시 덕월동,경상사고,0,0,1,0,차대차 - 측면직각충돌,안전거리미확보,건조,맑음,교차로 - 교차로부근,화물,남,49세,상해없음,화물,남,35세,경상
2013012900100104,2013년 1월 29일 07시,화요일,전라남도 고흥군 고흥읍,중상사고,0,1,0,0,차대사람 - 기타,안전운전불이행,건조,맑음,단일로 - 기타,승합,남,50세,상해없음,보행자,여,74세,중상
2013012900100123,2013년 1월 29일 08시,화요일,전라남도 목포시 동명동,중상사고,0,1,0,0,차대차 - 측면직각충돌,신호위반,건조,맑음,교차로 - 교차로안,승용,남,66세,상해없음,승용,남,25세,중상
2013012900100141,2013년 1월 29일 09시,화요일,전라남도 여수시 중흥동,경상사고,0,0,1,0,차대차 - 측면직각충돌,신호위반,건조,맑음,교차로 - 교차로안,특수,남,34세,상해없음,화물,남,48세,경상
2013012900100159,2013년 1월 29일 10시,화요일,전라남도 신안군 도초면,중상사고,0,1,0,0,차대사람 - 횡단중,안전운전불이행,건조,맑음,단일로 - 기타,승용,남,28세,상해없음,보행자,여,81세,중상
2013012900100160,2013년 1월 29일 10시,화요일,전라남도 여수시 미평동,중상사고,0,1,0,0,차대차 - 측면직각충돌,안전거리미확보,건조,맑음,단일로 - 기타,승용,남,65세,상해없음,원동기,남,40세,중상
2013012900100161,2013년 1월 29일 10시,화요일,전라남도 함평군 함평읍,중상사고,0,1,0,0,차대차 - 측면직각충돌,안전운전불이행,건조,맑음,단일로 - 기타,원동기,여,67세,중상,화물,남,42세,상해없음
2013012900100179,2013년 1월 29일 11시,화요일,전라남도 신안군 임자면,경상사고,0,0,1,0,차대차 - 측면직각충돌,중앙선침범,건조,맑음,단일로 - 기타,이륜,남,77세,경상,승용,남,55세,상해없음
2013012900100197,2013년 1월 29일 12시,화요일,전라남도 여수시 고소동,경상사고,0,0,1,0,차대차 - 측면직각충돌,안전거리미확보,건조,맑음,단일로 - 기타,승용,남,70세,상해없음,승용,남,63세,경상
2013012900100219,2013년 1월 29일 13시,화요일,전라남도 나주시 중앙동,경상사고,0,0,3,0,차대차 - 기타,직진우회전진행방해,건조,맑음,교차로 - 교차로안,화물,남,32세,상해없음,승용,남,74세,경상
2013012900100220,2013년 1월 29일 13시,화요일,전라남도 보성군 벌교읍,중상사고,0,1,0,0,차대차 - 측면직각충돌,직진우회전진행방해,건조,맑음,교차로 - 교차로안,화물,남,39세,상해없음,이륜,남,79세,중상
2013012900100221,2013년 1월 29일 13시,화요일,전라남도 영암군 삼호읍,경상사고,0,0,1,0,차대차 - 측면직각충돌,신호위반,건조,맑음,교차로 - 교차로안,승용,남,60세,상해없음,화물,남,64세,경상
2013012900100290,2013년 1월 29일 16시,화요일,전라남도 목포시 옥암동,경상사고,0,0,1,0,차량단독 - 기타,안전운전불이행,건조,맑음,단일로 - 기타,승합,남,50세,상해없음,,,,
2013012900100311,2013년 1월 29일 17시,화요일,전라남도 고흥군 두원면,중상사고,0,1,0,0,차량단독 - 기타,안전운전불이행,건조,맑음,기타 - 기타,농기계,남,65세,중상,,,,
2013012900100345,2013년 1월 29일 18시,화요일,전라남도 목포시 호남동,경상사고,0,0,1,0,차대사람 - 횡단중,신호위반,건조,맑음,교차로 - 교차로부근,승용,남,20세,상해없음,보행자,여,12세,경상
2013012900100346,2013년 1월 29일 18시,화요일,전라남도 목포시 옥암동,경상사고,0,0,5,0,차대차 - 측면직각충돌,교차로운행방법위반,건조,맑음,교차로 - 교차로안,승용,남,65세,상해없음,승용,여,36세,경상
2013012900100347,2013년 1월 29일 18시,화요일,전라남도 여수시 소호동,경상사고,0,0,4,0,차대차 - 정면충돌,중앙선침범,건조,맑음,교차로 - 교차로안,승합,남,62세,상해없음,승용,남,44세,경상
2013012900100348,2013년 1월 29일 18시,화요일,전라남도 나주시 대호동,중상사고,0,1,0,0,차량단독 - 기타,안전운전불이행,건조,맑음,단일로 - 기타,이륜,남,64세,중상,,,,
2013012900100349,2013년 1월 29일 18시,화요일,전라남도 진도군 지산면,중상사고,0,1,0,0,차대차 - 정면충돌,중앙선침범,건조,맑음,단일로 - 기타,승용,남,59세,상해없음,이륜,남,64세,중상
2013012900100397,2013년 1월 29일 20시,화요일,전라남도 여수시 봉산동,경상사고,0,0,1,0,차대사람 - 횡단중,안전운전불이행,건조,맑음,교차로 - 교차로안,화물,남,54세,상해없음,보행자,여,22세,경상
2013012900100424,2013년 1월 29일 21시,화요일,전라남도 광양시 중동,경상사고,0,0,1,0,차대사람 - 기타,안전운전불이행,건조,맑음,단일로 - 기타,승용,남,39세,상해없음,보행자,남,33세,경상
2013012900100472,2013년 1월 29일 23시,화요일,전라남도 목포시 보광동1가,경상사고,0,0,2,0,차대차 - 추돌 - 진행중,중앙선침범,건조,맑음,교차로 - 교차로부근,승용,여,29세,상해없음,화물,남,41세,상해없음
2013012900100473,2013년 1월 29일 23시,화요일,전라남도 순천시 장천동,경상사고,0,0,1,0,차대차 - 추돌 - 주정차중,안전운전불이행,건조,맑음,단일로 - 기타,승용,여,28세,상해없음,승용,남,32세,경상
2013013000100046,2013년 1월 30일 02시,수요일,전라남도 광양시 진상면,사망사고,1,0,0,0,차량단독 - 도로외이탈 - 추락,안전운전불이행,건조,맑음,단일로 - 기타,승용,여,44세,사망,,,,
2013013000100076,2013년 1월 30일 05시,수요일,전라남도 목포시 죽교동,경상사고,0,0,3,0,차대차 - 측면직각충돌,안전운전불이행,건조,맑음,교차로 - 교차로부근,승용,남,32세,상해없음,승합,남,53세,경상
2013013000100088,2013년 1월 30일 06시,수요일,전라남도 여수시 봉산동,중상사고,0,1,0,0,차대사람 - 기타,안전운전불이행,건조,맑음,단일로 - 기타,승용,남,40세,상해없음,보행자,남,75세,중상
2013013000100116,2013년 1월 30일 07시,수요일,전라남도 장성군 삼계면,중상사고,0,1,0,0,차량단독 - 전도전복,안전운전불이행,습기,맑음,단일로 - 기타,승용,남,53세,상해없음,,,,
2013013000100147,2013년 1월 30일 08시,수요일,전라남도 여수시 신기동,중상사고,0,1,0,0,차대차 - 측면직각충돌,신호위반,건조,맑음,교차로 - 교차로안,승용,남,21세,상해없음,이륜,남,60세,중상
2013013000100148,2013년 1월 30일 08시,수요일,전라남도 순천시 장천동,경상사고,0,0,3,0,차대차 - 기타,안전운전불이행,건조,맑음,단일로 - 기타,승용,여,43세,경상,승용,남,62세,경상
2013013000100149,2013년 1월 30일 08시,수요일,전라남도 광양시 광양읍,경상사고,0,0,3,0,차대차 - 측면직각충돌,교차로운행방법위반,건조,맑음,교차로 - 교차로부근,승용,남,68세,경상,승용,여,45세,경상
2013013000100166,2013년 1월 30일 09시,수요일,전라남도 목포시 용당동,중상사고,0,1,0,0,차대차 - 기타,안전운전불이행,건조,맑음,단일로 - 기타,이륜,남,51세,중상,승합,남,63세,상해없음
2013013000100167,2013년 1월 30일 09시,수요일,전라남도 고흥군 포두면,중상사고,0,1,0,0,차량단독 - 전도전복,안전운전불이행,건조,맑음,교차로 - 교차로부근,승용,여,51세,상해없음,,,,
2013013000100168,2013년 1월 30일 09시,수요일,전라남도 화순군 이양면,경상사고,0,0,2,0,차량단독 - 전도전복,안전운전불이행,건조,맑음,단일로 - 기타,승용,남,56세,상해없음,,,,
2013013000100191,2013년 1월 30일 10시,수요일,전라남도 화순군 도곡면,경상사고,0,0,2,0,차대차 - 측면직각충돌,안전운전불이행,건조,맑음,교차로 - 교차로부근,승용,여,35세,경상,승용,남,34세,경상
2013013000100216,2013년 1월 30일 11시,수요일,전라남도 목포시 산정동,경상사고,0,0,2,0,차대차 - 측면직각충돌,안전운전불이행,건조,맑음,교차로 - 교차로부근,승용,남,55세,경상,화물,남,31세,경상