사고번호,사고일시,요일,시군구,사고내용,사망자수,중상자수,경상자수,부상신고자수,사고유형,법규위반,노면상태,기상상태,도로형태,가해운전자 차종,가해운전자 성별,가해운전자 연령,가해운전자 상해정도,피해운전자 차종,피해운전자 성별,피해운전자 연령,피해운전자 상해정도
2013013000100217,2013년 1월 30일 11시,수요일,전라남도 여수시 학동,경상사고,0,0,1,0,차대차 - 추돌 - 주정차중,안전운전불이행,건조,맑음,단일로 - 기타,승용,여,34세,상해없음,승용,여,53세,경상
2013013000100218,2013년 1월 30일 11시,수요일,전라남도 여수시 광무동,경상사고,0,0,2,0,차대차 - 측면직각충돌,교차로운행방법위반,건조,맑음,교차로 - 교차로안,승용,남,58세,상해없음,승용,여,37세,경상
2013013000100263,2013년 1월 30일 13시,수요일,전라남도 신안군 압해읍,경상사고,0,0,2,0,차대차 - 기타,교차로운행방법위반,건조,맑음,교차로 - 교차로안,승용,남,54세,경상,화물,남,54세,경상
2013013000100264,2013년 1월 30일 13시,수요일,전라남도 여수시 학동,경상사고,0,0,1,0,차대사람 - 횡단중,보행자보호의무위반,건조,맑음,단일로 - 기타,화물,남,32세,상해없음,보행자,여,48세,경상
2013013000100283,2013년 1월 30일 14시,수요일,전라남도 나주시 금천면,중상사고,0,1,0,0,차량단독 - 기타,기타,건조,맑음,단일로 - 기타,승합,남,47세,상해없음,,,,
2013013000100284,2013년 1월 30일 14시,수요일,전라남도 곡성군 석곡면,중상사고,0,1,0,0,차대사람 - 기타,안전운전불이행,건조,맑음,기타 - 기타,건설기계,남,51세,상해없음,보행자,남,39세,중상
2013013000100307,2013년 1월 30일 15시,수요일,전라남도 장성군 북일면,중상사고,0,1,0,0,차량단독 - 기타,안전운전불이행,건조,맑음,단일로 - 기타,승합,남,59세,상해없음,,,,
2013013000100329,2013년 1월 30일 16시,수요일,전라남도 순천시 별량면,중상사고,0,1,0,0,차대차 - 추돌 - 진행중,안전운전불이행,건조,맑음,단일로 - 기타,승용,남,60세,상해없음,자전거,남,80세,중상
2013013000100357,2013년 1월 30일 17시,수요일,전라남도 함평군 대동면,중상사고,0,1,0,0,차량단독 - 전도전복,안전운전불이행,건조,맑음,단일로 - 기타,원동기,남,70세,중상,,,,
2013013000100397,2013년 1월 30일 18시,수요일,전라남도 여수시 여서동,경상사고,0,0,2,0,차대사람 - 횡단중,보행자보호의무위반,건조,맑음,단일로 - 기타,승용,남,44세,상해없음,보행자,여,62세,경상
2013013000100398,2013년 1월 30일 18시,수요일,전라남도 여수시 학동,경상사고,0,0,1,0,차대차 - 추돌 - 주정차중,안전운전불이행,건조,맑음,단일로 - 기타,승용,여,46세,상해없음,승용,여,30세,경상
2013013000100399,2013년 1월 30일 18시,수요일,전라남도 나주시 산포면,중상사고,0,1,0,0,차대차 - 추돌 - 주정차중,안전운전불이행,건조,맑음,단일로 - 기타,원동기,남,64세,중상,화물,남,65세,기타불명
2013013000100400,2013년 1월 30일 18시,수요일,전라남도 보성군 복내면,사망사고,1,0,0,0,차량단독 - 도로외이탈 - 추락,안전운전불이행,건조,맑음,단일로 - 기타,농기계,남,74세,사망,,,,
2013013000100401,2013년 1월 30일 18시,수요일,전라남도 진도군 진도읍,부상신고사고,0,0,0,1,차대차 - 기타,안전운전불이행,건조,맑음,교차로 - 교차로안,이륜,남,67세,부상신고,화물,남,58세,상해없음
2013013000100435,2013년 1월 30일 19시,수요일,전라남도 목포시 용당동,경상사고,0,0,4,0,차대차 - 추돌 - 주정차중,안전운전불이행,건조,맑음,교차로 - 교차로부근,승용,남,64세,상해없음,승용,남,30세,경상
2013013000100436,2013년 1월 30일 19시,수요일,전라남도 목포시 온금동,중상사고,0,1,0,0,차량단독 - 기타,안전운전불이행,건조,맑음,단일로 - 기타,승합,남,56세,상해없음,,,,
2013013000100437,2013년 1월 30일 19시,수요일,전라남도 영광군 법성면,중상사고,0,1,0,0,차대사람 - 기타,안전운전불이행,건조,맑음,교차로 - 교차로안,승용,남,51세,상해없음,보행자,남,70세,중상
2013013000100459,2013년 1월 30일 20시,수요일,전라남도 목포시 용당동,중상사고,0,1,0,0,차대사람 - 횡단중,안전운전불이행,건조,맑음,단일로 - 기타,승용,여,52세,상해없음,보행자,여,50세,중상
2013013000100460,2013년 1월 30일 20시,수요일,전라남도 광양시 광양읍,중상사고,0,2,0,0,차대차 - 추돌 - 진행중,안전운전불이행,건조,맑음,단일로 - 기타,승용,남,41세,상해없음,승용,남,52세,중상
2013013000100494,2013년 1월 30일 21시,수요일,전라남도 목포시 옥암동,경상사고,0,0,2,0,차대차 - 추돌 - 주정차중,안전운전불이행,건조,맑음,단일로 - 기타,승용,남,29세,상해없음,승용,여,49세,경상
2013013000100550,2013년 1월 30일 23시,수요일,전라남도 여수시 공화동,경상사고,0,0,1,0,차대사람 - 기타,안전운전불이행,건조,맑음,단일로 - 기타,승용,남,31세,상해없음,보행자,여,60세,경상
2013013100100038,2013년 1월 31일 02시,목요일,전라남도 순천시 풍덕동,경상사고,0,0,1,0,차대차 - 측면직각충돌,신호위반,건조,맑음,교차로 - 교차로안,승합,남,54세,상해없음,승용,남,48세,상해없음
2013013100100056,2013년 1월 31일 04시,목요일,전라남도 목포시 산정동,중상사고,0,1,0,0,차량단독 - 공작물충돌,안전운전불이행,건조,맑음,단일로 - 기타,화물,남,22세,중상,,,,
2013013100100075,2013년 1월 31일 06시,목요일,전라남도 순천시 해룡면,경상사고,0,0,1,0,차량단독 - 기타,안전운전불이행,건조,맑음,단일로 - 기타,승용,여,43세,상해없음,,,,
2013013100100099,2013년 1월 31일 07시,목요일,전라남도 여수시 주삼동,경상사고,0,0,2,0,차대차 - 추돌 - 진행중,안전운전불이행,건조,맑음,교차로 - 교차로부근,특수,남,56세,상해없음,승용,남,41세,경상
2013013100100178,2013년 1월 31일 09시,목요일,전라남도 여수시 봉산동,중상사고,0,1,0,0,차량단독 - 기타,기타,건조,맑음,기타 - 기타,승합,남,45세,상해없음,,,,
2013013100100200,2013년 1월 31일 10시,목요일,전라남도 목포시 산정동,경상사고,0,0,1,0,차대차 - 정면충돌,중앙선침범,건조,맑음,교차로 - 교차로안,승용,남,30세,상해없음,승용,남,62세,경상
2013013100100201,2013년 1월 31일 10시,목요일,전라남도 보성군 보성읍,경상사고,0,0,1,0,차대차 - 측면직각충돌,안전운전불이행,건조,맑음,단일로 - 기타,건설기계,남,56세,상해없음,이륜,남,74세,경상
2013013100100220,2013년 1월 31일 11시,목요일,전라남도 보성군 벌교읍,중상사고,0,1,1,0,차대차 - 측면직각충돌,직진우회전진행방해,건조,맑음,교차로 - 교차로안,화물,남,54세,상해없음,승용,남,76세,중상
2013013100100242,2013년 1월 31일 12시,목요일,전라남도 완도군 완도읍,중상사고,0,1,0,0,차량단독 - 기타,안전운전불이행,건조,맑음,단일로 - 기타,승합,남,42세,상해없음,,,,
2013013100100322,2013년 1월 31일 15시,목요일,전라남도 순천시 조례동,경상사고,0,0,1,0,차대사람 - 기타,안전운전불이행,건조,맑음,단일로 - 기타,승합,남,47세,상해없음,보행자,남,78세,경상
2013013100100340,2013년 1월 31일 16시,목요일,전라남도 무안군 운남면,경상사고,0,0,2,0,차대차 - 정면충돌,중앙선침범,건조,맑음,단일로 - 기타,승용,남,56세,상해없음,승용,여,65세,경상
2013013100100365,2013년 1월 31일 17시,목요일,전라남도 나주시 공산면,경상사고,0,0,3,0,차대차 - 기타,기타,건조,맑음,교차로 - 교차로안,승용,남,40세,경상,화물,남,29세,경상
2013013100100401,2013년 1월 31일 18시,목요일,전라남도 목포시 옥암동,경상사고,0,0,6,0,차대차 - 측면직각충돌,신호위반,건조,맑음,교차로 - 교차로안,승합,여,39세,경상,승용,남,29세,경상
2013013100100430,2013년 1월 31일 19시,목요일,전라남도 나주시 성북동,경상사고,0,0,1,0,차대사람 - 횡단중,안전운전불이행,습기,비,단일로 - 기타,승용,남,36세,상해없음,보행자,여,73세,경상
2013013100100431,2013년 1월 31일 19시,목요일,전라남도 광양시 중동,중상사고,0,1,1,1,차대차 - 추돌 - 주정차중,안전운전불이행,건조,맑음,교차로 - 교차로부근,승용,남,44세,부상신고,승용,남,42세,경상
2013013100100462,2013년 1월 31일 20시,목요일,전라남도 여수시 신월동,경상사고,0,0,1,0,차대차 - 측면직각충돌,차로위반,건조,맑음,단일로 - 기타,승용,남,65세,상해없음,승용,남,37세,경상
2013013100100492,2013년 1월 31일 21시,목요일,전라남도 목포시 옥암동,경상사고,0,0,2,0,차대차 - 기타,안전운전불이행,습기,비,교차로 - 교차로안,승용,남,34세,상해없음,승용,남,30세,경상
2013013100100493,2013년 1월 31일 21시,목요일,전라남도 순천시 조례동,중상사고,0,1,0,0,차대차 - 기타,중앙선침범,습기,비,교차로 - 교차로부근,원동기,남,20세,중상,승용,여,37세,상해없음
2013013100100494,2013년 1월 31일 21시,목요일,전라남도 담양군 금성면,중상사고,0,1,2,0,차량단독 - 공작물충돌,안전운전불이행,건조,흐림,단일로 - 기타,승용,남,28세,경상,,,,
2013013100100526,2013년 1월 31일 22시,목요일,전라남도 목포시 옥암동,경상사고,0,0,3,0,차대차 - 측면직각충돌,교차로운행방법위반,습기,비,교차로 - 교차로안,승용,남,39세,상해없음,승용,여,26세,경상
2013013100100557,2013년 1월 31일 23시,목요일,전라남도 순천시 연향동,경상사고,0,0,3,0,차대차 - 기타,교차로운행방법위반,습기,비,교차로 - 교차로안,승용,남,53세,경상,승용,남,48세,경상
2013013100100558,2013년 1월 31일 23시,목요일,전라남도 순천시 행동,경상사고,0,0,1,0,차대사람 - 보도통행중,안전운전불이행,건조,맑음,단일로 - 기타,승용,남,47세,상해없음,보행자,여,23세,경상
2013020100100010,2013년 2월 1일 00시,금요일,전라남도 화순군 화순읍,중상사고,0,1,0,0,차량단독 - 공작물충돌,안전운전불이행,습기,비,단일로 - 기타,화물,남,44세,중상,,,,
2013020100100011,2013년 2월 1일 00시,금요일,전라남도 광양시 광양읍,부상신고사고,0,0,0,1,차대차 - 측면직각충돌,안전운전불이행,습기,비,교차로 - 교차로안,승용,남,42세,상해없음,승용,여,22세,부상신고
2013020100100063,2013년 2월 1일 02시,금요일,전라남도 여수시 선원동,중상사고,0,1,0,0,차대사람 - 횡단중,신호위반,건조,맑음,교차로 - 교차로부근,승용,여,43세,상해없음,보행자,남,18세,중상
2013020100100075,2013년 2월 1일 03시,금요일,전라남도 순천시 동외동,경상사고,0,0,1,0,차대차 - 기타,안전운전불이행,습기,비,교차로 - 교차로부근,승용,남,52세,상해없음,승용,남,46세,경상
2013020100100076,2013년 2월 1일 03시,금요일,전라남도 순천시 서면,중상사고,0,1,0,0,차대차 - 기타,안전운전불이행,습기,비,단일로 - 기타,승용,남,33세,중상,승용,남,49세,상해없음
2013020100100156,2013년 2월 1일 07시,금요일,전라남도 광양시 금호동,중상사고,0,3,4,0,차대차 - 추돌 - 진행중,안전운전불이행,습기,비,단일로 - 기타,건설기계,남,35세,상해없음,화물,남,50세,경상
2013020100100186,2013년 2월 1일 08시,금요일,전라남도 목포시 산정동,경상사고,0,0,1,0,차대차 - 기타,신호위반,습기,비,교차로 - 교차로안,승용,여,50세,상해없음,화물,남,45세,경상
2013020100100216,2013년 2월 1일 09시,금요일,전라남도 여수시 해산동,중상사고,0,1,1,0,차량단독 - 공작물충돌,안전운전불이행,습기,비,단일로 - 기타,승용,남,47세,상해없음,,,,
2013020100100237,2013년 2월 1일 10시,금요일,전라남도 목포시 죽교동,경상사고,0,0,2,0,차대차 - 기타,직진우회전진행방해,습기,비,교차로 - 교차로안,승용,남,44세,경상,화물,남,37세,경상
2013020100100258,2013년 2월 1일 11시,금요일,전라남도 광양시 광양읍,경상사고,0,0,1,0,차대사람 - 횡단중,교차로운행방법위반,습기,비,교차로 - 교차로안,승용,남,51세,상해없음,보행자,여,80세,경상
2013020100100275,2013년 2월 1일 12시,금요일,전라남도 곡성군 곡성읍,경상사고,0,0,2,0,차대차 - 추돌 - 진행중,안전운전불이행,습기,비,단일로 - 기타,승용,남,37세,경상,화물,남,46세,경상
2013020100100303,2013년 2월 1일 13시,금요일,전라남도 강진군 옴천면,중상사고,0,4,1,0,차대차 - 정면충돌,중앙선침범,습기,비,단일로 - 기타,승용,남,49세,경상,화물,남,39세,중상
2013020100100339,2013년 2월 1일 15시,금요일,전라남도 순천시 서면,경상사고,0,0,4,0,차대차 - 측면직각충돌,안전운전불이행,습기,비,교차로 - 교차로안,승용,남,52세,상해없음,화물,남,62세,경상
2013020100100368,2013년 2월 1일 16시,금요일,전라남도 영광군 법성면,중상사고,0,4,1,0,차대차 - 추돌 - 주정차중,안전운전불이행,건조,맑음,단일로 - 기타,화물,남,63세,상해없음,승합,남,56세,중상
2013020100100428,2013년 2월 1일 18시,금요일,전라남도 목포시 산정동,경상사고,0,0,1,0,차대차 - 측면직각충돌,신호위반,건조,맑음,교차로 - 교차로안,승용,남,48세,상해없음,승용,여,62세,경상
2013020100100429,2013년 2월 1일 18시,금요일,전라남도 광양시 광양읍,중상사고,0,1,0,0,차대차 - 측면직각충돌,교차로운행방법위반,건조,맑음,교차로 - 교차로안,승용,남,47세,기타불명,승용,남,41세,중상
2013020100100430,2013년 2월 1일 18시,금요일,전라남도 광양시 광양읍,경상사고,0,0,1,0,차대차 - 기타,신호위반,건조,맑음,교차로 - 교차로안,승용,남,43세,상해없음,승용,남,30세,경상
2013020100100477,2013년 2월 1일 19시,금요일,전라남도 여수시 여서동,중상사고,0,1,0,0,차대사람 - 기타,안전운전불이행,습기,흐림,단일로 - 기타,승용,남,47세,상해없음,보행자,여,54세,중상
2013020100100478,2013년 2월 1일 19시,금요일,전라남도 광양시 진월면,부상신고사고,0,0,0,1,차대차 - 측면직각충돌,교차로운행방법위반,습기,흐림,교차로 - 교차로안,화물,남,63세,부상신고,화물,남,46세,상해없음
2013020100100511,2013년 2월 1일 20시,금요일,전라남도 순천시 매곡동,중상사고,0,1,0,0,차대사람 - 기타,안전운전불이행,건조,맑음,교차로 - 교차로안,승용,남,43세,상해없음,보행자,남,60세,중상
2013020100100544,2013년 2월 1일 21시,금요일,전라남도 여수시 학동,중상사고,0,1,0,0,차대차 - 기타,안전거리미확보,습기,맑음,단일로 - 기타,승용,남,26세,상해없음,이륜,남,18세,중상
2013020100100577,2013년 2월 1일 22시,금요일,전라남도 목포시 죽교동,경상사고,0,0,1,0,차대차 - 측면직각충돌,신호위반,건조,맑음,교차로 - 교차로안,승용,남,45세,상해없음,승용,남,29세,경상
2013020100100578,2013년 2월 1일 22시,금요일,전라남도 광양시 중동,경상사고,0,0,1,0,차대사람 - 횡단중,안전운전불이행,건조,흐림,교차로 - 교차로부근,승합,남,56세,상해없음,보행자,여,43세,경상
2013020100100579,2013년 2월 1일 22시,금요일,전라남도 광양시 중동,경상사고,0,0,3,0,차대차 - 측면직각충돌,교차로운행방법위반,건조,맑음,교차로 - 교차로안,승용,여,59세,경상,승용,남,29세,경상
2013020200100019,2013년 2월 2일 00시,토요일,전라남도 목포시 호남동,경상사고,0,0,2,0,차대차 - 추돌 - 진행중,안전운전불이행,건조,맑음,단일로 - 기타,승용,남,45세,상해없음,승용,남,20세,경상
2013020200100020,2013년 2월 2일 00시,토요일,전라남도 목포시 옥암동,경상사고,0,0,1,0,차대차 - 기타,중앙선침범,건조,맑음,단일로 - 기타,승용,남,24세,상해없음,승용,남,25세,경상
2013020200100021,2013년 2월 2일 00시,토요일,전라남도 목포시 상동,경상사고,0,0,1,0,차대차 - 기타,중앙선침범,건조,맑음,단일로 - 기타,승용,남,25세,상해없음,승용,남,21세,경상
2013020200100069,2013년 2월 2일 02시,토요일,전라남도 목포시 산정동,경상사고,0,0,1,0,차대차 - 측면직각충돌,안전운전불이행,건조,맑음,단일로 - 기타,승용,여,39세,상해없음,승용,남,27세,경상
2013020200100084,2013년 2월 2일 03시,토요일,전라남도 목포시 옥암동,경상사고,0,0,3,0,차대차 - 추돌 - 주정차중,안전운전불이행,건조,맑음,교차로 - 교차로부근,승용,남,27세,상해없음,승용,여,27세,경상
2013020200100085,2013년 2월 2일 03시,토요일,전라남도 장성군 북이면,중상사고,0,2,0,0,차대차 - 측면직각충돌,교차로운행방법위반,건조,맑음,교차로 - 교차로안,승용,남,34세,상해없음,화물,남,49세,중상
2013020200100126,2013년 2월 2일 06시,토요일,전라남도 해남군 문내면,중상사고,0,1,0,0,차대사람 - 기타,안전운전불이행,건조,맑음,단일로 - 기타,화물,남,63세,상해없음,보행자,여,77세,중상
2013020200100141,2013년 2월 2일 07시,토요일,전라남도 영암군 서호면,경상사고,0,0,3,0,차대차 - 기타,중앙선침범,건조,맑음,단일로 - 기타,화물,남,70세,상해없음,승용,남,42세,경상
2013020200100185,2013년 2월 2일 09시,토요일,전라남도 목포시 산정동,경상사고,0,0,1,0,차대차 - 측면직각충돌,안전운전불이행,건조,맑음,단일로 - 기타,승용,남,67세,상해없음,자전거,남,74세,경상
2013020200100211,2013년 2월 2일 10시,토요일,전라남도 목포시 옥암동,경상사고,0,0,3,0,차대차 - 측면직각충돌,신호위반,건조,맑음,교차로 - 교차로안,승용,여,36세,경상,승용,여,40세,경상
2013020200100212,2013년 2월 2일 10시,토요일,전라남도 순천시 해룡면,경상사고,0,0,1,0,차대차 - 추돌 - 주정차중,안전운전불이행,건조,맑음,단일로 - 기타,승용,남,31세,상해없음,승용,여,33세,경상
2013020200100213,2013년 2월 2일 10시,토요일,전라남도 영암군 신북면,중상사고,0,1,2,0,차대차 - 측면직각충돌,직진우회전진행방해,건조,흐림,교차로 - 교차로안,승용,남,62세,경상,화물,남,53세,중상
2013020200100214,2013년 2월 2일 10시,토요일,전라남도 담양군 담양읍,중상사고,0,1,0,0,차대사람 - 기타,안전운전불이행,건조,맑음,교차로 - 교차로안,승용,남,70세,상해없음,보행자,여,61세,중상
2013020200100238,2013년 2월 2일 11시,토요일,전라남도 나주시 이창동,경상사고,0,0,1,0,차대차 - 추돌 - 주정차중,기타,건조,맑음,단일로 - 기타,화물,남,31세,상해없음,승용,남,41세,경상
2013020200100239,2013년 2월 2일 11시,토요일,전라남도 화순군 도곡면,경상사고,0,0,1,0,차대사람 - 기타,안전운전불이행,건조,맑음,단일로 - 기타,승합,남,34세,상해없음,보행자,여,74세,경상
2013020200100240,2013년 2월 2일 11시,토요일,전라남도 무안군 현경면,중상사고,0,1,0,0,차대사람 - 기타,안전운전불이행,건조,맑음,단일로 - 기타,화물,남,73세,상해없음,보행자,여,72세,중상
2013020200100267,2013년 2월 2일 12시,토요일,전라남도 광양시 광양읍,중상사고,0,1,0,0,차대차 - 기타,안전운전불이행,건조,맑음,단일로 - 기타,화물,남,61세,상해없음,이륜,여,57세,중상
2013020200100268,2013년 2월 2일 12시,토요일,전라남도 구례군 구례읍,경상사고,0,0,3,0,차대차 - 측면직각충돌,안전운전불이행,건조,맑음,교차로 - 교차로안,승용,남,28세,상해없음,승합,남,69세,상해없음
2013020200100293,2013년 2월 2일 13시,토요일,전라남도 목포시 산정동,경상사고,0,0,2,0,차대차 - 측면직각충돌,안전거리미확보,건조,맑음,단일로 - 기타,화물,남,52세,경상,화물,남,39세,경상
2013020200100294,2013년 2월 2일 13시,토요일,전라남도 여수시 충무동,경상사고,0,0,1,0,차대사람 - 기타,안전운전불이행,건조,맑음,교차로 - 교차로부근,승용,남,72세,상해없음,보행자,여,52세,경상
2013020200100325,2013년 2월 2일 14시,토요일,전라남도 목포시 죽교동,경상사고,0,0,3,0,차대차 - 측면직각충돌,안전운전불이행,건조,맑음,단일로 - 기타,승용,여,29세,경상,승용,남,64세,경상
2013020200100340,2013년 2월 2일 15시,토요일,전라남도 순천시 생목동,경상사고,0,0,1,0,차대차 - 측면직각충돌,안전운전불이행,건조,맑음,단일로 - 기타,승용,여,28세,상해없음,승용,여,69세,경상
2013020200100364,2013년 2월 2일 16시,토요일,전라남도 담양군 고서면,경상사고,0,0,1,0,차대차 - 기타,안전거리미확보,건조,맑음,단일로 - 기타,승용,남,54세,경상,승용,여,60세,상해없음
2013020200100388,2013년 2월 2일 17시,토요일,전라남도 담양군 담양읍,경상사고,0,0,1,0,차대차 - 기타,안전거리미확보,건조,맑음,단일로 - 기타,승용,남,76세,상해없음,승용,남,54세,경상
2013020200100422,2013년 2월 2일 18시,토요일,전라남도 목포시 산정동,경상사고,0,0,1,0,차대차 - 측면직각충돌,안전운전불이행,건조,맑음,단일로 - 기타,승용,남,35세,상해없음,원동기,남,24세,경상
2013020200100423,2013년 2월 2일 18시,토요일,전라남도 순천시 조례동,중상사고,0,1,0,0,차대사람 - 기타,보행자보호의무위반,건조,맑음,단일로 - 횡단보도상,승용,여,52세,상해없음,보행자,여,18세,중상
2013020200100488,2013년 2월 2일 20시,토요일,전라남도 목포시 산정동,경상사고,0,0,1,0,차대차 - 측면직각충돌,안전운전불이행,건조,맑음,교차로 - 교차로안,승용,여,54세,상해없음,자전거,여,40세,경상
2013020200100489,2013년 2월 2일 20시,토요일,전라남도 신안군 비금면,사망사고,1,0,0,0,차량단독 - 도로외이탈 - 추락,안전운전불이행,건조,맑음,단일로 - 기타,농기계,남,67세,사망,,,,
2013020200100490,2013년 2월 2일 20시,토요일,전라남도 순천시 덕암동,경상사고,0,0,2,0,차대차 - 기타,신호위반,건조,맑음,교차로 - 교차로안,승용,남,56세,상해없음,승용,여,19세,경상
2013020200100539,2013년 2월 2일 22시,토요일,전라남도 목포시 석현동,중상사고,0,1,0,0,차대차 - 기타,안전운전불이행,건조,기타,단일로 - 기타,승용,여,44세,상해없음,원동기,남,17세,중상
2013020300100041,2013년 2월 3일 02시,일요일,전라남도 함평군 함평읍,사망사고,1,0,0,0,차량단독 - 공작물충돌,안전운전불이행,건조,맑음,단일로 - 기타,승용,남,38세,사망,,,,
2013020300100057,2013년 2월 3일 03시,일요일,전라남도 목포시 상동,중상사고,0,1,0,0,차대사람 - 기타,안전운전불이행,건조,기타,교차로 - 교차로안,승용,남,23세,상해없음,보행자,여,41세,중상
2013020300100108,2013년 2월 3일 07시,일요일,전라남도 광양시 마동,경상사고,0,0,2,0,차량단독 - 공작물충돌,안전운전불이행,결빙,맑음,단일로 - 기타,승용,여,61세,경상,,,,
2013020300100130,2013년 2월 3일 09시,일요일,전라남도 영암군 삼호읍,경상사고,0,0,4,0,차대차 - 측면직각충돌,신호위반,건조,흐림,교차로 - 교차로안,승용,여,52세,경상,승용,남,49세,경상
2013020300100131,2013년 2월 3일 09시,일요일,전라남도 담양군 담양읍,중상사고,0,1,0,0,차대사람 - 횡단중,안전운전불이행,건조,맑음,교차로 - 교차로안,승용,남,30세,상해없음,보행자,남,75세,중상
2013020300100149,2013년 2월 3일 10시,일요일,전라남도 순천시 낙안면,경상사고,0,0,1,0,차량단독 - 전도전복,안전운전불이행,결빙,맑음,단일로 - 기타,화물,남,66세,상해없음,,,,
2013020300100169,2013년 2월 3일 11시,일요일,전라남도 보성군 보성읍,중상사고,0,1,0,0,차대차 - 측면직각충돌,안전거리미확보,건조,맑음,단일로 - 기타,자전거,남,77세,중상,승합,남,46세,상해없음
2013020300100170,2013년 2월 3일 11시,일요일,전라남도 함평군 해보면,중상사고,0,1,0,0,차대사람 - 길가장자리구역통행중,교차로운행방법위반,건조,맑음,교차로 - 교차로안,화물,남,43세,상해없음,보행자,여,74세,중상
2013020300100184,2013년 2월 3일 12시,일요일,전라남도 여수시 봉계동,경상사고,0,0,1,0,차대차 - 측면직각충돌,안전거리미확보,건조,맑음,교차로 - 교차로부근,승용,남,49세,상해없음,승용,남,49세,상해없음
2013020300100185,2013년 2월 3일 12시,일요일,전라남도 나주시 산포면,사망사고,1,1,0,0,차량단독 - 공작물충돌,안전운전불이행,건조,맑음,단일로 - 기타,승용,남,32세,중상,,,,
2013020300100186,2013년 2월 3일 12시,일요일,전라남도 완도군 완도읍,부상신고사고,0,0,0,1,차량단독 - 기타,안전운전불이행,건조,맑음,교차로 - 교차로부근,이륜,남,21세,부상신고,,,,
2013020300100227,2013년 2월 3일 14시,일요일,전라남도 여수시 학동,경상사고,0,0,1,0,차대차 - 측면직각충돌,직진우회전진행방해,건조,맑음,교차로 - 교차로안,화물,남,63세,상해없음,승용,남,35세,경상
2013020300100228,2013년 2월 3일 14시,일요일,전라남도 나주시 남평읍,중상사고,0,1,0,0,차량단독 - 전도전복,안전운전불이행,건조,맑음,기타 - 기타,농기계,남,71세,상해없음,,,,
2013020300100251,2013년 2월 3일 15시,일요일,전라남도 여수시 돌산읍,경상사고,0,0,1,0,차대차 - 추돌 - 진행중,안전운전불이행,건조,맑음,교차로 - 교차로부근,화물,남,39세,상해없음,승용,남,58세,상해없음
2013020300100324,2013년 2월 3일 17시,일요일,전라남도 목포시 죽교동,중상사고,0,1,0,0,차대사람 - 횡단중,안전운전불이행,건조,맑음,교차로 - 교차로부근,승용,남,58세,상해없음,보행자,여,56세,중상
2013020300100325,2013년 2월 3일 17시,일요일,전라남도 순천시 풍덕동,경상사고,0,0,2,0,차대차 - 측면직각충돌,중앙선침범,건조,맑음,단일로 - 기타,승용,남,51세,상해없음,승용,남,57세,경상
2013020300100355,2013년 2월 3일 18시,일요일,전라남도 담양군 용면,중상사고,0,1,0,0,차량단독 - 도로외이탈 - 기타,안전운전불이행,습기,비,단일로 - 기타,승합,남,66세,상해없음,,,,
2013020300100391,2013년 2월 3일 19시,일요일,전라남도 순천시 석현동,경상사고,0,0,1,0,차대차 - 측면직각충돌,안전운전불이행,습기,비,단일로 - 기타,승용,남,52세,상해없음,이륜,남,17세,경상
2013020300100425,2013년 2월 3일 20시,일요일,전라남도 순천시 덕월동,경상사고,0,0,1,0,차대차 - 측면직각충돌,안전운전불이행,건조,맑음,단일로 - 기타,승용,남,43세,상해없음,승용,남,52세,경상
2013020300100426,2013년 2월 3일 20시,일요일,전라남도 나주시 성북동,경상사고,0,0,1,0,차대차 - 측면직각충돌,신호위반,건조,맑음,교차로 - 교차로안,승용,남,46세,상해없음,승용,남,36세,경상
2013020300100466,2013년 2월 3일 21시,일요일,전라남도 순천시 조례동,중상사고,0,1,0,0,차대사람 - 횡단중,안전운전불이행,습기,비,교차로 - 교차로안,승용,여,48세,상해없음,보행자,남,52세,중상
2013020300100467,2013년 2월 3일 21시,일요일,전라남도 고흥군 고흥읍,경상사고,0,0,1,0,차대사람 - 기타,안전운전불이행,건조,기타,기타 - 기타,승용,남,44세,상해없음,보행자,남,20세,경상
2013020300100505,2013년 2월 3일 22시,일요일,전라남도 목포시 산정동,경상사고,0,0,1,0,차대사람 - 기타,안전운전불이행,건조,맑음,단일로 - 기타,승용,남,43세,상해없음,보행자,여,58세,경상
2013020300100506,2013년 2월 3일 22시,일요일,전라남도 여수시 주삼동,부상신고사고,0,0,0,1,차대차 - 정면충돌,신호위반,건조,맑음,교차로 - 교차로안,승용,남,36세,상해없음,승용,남,53세,부상신고
2013020400100052,2013년 2월 4일 02시,월요일,전라남도 목포시 상동,중상사고,0,1,2,0,차대차 - 기타,신호위반,습기,비,교차로 - 교차로안,승용,남,46세,중상,승용,남,66세,경상
2013020400100119,2013년 2월 4일 07시,월요일,전라남도 여수시 여서동,경상사고,0,0,1,0,차대차 - 측면직각충돌,교차로운행방법위반,습기,비,교차로 - 교차로안,승용,남,50세,상해없음,승용,남,64세,경상
2013020400100120,2013년 2월 4일 07시,월요일,전라남도 강진군 성전면,중상사고,0,1,0,0,차대사람 - 기타,기타,습기,비,단일로 - 기타,기타불명,기타불명,기타불명,기타불명,보행자,여,79세,중상