사고번호,사고일시,요일,시군구,사고내용,사망자수,중상자수,경상자수,부상신고자수,사고유형,법규위반,노면상태,기상상태,도로형태,가해운전자 차종,가해운전자 성별,가해운전자 연령,가해운전자 상해정도,피해운전자 차종,피해운전자 성별,피해운전자 연령,피해운전자 상해정도
2013020800100194,2013년 2월 8일 11시,금요일,전라남도 해남군 해남읍,경상사고,0,0,2,0,차대차 - 추돌 - 주정차중,안전운전불이행,건조,맑음,단일로 - 기타,승용,남,67세,상해없음,승용,남,65세,경상
2013020800100212,2013년 2월 8일 12시,금요일,전라남도 목포시 옥암동,경상사고,0,0,1,0,차대차 - 기타,교차로운행방법위반,건조,맑음,교차로 - 교차로안,승용,남,61세,상해없음,승용,여,48세,경상
2013020800100213,2013년 2월 8일 12시,금요일,전라남도 영광군 군서면,경상사고,0,0,1,0,차대차 - 측면직각충돌,중앙선침범,건조,맑음,단일로 - 기타,화물,남,71세,상해없음,승용,남,54세,경상
2013020800100244,2013년 2월 8일 13시,금요일,전라남도 순천시 안풍동,경상사고,0,0,1,0,차대사람 - 기타,안전운전불이행,건조,맑음,교차로 - 교차로안,승용,여,43세,상해없음,보행자,남,21세,경상
2013020800100277,2013년 2월 8일 14시,금요일,전라남도 순천시 연향동,중상사고,0,1,2,0,차대차 - 측면직각충돌,직진우회전진행방해,건조,맑음,교차로 - 교차로안,승용,남,38세,경상,승용,남,59세,중상
2013020800100311,2013년 2월 8일 15시,금요일,전라남도 순천시 조례동,경상사고,0,0,1,0,차대사람 - 기타,안전운전불이행,건조,맑음,교차로 - 교차로안,이륜,남,25세,상해없음,보행자,남,12세,경상
2013020800100332,2013년 2월 8일 16시,금요일,전라남도 목포시 용해동,중상사고,0,1,0,0,차대차 - 기타,신호위반,건조,맑음,단일로 - 횡단보도상,승용,남,81세,상해없음,자전거,남,61세,중상
2013020800100333,2013년 2월 8일 16시,금요일,전라남도 함평군 해보면,경상사고,0,0,1,0,차대차 - 추돌 - 진행중,안전거리미확보,건조,맑음,단일로 - 기타,승용,남,29세,상해없음,승용,남,38세,경상
2013020800100367,2013년 2월 8일 17시,금요일,전라남도 목포시 산정동,경상사고,0,0,2,0,차대차 - 정면충돌,중앙선침범,건조,맑음,교차로 - 교차로부근,승용,여,43세,상해없음,승용,여,31세,경상
2013020800100368,2013년 2월 8일 17시,금요일,전라남도 목포시 죽교동,경상사고,0,0,1,0,차대차 - 기타,신호위반,습기,맑음,단일로 - 기타,승용,남,25세,기타불명,화물,남,57세,경상
2013020800100369,2013년 2월 8일 17시,금요일,전라남도 장성군 삼서면,경상사고,0,0,1,0,차대차 - 추돌 - 진행중,안전거리미확보,건조,맑음,단일로 - 기타,승합,남,38세,상해없음,승용,남,53세,경상
2013020800100406,2013년 2월 8일 18시,금요일,전라남도 목포시 산정동,경상사고,0,0,2,0,차대차 - 추돌 - 주정차중,안전운전불이행,건조,맑음,교차로 - 교차로부근,승용,여,43세,상해없음,승용,남,23세,경상
2013020800100407,2013년 2월 8일 18시,금요일,전라남도 목포시 용해동,경상사고,0,0,1,0,차대차 - 추돌 - 주정차중,안전운전불이행,건조,맑음,단일로 - 터널,화물,남,42세,상해없음,승용,남,36세,경상
2013020800100408,2013년 2월 8일 18시,금요일,전라남도 목포시 상동,경상사고,0,0,2,0,차대차 - 기타,안전운전불이행,건조,맑음,단일로 - 기타,승용,남,26세,상해없음,승용,여,41세,경상
2013020800100456,2013년 2월 8일 19시,금요일,전라남도 목포시 산정동,중상사고,0,1,0,0,차대사람 - 횡단중,안전운전불이행,건조,맑음,단일로 - 기타,승용,여,49세,상해없음,보행자,여,63세,중상
2013020800100457,2013년 2월 8일 19시,금요일,전라남도 목포시 산정동,경상사고,0,0,1,0,차대사람 - 기타,안전운전불이행,건조,맑음,기타 - 기타,승용,남,26세,상해없음,보행자,남,44세,경상
2013020800100458,2013년 2월 8일 19시,금요일,전라남도 여수시 웅천동,경상사고,0,0,2,0,차대차 - 기타,신호위반,건조,맑음,교차로 - 교차로안,승용,남,58세,상해없음,승용,남,30세,상해없음
2013020800100459,2013년 2월 8일 19시,금요일,전라남도 순천시 조례동,경상사고,0,0,1,0,차대차 - 추돌 - 주정차중,안전거리미확보,건조,맑음,단일로 - 기타,승용,기타불명,기타불명,기타불명,승용,남,20세,상해없음
2013020800100460,2013년 2월 8일 19시,금요일,전라남도 고흥군 포두면,중상사고,0,1,0,0,차대사람 - 기타,안전운전불이행,건조,맑음,단일로 - 기타,화물,남,45세,상해없음,보행자,여,5세,중상
2013020800100496,2013년 2월 8일 20시,금요일,전라남도 순천시 조례동,중상사고,0,1,0,0,차대사람 - 기타,안전운전불이행,건조,맑음,교차로 - 교차로안,승용,남,59세,상해없음,보행자,남,54세,중상
2013020800100537,2013년 2월 8일 21시,금요일,전라남도 여수시 신기동,경상사고,0,0,2,0,차대차 - 추돌 - 주정차중,안전운전불이행,건조,맑음,단일로 - 기타,승용,남,42세,상해없음,승용,남,27세,경상
2013020800100538,2013년 2월 8일 21시,금요일,전라남도 순천시 서면,경상사고,0,0,3,0,차대차 - 측면직각충돌,안전운전불이행,건조,맑음,단일로 - 기타,승용,남,61세,경상,승용,남,33세,경상
2013020800100539,2013년 2월 8일 21시,금요일,전라남도 나주시 성북동,중상사고,0,1,0,0,차대사람 - 보도통행중,보행자보호의무위반,건조,맑음,단일로 - 횡단보도상,승용,남,35세,상해없음,보행자,여,73세,중상
2013020800100576,2013년 2월 8일 22시,금요일,전라남도 고흥군 고흥읍,경상사고,0,0,1,0,차대차 - 측면직각충돌,중앙선침범,건조,맑음,단일로 - 기타,화물,남,55세,상해없음,승합,남,45세,상해없음
2013020800100577,2013년 2월 8일 22시,금요일,전라남도 광양시 중동,경상사고,0,0,1,0,차대사람 - 차도통행중,안전운전불이행,건조,맑음,교차로 - 교차로안,화물,남,23세,상해없음,보행자,남,38세,경상
2013020800100597,2013년 2월 8일 23시,금요일,전라남도 여수시 봉산동,경상사고,0,0,1,0,차대차 - 추돌 - 진행중,안전운전불이행,건조,맑음,단일로 - 기타,승용,남,35세,상해없음,승용,남,47세,경상
2013020900100042,2013년 2월 9일 01시,토요일,전라남도 신안군 도초면,경상사고,0,0,1,0,차량단독 - 전도전복,안전운전불이행,건조,맑음,단일로 - 기타,화물,남,29세,경상,,,,
2013020900100043,2013년 2월 9일 01시,토요일,전라남도 여수시 여서동,중상사고,0,1,0,0,차대사람 - 차도통행중,안전운전불이행,건조,맑음,교차로 - 교차로부근,기타불명,기타불명,기타불명,기타불명,보행자,남,43세,중상
2013020900100064,2013년 2월 9일 02시,토요일,전라남도 영암군 삼호읍,중상사고,0,3,1,0,차대차 - 추돌 - 진행중,안전운전불이행,건조,맑음,교차로 - 교차로부근,승용,남,30세,상해없음,승용,남,44세,경상
2013020900100100,2013년 2월 9일 05시,토요일,전라남도 순천시 조례동,중상사고,0,2,0,0,차대차 - 측면직각충돌,안전운전불이행,건조,맑음,교차로 - 교차로안,승용,남,23세,상해없음,승용,남,56세,중상
2013020900100113,2013년 2월 9일 06시,토요일,전라남도 목포시 상동,경상사고,0,0,2,0,차대차 - 측면직각충돌,안전운전불이행,건조,맑음,단일로 - 기타,승합,남,32세,상해없음,승용,남,57세,경상
2013020900100114,2013년 2월 9일 06시,토요일,전라남도 목포시 옥암동,중상사고,0,1,1,0,차대차 - 추돌 - 진행중,안전운전불이행,건조,맑음,단일로 - 기타,승용,남,21세,중상,건설기계,남,43세,경상
2013020900100115,2013년 2월 9일 06시,토요일,전라남도 고흥군 봉래면,경상사고,0,0,1,0,차량단독 - 도로외이탈 - 기타,안전운전불이행,건조,맑음,단일로 - 기타,승용,남,30세,경상,,,,
2013020900100116,2013년 2월 9일 06시,토요일,전라남도 순천시 주암면,중상사고,0,1,2,0,차량단독 - 기타,안전운전불이행,건조,맑음,단일로 - 기타,승용,남,25세,중상,,,,
2013020900100122,2013년 2월 9일 07시,토요일,전라남도 장성군 남면,부상신고사고,0,0,0,1,차대차 - 추돌 - 진행중,안전운전불이행,건조,흐림,단일로 - 기타,승용,남,23세,상해없음,승용,남,36세,부상신고
2013020900100175,2013년 2월 9일 11시,토요일,전라남도 목포시 산정동,중상사고,0,1,0,0,차대차 - 측면직각충돌,교차로운행방법위반,건조,맑음,교차로 - 교차로안,승용,남,44세,상해없음,이륜,여,48세,중상
2013020900100210,2013년 2월 9일 13시,토요일,전라남도 목포시 용당동,중상사고,0,1,0,0,차대사람 - 기타,안전운전불이행,건조,맑음,단일로 - 기타,승용,여,27세,상해없음,보행자,남,62세,중상
2013020900100230,2013년 2월 9일 14시,토요일,전라남도 장흥군 용산면,경상사고,0,0,1,0,차량단독 - 전도전복,안전운전불이행,건조,맑음,단일로 - 기타,승용,남,38세,경상,,,,
2013020900100231,2013년 2월 9일 14시,토요일,전라남도 보성군 득량면,경상사고,0,0,2,3,차대차 - 추돌 - 진행중,안전운전불이행,건조,맑음,단일로 - 기타,승용,남,27세,경상,승용,남,52세,부상신고
2013020900100242,2013년 2월 9일 15시,토요일,전라남도 강진군 병영면,경상사고,0,0,5,0,차대차 - 측면직각충돌,교차로운행방법위반,건조,맑음,교차로 - 교차로안,승용,남,42세,경상,승용,남,53세,경상
2013020900100266,2013년 2월 9일 16시,토요일,전라남도 여수시 공화동,경상사고,0,0,4,0,차대차 - 측면직각충돌,신호위반,건조,맑음,단일로 - 기타,승용,남,56세,상해없음,승용,남,41세,경상
2013020900100302,2013년 2월 9일 18시,토요일,전라남도 영광군 영광읍,중상사고,0,1,0,0,차대사람 - 횡단중,안전운전불이행,건조,맑음,단일로 - 기타,승용,남,27세,상해없음,보행자,남,63세,중상
2013020900100322,2013년 2월 9일 19시,토요일,전라남도 나주시 남평읍,부상신고사고,0,0,0,2,차대차 - 추돌 - 주정차중,안전운전불이행,건조,기타,교차로 - 교차로부근,원동기,남,47세,상해없음,승용,남,47세,기타불명
2013020900100323,2013년 2월 9일 19시,토요일,전라남도 담양군 대전면,경상사고,0,0,1,0,차대차 - 측면직각충돌,신호위반,건조,맑음,교차로 - 교차로안,승용,기타불명,기타불명,기타불명,승용,여,25세,경상
2013020900100342,2013년 2월 9일 20시,토요일,전라남도 순천시 조례동,경상사고,0,0,1,0,차량단독 - 기타,안전운전불이행,건조,맑음,교차로 - 교차로부근,승용,남,52세,상해없음,,,,
2013020900100343,2013년 2월 9일 20시,토요일,전라남도 영광군 홍농읍,경상사고,0,0,1,0,차량단독 - 도로외이탈 - 기타,안전운전불이행,건조,맑음,단일로 - 기타,승용,남,40세,경상,,,,
2013020900100344,2013년 2월 9일 20시,토요일,전라남도 영광군 영광읍,경상사고,0,0,1,0,차대차 - 기타,안전운전불이행,건조,맑음,단일로 - 기타,승용,남,53세,상해없음,화물,남,63세,경상
2013020900100359,2013년 2월 9일 21시,토요일,전라남도 목포시 호남동,경상사고,0,0,1,0,차대사람 - 횡단중,신호위반,건조,맑음,교차로 - 교차로부근,승용,남,46세,상해없음,보행자,여,18세,경상
2013020900100360,2013년 2월 9일 21시,토요일,전라남도 화순군 화순읍,경상사고,0,0,1,0,차대차 - 측면직각충돌,중앙선침범,건조,맑음,단일로 - 기타,승용,남,51세,상해없음,승용,남,54세,경상
2013020900100369,2013년 2월 9일 22시,토요일,전라남도 여수시 화양면,사망사고,1,2,2,0,차량단독 - 전도전복,안전운전불이행,건조,맑음,교차로 - 교차로부근,승용,남,18세,상해없음,,,,
2013020900100370,2013년 2월 9일 22시,토요일,전라남도 화순군 화순읍,경상사고,0,0,1,0,차대차 - 측면직각충돌,안전운전불이행,건조,맑음,교차로 - 교차로안,승용,남,24세,상해없음,승용,남,43세,상해없음
2013020900100397,2013년 2월 9일 23시,토요일,전라남도 목포시 산정동,중상사고,0,2,1,0,차대차 - 기타,직진우회전진행방해,건조,맑음,교차로 - 교차로안,승용,여,32세,중상,승용,남,40세,경상
2013021000100008,2013년 2월 10일 00시,일요일,전라남도 목포시 용해동,중상사고,0,3,2,0,차대차 - 추돌 - 주정차중,안전운전불이행,건조,맑음,교차로 - 교차로부근,승용,남,25세,상해없음,승용,남,44세,경상
2013021000100009,2013년 2월 10일 00시,일요일,전라남도 화순군 화순읍,경상사고,0,0,2,0,차대차 - 추돌 - 진행중,안전운전불이행,건조,맑음,교차로 - 교차로부근,원동기,남,18세,경상,승용,여,26세,경상
2013021000100082,2013년 2월 10일 08시,일요일,전라남도 여수시 미평동,경상사고,0,0,7,0,차대차 - 추돌 - 진행중,안전운전불이행,건조,맑음,단일로 - 기타,화물,남,61세,상해없음,승용,남,40세,경상
2013021000100083,2013년 2월 10일 08시,일요일,전라남도 나주시 안창동,중상사고,0,1,1,0,차대차 - 추돌 - 주정차중,안전운전불이행,건조,맑음,단일로 - 기타,승용,남,71세,상해없음,승용,여,42세,중상
2013021000100133,2013년 2월 10일 11시,일요일,전라남도 화순군 도암면,경상사고,0,0,3,0,차대차 - 기타,안전운전불이행,건조,맑음,단일로 - 기타,화물,남,45세,상해없음,승용,여,44세,경상
2013021000100149,2013년 2월 10일 12시,일요일,전라남도 목포시 상동,경상사고,0,0,2,0,차대차 - 측면직각충돌,직진우회전진행방해,건조,맑음,교차로 - 교차로안,승용,남,52세,상해없음,승용,여,51세,경상
2013021000100150,2013년 2월 10일 12시,일요일,전라남도 장성군 남면,경상사고,0,0,2,0,차대차 - 기타,안전거리미확보,건조,맑음,단일로 - 기타,승용,여,64세,기타불명,승용,남,44세,경상
2013021000100166,2013년 2월 10일 13시,일요일,전라남도 여수시 화장동,경상사고,0,0,4,0,차대차 - 측면직각충돌,교차로운행방법위반,건조,맑음,교차로 - 교차로안,승용,여,41세,상해없음,승용,남,30세,경상
2013021000100167,2013년 2월 10일 13시,일요일,전라남도 여수시 소라면,경상사고,0,0,1,0,차대차 - 추돌 - 주정차중,안전운전불이행,건조,맑음,기타 - 기타,승용,남,49세,상해없음,승용,남,29세,상해없음
2013021000100168,2013년 2월 10일 13시,일요일,전라남도 화순군 화순읍,경상사고,0,0,6,0,차대차 - 추돌 - 진행중,안전운전불이행,건조,맑음,단일로 - 기타,승용,남,41세,경상,승용,남,55세,경상
2013021000100216,2013년 2월 10일 15시,일요일,전라남도 순천시 남정동,경상사고,0,0,5,0,차대차 - 기타,직진우회전진행방해,건조,맑음,교차로 - 교차로안,승용,여,36세,상해없음,승용,남,59세,경상
2013021000100234,2013년 2월 10일 16시,일요일,전라남도 여수시 국동,경상사고,0,0,2,0,차대차 - 측면직각충돌,안전운전불이행,건조,맑음,단일로 - 기타,승용,남,45세,상해없음,승용,남,34세,경상
2013021000100235,2013년 2월 10일 16시,일요일,전라남도 구례군 구례읍,경상사고,0,0,4,0,차대차 - 측면직각충돌,중앙선침범,건조,맑음,단일로 - 기타,승용,남,51세,상해없음,화물,여,29세,경상
2013021000100249,2013년 2월 10일 17시,일요일,전라남도 순천시 조례동,중상사고,0,2,1,0,차대차 - 기타,중앙선침범,건조,맑음,단일로 - 기타,승용,남,34세,상해없음,승용,남,58세,경상
2013021000100250,2013년 2월 10일 17시,일요일,전라남도 화순군 남면,경상사고,0,0,1,0,차대사람 - 길가장자리구역통행중,안전운전불이행,건조,맑음,단일로 - 기타,기타불명,기타불명,기타불명,기타불명,보행자,여,72세,경상
2013021000100251,2013년 2월 10일 17시,일요일,전라남도 담양군 금성면,경상사고,0,0,1,0,차대차 - 측면직각충돌,교차로운행방법위반,건조,흐림,교차로 - 교차로안,승용,여,39세,상해없음,승합,남,58세,상해없음
2013021000100266,2013년 2월 10일 18시,일요일,전라남도 나주시 성북동,경상사고,0,0,1,0,차대사람 - 차도통행중,안전운전불이행,건조,맑음,단일로 - 기타,승용,남,49세,상해없음,보행자,남,18세,경상
2013021000100290,2013년 2월 10일 19시,일요일,전라남도 나주시 송월동,경상사고,0,0,2,0,차대차 - 추돌 - 주정차중,안전운전불이행,건조,맑음,단일로 - 기타,승용,남,52세,상해없음,승용,남,37세,경상
2013021000100308,2013년 2월 10일 20시,일요일,전라남도 나주시 성북동,경상사고,0,0,1,0,차대차 - 측면직각충돌,안전운전불이행,건조,흐림,단일로 - 기타,승용,남,41세,상해없음,원동기,남,27세,경상
2013021000100309,2013년 2월 10일 20시,일요일,전라남도 장흥군 장흥읍,부상신고사고,0,0,0,2,차대사람 - 길가장자리구역통행중,안전운전불이행,건조,맑음,단일로 - 기타,화물,남,39세,상해없음,보행자,여,13세,부상신고
2013021000100310,2013년 2월 10일 20시,일요일,전라남도 영광군 영광읍,경상사고,0,0,1,0,차대차 - 기타,안전운전불이행,건조,맑음,교차로 - 교차로안,승합,남,24세,상해없음,승용,남,32세,상해없음
2013021000100348,2013년 2월 10일 22시,일요일,전라남도 광양시 광양읍,중상사고,0,4,2,0,차대차 - 추돌 - 주정차중,안전운전불이행,건조,맑음,교차로 - 교차로부근,승용,남,51세,경상,승용,남,40세,중상
2013021100100015,2013년 2월 11일 01시,월요일,전라남도 광양시 진월면,경상사고,0,0,1,0,차량단독 - 공작물충돌,안전운전불이행,건조,맑음,단일로 - 기타,승용,남,40세,상해없음,,,,
2013021100100076,2013년 2월 11일 08시,월요일,전라남도 나주시 삼영동,경상사고,0,0,1,0,차대차 - 정면충돌,중앙선침범,건조,맑음,교차로 - 교차로부근,승용,남,24세,상해없음,승용,남,43세,경상
2013021100100083,2013년 2월 11일 10시,월요일,전라남도 나주시 봉황면,경상사고,0,0,3,0,차대차 - 기타,직진우회전진행방해,건조,맑음,교차로 - 교차로안,승용,남,46세,상해없음,승용,남,43세,경상
2013021100100084,2013년 2월 11일 10시,월요일,전라남도 강진군 성전면,중상사고,0,2,4,0,차대차 - 추돌 - 진행중,안전운전불이행,건조,맑음,단일로 - 기타,승용,남,54세,상해없음,승용,여,51세,중상
2013021100100085,2013년 2월 11일 10시,월요일,전라남도 광양시 광양읍,경상사고,0,0,4,0,차대차 - 측면직각충돌,교차로운행방법위반,건조,맑음,교차로 - 교차로안,승용,남,60세,경상,승용,남,45세,경상
2013021100100098,2013년 2월 11일 11시,월요일,전라남도 담양군 담양읍,경상사고,0,0,1,0,차대사람 - 기타,안전운전불이행,건조,맑음,단일로 - 기타,승용,남,65세,상해없음,보행자,남,53세,경상
2013021100100110,2013년 2월 11일 12시,월요일,전라남도 여수시 소라면,사망사고,1,0,0,0,차대차 - 추돌 - 진행중,안전운전불이행,건조,맑음,단일로 - 기타,이륜,남,44세,사망,승용,남,33세,상해없음
2013021100100138,2013년 2월 11일 14시,월요일,전라남도 여수시 공화동,경상사고,0,0,2,0,차대차 - 추돌 - 주정차중,안전운전불이행,건조,맑음,교차로 - 교차로부근,승용,남,22세,상해없음,승용,남,65세,상해없음
2013021100100152,2013년 2월 11일 15시,월요일,전라남도 순천시 저전동,경상사고,0,0,3,0,차대차 - 측면직각충돌,교차로운행방법위반,건조,맑음,교차로 - 교차로안,승용,남,42세,경상,승용,남,52세,경상
2013021100100168,2013년 2월 11일 16시,월요일,전라남도 영암군 신북면,경상사고,0,0,8,0,차대차 - 추돌 - 진행중,안전운전불이행,건조,맑음,교차로 - 교차로부근,승용,남,24세,상해없음,승용,남,29세,경상
2013021100100169,2013년 2월 11일 16시,월요일,전라남도 구례군 구례읍,경상사고,0,0,1,0,차대사람 - 횡단중,안전운전불이행,건조,맑음,단일로 - 기타,승용,남,52세,상해없음,보행자,여,7세,경상
2013021100100261,2013년 2월 11일 21시,월요일,전라남도 나주시 이창동,경상사고,0,0,2,0,차대차 - 추돌 - 주정차중,안전운전불이행,건조,기타,교차로 - 교차로부근,화물,남,44세,상해없음,승용,남,27세,경상
2013021100100278,2013년 2월 11일 22시,월요일,전라남도 영암군 신북면,경상사고,0,0,2,0,차대차 - 측면직각충돌,신호위반,건조,맑음,교차로 - 교차로안,화물,여,61세,상해없음,승용,여,35세,경상
2013021100100279,2013년 2월 11일 22시,월요일,전라남도 구례군 구례읍,경상사고,0,0,1,0,차대사람 - 길가장자리구역통행중,안전운전불이행,건조,맑음,단일로 - 기타,승용,남,47세,상해없음,보행자,여,22세,경상
2013021100100290,2013년 2월 11일 23시,월요일,전라남도 순천시 조례동,경상사고,0,0,1,0,차대차 - 정면충돌,신호위반,건조,맑음,교차로 - 교차로안,승용,남,30세,상해없음,승용,남,32세,경상
2013021200100008,2013년 2월 12일 00시,화요일,전라남도 목포시 용당동,중상사고,0,1,0,0,차대사람 - 횡단중,안전운전불이행,건조,맑음,단일로 - 기타,승용,남,26세,상해없음,보행자,남,27세,중상
2013021200100009,2013년 2월 12일 00시,화요일,전라남도 곡성군 오곡면,사망사고,1,0,0,0,차량단독 - 도로외이탈 - 기타,안전운전불이행,건조,맑음,단일로 - 기타,승용,남,30세,사망,,,,
2013021200100075,2013년 2월 12일 07시,화요일,전라남도 목포시 대양동,중상사고,0,1,0,0,차대차 - 추돌 - 주정차중,안전운전불이행,건조,맑음,교차로 - 교차로안,승용,남,90세 이상,상해없음,승용,남,90세 이상,중상
2013021200100076,2013년 2월 12일 07시,화요일,전라남도 여수시 여서동,부상신고사고,0,0,0,1,차대차 - 측면직각충돌,안전운전불이행,건조,맑음,교차로 - 교차로안,원동기,남,45세,부상신고,승용,기타불명,기타불명,기타불명
2013021200100114,2013년 2월 12일 10시,화요일,전라남도 여수시 관문동,경상사고,0,0,1,0,차대차 - 측면직각충돌,교차로운행방법위반,습기,비,교차로 - 교차로안,승용,남,61세,상해없음,이륜,남,61세,경상
2013021200100115,2013년 2월 12일 10시,화요일,전라남도 나주시 평산동,중상사고,0,1,0,0,차량단독 - 공작물충돌,안전운전불이행,결빙,눈,기타 - 기타,화물,남,39세,중상,,,,
2013021200100116,2013년 2월 12일 10시,화요일,전라남도 광양시 중동,중상사고,0,1,0,0,차대사람 - 기타,안전운전불이행,건조,맑음,단일로 - 기타,승용,여,24세,상해없음,보행자,여,56세,중상
2013021200100134,2013년 2월 12일 11시,화요일,전라남도 강진군 군동면,중상사고,0,1,1,0,차대차 - 측면직각충돌,중앙선침범,적설,눈,단일로 - 기타,승용,남,43세,상해없음,승합,남,64세,경상
2013021200100155,2013년 2월 12일 12시,화요일,전라남도 화순군 도곡면,경상사고,0,0,3,0,차대차 - 정면충돌,중앙선침범,결빙,눈,기타 - 기타,승용,여,47세,상해없음,승용,남,58세,경상
2013021200100184,2013년 2월 12일 13시,화요일,전라남도 목포시 산정동,경상사고,0,0,3,0,차대차 - 기타,안전운전불이행,건조,맑음,단일로 - 기타,승용,남,27세,상해없음,승용,남,27세,경상
2013021200100185,2013년 2월 12일 13시,화요일,전라남도 나주시 다도면,경상사고,0,0,2,0,차량단독 - 전도전복,안전운전불이행,결빙,맑음,기타 - 기타,화물,남,55세,경상,,,,
2013021200100186,2013년 2월 12일 13시,화요일,전라남도 영암군 삼호읍,경상사고,0,0,1,0,차대차 - 측면직각충돌,안전거리미확보,건조,맑음,교차로 - 교차로안,이륜,남,84세,경상,화물,남,51세,상해없음
2013021200100187,2013년 2월 12일 13시,화요일,전라남도 진도군 임회면,경상사고,0,0,2,0,차대차 - 측면직각충돌,교차로운행방법위반,건조,맑음,교차로 - 교차로안,승용,남,73세,상해없음,승용,여,30세,경상
2013021200100221,2013년 2월 12일 14시,화요일,전라남도 광양시 광양읍,중상사고,0,2,0,0,차대차 - 측면직각충돌,직진우회전진행방해,건조,맑음,교차로 - 교차로안,화물,남,54세,상해없음,승용,남,55세,중상
2013021200100244,2013년 2월 12일 15시,화요일,전라남도 순천시 풍덕동,경상사고,0,0,1,0,차대차 - 기타,교차로운행방법위반,건조,맑음,교차로 - 교차로안,화물,남,52세,상해없음,승용,여,50세,경상
2013021200100245,2013년 2월 12일 15시,화요일,전라남도 순천시 조곡동,경상사고,0,0,1,0,차대차 - 기타,안전운전불이행,건조,흐림,단일로 - 기타,승용,남,47세,상해없음,승합,남,37세,상해없음
2013021200100246,2013년 2월 12일 15시,화요일,전라남도 나주시 산포면,경상사고,0,0,2,0,차대차 - 정면충돌,중앙선침범,건조,맑음,기타 - 기타,승용,남,66세,경상,승용,남,25세,경상
2013021200100273,2013년 2월 12일 16시,화요일,전라남도 순천시 연향동,경상사고,0,0,1,0,차대차 - 측면직각충돌,직진우회전진행방해,건조,맑음,교차로 - 교차로안,승용,남,60세,상해없음,승용,여,44세,경상
2013021200100274,2013년 2월 12일 16시,화요일,전라남도 해남군 해남읍,중상사고,0,2,12,0,차대차 - 측면직각충돌,안전운전불이행,건조,맑음,단일로 - 기타,승용,남,44세,경상,승합,남,45세,경상
2013021200100275,2013년 2월 12일 16시,화요일,전라남도 영암군 덕진면,경상사고,0,0,3,0,차대차 - 추돌 - 주정차중,안전운전불이행,건조,맑음,교차로 - 교차로부근,화물,남,47세,상해없음,화물,남,62세,경상
2013021200100276,2013년 2월 12일 16시,화요일,전라남도 광양시 광양읍,중상사고,0,1,1,0,차대차 - 추돌 - 주정차중,안전운전불이행,건조,맑음,교차로 - 교차로부근,승용,남,67세,상해없음,승용,여,31세,중상
2013021200100304,2013년 2월 12일 17시,화요일,전라남도 목포시 용해동,경상사고,0,0,1,0,차대차 - 기타,안전운전불이행,건조,흐림,교차로 - 교차로안,승용,남,47세,상해없음,승용,남,31세,경상
2013021200100305,2013년 2월 12일 17시,화요일,전라남도 순천시 조례동,경상사고,0,0,1,0,차대차 - 기타,안전운전불이행,건조,맑음,교차로 - 교차로부근,승합,남,64세,상해없음,승용,남,35세,경상
2013021200100306,2013년 2월 12일 17시,화요일,전라남도 곡성군 옥과면,경상사고,0,0,1,0,차대사람 - 기타,안전운전불이행,건조,맑음,기타 - 기타,승합,남,62세,상해없음,보행자,남,18세,경상
2013021200100334,2013년 2월 12일 18시,화요일,전라남도 목포시 상동,경상사고,0,0,1,0,차대차 - 기타,안전운전불이행,건조,흐림,교차로 - 교차로부근,승용,남,53세,상해없음,승용,여,56세,경상
2013021200100335,2013년 2월 12일 18시,화요일,전라남도 여수시 광무동,중상사고,0,1,0,0,차대사람 - 횡단중,안전운전불이행,건조,흐림,교차로 - 교차로부근,승용,남,66세,상해없음,보행자,여,10세,중상
2013021200100336,2013년 2월 12일 18시,화요일,전라남도 화순군 화순읍,부상신고사고,0,0,0,2,차대차 - 기타,중앙선침범,건조,맑음,단일로 - 기타,승용,여,52세,상해없음,화물,남,42세,부상신고
2013021200100364,2013년 2월 12일 19시,화요일,전라남도 순천시 해룡면,경상사고,0,0,2,0,차대차 - 기타,신호위반,건조,맑음,교차로 - 교차로안,승용,여,48세,상해없음,승용,남,37세,경상
2013021200100365,2013년 2월 12일 19시,화요일,전라남도 함평군 해보면,중상사고,0,1,1,0,차대차 - 측면직각충돌,직진우회전진행방해,건조,맑음,교차로 - 교차로안,화물,남,54세,상해없음,화물,남,64세,경상
2013021200100366,2013년 2월 12일 19시,화요일,전라남도 무안군 삼향읍,중상사고,0,3,4,0,차대차 - 측면직각충돌,직진우회전진행방해,건조,맑음,교차로 - 교차로안,승합,남,44세,중상,승용,남,52세,중상
2013021200100367,2013년 2월 12일 19시,화요일,전라남도 광양시 마동,중상사고,0,1,0,0,차대차 - 측면직각충돌,교차로운행방법위반,건조,맑음,교차로 - 교차로안,원동기,남,79세,중상,승합,남,23세,상해없음
2013021200100368,2013년 2월 12일 19시,화요일,전라남도 광양시 중동,경상사고,0,0,1,0,차대사람 - 차도통행중,안전운전불이행,건조,맑음,교차로 - 교차로안,승합,여,53세,상해없음,보행자,여,54세,경상
2013021200100425,2013년 2월 12일 21시,화요일,전라남도 나주시 성북동,경상사고,0,0,2,0,차대차 - 측면직각충돌,교차로운행방법위반,건조,맑음,단일로 - 횡단보도부근,승용,남,49세,상해없음,승용,남,36세,경상
2013021300100009,2013년 2월 13일 00시,수요일,전라남도 여수시 둔덕동,경상사고,0,0,2,0,차대차 - 측면직각충돌,신호위반,건조,맑음,교차로 - 교차로안,승용,남,39세,상해없음,승용,여,52세,경상