사고번호,사고일시,요일,시군구,사고내용,사망자수,중상자수,경상자수,부상신고자수,사고유형,법규위반,노면상태,기상상태,도로형태,가해운전자 차종,가해운전자 성별,가해운전자 연령,가해운전자 상해정도,피해운전자 차종,피해운전자 성별,피해운전자 연령,피해운전자 상해정도
2013021300100036,2013년 2월 13일 02시,수요일,전라남도 여수시 종화동,중상사고,0,1,0,0,차대사람 - 기타,안전운전불이행,건조,맑음,기타 - 기타,기타불명,기타불명,기타불명,기타불명,보행자,남,76세,중상
2013021300100094,2013년 2월 13일 07시,수요일,전라남도 목포시 용해동,중상사고,0,1,0,0,차대차 - 추돌 - 주정차중,안전운전불이행,건조,맑음,단일로 - 터널,화물,남,59세,상해없음,화물,남,51세,상해없음
2013021300100095,2013년 2월 13일 07시,수요일,전라남도 완도군 고금면,중상사고,0,2,0,0,차대차 - 추돌 - 진행중,안전운전불이행,건조,맑음,단일로 - 기타,화물,남,44세,상해없음,농기계,남,67세,중상
2013021300100118,2013년 2월 13일 08시,수요일,전라남도 목포시 옥암동,중상사고,0,1,0,0,차대차 - 측면직각충돌,신호위반,건조,맑음,단일로 - 기타,승용,남,54세,상해없음,자전거,남,69세,중상
2013021300100119,2013년 2월 13일 08시,수요일,전라남도 여수시 학동,경상사고,0,0,2,0,차대차 - 측면직각충돌,직진우회전진행방해,건조,맑음,교차로 - 교차로안,승용,남,45세,경상,승용,여,40세,경상
2013021300100120,2013년 2월 13일 08시,수요일,전라남도 담양군 담양읍,경상사고,0,0,2,0,차대차 - 측면직각충돌,직진우회전진행방해,건조,맑음,교차로 - 교차로안,승용,남,55세,상해없음,승용,남,59세,경상
2013021300100121,2013년 2월 13일 08시,수요일,전라남도 광양시 중동,중상사고,0,1,0,0,차대차 - 측면직각충돌,중앙선침범,건조,맑음,단일로 - 기타,승용,남,43세,상해없음,승용,남,37세,중상
2013021300100167,2013년 2월 13일 10시,수요일,전라남도 여수시 신기동,경상사고,0,0,1,0,차대사람 - 횡단중,안전운전불이행,건조,맑음,교차로 - 교차로안,승용,여,48세,상해없음,보행자,남,69세,경상
2013021300100168,2013년 2월 13일 10시,수요일,전라남도 고흥군 도양읍,경상사고,0,0,1,0,차대차 - 기타,안전운전불이행,건조,맑음,교차로 - 교차로부근,승용,남,57세,상해없음,승용,남,64세,상해없음
2013021300100191,2013년 2월 13일 11시,수요일,전라남도 목포시 용해동,경상사고,0,0,1,0,차량단독 - 기타,안전운전불이행,건조,맑음,단일로 - 기타,기타불명,기타불명,기타불명,기타불명,,,,
2013021300100192,2013년 2월 13일 11시,수요일,전라남도 해남군 해남읍,경상사고,0,0,1,0,차대사람 - 기타,안전운전불이행,건조,맑음,교차로 - 교차로안,농기계,남,75세,상해없음,보행자,여,68세,경상
2013021300100229,2013년 2월 13일 13시,수요일,전라남도 화순군 도곡면,경상사고,0,0,2,0,차대차 - 정면충돌,안전운전불이행,건조,맑음,단일로 - 기타,원동기,남,71세,경상,원동기,남,73세,경상
2013021300100336,2013년 2월 13일 17시,수요일,전라남도 장흥군 장흥읍,중상사고,0,1,0,0,차량단독 - 전도전복,안전운전불이행,적설,눈,단일로 - 기타,승용,남,52세,중상,,,,
2013021300100369,2013년 2월 13일 18시,수요일,전라남도 목포시 산정동,부상신고사고,0,0,0,1,차대사람 - 길가장자리구역통행중,안전운전불이행,건조,맑음,단일로 - 기타,승용,여,40세,상해없음,보행자,남,45세,부상신고
2013021300100370,2013년 2월 13일 18시,수요일,전라남도 영광군 영광읍,경상사고,0,0,1,0,차대차 - 측면직각충돌,안전운전불이행,건조,맑음,교차로 - 교차로안,승용,여,39세,상해없음,승용,남,58세,경상
2013021300100410,2013년 2월 13일 19시,수요일,전라남도 여수시 미평동,경상사고,0,0,1,0,차대차 - 기타,안전운전불이행,건조,맑음,기타 - 기타,화물,남,55세,상해없음,승용,남,30세,경상
2013021300100411,2013년 2월 13일 19시,수요일,전라남도 여수시 신월동,중상사고,0,1,0,0,차대차 - 기타,안전거리미확보,건조,맑음,단일로 - 기타,화물,여,18세,상해없음,건설기계,남,38세,상해없음
2013021300100434,2013년 2월 13일 20시,수요일,전라남도 영광군 영광읍,경상사고,0,0,7,0,차량단독 - 공작물충돌,안전운전불이행,건조,맑음,단일로 - 기타,승합,여,54세,상해없음,,,,
2013021300100435,2013년 2월 13일 20시,수요일,전라남도 담양군 월산면,사망사고,1,1,0,0,차대사람 - 길가장자리구역통행중,안전운전불이행,건조,맑음,단일로 - 기타,화물,남,44세,상해없음,보행자,여,66세,사망
2013021300100466,2013년 2월 13일 21시,수요일,전라남도 무안군 몽탄면,사망사고,1,1,0,0,차대차 - 추돌 - 진행중,안전운전불이행,건조,맑음,단일로 - 기타,화물,남,53세,사망,화물,남,54세,중상
2013021300100498,2013년 2월 13일 22시,수요일,전라남도 목포시 옥암동,중상사고,0,2,4,0,차대차 - 추돌 - 진행중,안전운전불이행,건조,맑음,교차로 - 교차로부근,화물,남,45세,중상,승합,남,36세,경상
2013021300100499,2013년 2월 13일 22시,수요일,전라남도 나주시 남평읍,경상사고,0,0,1,0,차량단독 - 공작물충돌,안전운전불이행,건조,맑음,교차로 - 교차로부근,승용,남,45세,경상,,,,
2013021300100514,2013년 2월 13일 23시,수요일,전라남도 여수시 소라면,중상사고,0,1,0,0,차대차 - 측면직각충돌,교차로운행방법위반,건조,맑음,교차로 - 교차로안,승용,남,26세,상해없음,승용,여,37세,중상
2013021300100515,2013년 2월 13일 23시,수요일,전라남도 영암군 삼호읍,경상사고,0,0,1,0,차대차 - 정면충돌,안전운전불이행,건조,맑음,단일로 - 기타,화물,남,28세,상해없음,화물,남,47세,경상
2013021400100101,2013년 2월 14일 08시,목요일,전라남도 순천시 인제동,경상사고,0,0,1,0,차대차 - 측면직각충돌,안전운전불이행,건조,맑음,단일로 - 기타,건설기계,남,59세,상해없음,승용,남,48세,경상
2013021400100102,2013년 2월 14일 08시,목요일,전라남도 강진군 강진읍,경상사고,0,0,1,0,차대사람 - 길가장자리구역통행중,안전운전불이행,건조,맑음,교차로 - 교차로안,승용,여,46세,상해없음,보행자,남,73세,경상
2013021400100145,2013년 2월 14일 10시,목요일,전라남도 순천시 조례동,경상사고,0,0,2,0,차대차 - 측면직각충돌,신호위반,건조,맑음,교차로 - 교차로안,승용,남,50세,상해없음,승용,남,56세,경상
2013021400100146,2013년 2월 14일 10시,목요일,전라남도 함평군 해보면,중상사고,0,1,0,0,차대차 - 기타,불법유턴,건조,맑음,교차로 - 교차로안,화물,남,59세,상해없음,승용,여,52세,중상
2013021400100163,2013년 2월 14일 11시,목요일,전라남도 여수시 덕충동,중상사고,0,1,0,0,차대차 - 측면직각충돌,신호위반,건조,맑음,교차로 - 교차로안,이륜,남,60세,중상,승합,남,35세,상해없음
2013021400100164,2013년 2월 14일 11시,목요일,전라남도 무안군 해제면,중상사고,0,1,0,0,차량단독 - 기타,안전운전불이행,건조,맑음,단일로 - 기타,승합,남,57세,상해없음,,,,
2013021400100181,2013년 2월 14일 12시,목요일,전라남도 목포시 용해동,중상사고,0,1,1,0,차대차 - 기타,신호위반,건조,맑음,교차로 - 교차로안,이륜,남,22세,중상,승용,여,51세,경상
2013021400100182,2013년 2월 14일 12시,목요일,전라남도 해남군 해남읍,중상사고,0,1,1,0,차대차 - 추돌 - 진행중,안전거리미확보,건조,맑음,단일로 - 기타,화물,남,31세,중상,승합,남,48세,상해없음
2013021400100212,2013년 2월 14일 13시,목요일,전라남도 영광군 영광읍,경상사고,0,0,1,1,차량단독 - 공작물충돌,안전운전불이행,건조,맑음,단일로 - 기타,승용,여,26세,부상신고,,,,
2013021400100213,2013년 2월 14일 13시,목요일,전라남도 강진군 성전면,경상사고,0,0,1,0,차량단독 - 기타,안전운전불이행,건조,흐림,단일로 - 기타,원동기,남,46세,경상,,,,
2013021400100214,2013년 2월 14일 13시,목요일,전라남도 진도군 군내면,중상사고,0,1,0,0,차대사람 - 기타,안전운전불이행,기타,기타,기타 - 기타,승용,여,41세,상해없음,보행자,남,48세,중상
2013021400100264,2013년 2월 14일 15시,목요일,전라남도 여수시 봉산동,경상사고,0,0,1,0,차대사람 - 길가장자리구역통행중,안전운전불이행,건조,맑음,단일로 - 기타,승용,여,56세,상해없음,보행자,남,56세,경상
2013021400100308,2013년 2월 14일 17시,목요일,전라남도 여수시 봉강동,중상사고,0,1,0,0,차대사람 - 기타,안전운전불이행,기타,맑음,기타 - 기타,화물,남,35세,상해없음,보행자,여,35세,중상
2013021400100309,2013년 2월 14일 17시,목요일,전라남도 순천시 해룡면,중상사고,0,1,2,0,차대차 - 기타,안전거리미확보,건조,맑음,단일로 - 기타,화물,남,53세,경상,승용,남,53세,상해없음
2013021400100310,2013년 2월 14일 17시,목요일,전라남도 담양군 남면,경상사고,0,0,1,0,차량단독 - 전도전복,안전운전불이행,건조,맑음,단일로 - 기타,승용,남,43세,상해없음,,,,
2013021400100335,2013년 2월 14일 18시,목요일,전라남도 목포시 상동,경상사고,0,0,4,0,차대차 - 기타,직진우회전진행방해,건조,맑음,교차로 - 교차로안,승용,남,46세,경상,승용,남,38세,경상
2013021400100336,2013년 2월 14일 18시,목요일,전라남도 여수시 둔덕동,경상사고,0,0,1,0,차대차 - 추돌 - 진행중,안전거리미확보,건조,맑음,단일로 - 기타,승용,남,60세,상해없음,이륜,남,17세,경상
2013021400100371,2013년 2월 14일 19시,목요일,전라남도 목포시 상동,경상사고,0,0,1,0,차대차 - 기타,안전운전불이행,건조,맑음,단일로 - 기타,승합,남,57세,상해없음,화물,남,45세,경상
2013021400100372,2013년 2월 14일 19시,목요일,전라남도 목포시 옥암동,경상사고,0,0,1,0,차대사람 - 횡단중,보행자보호의무위반,건조,맑음,단일로 - 기타,화물,남,52세,상해없음,보행자,여,13세,경상
2013021400100373,2013년 2월 14일 19시,목요일,전라남도 여수시 미평동,중상사고,0,1,0,0,차대사람 - 횡단중,안전운전불이행,건조,맑음,단일로 - 기타,승용,남,44세,상해없음,보행자,남,70세,중상
2013021400100374,2013년 2월 14일 19시,목요일,전라남도 영암군 덕진면,중상사고,0,1,6,0,차대차 - 추돌 - 주정차중,안전운전불이행,건조,맑음,교차로 - 교차로부근,화물,남,38세,경상,화물,남,36세,경상
2013021400100462,2013년 2월 14일 22시,목요일,전라남도 광양시 중동,중상사고,0,1,1,0,차대차 - 추돌 - 진행중,안전운전불이행,건조,맑음,교차로 - 교차로안,승용,남,44세,경상,화물,남,47세,상해없음
2013021400100488,2013년 2월 14일 23시,목요일,전라남도 목포시 상동,경상사고,0,0,1,0,차대차 - 추돌 - 주정차중,안전운전불이행,건조,맑음,교차로 - 교차로안,승용,남,26세,상해없음,승용,남,23세,경상
2013021400100489,2013년 2월 14일 23시,목요일,전라남도 목포시 용해동,경상사고,0,0,1,0,차대차 - 측면직각충돌,안전운전불이행,건조,맑음,단일로 - 기타,승용,여,29세,상해없음,승용,남,49세,경상
2013021400100490,2013년 2월 14일 23시,목요일,전라남도 나주시 송월동,경상사고,0,0,2,0,차대차 - 측면직각충돌,교차로운행방법위반,건조,맑음,교차로 - 교차로안,승용,남,34세,상해없음,승용,남,46세,상해없음
2013021500100122,2013년 2월 15일 08시,금요일,전라남도 장흥군 용산면,경상사고,0,0,2,0,차량단독 - 전도전복,안전운전불이행,건조,맑음,단일로 - 기타,화물,남,21세,경상,,,,
2013021500100123,2013년 2월 15일 08시,금요일,전라남도 무안군 삼향읍,경상사고,0,0,2,0,차대차 - 추돌 - 진행중,안전거리미확보,건조,맑음,교차로 - 교차로부근,승용,남,61세,상해없음,승용,여,34세,경상
2013021500100124,2013년 2월 15일 08시,금요일,전라남도 무안군 삼향읍,경상사고,0,0,4,0,차대차 - 추돌 - 진행중,안전거리미확보,건조,맑음,교차로 - 교차로부근,승용,여,47세,경상,승용,남,61세,상해없음
2013021500100125,2013년 2월 15일 08시,금요일,전라남도 무안군 삼향읍,경상사고,0,0,3,0,차대차 - 추돌 - 진행중,안전운전불이행,건조,맑음,교차로 - 교차로부근,승용,여,44세,경상,승용,여,47세,경상
2013021500100126,2013년 2월 15일 08시,금요일,전라남도 무안군 삼향읍,경상사고,0,0,5,0,차대차 - 추돌 - 진행중,안전거리미확보,건조,맑음,교차로 - 교차로부근,승용,여,26세,경상,승용,여,44세,경상
2013021500100205,2013년 2월 15일 11시,금요일,전라남도 순천시 서면,중상사고,0,1,0,0,차대차 - 기타,안전운전불이행,건조,맑음,기타 - 기타,승용,여,59세,상해없음,자전거,남,66세,중상
2013021500100247,2013년 2월 15일 13시,금요일,전라남도 강진군 군동면,중상사고,0,1,2,0,차대차 - 측면직각충돌,신호위반,건조,맑음,교차로 - 교차로안,화물,남,45세,상해없음,승용,남,54세,중상
2013021500100248,2013년 2월 15일 13시,금요일,전라남도 완도군 완도읍,중상사고,0,1,0,0,차대차 - 추돌 - 진행중,안전운전불이행,건조,맑음,단일로 - 기타,기타불명,기타불명,기타불명,기타불명,이륜,남,60세,중상
2013021500100249,2013년 2월 15일 13시,금요일,전라남도 광양시 광양읍,경상사고,0,0,1,1,차대차 - 측면직각충돌,교차로운행방법위반,건조,맑음,교차로 - 교차로안,승용,여,39세,부상신고,승용,남,58세,경상
2013021500100275,2013년 2월 15일 14시,금요일,전라남도 해남군 해남읍,경상사고,0,0,1,0,차대차 - 기타,교차로운행방법위반,건조,맑음,교차로 - 교차로안,승용,여,57세,상해없음,원동기,남,40세,경상
2013021500100276,2013년 2월 15일 14시,금요일,전라남도 담양군 담양읍,경상사고,0,0,1,0,차대차 - 추돌 - 진행중,안전운전불이행,건조,맑음,단일로 - 기타,화물,남,60세,상해없음,원동기,남,80세,경상
2013021500100330,2013년 2월 15일 16시,금요일,전라남도 영광군 영광읍,경상사고,0,0,2,0,차대차 - 기타,안전운전불이행,건조,맑음,단일로 - 기타,승용,남,50세,상해없음,화물,남,65세,경상
2013021500100358,2013년 2월 15일 17시,금요일,전라남도 해남군 문내면,중상사고,0,1,0,0,차대차 - 기타,안전운전불이행,건조,맑음,단일로 - 기타,승용,여,43세,중상,화물,남,56세,상해없음
2013021500100466,2013년 2월 15일 21시,금요일,전라남도 나주시 왕곡면,경상사고,0,0,1,0,차대차 - 추돌 - 주정차중,안전운전불이행,건조,맑음,단일로 - 기타,화물,남,48세,상해없음,승용,남,26세,경상
2013021500100525,2013년 2월 15일 23시,금요일,전라남도 순천시 조례동,중상사고,0,1,0,0,차량단독 - 공작물충돌,안전운전불이행,건조,맑음,교차로 - 교차로안,승용,남,27세,중상,,,,
2013021500100526,2013년 2월 15일 23시,금요일,전라남도 고흥군 도양읍,경상사고,0,0,2,0,차량단독 - 도로외이탈 - 추락,안전운전불이행,기타,맑음,기타 - 기타,화물,남,18세,상해없음,,,,
2013021600100019,2013년 2월 16일 00시,토요일,전라남도 해남군 해남읍,경상사고,0,0,2,0,차대차 - 측면직각충돌,교차로운행방법위반,건조,맑음,교차로 - 교차로안,승용,남,26세,경상,승용,여,48세,경상
2013021600100041,2013년 2월 16일 01시,토요일,전라남도 여수시 선원동,중상사고,0,1,2,1,차대차 - 정면충돌,신호위반,건조,맑음,교차로 - 교차로안,승용,남,47세,부상신고,승용,남,44세,경상
2013021600100054,2013년 2월 16일 02시,토요일,전라남도 순천시 조례동,경상사고,0,0,2,0,차대차 - 추돌 - 주정차중,안전운전불이행,건조,맑음,교차로 - 교차로부근,승용,남,41세,상해없음,승용,남,59세,경상
2013021600100129,2013년 2월 16일 07시,토요일,전라남도 목포시 옥암동,경상사고,0,0,3,0,차대차 - 기타,안전운전불이행,건조,맑음,단일로 - 기타,승용,남,35세,상해없음,화물,남,33세,경상
2013021600100130,2013년 2월 16일 07시,토요일,전라남도 순천시 해룡면,중상사고,0,1,2,0,차대차 - 정면충돌,중앙선침범,건조,맑음,교차로 - 교차로부근,승용,남,21세,상해없음,승용,남,30세,경상
2013021600100171,2013년 2월 16일 09시,토요일,전라남도 목포시 용해동,경상사고,0,0,1,0,차대사람 - 기타,안전운전불이행,건조,맑음,단일로 - 기타,승용,여,39세,상해없음,보행자,여,44세,경상
2013021600100172,2013년 2월 16일 09시,토요일,전라남도 영암군 삼호읍,경상사고,0,0,1,0,차대차 - 측면직각충돌,안전운전불이행,건조,맑음,교차로 - 교차로부근,화물,남,55세,경상,화물,남,26세,상해없음
2013021600100193,2013년 2월 16일 10시,토요일,전라남도 완도군 완도읍,경상사고,0,0,1,0,차대차 - 추돌 - 진행중,안전운전불이행,건조,맑음,단일로 - 기타,승용,남,46세,상해없음,이륜,남,58세,경상
2013021600100194,2013년 2월 16일 10시,토요일,전라남도 진도군 임회면,경상사고,0,0,1,0,차대사람 - 횡단중,안전운전불이행,건조,맑음,기타 - 기타,승용,남,47세,상해없음,보행자,여,84세,경상
2013021600100212,2013년 2월 16일 11시,토요일,전라남도 장흥군 장흥읍,중상사고,0,5,1,0,차대차 - 측면직각충돌,안전운전불이행,건조,맑음,단일로 - 기타,승용,남,66세,중상,승합,남,52세,경상
2013021600100261,2013년 2월 16일 13시,토요일,전라남도 함평군 신광면,사망사고,1,1,3,0,차대차 - 추돌 - 진행중,안전운전불이행,건조,맑음,단일로 - 기타,승용,남,65세,경상,농기계,남,67세,사망
2013021600100262,2013년 2월 16일 13시,토요일,전라남도 광양시 중동,경상사고,0,0,3,0,차대차 - 측면직각충돌,직진우회전진행방해,건조,맑음,교차로 - 교차로안,승용,여,45세,경상,승용,남,23세,경상
2013021600100286,2013년 2월 16일 14시,토요일,전라남도 여수시 여서동,중상사고,0,1,0,0,차대사람 - 기타,안전운전불이행,건조,맑음,기타 - 기타,승용,남,45세,상해없음,보행자,여,56세,중상
2013021600100307,2013년 2월 16일 15시,토요일,전라남도 목포시 남교동,경상사고,0,0,4,0,차대차 - 정면충돌,안전운전불이행,건조,맑음,교차로 - 교차로부근,승용,남,56세,상해없음,승용,남,67세,경상
2013021600100350,2013년 2월 16일 17시,토요일,전라남도 목포시 상동,경상사고,0,0,3,0,차대차 - 기타,신호위반,건조,맑음,교차로 - 교차로안,화물,남,56세,상해없음,승용,남,58세,경상
2013021600100351,2013년 2월 16일 17시,토요일,전라남도 영광군 법성면,중상사고,0,1,0,0,차대차 - 측면직각충돌,교차로운행방법위반,건조,맑음,교차로 - 교차로안,승용,여,37세,상해없음,이륜,남,33세,중상
2013021600100371,2013년 2월 16일 18시,토요일,전라남도 목포시 용당동,경상사고,0,0,2,0,차대차 - 측면직각충돌,중앙선침범,건조,맑음,단일로 - 기타,승합,기타불명,기타불명,기타불명,승용,남,62세,경상
2013021600100430,2013년 2월 16일 20시,토요일,전라남도 장흥군 장흥읍,중상사고,0,1,1,0,차대차 - 측면직각충돌,중앙선침범,건조,흐림,단일로 - 기타,승용,남,64세,경상,승용,남,59세,중상
2013021600100431,2013년 2월 16일 20시,토요일,전라남도 광양시 중동,경상사고,0,0,1,0,차대차 - 측면직각충돌,교차로운행방법위반,건조,맑음,교차로 - 교차로안,승용,남,44세,상해없음,원동기,남,18세,경상
2013021600100472,2013년 2월 16일 22시,토요일,전라남도 여수시 오림동,경상사고,0,0,1,0,차대차 - 측면직각충돌,안전운전불이행,건조,맑음,교차로 - 교차로안,기타불명,기타불명,기타불명,기타불명,승용,남,61세,상해없음
2013021600100473,2013년 2월 16일 22시,토요일,전라남도 영암군 삼호읍,경상사고,0,0,1,0,차대차 - 추돌 - 주정차중,안전운전불이행,건조,흐림,단일로 - 기타,승용,남,53세,상해없음,승용,남,34세,기타불명
2013021600100488,2013년 2월 16일 23시,토요일,전라남도 여수시 돌산읍,중상사고,0,1,0,0,차대차 - 측면직각충돌,교차로운행방법위반,건조,맑음,교차로 - 교차로안,승용,남,27세,상해없음,이륜,남,35세,중상
2013021700100143,2013년 2월 17일 12시,일요일,전라남도 무안군 무안읍,경상사고,0,0,1,0,차대차 - 측면직각충돌,안전운전불이행,건조,맑음,교차로 - 교차로안,승용,남,29세,상해없음,이륜,남,24세,경상
2013021700100184,2013년 2월 17일 14시,일요일,전라남도 고흥군 포두면,중상사고,0,1,0,0,차량단독 - 전도전복,안전운전불이행,건조,맑음,기타 - 기타,화물,남,57세,상해없음,,,,
2013021700100206,2013년 2월 17일 15시,일요일,전라남도 목포시 산정동,경상사고,0,0,1,0,차량단독 - 공작물충돌,안전운전불이행,습기,비,단일로 - 기타,승용,남,41세,경상,,,,
2013021700100207,2013년 2월 17일 15시,일요일,전라남도 여수시 화장동,중상사고,0,1,0,0,차대차 - 측면직각충돌,안전운전불이행,습기,비,교차로 - 교차로부근,승용,여,49세,기타불명,이륜,남,46세,중상
2013021700100208,2013년 2월 17일 15시,일요일,전라남도 해남군 문내면,중상사고,0,3,3,0,차대차 - 정면충돌,중앙선침범,습기,비,단일로 - 기타,승용,여,39세,경상,승용,여,49세,중상
2013021700100230,2013년 2월 17일 16시,일요일,전라남도 목포시 용해동,중상사고,0,1,0,0,차대차 - 측면직각충돌,불법유턴,습기,비,단일로 - 횡단보도상,자전거,여,11세,중상,승용,남,31세,상해없음
2013021700100304,2013년 2월 17일 20시,일요일,전라남도 광양시 광영동,중상사고,0,1,0,0,차량단독 - 공작물충돌,안전운전불이행,습기,비,교차로 - 교차로부근,화물,남,39세,중상,,,,
2013021700100331,2013년 2월 17일 21시,일요일,전라남도 목포시 동명동,중상사고,0,1,0,0,차대사람 - 횡단중,신호위반,건조,기타,교차로 - 교차로안,승용,남,48세,상해없음,보행자,남,54세,중상
2013021700100351,2013년 2월 17일 22시,일요일,전라남도 목포시 상락동1가,경상사고,0,0,1,0,차대사람 - 횡단중,안전운전불이행,습기,비,교차로 - 교차로부근,기타불명,기타불명,기타불명,기타불명,보행자,남,39세,경상
2013021700100352,2013년 2월 17일 22시,일요일,전라남도 순천시 해룡면,경상사고,0,0,2,0,차대사람 - 기타,안전운전불이행,습기,비,교차로 - 교차로안,승용,남,47세,상해없음,보행자,남,40세,경상
2013021700100376,2013년 2월 17일 23시,일요일,전라남도 여수시 국동,경상사고,0,0,2,0,차대차 - 추돌 - 주정차중,안전운전불이행,건조,맑음,교차로 - 교차로안,승용,남,43세,상해없음,승용,남,38세,경상
2013021800100019,2013년 2월 18일 01시,월요일,전라남도 순천시 조례동,경상사고,0,0,1,0,차대차 - 기타,안전운전불이행,습기,비,단일로 - 기타,승용,남,51세,상해없음,승용,남,29세,경상
2013021800100029,2013년 2월 18일 02시,월요일,전라남도 순천시 조례동,중상사고,0,1,0,0,차대사람 - 기타,안전운전불이행,습기,비,단일로 - 기타,승용,남,24세,상해없음,보행자,여,26세,중상
2013021800100074,2013년 2월 18일 07시,월요일,전라남도 해남군 해남읍,경상사고,0,0,4,0,차대차 - 측면직각충돌,안전운전불이행,습기,흐림,교차로 - 교차로안,승용,남,33세,경상,화물,남,47세,경상
2013021800100088,2013년 2월 18일 08시,월요일,전라남도 보성군 보성읍,경상사고,0,0,1,0,차대사람 - 길가장자리구역통행중,안전운전불이행,건조,맑음,단일로 - 기타,기타불명,기타불명,기타불명,기타불명,보행자,남,46세,경상
2013021800100113,2013년 2월 18일 09시,월요일,전라남도 고흥군 과역면,중상사고,0,2,0,0,차대차 - 기타,직진우회전진행방해,건조,흐림,교차로 - 교차로안,승합,남,45세,상해없음,화물,남,75세,중상
2013021800100138,2013년 2월 18일 10시,월요일,전라남도 여수시 미평동,경상사고,0,0,1,0,차대차 - 기타,안전운전불이행,건조,맑음,단일로 - 기타,승용,남,48세,상해없음,승합,남,38세,상해없음
2013021800100139,2013년 2월 18일 10시,월요일,전라남도 나주시 성북동,경상사고,0,0,3,0,차대차 - 측면직각충돌,안전운전불이행,건조,맑음,단일로 - 기타,화물,남,73세,경상,승합,남,52세,경상
2013021800100140,2013년 2월 18일 10시,월요일,전라남도 보성군 보성읍,경상사고,0,0,2,0,차대차 - 측면직각충돌,안전운전불이행,건조,흐림,교차로 - 교차로안,화물,남,64세,상해없음,화물,남,59세,경상
2013021800100171,2013년 2월 18일 11시,월요일,전라남도 목포시 상동,경상사고,0,0,1,0,차대차 - 기타,안전운전불이행,건조,맑음,단일로 - 기타,승합,남,29세,상해없음,이륜,남,20세,경상
2013021800100172,2013년 2월 18일 11시,월요일,전라남도 해남군 해남읍,경상사고,0,0,3,0,차대차 - 기타,안전거리미확보,건조,흐림,단일로 - 기타,승용,남,70세,상해없음,화물,남,45세,경상
2013021800100194,2013년 2월 18일 12시,월요일,전라남도 순천시 덕암동,경상사고,0,0,1,0,차대사람 - 기타,안전운전불이행,건조,맑음,단일로 - 기타,승합,남,47세,상해없음,보행자,남,7세,경상
2013021800100254,2013년 2월 18일 15시,월요일,전라남도 목포시 용해동,경상사고,0,0,1,0,차대차 - 기타,중앙선침범,건조,맑음,단일로 - 기타,승합,남,30세,상해없음,이륜,남,57세,경상
2013021800100255,2013년 2월 18일 15시,월요일,전라남도 강진군 강진읍,경상사고,0,0,1,0,차대사람 - 기타,안전운전불이행,건조,맑음,단일로 - 기타,승용,여,56세,상해없음,보행자,남,12세,경상
2013021800100277,2013년 2월 18일 16시,월요일,전라남도 목포시 상동,경상사고,0,0,1,0,차대사람 - 횡단중,안전운전불이행,건조,맑음,단일로 - 횡단보도부근,승용,남,38세,상해없음,보행자,남,10세,경상
2013021800100278,2013년 2월 18일 16시,월요일,전라남도 보성군 득량면,중상사고,0,1,0,0,차대차 - 기타,안전거리미확보,건조,맑음,교차로 - 교차로부근,승용,남,60세,상해없음,이륜,남,80세,중상
2013021800100326,2013년 2월 18일 18시,월요일,전라남도 고흥군 도화면,중상사고,0,1,0,0,차량단독 - 전도전복,안전운전불이행,건조,맑음,단일로 - 기타,원동기,남,65세,중상,,,,
2013021800100448,2013년 2월 18일 22시,월요일,전라남도 나주시 교동,중상사고,0,1,0,0,차량단독 - 공작물충돌,안전운전불이행,건조,맑음,단일로 - 기타,승용,남,30세,중상,,,,
2013021900100041,2013년 2월 19일 02시,화요일,전라남도 여수시 문수동,경상사고,0,0,1,0,차대차 - 기타,중앙선침범,건조,맑음,단일로 - 기타,승용,여,35세,상해없음,승용,남,58세,경상
2013021900100051,2013년 2월 19일 03시,화요일,전라남도 해남군 산이면,중상사고,0,1,0,0,차대차 - 기타,안전운전불이행,건조,맑음,단일로 - 기타,승용,남,39세,중상,건설기계,남,38세,상해없음
2013021900100054,2013년 2월 19일 04시,화요일,전라남도 여수시 남산동,경상사고,0,0,1,0,차대차 - 측면직각충돌,신호위반,건조,맑음,교차로 - 교차로안,원동기,남,23세,경상,승용,남,57세,상해없음
2013021900100086,2013년 2월 19일 07시,화요일,전라남도 구례군 마산면,중상사고,0,1,3,0,차대차 - 기타,안전운전불이행,건조,맑음,단일로 - 기타,화물,남,38세,상해없음,화물,남,63세,경상
2013021900100104,2013년 2월 19일 08시,화요일,전라남도 영광군 염산면,사망사고,1,0,0,0,차량단독 - 기타,안전운전불이행,건조,맑음,단일로 - 기타,이륜,남,74세,사망,,,,
2013021900100119,2013년 2월 19일 09시,화요일,전라남도 무안군 청계면,중상사고,0,1,0,0,차대차 - 측면직각충돌,신호위반,건조,맑음,교차로 - 교차로안,승용,남,33세,상해없음,농기계,남,68세,중상
2013021900100136,2013년 2월 19일 10시,화요일,전라남도 순천시 조례동,경상사고,0,0,1,0,차대사람 - 길가장자리구역통행중,기타,건조,맑음,교차로 - 교차로부근,승용,남,43세,상해없음,보행자,여,30세,경상
2013021900100137,2013년 2월 19일 10시,화요일,전라남도 순천시 황전면,중상사고,0,1,0,0,차량단독 - 기타,안전운전불이행,건조,맑음,단일로 - 기타,화물,남,66세,중상,,,,