사고번호,사고일시,요일,시군구,사고내용,사망자수,중상자수,경상자수,부상신고자수,사고유형,법규위반,노면상태,기상상태,도로형태,가해운전자 차종,가해운전자 성별,가해운전자 연령,가해운전자 상해정도,피해운전자 차종,피해운전자 성별,피해운전자 연령,피해운전자 상해정도
2013022400100506,2013년 2월 24일 23시,일요일,전라남도 순천시 조례동,경상사고,0,0,5,0,차대차 - 기타,안전운전불이행,건조,맑음,단일로 - 기타,승합,남,48세,상해없음,특수,남,38세,경상
2013022500100012,2013년 2월 25일 02시,월요일,전라남도 목포시 죽동,경상사고,0,0,1,0,차대사람 - 기타,안전운전불이행,건조,맑음,단일로 - 기타,승용,남,27세,상해없음,보행자,남,42세,경상
2013022500100046,2013년 2월 25일 07시,월요일,전라남도 광양시 광영동,중상사고,0,1,0,0,차대차 - 측면직각충돌,안전운전불이행,건조,맑음,교차로 - 교차로안,승용,남,35세,상해없음,승용,남,61세,중상
2013022500100047,2013년 2월 25일 07시,월요일,전라남도 광양시 중동,중상사고,0,1,0,0,차대사람 - 횡단중,보행자보호의무위반,건조,맑음,단일로 - 횡단보도상,승용,남,38세,상해없음,보행자,여,55세,중상
2013022500100066,2013년 2월 25일 08시,월요일,전라남도 나주시 산포면,경상사고,0,0,2,0,차대차 - 기타,기타,건조,맑음,교차로 - 교차로안,화물,남,64세,상해없음,승합,남,37세,경상
2013022500100067,2013년 2월 25일 08시,월요일,전라남도 광양시 도이동,경상사고,0,0,1,0,차대차 - 측면직각충돌,안전거리미확보,건조,맑음,단일로 - 기타,승용,남,52세,경상,건설기계,남,37세,상해없음
2013022500100127,2013년 2월 25일 11시,월요일,전라남도 해남군 송지면,중상사고,0,1,0,0,차대차 - 측면직각충돌,신호위반,건조,맑음,교차로 - 교차로안,승용,남,35세,상해없음,원동기,남,67세,중상
2013022500100140,2013년 2월 25일 12시,월요일,전라남도 장흥군 유치면,경상사고,0,0,2,1,차대차 - 측면직각충돌,신호위반,건조,맑음,교차로 - 교차로안,승용,남,65세,부상신고,화물,남,54세,경상
2013022500100141,2013년 2월 25일 12시,월요일,전라남도 광양시 진월면,경상사고,0,0,1,0,차량단독 - 기타,안전운전불이행,건조,맑음,단일로 - 기타,이륜,남,35세,경상,,,,
2013022500100185,2013년 2월 25일 14시,월요일,전라남도 화순군 도곡면,중상사고,0,1,1,0,차대사람 - 기타,안전운전불이행,건조,맑음,단일로 - 기타,원동기,남,57세,기타불명,보행자,남,72세,중상
2013022500100186,2013년 2월 25일 14시,월요일,전라남도 영암군 삼호읍,경상사고,0,0,3,0,차대차 - 측면직각충돌,직진우회전진행방해,건조,맑음,교차로 - 교차로안,승용,남,31세,경상,화물,남,31세,경상
2013022500100208,2013년 2월 25일 15시,월요일,전라남도 순천시 조례동,경상사고,0,0,1,0,차대사람 - 기타,안전운전불이행,건조,맑음,단일로 - 기타,승용,여,52세,상해없음,보행자,남,12세,경상
2013022500100209,2013년 2월 25일 15시,월요일,전라남도 강진군 군동면,경상사고,0,0,1,0,차대차 - 기타,안전운전불이행,건조,맑음,단일로 - 기타,원동기,남,48세,경상,화물,남,32세,상해없음
2013022500100264,2013년 2월 25일 17시,월요일,전라남도 순천시 덕월동,경상사고,0,0,3,0,차대차 - 기타,안전운전불이행,건조,맑음,단일로 - 기타,승합,남,23세,상해없음,승용,남,53세,경상
2013022500100265,2013년 2월 25일 17시,월요일,전라남도 나주시 동강면,경상사고,0,0,1,0,차대차 - 측면직각충돌,직진우회전진행방해,건조,맑음,교차로 - 교차로안,건설기계,남,63세,상해없음,화물,남,39세,경상
2013022500100266,2013년 2월 25일 17시,월요일,전라남도 완도군 노화읍,경상사고,0,0,1,0,차대차 - 기타,중앙선침범,건조,맑음,단일로 - 기타,건설기계,남,56세,상해없음,승용,남,33세,경상
2013022500100297,2013년 2월 25일 18시,월요일,전라남도 여수시 봉산동,경상사고,0,0,1,0,차대사람 - 횡단중,안전운전불이행,건조,맑음,교차로 - 교차로부근,승용,남,54세,상해없음,보행자,남,69세,경상
2013022500100298,2013년 2월 25일 18시,월요일,전라남도 장흥군 장흥읍,중상사고,0,2,0,0,차대차 - 추돌 - 진행중,안전운전불이행,건조,맑음,단일로 - 기타,승용,남,27세,상해없음,농기계,남,48세,중상
2013022500100299,2013년 2월 25일 18시,월요일,전라남도 영광군 법성면,경상사고,0,0,1,0,차대차 - 측면직각충돌,중앙선침범,건조,맑음,교차로 - 교차로부근,승용,남,60세,상해없음,화물,남,63세,경상
2013022500100331,2013년 2월 25일 19시,월요일,전라남도 목포시 상동,경상사고,0,0,1,0,차대차 - 기타,신호위반,건조,맑음,교차로 - 교차로안,승용,남,55세,상해없음,이륜,남,35세,경상
2013022500100332,2013년 2월 25일 19시,월요일,전라남도 순천시 연향동,중상사고,0,1,0,0,차대차 - 측면직각충돌,안전운전불이행,건조,맑음,교차로 - 교차로안,승용,여,46세,상해없음,승용,남,50세,중상
2013022500100333,2013년 2월 25일 19시,월요일,전라남도 광양시 광양읍,부상신고사고,0,0,0,1,차대차 - 기타,중앙선침범,건조,맑음,교차로 - 교차로부근,기타불명,기타불명,기타불명,기타불명,승합,남,44세,부상신고
2013022500100351,2013년 2월 25일 20시,월요일,전라남도 목포시 용당동,경상사고,0,0,2,0,차대차 - 측면직각충돌,차로위반,건조,맑음,단일로 - 기타,승용,여,35세,상해없음,승용,남,37세,경상
2013022500100413,2013년 2월 25일 22시,월요일,전라남도 광양시 광영동,경상사고,0,0,1,0,차대사람 - 기타,안전운전불이행,건조,맑음,단일로 - 기타,승용,남,33세,상해없음,보행자,남,18세,경상
2013022500100435,2013년 2월 25일 23시,월요일,전라남도 해남군 송지면,경상사고,0,0,4,0,차량단독 - 도로외이탈 - 기타,안전운전불이행,건조,맑음,단일로 - 기타,승용,남,33세,경상,,,,
2013022600100018,2013년 2월 26일 00시,화요일,전라남도 목포시 산정동,경상사고,0,0,1,0,차대차 - 측면직각충돌,중앙선침범,건조,맑음,단일로 - 기타,승용,남,51세,상해없음,승용,남,32세,경상
2013022600100019,2013년 2월 26일 00시,화요일,전라남도 순천시 안풍동,중상사고,0,1,1,0,차대차 - 추돌 - 진행중,안전운전불이행,건조,맑음,단일로 - 기타,승용,남,36세,상해없음,화물,남,58세,중상
2013022600100039,2013년 2월 26일 01시,화요일,전라남도 목포시 상동,경상사고,0,0,2,0,차대차 - 측면직각충돌,안전운전불이행,건조,기타,교차로 - 교차로안,승용,남,32세,상해없음,승용,남,33세,경상
2013022600100060,2013년 2월 26일 03시,화요일,전라남도 광양시 금호동,경상사고,0,0,1,0,차대사람 - 기타,안전운전불이행,건조,맑음,단일로 - 기타,승용,여,43세,상해없음,보행자,남,37세,경상
2013022600100072,2013년 2월 26일 04시,화요일,전라남도 목포시 연산동,부상신고사고,0,0,0,1,차량단독 - 공작물충돌,안전운전불이행,습기,맑음,단일로 - 기타,승용,남,40세,부상신고,,,,
2013022600100082,2013년 2월 26일 05시,화요일,전라남도 목포시 상동,경상사고,0,0,2,0,차대차 - 측면직각충돌,신호위반,건조,맑음,교차로 - 교차로안,승용,남,27세,상해없음,승용,남,35세,경상
2013022600100092,2013년 2월 26일 06시,화요일,전라남도 영암군 삼호읍,경상사고,0,0,3,0,차대차 - 추돌 - 주정차중,안전운전불이행,습기,비,교차로 - 교차로안,화물,남,54세,상해없음,승용,남,62세,경상
2013022600100108,2013년 2월 26일 07시,화요일,전라남도 광양시 태인동,부상신고사고,0,0,0,1,차대차 - 측면직각충돌,신호위반,건조,맑음,교차로 - 교차로안,승용,남,47세,부상신고,승용,남,65세,상해없음
2013022600100109,2013년 2월 26일 07시,화요일,전라남도 순천시 승주읍,중상사고,0,1,3,0,차대차 - 측면직각충돌,안전운전불이행,건조,흐림,단일로 - 기타,승용,남,19세,경상,승용,남,34세,경상
2013022600100140,2013년 2월 26일 09시,화요일,전라남도 목포시 용당동,중상사고,0,2,0,0,차대사람 - 기타,안전운전불이행,건조,맑음,교차로 - 교차로부근,승용,여,65세,상해없음,보행자,남,76세,중상
2013022600100141,2013년 2월 26일 09시,화요일,전라남도 화순군 화순읍,경상사고,0,0,1,0,차대차 - 기타,안전운전불이행,건조,맑음,교차로 - 교차로안,승용,남,79세,상해없음,화물,남,53세,경상
2013022600100168,2013년 2월 26일 10시,화요일,전라남도 여수시 학동,경상사고,0,0,1,0,차대차 - 측면직각충돌,안전운전불이행,건조,맑음,교차로 - 교차로부근,화물,남,58세,상해없음,승용,남,43세,경상
2013022600100169,2013년 2월 26일 10시,화요일,전라남도 순천시 조례동,경상사고,0,0,1,0,차대차 - 기타,안전거리미확보,건조,맑음,교차로 - 교차로부근,승용,남,49세,상해없음,승용,남,44세,경상
2013022600100170,2013년 2월 26일 10시,화요일,전라남도 장흥군 장흥읍,중상사고,0,1,0,1,차대차 - 측면직각충돌,교차로운행방법위반,건조,맑음,교차로 - 교차로안,승용,여,43세,부상신고,승용,남,62세,중상
2013022600100186,2013년 2월 26일 11시,화요일,전라남도 나주시 봉황면,중상사고,0,1,0,0,차대차 - 측면직각충돌,중앙선침범,건조,맑음,단일로 - 기타,화물,남,57세,상해없음,이륜,남,46세,중상
2013022600100187,2013년 2월 26일 11시,화요일,전라남도 영광군 백수읍,중상사고,0,1,0,0,차대사람 - 횡단중,보행자보호의무위반,건조,맑음,기타 - 기타,승용,여,37세,상해없음,보행자,여,79세,중상
2013022600100200,2013년 2월 26일 12시,화요일,전라남도 화순군 화순읍,경상사고,0,0,2,0,차대차 - 측면직각충돌,신호위반,건조,맑음,교차로 - 교차로안,승용,남,73세,상해없음,승용,남,65세,경상
2013022600100244,2013년 2월 26일 14시,화요일,전라남도 목포시 옥암동,경상사고,0,0,1,0,차대차 - 측면직각충돌,안전운전불이행,건조,맑음,단일로 - 기타,승용,여,47세,상해없음,자전거,남,8세,경상
2013022600100245,2013년 2월 26일 14시,화요일,전라남도 무안군 삼향읍,경상사고,0,0,1,0,차대차 - 추돌 - 진행중,안전거리미확보,건조,맑음,교차로 - 교차로안,화물,남,38세,상해없음,승용,여,28세,경상
2013022600100266,2013년 2월 26일 15시,화요일,전라남도 여수시 학동,경상사고,0,0,1,0,차대사람 - 길가장자리구역통행중,안전운전불이행,건조,맑음,단일로 - 기타,승용,남,45세,상해없음,보행자,남,60세,경상
2013022600100301,2013년 2월 26일 17시,화요일,전라남도 순천시 서면,경상사고,0,0,1,0,차대사람 - 기타,안전운전불이행,건조,맑음,기타 - 기타,승용,여,44세,상해없음,보행자,여,71세,경상
2013022600100332,2013년 2월 26일 18시,화요일,전라남도 광양시 중동,경상사고,0,0,1,0,차대차 - 측면직각충돌,안전운전불이행,건조,맑음,교차로 - 교차로부근,승용,여,44세,상해없음,승용,남,56세,경상
2013022600100415,2013년 2월 26일 21시,화요일,전라남도 순천시 덕월동,경상사고,0,0,1,0,차대차 - 추돌 - 주정차중,안전운전불이행,건조,맑음,교차로 - 교차로부근,승용,남,34세,상해없음,승용,여,30세,경상
2013022600100416,2013년 2월 26일 21시,화요일,전라남도 순천시 조곡동,중상사고,0,1,0,0,차대사람 - 기타,안전운전불이행,건조,맑음,단일로 - 기타,승용,남,32세,상해없음,보행자,남,60세,상해없음
2013022600100417,2013년 2월 26일 21시,화요일,전라남도 순천시 해룡면,경상사고,0,0,1,0,차대차 - 측면직각충돌,차로위반,건조,맑음,단일로 - 기타,승용,남,53세,상해없음,승용,남,27세,경상
2013022600100418,2013년 2월 26일 21시,화요일,전라남도 담양군 담양읍,경상사고,0,0,1,0,차대차 - 기타,안전운전불이행,건조,맑음,단일로 - 기타,승용,남,43세,상해없음,승용,남,53세,상해없음
2013022600100482,2013년 2월 26일 23시,화요일,전라남도 영암군 삼호읍,중상사고,0,2,1,0,차대차 - 기타,신호위반,건조,맑음,교차로 - 교차로안,승합,남,48세,중상,승용,남,36세,중상
2013022700100016,2013년 2월 27일 00시,수요일,전라남도 여수시 충무동,경상사고,0,0,5,0,차대차 - 측면직각충돌,안전운전불이행,건조,맑음,단일로 - 횡단보도부근,승용,남,64세,상해없음,승용,남,39세,경상
2013022700100017,2013년 2월 27일 00시,수요일,전라남도 여수시 돌산읍,부상신고사고,0,0,0,1,차량단독 - 공작물충돌,안전운전불이행,건조,맑음,교차로 - 교차로안,승용,남,45세,상해없음,,,,
2013022700100050,2013년 2월 27일 02시,수요일,전라남도 여수시 화치동,경상사고,0,0,1,0,차대차 - 기타,안전운전불이행,건조,맑음,단일로 - 기타,승용,남,22세,상해없음,화물,남,40세,상해없음
2013022700100081,2013년 2월 27일 05시,수요일,전라남도 목포시 용해동,중상사고,0,1,2,0,차대차 - 측면직각충돌,직진우회전진행방해,건조,기타,교차로 - 교차로안,승용,남,61세,경상,승합,남,62세,중상
2013022700100094,2013년 2월 27일 06시,수요일,전라남도 여수시 만흥동,경상사고,0,0,1,0,차량단독 - 공작물충돌,안전운전불이행,건조,맑음,단일로 - 터널,승용,남,60세,경상,,,,
2013022700100133,2013년 2월 27일 08시,수요일,전라남도 순천시 홍내동,경상사고,0,0,3,0,차대차 - 기타,직진우회전진행방해,건조,맑음,교차로 - 교차로안,화물,남,58세,경상,승용,남,48세,경상
2013022700100134,2013년 2월 27일 08시,수요일,전라남도 순천시 해룡면,경상사고,0,0,1,0,차대사람 - 기타,안전운전불이행,건조,맑음,단일로 - 기타,화물,남,46세,상해없음,보행자,남,44세,경상
2013022700100161,2013년 2월 27일 09시,수요일,전라남도 나주시 다시면,경상사고,0,0,2,0,차대차 - 추돌 - 주정차중,안전거리미확보,건조,맑음,단일로 - 기타,화물,남,72세,경상,승용,남,33세,경상
2013022700100181,2013년 2월 27일 10시,수요일,전라남도 순천시 대룡동,부상신고사고,0,0,0,1,차대차 - 측면직각충돌,교차로운행방법위반,건조,맑음,교차로 - 교차로안,화물,남,62세,상해없음,화물,남,64세,부상신고
2013022700100182,2013년 2월 27일 10시,수요일,전라남도 강진군 작천면,경상사고,0,0,1,0,차대차 - 기타,직진우회전진행방해,건조,맑음,교차로 - 교차로안,원동기,남,78세,경상,화물,남,66세,상해없음
2013022700100183,2013년 2월 27일 10시,수요일,전라남도 진도군 진도읍,경상사고,0,0,2,0,차대사람 - 기타,안전운전불이행,건조,맑음,단일로 - 기타,승용,남,74세,상해없음,보행자,여,58세,경상
2013022700100215,2013년 2월 27일 11시,수요일,전라남도 순천시 장천동,중상사고,0,1,0,0,차대차 - 추돌 - 진행중,안전거리미확보,건조,맑음,단일로 - 기타,승용,남,22세,상해없음,화물,남,60세,중상
2013022700100294,2013년 2월 27일 14시,수요일,전라남도 순천시 연향동,중상사고,0,1,0,0,차대사람 - 기타,안전운전불이행,건조,맑음,기타 - 기타,승용,여,52세,상해없음,보행자,여,11세,중상
2013022700100295,2013년 2월 27일 14시,수요일,전라남도 장흥군 장흥읍,경상사고,0,0,1,0,차대차 - 측면직각충돌,교차로운행방법위반,건조,맑음,교차로 - 교차로안,승용,남,32세,상해없음,화물,남,63세,경상
2013022700100296,2013년 2월 27일 14시,수요일,전라남도 장성군 서삼면,중상사고,0,1,0,0,차대차 - 측면직각충돌,신호위반,건조,맑음,교차로 - 교차로안,건설기계,남,39세,상해없음,이륜,남,72세,중상
2013022700100297,2013년 2월 27일 14시,수요일,전라남도 광양시 성황동,경상사고,0,0,1,0,차대차 - 측면직각충돌,교차로운행방법위반,건조,맑음,교차로 - 교차로안,이륜,남,47세,경상,승용,남,42세,상해없음
2013022700100322,2013년 2월 27일 15시,수요일,전라남도 순천시 해룡면,경상사고,0,0,1,0,차대차 - 기타,안전운전불이행,건조,맑음,교차로 - 교차로부근,승용,여,54세,상해없음,승용,여,31세,경상
2013022700100323,2013년 2월 27일 15시,수요일,전라남도 강진군 군동면,중상사고,0,1,0,0,차대차 - 정면충돌,과속,건조,맑음,교차로 - 교차로안,승용,여,42세,상해없음,농기계,남,69세,중상
2013022700100354,2013년 2월 27일 16시,수요일,전라남도 목포시 상동,중상사고,0,1,0,0,차대사람 - 기타,안전운전불이행,건조,맑음,단일로 - 기타,기타불명,기타불명,기타불명,기타불명,보행자,여,58세,중상
2013022700100355,2013년 2월 27일 16시,수요일,전라남도 나주시 삼영동,경상사고,0,0,1,0,차대사람 - 기타,안전운전불이행,건조,맑음,단일로 - 기타,자전거,남,24세,상해없음,보행자,남,41세,상해없음
2013022700100356,2013년 2월 27일 16시,수요일,전라남도 강진군 강진읍,경상사고,0,0,1,0,차대차 - 정면충돌,안전운전불이행,건조,맑음,교차로 - 교차로안,자전거,남,59세,경상,화물,남,46세,상해없음
2013022700100388,2013년 2월 27일 17시,수요일,전라남도 여수시 여천동,중상사고,0,1,0,0,차대차 - 측면직각충돌,안전운전불이행,건조,맑음,단일로 - 교량,승용,남,48세,상해없음,승용,남,58세,중상
2013022700100413,2013년 2월 27일 18시,수요일,전라남도 목포시 용해동,경상사고,0,0,1,0,차대차 - 기타,차로위반,건조,맑음,단일로 - 기타,원동기,남,34세,경상,승합,남,45세,상해없음
2013022700100414,2013년 2월 27일 18시,수요일,전라남도 여수시 화양면,중상사고,0,1,1,0,차대차 - 측면직각충돌,중앙선침범,건조,맑음,단일로 - 기타,승용,남,45세,경상,화물,남,38세,중상
2013022700100415,2013년 2월 27일 18시,수요일,전라남도 영암군 신북면,중상사고,0,1,1,0,차대차 - 추돌 - 주정차중,안전거리미확보,건조,맑음,교차로 - 교차로부근,화물,남,70세,경상,승용,여,69세,중상
2013022700100416,2013년 2월 27일 18시,수요일,전라남도 광양시 중동,경상사고,0,0,2,0,차대차 - 측면직각충돌,교차로운행방법위반,건조,맑음,교차로 - 교차로안,승용,남,42세,상해없음,원동기,남,16세,경상
2013022700100445,2013년 2월 27일 19시,수요일,전라남도 광양시 중동,경상사고,0,0,1,0,차대차 - 기타,안전운전불이행,건조,맑음,교차로 - 교차로부근,승용,여,42세,상해없음,화물,남,53세,경상
2013022700100471,2013년 2월 27일 20시,수요일,전라남도 여수시 화양면,부상신고사고,0,0,0,1,차대사람 - 기타,안전운전불이행,건조,맑음,교차로 - 교차로안,승용,남,69세,상해없음,보행자,남,42세,부상신고
2013022700100472,2013년 2월 27일 20시,수요일,전라남도 진도군 진도읍,사망사고,1,0,0,0,차대사람 - 기타,안전운전불이행,건조,맑음,단일로 - 기타,승용,여,52세,상해없음,보행자,남,60세,사망
2013022700100505,2013년 2월 27일 21시,수요일,전라남도 목포시 광동1가,경상사고,0,0,2,0,차대차 - 측면직각충돌,교차로운행방법위반,건조,맑음,교차로 - 교차로안,승용,남,44세,상해없음,승용,남,42세,경상
2013022700100506,2013년 2월 27일 21시,수요일,전라남도 여수시 신기동,경상사고,0,0,1,0,차대차 - 측면직각충돌,교차로운행방법위반,건조,맑음,교차로 - 교차로안,승용,남,21세,상해없음,이륜,여,16세,경상
2013022700100536,2013년 2월 27일 22시,수요일,전라남도 목포시 상동,경상사고,0,0,2,0,차대차 - 측면직각충돌,직진우회전진행방해,건조,맑음,교차로 - 교차로안,승용,여,45세,상해없음,승용,남,32세,경상
2013022700100537,2013년 2월 27일 22시,수요일,전라남도 광양시 중동,중상사고,0,1,2,0,차대차 - 측면직각충돌,중앙선침범,건조,맑음,단일로 - 기타,승용,남,25세,중상,승용,남,30세,경상
2013022800100017,2013년 2월 28일 00시,목요일,전라남도 여수시 소라면,경상사고,0,0,2,0,차대차 - 측면직각충돌,안전운전불이행,건조,맑음,교차로 - 교차로안,승용,남,45세,상해없음,승용,남,56세,경상
2013022800100083,2013년 2월 28일 06시,목요일,전라남도 담양군 금성면,중상사고,0,1,0,0,차량단독 - 기타,안전운전불이행,건조,맑음,교차로 - 교차로안,화물,남,58세,중상,,,,
2013022800100104,2013년 2월 28일 07시,목요일,전라남도 목포시 연산동,경상사고,0,0,1,0,차대차 - 측면직각충돌,신호위반,건조,맑음,교차로 - 교차로안,승용,남,57세,상해없음,승용,남,42세,경상
2013022800100183,2013년 2월 28일 10시,목요일,전라남도 순천시 별량면,중상사고,0,1,0,0,차량단독 - 공작물충돌,안전운전불이행,건조,맑음,단일로 - 기타,승용,남,22세,중상,,,,
2013022800100184,2013년 2월 28일 10시,목요일,전라남도 무안군 청계면,경상사고,0,0,2,2,차대차 - 추돌 - 진행중,안전거리미확보,건조,맑음,단일로 - 기타,승용,남,54세,상해없음,화물,남,66세,경상
2013022800100185,2013년 2월 28일 10시,목요일,전라남도 무안군 청계면,경상사고,0,0,2,2,차대차 - 추돌 - 주정차중,안전거리미확보,건조,맑음,단일로 - 기타,화물,남,66세,경상,승용,남,39세,경상
2013022800100215,2013년 2월 28일 11시,목요일,전라남도 여수시 학동,경상사고,0,0,1,0,차대사람 - 길가장자리구역통행중,안전운전불이행,건조,맑음,단일로 - 기타,승용,여,55세,상해없음,보행자,여,16세,경상
2013022800100216,2013년 2월 28일 11시,목요일,전라남도 구례군 토지면,경상사고,0,0,1,0,차대차 - 측면직각충돌,교차로운행방법위반,건조,맑음,교차로 - 교차로안,승용,남,47세,상해없음,이륜,남,58세,경상
2013022800100243,2013년 2월 28일 12시,목요일,전라남도 목포시 산정동,경상사고,0,0,1,0,차대사람 - 길가장자리구역통행중,안전운전불이행,건조,맑음,단일로 - 기타,승용,여,38세,상해없음,보행자,여,60세,경상
2013022800100244,2013년 2월 28일 12시,목요일,전라남도 여수시 화양면,경상사고,0,0,1,0,차량단독 - 도로외이탈 - 기타,안전운전불이행,건조,맑음,단일로 - 기타,화물,남,49세,상해없음,,,,
2013022800100263,2013년 2월 28일 13시,목요일,전라남도 목포시 옥암동,중상사고,0,2,1,0,차대차 - 측면직각충돌,교차로운행방법위반,건조,맑음,교차로 - 교차로안,승용,여,46세,경상,승용,남,37세,중상
2013022800100296,2013년 2월 28일 14시,목요일,전라남도 화순군 화순읍,부상신고사고,0,0,0,1,차대차 - 측면직각충돌,안전운전불이행,건조,맑음,교차로 - 교차로부근,원동기,남,66세,부상신고,화물,남,63세,상해없음
2013022800100297,2013년 2월 28일 14시,목요일,전라남도 화순군 화순읍,중상사고,0,1,0,0,차대차 - 추돌 - 진행중,안전운전불이행,건조,맑음,교차로 - 교차로안,화물,남,54세,상해없음,자전거,남,53세,중상
2013022800100322,2013년 2월 28일 15시,목요일,전라남도 화순군 춘양면,사망사고,1,1,0,0,차량단독 - 기타,안전운전불이행,건조,맑음,단일로 - 기타,원동기,남,48세,사망,,,,
2013022800100323,2013년 2월 28일 15시,목요일,전라남도 장성군 남면,경상사고,0,0,1,0,차대차 - 기타,중앙선침범,건조,맑음,교차로 - 교차로부근,이륜,남,32세,경상,화물,남,57세,상해없음
2013022800100324,2013년 2월 28일 15시,목요일,전라남도 무안군 현경면,경상사고,0,0,1,0,차대차 - 추돌 - 진행중,안전운전불이행,건조,맑음,단일로 - 기타,승용,남,67세,상해없음,승용,여,68세,경상
2013022800100371,2013년 2월 28일 17시,목요일,전라남도 여수시 월하동,경상사고,0,0,1,0,차대차 - 기타,교차로운행방법위반,건조,맑음,교차로 - 교차로안,화물,남,53세,상해없음,승용,남,30세,경상
2013022800100372,2013년 2월 28일 17시,목요일,전라남도 순천시 연향동,경상사고,0,0,2,0,차대차 - 기타,직진우회전진행방해,건조,맑음,교차로 - 교차로안,승용,여,61세,경상,승용,남,45세,경상
2013022800100373,2013년 2월 28일 17시,목요일,전라남도 나주시 삼영동,경상사고,0,0,1,0,차대차 - 추돌 - 주정차중,안전운전불이행,건조,맑음,단일로 - 교량,화물,남,63세,상해없음,화물,남,45세,경상
2013022800100374,2013년 2월 28일 17시,목요일,전라남도 화순군 화순읍,경상사고,0,0,1,0,차대차 - 기타,중앙선침범,건조,맑음,단일로 - 기타,화물,남,47세,상해없음,원동기,남,17세,경상
2013022800100450,2013년 2월 28일 19시,목요일,전라남도 목포시 상동,경상사고,0,0,2,0,차대차 - 기타,직진우회전진행방해,건조,맑음,교차로 - 교차로안,승용,남,51세,경상,승용,남,52세,경상
2013022800100451,2013년 2월 28일 19시,목요일,전라남도 광양시 마동,중상사고,0,1,0,0,차대사람 - 횡단중,안전운전불이행,건조,맑음,단일로 - 기타,승용,여,28세,상해없음,보행자,여,8세,중상
2013022800100478,2013년 2월 28일 20시,목요일,전라남도 광양시 광양읍,경상사고,0,0,3,0,차대차 - 측면직각충돌,중앙선침범,건조,맑음,교차로 - 교차로부근,승용,남,47세,상해없음,승용,여,37세,경상
2013030100100066,2013년 3월 1일 01시,금요일,전라남도 영광군 대마면,경상사고,0,0,2,0,차대차 - 기타,교차로운행방법위반,건조,맑음,교차로 - 교차로안,승용,남,57세,상해없음,승용,여,43세,경상
2013030100100085,2013년 3월 1일 02시,금요일,전라남도 순천시 덕암동,경상사고,0,0,1,0,차대차 - 측면직각충돌,안전운전불이행,건조,맑음,교차로 - 교차로안,승용,남,29세,상해없음,화물,남,36세,상해없음
2013030100100219,2013년 3월 1일 09시,금요일,전라남도 여수시 신기동,경상사고,0,0,1,0,차대사람 - 횡단중,보행자보호의무위반,건조,맑음,단일로 - 횡단보도상,승용,여,39세,상해없음,보행자,여,22세,경상
2013030100100238,2013년 3월 1일 10시,금요일,전라남도 광양시 중동,경상사고,0,0,1,0,차량단독 - 전도전복,안전운전불이행,건조,맑음,교차로 - 교차로부근,원동기,남,41세,경상,,,,
2013030100100239,2013년 3월 1일 10시,금요일,전라남도 구례군 구례읍,사망사고,1,0,0,0,차량단독 - 전도전복,안전운전불이행,건조,맑음,단일로 - 기타,농기계,남,56세,사망,,,,
2013030100100253,2013년 3월 1일 11시,금요일,전라남도 영암군 미암면,중상사고,0,2,0,0,차대차 - 추돌 - 진행중,안전운전불이행,건조,맑음,단일로 - 기타,화물,남,45세,상해없음,승합,남,66세,중상
2013030100100274,2013년 3월 1일 12시,금요일,전라남도 담양군 담양읍,중상사고,0,1,0,0,차대사람 - 차도통행중,안전운전불이행,건조,흐림,단일로 - 기타,승용,여,25세,상해없음,보행자,여,83세,중상
2013030100100314,2013년 3월 1일 14시,금요일,전라남도 여수시 봉산동,중상사고,0,1,0,0,차대사람 - 보도통행중,보행자보호의무위반,건조,맑음,교차로 - 교차로부근,승용,남,43세,상해없음,보행자,여,75세,중상
2013030100100315,2013년 3월 1일 14시,금요일,전라남도 여수시 중앙동,경상사고,0,0,1,0,차대차 - 기타,안전거리미확보,건조,맑음,단일로 - 횡단보도부근,승용,남,68세,상해없음,승합,남,36세,상해없음
2013030100100334,2013년 3월 1일 15시,금요일,전라남도 나주시 관정동,경상사고,0,0,1,0,차량단독 - 공작물충돌,안전운전불이행,건조,맑음,단일로 - 기타,화물,남,57세,경상,,,,
2013030100100395,2013년 3월 1일 17시,금요일,전라남도 광양시 봉강면,중상사고,0,1,5,0,차대차 - 측면직각충돌,직진우회전진행방해,건조,맑음,교차로 - 교차로안,승용,여,45세,경상,승용,남,44세,경상
2013030100100419,2013년 3월 1일 18시,금요일,전라남도 순천시 오천동,경상사고,0,0,3,0,차대차 - 측면직각충돌,안전운전불이행,건조,맑음,단일로 - 기타,승용,남,42세,상해없음,승용,여,54세,경상
2013030100100420,2013년 3월 1일 18시,금요일,전라남도 광양시 광양읍,중상사고,0,1,0,0,차대사람 - 기타,안전운전불이행,건조,맑음,단일로 - 기타,이륜,남,19세,상해없음,보행자,남,55세,중상
2013030100100477,2013년 3월 1일 20시,금요일,전라남도 목포시 용당동,중상사고,0,1,1,0,차대사람 - 횡단중,안전운전불이행,건조,맑음,단일로 - 기타,이륜,남,64세,중상,보행자,여,81세,경상
2013030100100478,2013년 3월 1일 20시,금요일,전라남도 순천시 조례동,경상사고,0,0,1,0,차대사람 - 기타,안전운전불이행,건조,맑음,단일로 - 기타,기타불명,기타불명,기타불명,기타불명,보행자,여,16세,경상