사고번호,사고일시,요일,시군구,사고내용,사망자수,중상자수,경상자수,부상신고자수,사고유형,법규위반,노면상태,기상상태,도로형태,가해운전자 차종,가해운전자 성별,가해운전자 연령,가해운전자 상해정도,피해운전자 차종,피해운전자 성별,피해운전자 연령,피해운전자 상해정도
2013030100100490,2013년 3월 1일 21시,금요일,전라남도 여수시 여서동,경상사고,0,0,1,0,차대차 - 추돌 - 주정차중,안전운전불이행,건조,맑음,교차로 - 교차로부근,승용,여,39세,상해없음,승용,여,49세,경상
2013030100100536,2013년 3월 1일 23시,금요일,전라남도 목포시 용해동,중상사고,0,1,0,0,차대차 - 측면직각충돌,안전운전불이행,건조,맑음,단일로 - 기타,승용,여,34세,상해없음,승용,남,30세,중상
2013030200100038,2013년 3월 2일 01시,토요일,전라남도 광양시 중군동,경상사고,0,0,2,0,차량단독 - 공작물충돌,안전운전불이행,건조,맑음,단일로 - 기타,승용,남,23세,경상,,,,
2013030200100052,2013년 3월 2일 02시,토요일,전라남도 순천시 연향동,중상사고,0,3,1,0,차대차 - 측면직각충돌,직진우회전진행방해,건조,맑음,교차로 - 교차로안,화물,남,18세,중상,승용,남,43세,경상
2013030200100053,2013년 3월 2일 02시,토요일,전라남도 나주시 금천면,경상사고,0,0,2,0,차량단독 - 공작물충돌,안전운전불이행,건조,기타,단일로 - 기타,승용,남,20세,경상,,,,
2013030200100071,2013년 3월 2일 04시,토요일,전라남도 여수시 여서동,경상사고,0,0,2,0,차대차 - 추돌 - 진행중,안전운전불이행,건조,맑음,단일로 - 기타,승용,여,64세,상해없음,승용,남,58세,경상
2013030200100103,2013년 3월 2일 07시,토요일,전라남도 완도군 완도읍,경상사고,0,0,1,0,차대차 - 기타,안전운전불이행,기타,안개,교차로 - 교차로부근,화물,남,68세,상해없음,자전거,남,30세,경상
2013030200100132,2013년 3월 2일 09시,토요일,전라남도 나주시 이창동,경상사고,0,0,1,0,차대차 - 측면직각충돌,안전운전불이행,건조,맑음,기타 - 기타,화물,여,57세,경상,승합,남,43세,상해없음
2013030200100133,2013년 3월 2일 09시,토요일,전라남도 보성군 조성면,경상사고,0,0,1,0,차대차 - 측면직각충돌,안전운전불이행,건조,맑음,단일로 - 기타,농기계,남,61세,상해없음,승용,남,71세,경상
2013030200100152,2013년 3월 2일 10시,토요일,전라남도 순천시 해룡면,중상사고,0,1,1,0,차대차 - 기타,신호위반,건조,맑음,교차로 - 교차로안,승용,남,28세,상해없음,승용,남,32세,경상
2013030200100153,2013년 3월 2일 10시,토요일,전라남도 나주시 다시면,경상사고,0,0,1,0,차량단독 - 전도전복,안전운전불이행,건조,맑음,기타 - 기타,이륜,여,54세,경상,,,,
2013030200100170,2013년 3월 2일 11시,토요일,전라남도 여수시 학동,경상사고,0,0,1,0,차대차 - 추돌 - 주정차중,안전운전불이행,건조,맑음,교차로 - 교차로부근,화물,남,19세,상해없음,승용,남,53세,경상
2013030200100195,2013년 3월 2일 12시,토요일,전라남도 나주시 중앙동,경상사고,0,0,1,0,차대차 - 측면직각충돌,기타,건조,맑음,교차로 - 교차로안,승용,여,44세,상해없음,이륜,남,42세,경상
2013030200100196,2013년 3월 2일 12시,토요일,전라남도 무안군 해제면,경상사고,0,0,2,0,차대차 - 측면직각충돌,직진우회전진행방해,건조,맑음,교차로 - 교차로안,승용,여,37세,경상,승용,남,56세,상해없음
2013030200100218,2013년 3월 2일 13시,토요일,전라남도 목포시 호남동,중상사고,0,1,0,0,차대사람 - 기타,안전운전불이행,건조,맑음,단일로 - 기타,승용,남,28세,상해없음,보행자,남,21세,중상
2013030200100219,2013년 3월 2일 13시,토요일,전라남도 여수시 여서동,경상사고,0,0,1,0,차대차 - 측면직각충돌,차로위반,건조,맑음,단일로 - 횡단보도부근,승용,여,48세,상해없음,원동기,남,19세,경상
2013030200100285,2013년 3월 2일 16시,토요일,전라남도 보성군 벌교읍,경상사고,0,0,1,0,차대차 - 추돌 - 주정차중,안전거리미확보,건조,맑음,단일로 - 기타,승용,남,34세,상해없음,승용,남,46세,상해없음
2013030200100316,2013년 3월 2일 17시,토요일,전라남도 여수시 율촌면,경상사고,0,0,2,0,차대차 - 측면직각충돌,안전운전불이행,건조,맑음,교차로 - 교차로부근,승용,남,26세,경상,승용,여,46세,상해없음
2013030200100317,2013년 3월 2일 17시,토요일,전라남도 순천시 서면,경상사고,0,0,2,0,차대차 - 기타,교차로운행방법위반,건조,맑음,교차로 - 교차로부근,화물,남,48세,상해없음,승용,여,43세,경상
2013030200100375,2013년 3월 2일 19시,토요일,전라남도 순천시 연향동,중상사고,0,1,0,0,차대사람 - 기타,안전운전불이행,건조,맑음,단일로 - 기타,승용,기타불명,기타불명,기타불명,보행자,남,55세,중상
2013030200100404,2013년 3월 2일 20시,토요일,전라남도 광양시 광양읍,중상사고,0,1,0,0,차대차 - 측면직각충돌,직진우회전진행방해,건조,맑음,교차로 - 교차로안,승용,남,40세,상해없음,이륜,남,22세,중상
2013030200100433,2013년 3월 2일 21시,토요일,전라남도 여수시 여서동,경상사고,0,0,1,0,차대차 - 측면직각충돌,안전운전불이행,건조,맑음,교차로 - 교차로부근,기타불명,기타불명,기타불명,기타불명,이륜,남,17세,경상
2013030200100434,2013년 3월 2일 21시,토요일,전라남도 순천시 조례동,경상사고,0,0,3,0,차대차 - 기타,안전운전불이행,건조,맑음,교차로 - 교차로부근,승용,남,17세,상해없음,승용,남,61세,경상
2013030200100435,2013년 3월 2일 21시,토요일,전라남도 영암군 삼호읍,중상사고,0,1,1,0,차대차 - 추돌 - 주정차중,안전운전불이행,건조,맑음,단일로 - 기타,원동기,남,19세,중상,승용,여,56세,경상
2013030200100476,2013년 3월 2일 23시,토요일,전라남도 곡성군 오산면,경상사고,0,0,8,0,차대차 - 측면직각충돌,신호위반,건조,맑음,교차로 - 교차로안,승용,남,44세,상해없음,승용,남,18세,상해없음
2013030300100034,2013년 3월 3일 01시,일요일,전라남도 순천시 조곡동,중상사고,0,1,0,0,차량단독 - 공작물충돌,안전운전불이행,건조,맑음,교차로 - 교차로안,승용,남,27세,중상,,,,
2013030300100035,2013년 3월 3일 01시,일요일,전라남도 광양시 봉강면,중상사고,0,1,0,0,차량단독 - 공작물충돌,안전운전불이행,건조,맑음,교차로 - 교차로안,승용,남,43세,중상,,,,
2013030300100050,2013년 3월 3일 02시,일요일,전라남도 목포시 호남동,경상사고,0,0,1,0,차량단독 - 공작물충돌,안전운전불이행,건조,기타,단일로 - 기타,승용,남,36세,경상,,,,
2013030300100065,2013년 3월 3일 03시,일요일,전라남도 순천시 오천동,경상사고,0,0,1,0,차량단독 - 공작물충돌,안전운전불이행,건조,맑음,교차로 - 교차로안,승용,남,60세,경상,,,,
2013030300100115,2013년 3월 3일 08시,일요일,전라남도 목포시 상동,경상사고,0,0,2,0,차대차 - 기타,안전운전불이행,기타,기타,단일로 - 기타,화물,남,50세,경상,승용,남,59세,경상
2013030300100133,2013년 3월 3일 10시,일요일,전라남도 무안군 삼향읍,중상사고,0,1,0,0,차량단독 - 공작물충돌,안전운전불이행,건조,맑음,교차로 - 교차로부근,승용,여,57세,중상,,,,
2013030300100146,2013년 3월 3일 11시,일요일,전라남도 광양시 광양읍,경상사고,0,0,1,0,차대차 - 측면직각충돌,중앙선침범,건조,맑음,단일로 - 기타,승합,남,41세,상해없음,이륜,남,82세,경상
2013030300100180,2013년 3월 3일 13시,일요일,전라남도 보성군 득량면,중상사고,0,1,0,0,차대차 - 측면직각충돌,안전운전불이행,건조,맑음,교차로 - 교차로안,승용,남,47세,상해없음,이륜,남,78세,중상
2013030300100198,2013년 3월 3일 14시,일요일,전라남도 영암군 학산면,중상사고,0,1,0,0,차량단독 - 전도전복,안전운전불이행,건조,맑음,단일로 - 기타,승용,여,38세,중상,,,,
2013030300100297,2013년 3월 3일 18시,일요일,전라남도 목포시 옥암동,경상사고,0,0,3,0,차대차 - 추돌 - 진행중,안전거리미확보,건조,맑음,단일로 - 기타,승용,남,33세,상해없음,승용,남,57세,경상
2013030300100298,2013년 3월 3일 18시,일요일,전라남도 화순군 화순읍,경상사고,0,0,4,0,차대차 - 기타,안전운전불이행,건조,맑음,단일로 - 터널,화물,남,48세,경상,화물,남,39세,상해없음
2013030300100299,2013년 3월 3일 18시,일요일,전라남도 화순군 화순읍,경상사고,0,0,4,0,차대차 - 기타,안전운전불이행,건조,맑음,단일로 - 기타,화물,남,61세,상해없음,승용,여,47세,경상
2013030300100355,2013년 3월 3일 20시,일요일,전라남도 곡성군 곡성읍,중상사고,0,1,0,0,차대차 - 기타,안전운전불이행,건조,맑음,단일로 - 기타,승용,남,35세,상해없음,승용,남,38세,중상
2013030300100412,2013년 3월 3일 23시,일요일,전라남도 순천시 조례동,경상사고,0,0,2,0,차대차 - 기타,신호위반,건조,맑음,교차로 - 교차로안,건설기계,남,51세,상해없음,승용,여,35세,경상
2013030400100052,2013년 3월 4일 06시,월요일,전라남도 순천시 오천동,중상사고,0,1,0,0,차량단독 - 공작물충돌,안전운전불이행,건조,맑음,단일로 - 기타,승용,남,27세,중상,,,,
2013030400100053,2013년 3월 4일 06시,월요일,전라남도 광양시 금호동,경상사고,0,0,1,0,차대차 - 측면직각충돌,안전운전불이행,건조,맑음,단일로 - 기타,건설기계,남,54세,상해없음,승용,남,50세,경상
2013030400100066,2013년 3월 4일 07시,월요일,전라남도 목포시 연산동,부상신고사고,0,0,0,1,차대차 - 추돌 - 진행중,안전운전불이행,건조,맑음,교차로 - 교차로부근,기타불명,기타불명,기타불명,기타불명,자전거,남,61세,부상신고
2013030400100067,2013년 3월 4일 07시,월요일,전라남도 장성군 동화면,경상사고,0,0,1,0,차대차 - 정면충돌,중앙선침범,건조,맑음,단일로 - 기타,화물,여,45세,상해없음,승용,남,43세,경상
2013030400100089,2013년 3월 4일 08시,월요일,전라남도 여수시 학동,경상사고,0,0,2,0,차대차 - 추돌 - 진행중,안전거리미확보,건조,맑음,기타 - 기타,승용,남,41세,상해없음,화물,남,36세,경상
2013030400100090,2013년 3월 4일 08시,월요일,전라남도 화순군 화순읍,경상사고,0,0,2,0,차대차 - 측면직각충돌,신호위반,건조,맑음,교차로 - 교차로안,승용,남,51세,상해없음,승용,남,70세,경상
2013030400100141,2013년 3월 4일 10시,월요일,전라남도 목포시 상동,중상사고,0,1,0,0,차대사람 - 횡단중,보행자보호의무위반,건조,맑음,단일로 - 기타,화물,남,71세,상해없음,보행자,여,76세,중상
2013030400100142,2013년 3월 4일 10시,월요일,전라남도 순천시 조곡동,중상사고,0,1,1,0,차대차 - 측면직각충돌,안전운전불이행,건조,맑음,교차로 - 교차로안,승용,남,47세,경상,원동기,여,58세,중상
2013030400100143,2013년 3월 4일 10시,월요일,전라남도 광양시 광양읍,중상사고,0,2,0,0,차대차 - 기타,교차로운행방법위반,건조,맑음,교차로 - 교차로안,승용,남,45세,상해없음,원동기,남,22세,중상
2013030400100144,2013년 3월 4일 10시,월요일,전라남도 구례군 구례읍,중상사고,0,1,2,0,차대차 - 추돌 - 진행중,안전거리미확보,건조,맑음,단일로 - 기타,화물,남,74세,상해없음,화물,남,66세,경상
2013030400100174,2013년 3월 4일 11시,월요일,전라남도 나주시 삼영동,경상사고,0,0,5,0,차대차 - 측면직각충돌,직진우회전진행방해,건조,맑음,교차로 - 교차로안,승용,남,20세,경상,승용,남,37세,경상
2013030400100175,2013년 3월 4일 11시,월요일,전라남도 해남군 송지면,중상사고,0,1,2,0,차대차 - 기타,중앙선침범,건조,맑음,단일로 - 기타,화물,남,57세,상해없음,승합,남,40세,경상
2013030400100176,2013년 3월 4일 11시,월요일,전라남도 해남군 해남읍,경상사고,0,0,2,0,차대차 - 측면직각충돌,교차로운행방법위반,건조,맑음,교차로 - 교차로안,승용,남,62세,상해없음,승용,여,32세,경상
2013030400100205,2013년 3월 4일 12시,월요일,전라남도 목포시 산정동,경상사고,0,0,3,0,차대차 - 추돌 - 주정차중,안전거리미확보,건조,맑음,단일로 - 기타,화물,여,45세,경상,승용,여,39세,상해없음
2013030400100206,2013년 3월 4일 12시,월요일,전라남도 광양시 중동,경상사고,0,0,3,0,차대차 - 측면직각충돌,교차로운행방법위반,건조,맑음,교차로 - 교차로안,승용,남,42세,경상,승용,여,29세,경상
2013030400100234,2013년 3월 4일 13시,월요일,전라남도 화순군 춘양면,경상사고,0,0,1,0,차대차 - 추돌 - 진행중,안전운전불이행,건조,맑음,단일로 - 기타,화물,남,68세,경상,건설기계,남,51세,상해없음
2013030400100235,2013년 3월 4일 13시,월요일,전라남도 완도군 완도읍,경상사고,0,0,1,0,차량단독 - 공작물충돌,안전운전불이행,건조,맑음,단일로 - 기타,승용,남,29세,경상,,,,
2013030400100236,2013년 3월 4일 13시,월요일,전라남도 무안군 삼향읍,중상사고,0,1,1,0,차대차 - 기타,안전거리미확보,건조,맑음,단일로 - 기타,화물,남,58세,경상,화물,여,53세,중상
2013030400100256,2013년 3월 4일 14시,월요일,전라남도 순천시 승주읍,경상사고,0,0,1,0,차대차 - 추돌 - 주정차중,안전운전불이행,건조,맑음,단일로 - 기타,농기계,남,70세,상해없음,승용,남,53세,경상
2013030400100329,2013년 3월 4일 17시,월요일,전라남도 순천시 해룡면,경상사고,0,0,1,0,차대차 - 기타,직진우회전진행방해,건조,맑음,교차로 - 교차로안,승용,여,48세,상해없음,승합,남,24세,경상
2013030400100330,2013년 3월 4일 17시,월요일,전라남도 구례군 용방면,사망사고,1,0,0,0,차대차 - 측면직각충돌,직진우회전진행방해,건조,맑음,교차로 - 교차로안,화물,남,36세,상해없음,이륜,남,65세,사망
2013030400100409,2013년 3월 4일 19시,월요일,전라남도 순천시 조례동,중상사고,0,1,3,0,차대차 - 기타,안전운전불이행,건조,맑음,교차로 - 교차로부근,승용,남,43세,상해없음,승용,남,51세,중상
2013030400100439,2013년 3월 4일 20시,월요일,전라남도 목포시 용해동,경상사고,0,0,1,0,차대사람 - 횡단중,보행자보호의무위반,건조,맑음,단일로 - 기타,승용,남,36세,상해없음,보행자,남,9세,경상
2013030400100440,2013년 3월 4일 20시,월요일,전라남도 나주시 왕곡면,경상사고,0,0,1,0,차대사람 - 차도통행중,안전운전불이행,건조,맑음,단일로 - 기타,화물,여,53세,상해없음,보행자,남,45세,경상
2013030400100441,2013년 3월 4일 20시,월요일,전라남도 나주시 다도면,경상사고,0,0,1,0,차대사람 - 길가장자리구역통행중,안전운전불이행,건조,맑음,단일로 - 기타,승용,남,73세,상해없음,보행자,남,45세,경상
2013030400100463,2013년 3월 4일 21시,월요일,전라남도 순천시 조례동,경상사고,0,0,2,0,차대차 - 기타,안전운전불이행,건조,맑음,교차로 - 교차로부근,승용,남,57세,경상,승용,남,33세,경상
2013030400100488,2013년 3월 4일 22시,월요일,전라남도 여수시 평여동,사망사고,1,0,0,0,차량단독 - 공작물충돌,안전운전불이행,건조,맑음,단일로 - 교량,승용,남,50세,사망,,,,
2013030400100489,2013년 3월 4일 22시,월요일,전라남도 여수시 여서동,부상신고사고,0,0,0,1,차대차 - 측면직각충돌,안전운전불이행,건조,맑음,단일로 - 횡단보도부근,원동기,남,50세,부상신고,승용,남,59세,상해없음
2013030400100490,2013년 3월 4일 22시,월요일,전라남도 담양군 대전면,경상사고,0,0,2,0,차대차 - 정면충돌,직진우회전진행방해,건조,맑음,교차로 - 교차로안,승용,남,65세,상해없음,승용,남,22세,경상
2013030400100509,2013년 3월 4일 23시,월요일,전라남도 목포시 옥암동,중상사고,0,2,1,0,차대차 - 추돌 - 진행중,안전운전불이행,건조,맑음,기타 - 기타,승용,남,60세,상해없음,승용,여,46세,경상
2013030500100020,2013년 3월 5일 01시,화요일,전라남도 해남군 송지면,경상사고,0,0,1,0,차량단독 - 도로외이탈 - 기타,안전운전불이행,건조,맑음,단일로 - 기타,승용,남,39세,상해없음,,,,
2013030500100030,2013년 3월 5일 02시,화요일,전라남도 목포시 산정동,경상사고,0,0,1,0,차대차 - 추돌 - 진행중,안전운전불이행,건조,맑음,단일로 - 기타,승용,남,30세,상해없음,승용,남,36세,경상
2013030500100043,2013년 3월 5일 03시,화요일,전라남도 순천시 조례동,중상사고,0,1,1,0,차량단독 - 공작물충돌,안전운전불이행,건조,맑음,교차로 - 교차로안,승용,남,30세,경상,,,,
2013030500100091,2013년 3월 5일 07시,화요일,전라남도 화순군 화순읍,중상사고,0,1,3,0,차대차 - 측면직각충돌,신호위반,건조,맑음,교차로 - 교차로안,승용,여,44세,경상,화물,남,52세,중상
2013030500100092,2013년 3월 5일 07시,화요일,전라남도 장성군 북하면,중상사고,0,1,0,0,차대사람 - 횡단중,보행자보호의무위반,건조,맑음,단일로 - 기타,승용,여,34세,상해없음,보행자,남,10세,중상
2013030500100116,2013년 3월 5일 08시,화요일,전라남도 목포시 용해동,경상사고,0,0,1,0,차대차 - 추돌 - 진행중,안전운전불이행,건조,맑음,단일로 - 기타,승용,여,45세,상해없음,승용,남,35세,경상
2013030500100140,2013년 3월 5일 09시,화요일,전라남도 순천시 풍덕동,경상사고,0,0,1,0,차대차 - 측면직각충돌,안전운전불이행,건조,맑음,단일로 - 기타,이륜,남,76세,경상,화물,남,57세,상해없음
2013030500100175,2013년 3월 5일 10시,화요일,전라남도 신안군 암태면,중상사고,0,4,2,0,차량단독 - 기타,안전운전불이행,건조,맑음,단일로 - 기타,화물,남,73세,상해없음,,,,
2013030500100176,2013년 3월 5일 10시,화요일,전라남도 순천시 연향동,경상사고,0,0,1,0,차대차 - 기타,기타,건조,맑음,단일로 - 기타,승용,남,63세,상해없음,승합,남,34세,상해없음
2013030500100202,2013년 3월 5일 11시,화요일,전라남도 목포시 용해동,경상사고,0,0,2,0,차대차 - 측면직각충돌,직진우회전진행방해,건조,맑음,교차로 - 교차로안,승용,남,63세,경상,승용,여,60세,상해없음
2013030500100203,2013년 3월 5일 11시,화요일,전라남도 나주시 봉황면,경상사고,0,0,2,0,차대차 - 측면직각충돌,직진우회전진행방해,건조,맑음,교차로 - 교차로안,승용,남,55세,경상,화물,남,61세,경상
2013030500100204,2013년 3월 5일 11시,화요일,전라남도 강진군 강진읍,경상사고,0,0,1,0,차대차 - 측면직각충돌,중앙선침범,건조,맑음,교차로 - 교차로부근,원동기,남,82세,경상,화물,남,48세,상해없음
2013030500100205,2013년 3월 5일 11시,화요일,전라남도 담양군 금성면,경상사고,0,0,2,0,차대차 - 측면직각충돌,안전운전불이행,건조,맑음,교차로 - 교차로부근,승용,여,46세,경상,승용,여,44세,경상
2013030500100230,2013년 3월 5일 12시,화요일,전라남도 목포시 석현동,중상사고,0,1,0,0,차대차 - 기타,안전운전불이행,건조,맑음,단일로 - 기타,승용,여,51세,상해없음,자전거,여,33세,중상
2013030500100231,2013년 3월 5일 12시,화요일,전라남도 순천시 조례동,경상사고,0,0,1,0,차대차 - 측면직각충돌,안전운전불이행,건조,맑음,교차로 - 교차로안,승용,남,38세,상해없음,승용,남,26세,경상
2013030500100232,2013년 3월 5일 12시,화요일,전라남도 강진군 작천면,중상사고,0,1,0,0,차대사람 - 길가장자리구역통행중,안전운전불이행,건조,맑음,단일로 - 기타,화물,남,62세,상해없음,보행자,여,62세,중상
2013030500100233,2013년 3월 5일 12시,화요일,전라남도 강진군 작천면,경상사고,0,0,1,0,차대차 - 측면직각충돌,직진우회전진행방해,건조,맑음,교차로 - 교차로안,승합,남,45세,상해없음,승용,여,51세,경상
2013030500100301,2013년 3월 5일 15시,화요일,전라남도 목포시 상동,경상사고,0,0,1,0,차대차 - 기타,중앙선침범,건조,맑음,단일로 - 기타,승용,여,41세,상해없음,이륜,남,23세,경상
2013030500100302,2013년 3월 5일 15시,화요일,전라남도 여수시 중흥동,중상사고,0,1,0,0,차대차 - 기타,안전운전불이행,건조,맑음,기타 - 기타,특수,남,58세,상해없음,화물,남,51세,상해없음
2013030500100389,2013년 3월 5일 18시,화요일,전라남도 고흥군 도양읍,중상사고,0,1,0,0,차대사람 - 기타,안전운전불이행,건조,맑음,단일로 - 기타,화물,남,61세,상해없음,보행자,여,6세,중상
2013030500100390,2013년 3월 5일 18시,화요일,전라남도 해남군 해남읍,경상사고,0,0,1,0,차대차 - 추돌 - 주정차중,안전운전불이행,건조,맑음,단일로 - 기타,화물,남,72세,상해없음,화물,남,61세,경상
2013030500100391,2013년 3월 5일 18시,화요일,전라남도 영암군 삼호읍,경상사고,0,0,5,0,차대차 - 측면직각충돌,직진우회전진행방해,건조,맑음,교차로 - 교차로안,화물,남,62세,경상,화물,남,47세,경상
2013030500100426,2013년 3월 5일 19시,화요일,전라남도 화순군 화순읍,중상사고,0,1,0,0,차대사람 - 횡단중,신호위반,건조,맑음,교차로 - 교차로부근,화물,남,42세,상해없음,보행자,여,65세,중상
2013030500100427,2013년 3월 5일 19시,화요일,전라남도 완도군 완도읍,중상사고,0,1,0,0,차대사람 - 기타,안전운전불이행,건조,맑음,단일로 - 기타,승용,여,33세,상해없음,보행자,여,29세,중상
2013030500100428,2013년 3월 5일 19시,화요일,전라남도 무안군 무안읍,경상사고,0,0,1,0,차대차 - 추돌 - 주정차중,안전운전불이행,건조,맑음,교차로 - 교차로안,화물,남,31세,상해없음,화물,남,60세,경상
2013030500100429,2013년 3월 5일 19시,화요일,전라남도 광양시 중동,중상사고,0,1,0,0,차대사람 - 횡단중,안전운전불이행,건조,맑음,교차로 - 교차로부근,승용,남,45세,상해없음,보행자,남,15세,중상
2013030500100430,2013년 3월 5일 19시,화요일,전라남도 광양시 금호동,경상사고,0,0,1,0,차대차 - 추돌 - 진행중,차로위반,건조,맑음,단일로 - 교량,승용,남,42세,상해없음,승용,남,25세,경상
2013030500100485,2013년 3월 5일 21시,화요일,전라남도 순천시 조례동,경상사고,0,0,1,0,차대사람 - 횡단중,보행자보호의무위반,건조,맑음,단일로 - 횡단보도상,승용,남,41세,상해없음,보행자,남,9세,경상
2013030500100511,2013년 3월 5일 22시,화요일,전라남도 목포시 상동,경상사고,0,0,1,0,차대사람 - 횡단중,안전운전불이행,건조,맑음,교차로 - 교차로부근,승용,남,29세,상해없음,보행자,남,14세,경상
2013030500100512,2013년 3월 5일 22시,화요일,전라남도 여수시 둔덕동,경상사고,0,0,4,0,차대차 - 추돌 - 진행중,안전운전불이행,건조,맑음,교차로 - 교차로부근,승용,남,56세,상해없음,승용,남,35세,경상
2013030600100041,2013년 3월 6일 02시,수요일,전라남도 목포시 상동,경상사고,0,0,1,0,차대사람 - 길가장자리구역통행중,안전운전불이행,건조,맑음,교차로 - 교차로부근,승용,여,47세,상해없음,보행자,남,42세,경상
2013030600100068,2013년 3월 6일 06시,수요일,전라남도 여수시 중앙동,중상사고,0,1,0,0,차대사람 - 횡단중,보행자보호의무위반,건조,맑음,단일로 - 횡단보도상,승용,여,40세,상해없음,보행자,여,67세,중상
2013030600100080,2013년 3월 6일 07시,수요일,전라남도 나주시 금천면,중상사고,0,1,2,0,차대차 - 기타,신호위반,건조,맑음,교차로 - 교차로안,승용,여,49세,경상,화물,남,52세,경상
2013030600100171,2013년 3월 6일 11시,수요일,전라남도 무안군 무안읍,경상사고,0,0,1,0,차대사람 - 기타,안전운전불이행,건조,맑음,교차로 - 교차로부근,이륜,남,79세,상해없음,보행자,여,70세,경상
2013030600100267,2013년 3월 6일 15시,수요일,전라남도 해남군 해남읍,경상사고,0,0,2,0,차대차 - 측면직각충돌,안전운전불이행,건조,맑음,교차로 - 교차로부근,승용,여,43세,상해없음,승용,남,55세,상해없음
2013030600100268,2013년 3월 6일 15시,수요일,전라남도 함평군 엄다면,중상사고,0,1,2,0,차대차 - 측면직각충돌,불법유턴,건조,맑음,단일로 - 기타,화물,남,66세,경상,건설기계,남,43세,경상
2013030600100317,2013년 3월 6일 17시,수요일,전라남도 여수시 선원동,경상사고,0,0,2,0,차대차 - 측면직각충돌,차로위반,건조,맑음,단일로 - 기타,특수,남,55세,상해없음,승용,남,50세,경상
2013030600100351,2013년 3월 6일 18시,수요일,전라남도 여수시 문수동,경상사고,0,0,1,0,차대차 - 추돌 - 진행중,교차로운행방법위반,건조,맑음,교차로 - 교차로안,승용,남,38세,상해없음,승합,남,44세,상해없음
2013030600100352,2013년 3월 6일 18시,수요일,전라남도 장흥군 용산면,경상사고,0,0,1,0,차대차 - 기타,안전거리미확보,건조,맑음,단일로 - 기타,화물,남,48세,상해없음,승용,여,56세,상해없음
2013030600100382,2013년 3월 6일 19시,수요일,전라남도 화순군 이양면,경상사고,0,0,7,1,차대차 - 추돌 - 진행중,안전운전불이행,건조,맑음,단일로 - 기타,승합,남,48세,부상신고,승합,남,49세,경상
2013030600100443,2013년 3월 6일 21시,수요일,전라남도 순천시 조례동,경상사고,0,0,1,0,차대차 - 기타,직진우회전진행방해,건조,맑음,교차로 - 교차로안,승용,남,52세,상해없음,이륜,남,19세,경상
2013030600100466,2013년 3월 6일 22시,수요일,전라남도 나주시 금천면,경상사고,0,0,2,0,차대차 - 추돌 - 진행중,안전운전불이행,건조,맑음,교차로 - 교차로부근,화물,남,54세,상해없음,승용,여,46세,경상
2013030600100492,2013년 3월 6일 23시,수요일,전라남도 목포시 상동,경상사고,0,0,4,0,차대차 - 측면직각충돌,신호위반,건조,맑음,교차로 - 교차로안,승용,남,54세,상해없음,승용,남,46세,경상
2013030700100036,2013년 3월 7일 02시,목요일,전라남도 여수시 봉산동,경상사고,0,0,1,0,차대차 - 추돌 - 주정차중,안전운전불이행,건조,맑음,교차로 - 교차로부근,승용,남,20세,상해없음,화물,남,60세,기타불명
2013030700100048,2013년 3월 7일 03시,목요일,전라남도 여수시 여서동,경상사고,0,0,1,0,차대차 - 추돌 - 주정차중,안전운전불이행,건조,맑음,교차로 - 교차로부근,승용,남,31세,상해없음,승용,남,32세,경상
2013030700100093,2013년 3월 7일 07시,목요일,전라남도 목포시 옥암동,경상사고,0,0,1,0,차대차 - 추돌 - 진행중,안전운전불이행,건조,맑음,단일로 - 기타,승용,남,41세,상해없음,승용,남,31세,경상
2013030700100137,2013년 3월 7일 09시,목요일,전라남도 화순군 화순읍,사망사고,1,0,0,0,차량단독 - 전도전복,안전운전불이행,건조,흐림,단일로 - 기타,화물,남,68세,사망,,,,
2013030700100159,2013년 3월 7일 10시,목요일,전라남도 보성군 벌교읍,중상사고,0,1,1,0,차대차 - 추돌 - 주정차중,안전운전불이행,건조,맑음,단일로 - 기타,승용,남,77세,상해없음,승용,남,52세,중상
2013030700100160,2013년 3월 7일 10시,목요일,전라남도 장성군 황룡면,경상사고,0,0,1,0,차대차 - 추돌 - 진행중,안전운전불이행,건조,맑음,단일로 - 기타,화물,남,37세,상해없음,승합,남,33세,경상
2013030700100182,2013년 3월 7일 11시,목요일,전라남도 순천시 장천동,중상사고,0,1,0,0,차량단독 - 기타,안전운전불이행,건조,맑음,단일로 - 기타,승합,남,44세,상해없음,,,,
2013030700100183,2013년 3월 7일 11시,목요일,전라남도 무안군 무안읍,경상사고,0,0,1,0,차대사람 - 기타,안전운전불이행,건조,맑음,단일로 - 기타,승용,남,71세,상해없음,보행자,남,74세,경상
2013030700100184,2013년 3월 7일 11시,목요일,전라남도 광양시 진상면,중상사고,0,2,4,1,차대차 - 측면직각충돌,교차로운행방법위반,습기,흐림,교차로 - 교차로안,승용,여,49세,부상신고,화물,남,35세,경상
2013030700100216,2013년 3월 7일 12시,목요일,전라남도 나주시 왕곡면,중상사고,0,4,1,0,차대차 - 측면직각충돌,교차로운행방법위반,습기,비,교차로 - 교차로안,화물,남,49세,중상,승용,남,75세,경상
2013030700100262,2013년 3월 7일 14시,목요일,전라남도 여수시 돌산읍,경상사고,0,0,4,0,차량단독 - 공작물충돌,안전운전불이행,건조,맑음,단일로 - 교량,승용,남,18세,경상,,,,