사고번호,사고일시,요일,시군구,사고내용,사망자수,중상자수,경상자수,부상신고자수,사고유형,법규위반,노면상태,기상상태,도로형태,가해운전자 차종,가해운전자 성별,가해운전자 연령,가해운전자 상해정도,피해운전자 차종,피해운전자 성별,피해운전자 연령,피해운전자 상해정도
2013030700100275,2013년 3월 7일 15시,목요일,전라남도 여수시 선원동,중상사고,0,1,0,0,차대차 - 기타,신호위반,건조,맑음,교차로 - 교차로안,이륜,남,60세,중상,승용,남,44세,상해없음
2013030700100276,2013년 3월 7일 15시,목요일,전라남도 순천시 연향동,경상사고,0,0,1,0,차량단독 - 공작물충돌,안전운전불이행,건조,맑음,단일로 - 기타,화물,남,57세,경상,,,,
2013030700100277,2013년 3월 7일 15시,목요일,전라남도 순천시 해룡면,중상사고,0,1,0,0,차량단독 - 공작물충돌,안전운전불이행,건조,맑음,단일로 - 횡단보도부근,승용,남,48세,상해없음,,,,
2013030700100324,2013년 3월 7일 17시,목요일,전라남도 나주시 동강면,경상사고,0,0,1,0,차대사람 - 횡단중,보행자보호의무위반,건조,맑음,단일로 - 횡단보도부근,승용,여,54세,상해없음,보행자,남,12세,경상
2013030700100325,2013년 3월 7일 17시,목요일,전라남도 고흥군 고흥읍,중상사고,0,1,0,0,차대사람 - 기타,안전운전불이행,건조,맑음,단일로 - 기타,승합,여,30세,상해없음,보행자,남,10세,중상
2013030700100360,2013년 3월 7일 18시,목요일,전라남도 순천시 옥천동,중상사고,0,1,0,0,차대차 - 기타,교차로운행방법위반,건조,맑음,교차로 - 교차로안,승합,남,55세,상해없음,이륜,남,53세,중상
2013030700100393,2013년 3월 7일 19시,목요일,전라남도 여수시 여서동,경상사고,0,0,1,0,차대차 - 측면직각충돌,신호위반,건조,맑음,교차로 - 교차로안,승용,여,32세,상해없음,승용,남,36세,상해없음
2013030700100394,2013년 3월 7일 19시,목요일,전라남도 여수시 여서동,중상사고,0,1,0,0,차대사람 - 기타,안전운전불이행,건조,맑음,단일로 - 기타,승용,남,43세,상해없음,보행자,여,63세,중상
2013030700100418,2013년 3월 7일 20시,목요일,전라남도 순천시 용당동,경상사고,0,0,1,0,차대차 - 기타,신호위반,건조,맑음,교차로 - 교차로안,승용,남,39세,상해없음,자전거,남,15세,경상
2013030700100419,2013년 3월 7일 20시,목요일,전라남도 화순군 화순읍,사망사고,1,0,0,1,차대사람 - 기타,안전운전불이행,기타,안개,단일로 - 기타,화물,남,50세,부상신고,보행자,남,48세,사망
2013030700100453,2013년 3월 7일 21시,목요일,전라남도 영암군 군서면,경상사고,0,0,1,0,차량단독 - 기타,안전운전불이행,습기,안개,단일로 - 기타,화물,남,49세,경상,,,,
2013030700100478,2013년 3월 7일 22시,목요일,전라남도 목포시 옥암동,경상사고,0,0,3,0,차대차 - 기타,직진우회전진행방해,습기,안개,단일로 - 기타,승용,남,49세,경상,승용,남,34세,경상
2013030700100479,2013년 3월 7일 22시,목요일,전라남도 순천시 동외동,경상사고,0,0,1,0,차대차 - 측면직각충돌,안전운전불이행,건조,맑음,단일로 - 기타,승용,남,46세,상해없음,승용,남,39세,경상
2013030700100507,2013년 3월 7일 23시,목요일,전라남도 여수시 문수동,중상사고,0,1,0,0,차대사람 - 기타,안전운전불이행,건조,맑음,교차로 - 교차로안,승용,여,54세,상해없음,보행자,여,17세,중상
2013030800100013,2013년 3월 8일 00시,금요일,전라남도 순천시 풍덕동,경상사고,0,0,1,0,차대차 - 기타,안전운전불이행,건조,맑음,단일로 - 기타,승용,남,72세,상해없음,승용,남,56세,상해없음
2013030800100044,2013년 3월 8일 02시,금요일,전라남도 장성군 장성읍,중상사고,0,5,3,1,차량단독 - 공작물충돌,안전운전불이행,건조,맑음,교차로 - 교차로안,승합,남,54세,부상신고,,,,
2013030800100063,2013년 3월 8일 04시,금요일,전라남도 목포시 달동,경상사고,0,0,1,0,차량단독 - 공작물충돌,안전운전불이행,습기,안개,단일로 - 기타,승용,남,53세,상해없음,,,,
2013030800100134,2013년 3월 8일 08시,금요일,전라남도 나주시 왕곡면,경상사고,0,0,2,0,차대차 - 측면직각충돌,교차로운행방법위반,기타,안개,교차로 - 교차로안,화물,남,59세,경상,승용,여,51세,경상
2013030800100175,2013년 3월 8일 10시,금요일,전라남도 무안군 몽탄면,중상사고,0,1,0,0,차대사람 - 기타,안전운전불이행,건조,맑음,단일로 - 기타,승용,남,39세,상해없음,보행자,여,70세,중상
2013030800100198,2013년 3월 8일 11시,금요일,전라남도 순천시 조례동,경상사고,0,0,1,1,차대차 - 기타,안전운전불이행,건조,맑음,교차로 - 교차로안,승용,남,68세,상해없음,화물,남,66세,부상신고
2013030800100242,2013년 3월 8일 13시,금요일,전라남도 함평군 해보면,경상사고,0,0,1,0,차대차 - 추돌 - 주정차중,안전거리미확보,건조,맑음,교차로 - 교차로안,화물,남,63세,상해없음,원동기,남,62세,경상
2013030800100299,2013년 3월 8일 15시,금요일,전라남도 화순군 화순읍,경상사고,0,0,1,0,차대차 - 측면직각충돌,안전운전불이행,건조,맑음,교차로 - 교차로부근,승용,남,67세,상해없음,원동기,남,36세,경상
2013030800100325,2013년 3월 8일 16시,금요일,전라남도 고흥군 동강면,경상사고,0,0,5,0,차대차 - 기타,안전운전불이행,건조,맑음,단일로 - 기타,승용,남,55세,상해없음,승용,남,26세,기타불명
2013030800100356,2013년 3월 8일 17시,금요일,전라남도 여수시 선원동,중상사고,0,1,0,0,차대차 - 측면직각충돌,안전운전불이행,건조,맑음,단일로 - 기타,원동기,남,65세,중상,승용,남,50세,상해없음
2013030800100357,2013년 3월 8일 17시,금요일,전라남도 여수시 미평동,중상사고,0,1,0,0,차대사람 - 차도통행중,안전운전불이행,건조,맑음,단일로 - 기타,승용,여,58세,상해없음,보행자,여,8세,중상
2013030800100358,2013년 3월 8일 17시,금요일,전라남도 담양군 남면,경상사고,0,0,2,0,차대차 - 측면직각충돌,기타,건조,맑음,단일로 - 기타,화물,남,54세,상해없음,승용,여,48세,경상
2013030800100396,2013년 3월 8일 18시,금요일,전라남도 목포시 옥암동,경상사고,0,0,1,0,차대차 - 추돌 - 진행중,교차로운행방법위반,건조,맑음,교차로 - 교차로안,승용,남,50세,상해없음,승용,남,42세,경상
2013030800100397,2013년 3월 8일 18시,금요일,전라남도 해남군 옥천면,경상사고,0,0,2,1,차대차 - 측면직각충돌,교차로운행방법위반,건조,맑음,교차로 - 교차로안,승용,여,55세,부상신고,승용,남,57세,경상
2013030800100439,2013년 3월 8일 19시,금요일,전라남도 목포시 옥암동,중상사고,0,3,2,0,차대차 - 측면직각충돌,안전운전불이행,건조,맑음,교차로 - 교차로안,승용,남,41세,상해없음,승용,남,32세,경상
2013030800100466,2013년 3월 8일 20시,금요일,전라남도 여수시 문수동,경상사고,0,0,2,0,차대차 - 추돌 - 진행중,안전운전불이행,건조,맑음,교차로 - 교차로부근,승용,남,36세,상해없음,승합,남,46세,경상
2013030800100467,2013년 3월 8일 20시,금요일,전라남도 광양시 광양읍,경상사고,0,0,2,0,차대차 - 측면직각충돌,신호위반,건조,맑음,교차로 - 교차로안,승용,남,49세,상해없음,승합,여,49세,경상
2013030800100508,2013년 3월 8일 21시,금요일,전라남도 화순군 남면,사망사고,1,1,0,0,차량단독 - 전도전복,안전운전불이행,건조,맑음,기타 - 기타,승용,남,51세,중상,,,,
2013030900100011,2013년 3월 9일 00시,토요일,전라남도 순천시 매곡동,경상사고,0,0,6,0,차대차 - 기타,안전운전불이행,건조,맑음,교차로 - 교차로안,승용,남,26세,상해없음,화물,남,48세,경상
2013030900100108,2013년 3월 9일 05시,토요일,전라남도 목포시 연산동,사망사고,1,0,0,0,차대사람 - 횡단중,신호위반,건조,맑음,교차로 - 교차로부근,승용,남,51세,상해없음,보행자,남,68세,사망
2013030900100140,2013년 3월 9일 07시,토요일,전라남도 목포시 달동,경상사고,0,0,1,0,차대차 - 측면직각충돌,안전운전불이행,건조,맑음,교차로 - 교차로안,건설기계,남,49세,상해없음,승용,남,28세,경상
2013030900100141,2013년 3월 9일 07시,토요일,전라남도 여수시 종화동,경상사고,0,0,1,0,차대사람 - 기타,안전운전불이행,건조,맑음,단일로 - 횡단보도상,승용,남,70세,상해없음,보행자,남,62세,경상
2013030900100142,2013년 3월 9일 07시,토요일,전라남도 여수시 신기동,경상사고,0,0,1,0,차대차 - 기타,안전거리미확보,건조,맑음,기타 - 기타,승용,남,23세,상해없음,원동기,남,30세,경상
2013030900100158,2013년 3월 9일 08시,토요일,전라남도 순천시 조례동,경상사고,0,0,2,0,차대차 - 기타,안전운전불이행,건조,맑음,교차로 - 교차로부근,건설기계,남,46세,상해없음,승용,남,29세,경상
2013030900100188,2013년 3월 9일 09시,토요일,전라남도 순천시 연향동,경상사고,0,0,1,0,차대차 - 기타,안전운전불이행,건조,맑음,단일로 - 기타,승용,남,63세,상해없음,원동기,남,32세,경상
2013030900100189,2013년 3월 9일 09시,토요일,전라남도 광양시 도이동,부상신고사고,0,0,0,1,차대차 - 측면직각충돌,교차로운행방법위반,건조,맑음,교차로 - 교차로안,승용,여,37세,부상신고,화물,남,52세,상해없음
2013030900100205,2013년 3월 9일 10시,토요일,전라남도 순천시 연향동,경상사고,0,0,1,0,차대사람 - 기타,안전운전불이행,건조,맑음,교차로 - 교차로부근,승용,여,51세,상해없음,보행자,여,20세,경상
2013030900100206,2013년 3월 9일 10시,토요일,전라남도 해남군 해남읍,경상사고,0,0,1,0,차량단독 - 기타,안전운전불이행,건조,맑음,교차로 - 교차로부근,승합,남,46세,상해없음,,,,
2013030900100240,2013년 3월 9일 11시,토요일,전라남도 나주시 용산동,경상사고,0,0,3,0,차대차 - 측면직각충돌,직진우회전진행방해,건조,맑음,교차로 - 교차로안,승합,남,55세,경상,승용,남,52세,경상
2013030900100241,2013년 3월 9일 11시,토요일,전라남도 화순군 화순읍,중상사고,0,1,1,0,차대차 - 추돌 - 주정차중,안전거리미확보,건조,맑음,교차로 - 교차로부근,승용,남,35세,상해없음,승용,남,49세,경상
2013030900100308,2013년 3월 9일 13시,토요일,전라남도 여수시 화양면,경상사고,0,0,1,0,차대차 - 측면직각충돌,교차로운행방법위반,건조,맑음,교차로 - 교차로안,화물,남,41세,상해없음,승용,남,51세,상해없음
2013030900100309,2013년 3월 9일 13시,토요일,전라남도 광양시 광양읍,경상사고,0,0,2,0,차대차 - 측면직각충돌,직진우회전진행방해,건조,맑음,교차로 - 교차로안,승용,여,65세,경상,승용,여,56세,경상
2013030900100368,2013년 3월 9일 15시,토요일,전라남도 진도군 군내면,경상사고,0,0,3,0,차대차 - 정면충돌,중앙선침범,건조,맑음,단일로 - 기타,승용,여,58세,경상,승용,남,49세,경상
2013030900100397,2013년 3월 9일 16시,토요일,전라남도 순천시 연향동,중상사고,0,1,1,0,차대차 - 기타,안전운전불이행,건조,맑음,단일로 - 기타,건설기계,남,56세,상해없음,승용,남,73세,경상
2013030900100428,2013년 3월 9일 17시,토요일,전라남도 무안군 일로읍,경상사고,0,0,3,0,차대차 - 측면직각충돌,안전운전불이행,건조,맑음,교차로 - 교차로안,이륜,여,54세,경상,승용,남,72세,경상
2013030900100453,2013년 3월 9일 18시,토요일,전라남도 해남군 삼산면,중상사고,0,1,0,0,차대차 - 측면직각충돌,교차로운행방법위반,건조,맑음,교차로 - 교차로안,화물,여,21세,상해없음,승용,남,48세,상해없음
2013030900100454,2013년 3월 9일 18시,토요일,전라남도 해남군 해남읍,경상사고,0,0,1,0,차대차 - 추돌 - 진행중,안전운전불이행,건조,맑음,단일로 - 기타,화물,남,43세,상해없음,화물,남,59세,상해없음
2013030900100485,2013년 3월 9일 19시,토요일,전라남도 나주시 왕곡면,경상사고,0,0,1,0,차대차 - 측면직각충돌,안전거리미확보,건조,맑음,단일로 - 기타,화물,남,53세,상해없음,승용,남,34세,경상
2013030900100486,2013년 3월 9일 19시,토요일,전라남도 광양시 광영동,중상사고,0,1,0,0,차대사람 - 기타,안전운전불이행,건조,맑음,단일로 - 기타,승용,남,45세,상해없음,보행자,남,83세,중상
2013030900100487,2013년 3월 9일 19시,토요일,전라남도 함평군 학교면,경상사고,0,0,2,0,차대차 - 추돌 - 진행중,안전운전불이행,건조,맑음,단일로 - 기타,승용,남,44세,상해없음,승용,여,28세,경상
2013030900100523,2013년 3월 9일 20시,토요일,전라남도 여수시 학동,경상사고,0,0,1,0,차대차 - 추돌 - 주정차중,안전운전불이행,건조,맑음,교차로 - 교차로부근,승용,남,52세,상해없음,승용,남,47세,경상
2013030900100524,2013년 3월 9일 20시,토요일,전라남도 나주시 중앙동,경상사고,0,0,2,0,차대차 - 추돌 - 진행중,안전운전불이행,건조,맑음,단일로 - 기타,승합,남,46세,상해없음,승용,여,30세,상해없음
2013030900100556,2013년 3월 9일 21시,토요일,전라남도 여수시 학동,경상사고,0,0,4,0,차대차 - 기타,안전운전불이행,건조,맑음,교차로 - 교차로안,승용,남,51세,상해없음,승용,여,54세,경상
2013030900100557,2013년 3월 9일 21시,토요일,전라남도 영광군 영광읍,사망사고,1,0,0,0,차량단독 - 공작물충돌,안전운전불이행,건조,맑음,단일로 - 기타,이륜,남,80세,사망,,,,
2013030900100558,2013년 3월 9일 21시,토요일,전라남도 광양시 봉강면,중상사고,0,1,0,0,차량단독 - 공작물충돌,안전운전불이행,건조,맑음,단일로 - 기타,승용,남,50세,중상,,,,
2013030900100591,2013년 3월 9일 22시,토요일,전라남도 강진군 군동면,중상사고,0,1,0,0,차대사람 - 차도통행중,안전운전불이행,건조,맑음,단일로 - 기타,화물,남,30세,상해없음,보행자,남,67세,중상
2013031000100032,2013년 3월 10일 01시,일요일,전라남도 여수시 율촌면,부상신고사고,0,0,0,1,차량단독 - 전도전복,안전운전불이행,건조,맑음,기타 - 기타,화물,남,46세,상해없음,,,,
2013031000100114,2013년 3월 10일 07시,일요일,전라남도 나주시 남평읍,경상사고,0,0,1,0,차대차 - 추돌 - 진행중,안전운전불이행,건조,맑음,단일로 - 기타,승용,남,59세,상해없음,이륜,남,67세,경상
2013031000100127,2013년 3월 10일 08시,일요일,전라남도 순천시 용당동,중상사고,0,1,0,0,차대차 - 측면직각충돌,안전운전불이행,건조,맑음,단일로 - 기타,이륜,남,61세,중상,승용,여,47세,상해없음
2013031000100128,2013년 3월 10일 08시,일요일,전라남도 고흥군 점암면,중상사고,0,1,0,0,차량단독 - 전도전복,안전운전불이행,건조,맑음,단일로 - 기타,화물,남,49세,중상,,,,
2013031000100136,2013년 3월 10일 09시,일요일,전라남도 순천시 조례동,중상사고,0,1,2,0,차대차 - 측면직각충돌,신호위반,건조,맑음,교차로 - 교차로안,승용,남,29세,경상,승용,여,35세,경상
2013031000100155,2013년 3월 10일 10시,일요일,전라남도 순천시 해룡면,중상사고,0,1,1,0,차대차 - 기타,안전운전불이행,건조,맑음,단일로 - 기타,승용,여,55세,경상,승용,여,48세,중상
2013031000100225,2013년 3월 10일 13시,일요일,전라남도 여수시 오림동,경상사고,0,0,1,0,차대차 - 추돌 - 진행중,안전운전불이행,건조,맑음,교차로 - 교차로부근,승용,남,56세,상해없음,승용,남,33세,경상
2013031000100226,2013년 3월 10일 13시,일요일,전라남도 순천시 조례동,경상사고,0,0,1,0,차대차 - 추돌 - 주정차중,안전운전불이행,건조,맑음,교차로 - 교차로부근,승용,남,55세,상해없음,승용,남,57세,상해없음
2013031000100258,2013년 3월 10일 14시,일요일,전라남도 순천시 중앙동,경상사고,0,0,2,0,차대차 - 측면직각충돌,중앙선침범,건조,맑음,단일로 - 기타,승용,남,37세,상해없음,승용,남,29세,경상
2013031000100259,2013년 3월 10일 14시,일요일,전라남도 화순군 화순읍,경상사고,0,0,1,0,차대차 - 추돌 - 진행중,안전운전불이행,건조,맑음,단일로 - 기타,승용,남,58세,상해없음,승용,남,67세,경상
2013031000100284,2013년 3월 10일 15시,일요일,전라남도 영암군 미암면,경상사고,0,0,2,0,차대차 - 기타,중앙선침범,건조,맑음,단일로 - 기타,화물,남,23세,경상,승용,남,53세,경상
2013031000100315,2013년 3월 10일 16시,일요일,전라남도 함평군 손불면,사망사고,1,1,0,0,차대차 - 추돌 - 진행중,안전운전불이행,건조,맑음,단일로 - 기타,승합,남,24세,상해없음,승용,남,64세,사망
2013031000100316,2013년 3월 10일 16시,일요일,전라남도 순천시 조곡동,경상사고,0,0,2,0,차대차 - 측면직각충돌,안전운전불이행,건조,맑음,교차로 - 교차로안,승용,남,52세,상해없음,승용,남,49세,경상
2013031000100355,2013년 3월 10일 17시,일요일,전라남도 여수시 여서동,경상사고,0,0,1,0,차대차 - 측면직각충돌,교차로운행방법위반,건조,맑음,교차로 - 교차로안,승용,남,62세,상해없음,승용,여,29세,경상
2013031000100356,2013년 3월 10일 17시,일요일,전라남도 나주시 이창동,중상사고,0,1,4,0,차대차 - 측면직각충돌,직진우회전진행방해,건조,맑음,교차로 - 교차로안,승용,남,54세,경상,승용,여,66세,경상
2013031000100357,2013년 3월 10일 17시,일요일,전라남도 나주시 세지면,경상사고,0,0,3,0,차대차 - 기타,직진우회전진행방해,건조,맑음,교차로 - 교차로안,화물,남,52세,경상,승용,남,48세,경상
2013031000100358,2013년 3월 10일 17시,일요일,전라남도 완도군 완도읍,경상사고,0,0,1,0,차대차 - 측면직각충돌,교차로운행방법위반,건조,맑음,교차로 - 교차로안,승용,여,39세,상해없음,승용,남,32세,경상
2013031000100417,2013년 3월 10일 19시,일요일,전라남도 나주시 동강면,중상사고,0,3,0,0,차대차 - 측면직각충돌,직진우회전진행방해,건조,기타,교차로 - 교차로안,승용,남,35세,중상,화물,남,57세,중상
2013031000100475,2013년 3월 10일 21시,일요일,전라남도 광양시 중동,경상사고,0,0,1,0,차대차 - 측면직각충돌,신호위반,건조,맑음,교차로 - 교차로안,승용,남,48세,상해없음,승용,여,57세,경상
2013031000100516,2013년 3월 10일 23시,일요일,전라남도 목포시 상동,경상사고,0,0,1,0,차량단독 - 공작물충돌,안전운전불이행,건조,맑음,단일로 - 기타,승용,남,23세,경상,,,,
2013031100100024,2013년 3월 11일 02시,월요일,전라남도 광양시 중동,중상사고,0,1,0,0,차대차 - 정면충돌,중앙선침범,건조,맑음,단일로 - 기타,승용,남,34세,상해없음,승용,남,56세,중상
2013031100100071,2013년 3월 11일 07시,월요일,전라남도 담양군 고서면,경상사고,0,0,1,0,차대차 - 기타,교차로운행방법위반,건조,맑음,교차로 - 교차로안,승용,남,26세,상해없음,자전거,남,58세,경상
2013031100100111,2013년 3월 11일 08시,월요일,전라남도 고흥군 동강면,경상사고,0,0,1,0,차대사람 - 횡단중,보행자보호의무위반,건조,맑음,단일로 - 횡단보도상,승용,남,61세,상해없음,보행자,여,78세,경상
2013031100100112,2013년 3월 11일 08시,월요일,전라남도 영광군 군남면,경상사고,0,0,1,1,차대차 - 측면직각충돌,안전운전불이행,건조,맑음,교차로 - 교차로안,이륜,남,71세,부상신고,승용,남,59세,상해없음
2013031100100152,2013년 3월 11일 09시,월요일,전라남도 여수시 중흥동,중상사고,0,1,1,0,차대차 - 기타,중앙선침범,건조,맑음,교차로 - 교차로부근,특수,남,37세,경상,승합,남,35세,중상
2013031100100153,2013년 3월 11일 09시,월요일,전라남도 장성군 북이면,경상사고,0,0,1,0,차대사람 - 기타,안전운전불이행,건조,맑음,단일로 - 기타,화물,남,30세,상해없음,보행자,여,75세,경상
2013031100100154,2013년 3월 11일 09시,월요일,전라남도 진도군 조도면,중상사고,0,1,0,0,차대차 - 기타,안전운전불이행,기타,기타,단일로 - 기타,화물,남,41세,상해없음,이륜,남,48세,중상
2013031100100194,2013년 3월 11일 10시,월요일,전라남도 나주시 다도면,중상사고,0,1,1,0,차대차 - 기타,안전운전불이행,건조,맑음,단일로 - 기타,승용,남,32세,중상,농기계,남,48세,경상
2013031100100195,2013년 3월 11일 10시,월요일,전라남도 고흥군 동일면,중상사고,0,1,0,0,차대사람 - 기타,안전운전불이행,건조,맑음,단일로 - 기타,승용,남,45세,상해없음,보행자,남,21세,중상
2013031100100216,2013년 3월 11일 11시,월요일,전라남도 순천시 연향동,경상사고,0,0,1,0,차대차 - 기타,교차로운행방법위반,건조,맑음,교차로 - 교차로부근,자전거,남,43세,경상,승용,남,52세,상해없음
2013031100100217,2013년 3월 11일 11시,월요일,전라남도 해남군 해남읍,중상사고,0,1,0,0,차대차 - 측면직각충돌,안전운전불이행,건조,맑음,교차로 - 교차로안,승합,남,53세,상해없음,원동기,남,66세,중상
2013031100100218,2013년 3월 11일 11시,월요일,전라남도 강진군 도암면,경상사고,0,0,1,0,차대차 - 정면충돌,중앙선침범,건조,맑음,단일로 - 기타,화물,여,61세,상해없음,승합,남,51세,경상
2013031100100247,2013년 3월 11일 13시,월요일,전라남도 여수시 돌산읍,중상사고,0,1,0,0,차량단독 - 도로외이탈 - 기타,안전운전불이행,건조,맑음,단일로 - 기타,화물,남,46세,중상,,,,
2013031100100248,2013년 3월 11일 13시,월요일,전라남도 광양시 옥곡면,중상사고,0,1,0,0,차대사람 - 기타,안전운전불이행,건조,맑음,단일로 - 기타,원동기,여,70세,상해없음,보행자,여,77세,중상
2013031100100275,2013년 3월 11일 14시,월요일,전라남도 나주시 왕곡면,경상사고,0,0,4,0,차대차 - 추돌 - 진행중,안전거리미확보,건조,맑음,교차로 - 교차로부근,승용,여,41세,경상,승용,남,72세,경상
2013031100100335,2013년 3월 11일 16시,월요일,전라남도 여수시 평여동,사망사고,1,1,0,0,차량단독 - 도로외이탈 - 기타,안전운전불이행,건조,맑음,단일로 - 기타,승용,남,51세,중상,,,,
2013031100100336,2013년 3월 11일 16시,월요일,전라남도 나주시 다도면,경상사고,0,0,1,0,차대차 - 측면직각충돌,안전운전불이행,건조,맑음,단일로 - 기타,승용,남,55세,상해없음,이륜,남,63세,경상
2013031100100368,2013년 3월 11일 17시,월요일,전라남도 나주시 남평읍,경상사고,0,0,1,0,차대차 - 측면직각충돌,신호위반,건조,맑음,교차로 - 교차로안,화물,남,46세,상해없음,승합,남,58세,경상
2013031100100369,2013년 3월 11일 17시,월요일,전라남도 보성군 보성읍,중상사고,0,1,0,0,차대차 - 측면직각충돌,안전운전불이행,건조,맑음,교차로 - 교차로부근,농기계,남,75세,중상,화물,남,71세,기타불명
2013031100100370,2013년 3월 11일 17시,월요일,전라남도 완도군 금일읍,경상사고,0,0,1,0,차대차 - 측면직각충돌,중앙선침범,건조,맑음,단일로 - 기타,승용,남,50세,상해없음,화물,남,51세,경상
2013031100100371,2013년 3월 11일 17시,월요일,전라남도 광양시 중동,경상사고,0,0,2,0,차대차 - 정면충돌,중앙선침범,건조,맑음,교차로 - 교차로부근,승용,남,30세,상해없음,승용,여,34세,경상
2013031100100409,2013년 3월 11일 18시,월요일,전라남도 여수시 신기동,경상사고,0,0,1,1,차대사람 - 횡단중,보행자보호의무위반,건조,맑음,단일로 - 기타,이륜,남,18세,부상신고,보행자,남,58세,경상
2013031100100410,2013년 3월 11일 18시,월요일,전라남도 순천시 장천동,경상사고,0,0,1,0,차대차 - 측면직각충돌,교차로운행방법위반,건조,맑음,단일로 - 기타,승용,남,41세,상해없음,승용,남,54세,경상
2013031100100451,2013년 3월 11일 19시,월요일,전라남도 영암군 금정면,사망사고,1,0,0,0,차대사람 - 차도통행중,안전운전불이행,건조,맑음,단일로 - 기타,승용,남,32세,상해없음,보행자,여,77세,사망
2013031100100452,2013년 3월 11일 19시,월요일,전라남도 장성군 장성읍,경상사고,0,0,2,0,차대차 - 추돌 - 진행중,안전운전불이행,건조,흐림,단일로 - 기타,승용,남,45세,상해없음,승용,여,49세,경상
2013031100100453,2013년 3월 11일 19시,월요일,전라남도 담양군 고서면,중상사고,0,1,1,0,차대차 - 기타,안전운전불이행,건조,맑음,단일로 - 기타,농기계,남,53세,상해없음,화물,남,47세,상해없음
2013031100100540,2013년 3월 11일 22시,월요일,전라남도 목포시 상동,경상사고,0,0,3,0,차대사람 - 기타,안전운전불이행,건조,맑음,단일로 - 기타,승용,여,37세,상해없음,보행자,여,30세,경상
2013031100100541,2013년 3월 11일 22시,월요일,전라남도 광양시 광양읍,중상사고,0,1,1,0,차대차 - 추돌 - 주정차중,안전운전불이행,건조,맑음,교차로 - 교차로부근,화물,남,47세,중상,승합,남,67세,경상
2013031100100568,2013년 3월 11일 23시,월요일,전라남도 목포시 산정동,중상사고,0,3,1,0,차대차 - 추돌 - 주정차중,안전운전불이행,건조,맑음,교차로 - 교차로부근,승용,남,25세,경상,승용,남,70세,중상
2013031200100026,2013년 3월 12일 01시,화요일,전라남도 순천시 조례동,경상사고,0,0,2,0,차대차 - 기타,교차로운행방법위반,건조,맑음,교차로 - 교차로안,승용,남,30세,상해없음,승용,남,54세,경상
2013031200100041,2013년 3월 12일 03시,화요일,전라남도 목포시 산정동,경상사고,0,0,1,0,차대차 - 추돌 - 진행중,안전운전불이행,건조,맑음,단일로 - 기타,화물,남,29세,상해없음,승용,남,41세,경상
2013031200100047,2013년 3월 12일 04시,화요일,전라남도 여수시 여서동,경상사고,0,0,2,0,차대차 - 추돌 - 진행중,안전운전불이행,건조,맑음,교차로 - 교차로부근,화물,남,49세,상해없음,화물,남,53세,경상
2013031200100054,2013년 3월 12일 05시,화요일,전라남도 목포시 대성동,경상사고,0,0,3,0,차대차 - 기타,직진우회전진행방해,건조,맑음,교차로 - 교차로안,승합,남,53세,경상,승용,여,37세,경상
2013031200100085,2013년 3월 12일 07시,화요일,전라남도 광양시 중동,경상사고,0,0,2,0,차대차 - 측면직각충돌,안전거리미확보,건조,맑음,단일로 - 기타,화물,남,33세,상해없음,승용,남,22세,경상
2013031200100113,2013년 3월 12일 08시,화요일,전라남도 보성군 회천면,사망사고,1,0,0,0,차대차 - 측면직각충돌,안전운전불이행,건조,맑음,교차로 - 교차로안,이륜,남,82세,사망,승합,남,58세,상해없음
2013031200100140,2013년 3월 12일 09시,화요일,전라남도 목포시 용해동,경상사고,0,0,4,0,차대차 - 추돌 - 진행중,안전거리미확보,건조,맑음,교차로 - 교차로부근,승용,남,60세,경상,승용,남,31세,경상
2013031200100141,2013년 3월 12일 09시,화요일,전라남도 순천시 서면,경상사고,0,0,1,0,차대차 - 추돌 - 주정차중,안전거리미확보,건조,맑음,단일로 - 기타,승용,남,40세,상해없음,승용,여,51세,경상
2013031200100162,2013년 3월 12일 10시,화요일,전라남도 순천시 조례동,중상사고,0,1,0,0,차량단독 - 기타,안전운전불이행,건조,맑음,단일로 - 기타,승합,남,55세,상해없음,,,,
2013031200100185,2013년 3월 12일 11시,화요일,전라남도 목포시 상동,경상사고,0,0,1,0,차대사람 - 횡단중,안전운전불이행,건조,맑음,교차로 - 교차로부근,화물,남,34세,상해없음,보행자,여,72세,경상
2013031200100186,2013년 3월 12일 11시,화요일,전라남도 여수시 둔덕동,경상사고,0,0,1,0,차대사람 - 기타,기타,건조,맑음,기타 - 기타,승합,남,56세,상해없음,보행자,남,31세,경상
2013031200100233,2013년 3월 12일 13시,화요일,전라남도 목포시 석현동,경상사고,0,0,2,0,차대차 - 추돌 - 진행중,안전운전불이행,건조,맑음,단일로 - 기타,승용,남,44세,상해없음,승용,남,29세,경상
2013031200100234,2013년 3월 12일 13시,화요일,전라남도 화순군 화순읍,경상사고,0,0,3,0,차대차 - 추돌 - 주정차중,안전거리미확보,건조,맑음,교차로 - 교차로부근,화물,여,54세,상해없음,승용,여,52세,경상
2013031200100235,2013년 3월 12일 13시,화요일,전라남도 함평군 함평읍,중상사고,0,1,1,0,차대차 - 측면직각충돌,안전운전불이행,건조,맑음,교차로 - 교차로부근,화물,남,43세,상해없음,이륜,남,67세,중상
2013031200100252,2013년 3월 12일 14시,화요일,전라남도 영광군 영광읍,경상사고,0,0,1,0,차대차 - 기타,안전운전불이행,건조,맑음,단일로 - 기타,승용,남,47세,상해없음,승용,남,55세,경상