사고번호,사고일시,요일,시군구,사고내용,사망자수,중상자수,경상자수,부상신고자수,사고유형,법규위반,노면상태,기상상태,도로형태,가해운전자 차종,가해운전자 성별,가해운전자 연령,가해운전자 상해정도,피해운전자 차종,피해운전자 성별,피해운전자 연령,피해운전자 상해정도
2013031200100253,2013년 3월 12일 14시,화요일,전라남도 영암군 덕진면,중상사고,0,1,0,0,차대차 - 측면직각충돌,직진우회전진행방해,건조,맑음,교차로 - 교차로안,화물,남,61세,중상,화물,남,52세,상해없음
2013031200100298,2013년 3월 12일 16시,화요일,전라남도 여수시 화정면,중상사고,0,1,0,0,차대차 - 기타,직진우회전진행방해,건조,맑음,교차로 - 교차로안,승용,남,22세,상해없음,이륜,남,67세,중상
2013031200100299,2013년 3월 12일 16시,화요일,전라남도 여수시 중흥동,경상사고,0,0,1,0,차대차 - 측면직각충돌,안전거리미확보,건조,맑음,단일로 - 기타,화물,남,50세,상해없음,화물,남,40세,경상
2013031200100300,2013년 3월 12일 16시,화요일,전라남도 여수시 화치동,경상사고,0,0,1,0,차대차 - 측면직각충돌,교차로운행방법위반,건조,맑음,교차로 - 교차로안,승용,남,56세,상해없음,승용,남,27세,경상
2013031200100322,2013년 3월 12일 17시,화요일,전라남도 영암군 영암읍,경상사고,0,0,1,0,차대사람 - 횡단중,안전운전불이행,건조,맑음,단일로 - 기타,이륜,남,38세,상해없음,보행자,여,12세,경상
2013031200100323,2013년 3월 12일 17시,화요일,전라남도 광양시 다압면,경상사고,0,0,1,0,차대차 - 측면직각충돌,안전운전불이행,건조,맑음,단일로 - 기타,화물,남,53세,상해없음,농기계,남,81세,경상
2013031200100351,2013년 3월 12일 18시,화요일,전라남도 여수시 문수동,경상사고,0,0,1,0,차대차 - 기타,기타,건조,맑음,기타 - 기타,승용,남,57세,상해없음,이륜,남,53세,경상
2013031200100352,2013년 3월 12일 18시,화요일,전라남도 순천시 조례동,중상사고,0,1,0,0,차대사람 - 횡단중,보행자보호의무위반,건조,맑음,단일로 - 횡단보도상,승용,남,52세,상해없음,보행자,여,4세,중상
2013031200100389,2013년 3월 12일 19시,화요일,전라남도 나주시 석현동,중상사고,0,1,1,0,차대차 - 측면직각충돌,안전운전불이행,건조,맑음,교차로 - 교차로안,승용,남,57세,상해없음,원동기,남,20세,경상
2013031200100498,2013년 3월 12일 22시,화요일,전라남도 목포시 옥암동,경상사고,0,0,1,0,차대차 - 측면직각충돌,안전운전불이행,건조,맑음,단일로 - 기타,승용,여,59세,상해없음,승용,남,51세,상해없음
2013031200100499,2013년 3월 12일 22시,화요일,전라남도 목포시 옥암동,경상사고,0,0,1,0,차대사람 - 차도통행중,안전운전불이행,습기,흐림,단일로 - 기타,승용,남,41세,상해없음,보행자,남,13세,경상
2013031200100560,2013년 3월 12일 23시,화요일,전라남도 목포시 용해동,경상사고,0,0,1,0,차대차 - 추돌 - 진행중,안전운전불이행,습기,비,교차로 - 교차로부근,승용,남,29세,상해없음,승용,남,30세,경상
2013031300100023,2013년 3월 13일 00시,수요일,전라남도 광양시 중동,경상사고,0,0,1,0,차대차 - 측면직각충돌,신호위반,건조,흐림,교차로 - 교차로안,승용,남,43세,상해없음,승용,여,51세,경상
2013031300100081,2013년 3월 13일 02시,수요일,전라남도 순천시 조례동,경상사고,0,0,1,0,차대차 - 기타,신호위반,습기,비,교차로 - 교차로안,승용,여,33세,상해없음,승용,여,43세,경상
2013031300100110,2013년 3월 13일 04시,수요일,전라남도 여수시 선원동,중상사고,0,1,0,0,차대사람 - 횡단중,안전운전불이행,습기,비,단일로 - 횡단보도상,승용,남,39세,상해없음,보행자,남,27세,중상
2013031300100122,2013년 3월 13일 05시,수요일,전라남도 목포시 상동,중상사고,0,1,0,0,차대차 - 기타,신호위반,습기,비,교차로 - 교차로안,승용,여,36세,상해없음,승용,남,62세,중상
2013031300100123,2013년 3월 13일 05시,수요일,전라남도 여수시 학동,경상사고,0,0,2,0,차대차 - 기타,중앙선침범,습기,비,단일로 - 기타,승용,남,36세,상해없음,승용,남,41세,경상
2013031300100142,2013년 3월 13일 06시,수요일,전라남도 목포시 상동,경상사고,0,0,1,0,차대사람 - 기타,안전운전불이행,습기,흐림,단일로 - 횡단보도상,승용,남,31세,상해없음,보행자,여,77세,경상
2013031300100160,2013년 3월 13일 07시,수요일,전라남도 여수시 둔덕동,사망사고,1,0,0,0,차량단독 - 공작물충돌,안전운전불이행,습기,비,단일로 - 기타,승용,남,25세,사망,,,,
2013031300100161,2013년 3월 13일 07시,수요일,전라남도 영광군 홍농읍,경상사고,0,0,1,0,차대차 - 기타,교차로운행방법위반,건조,맑음,교차로 - 교차로안,화물,남,58세,상해없음,승용,남,63세,경상
2013031300100187,2013년 3월 13일 08시,수요일,전라남도 순천시 조례동,경상사고,0,0,2,0,차대차 - 추돌 - 진행중,안전거리미확보,습기,비,단일로 - 기타,승용,여,31세,상해없음,화물,남,29세,경상
2013031300100188,2013년 3월 13일 08시,수요일,전라남도 순천시 왕지동,중상사고,0,1,0,1,차대차 - 기타,안전거리미확보,습기,비,단일로 - 기타,화물,남,67세,상해없음,승용,남,36세,중상
2013031300100324,2013년 3월 13일 14시,수요일,전라남도 진도군 진도읍,중상사고,0,1,0,0,차대차 - 추돌 - 진행중,안전운전불이행,건조,맑음,단일로 - 기타,화물,남,48세,상해없음,승용,남,71세,중상
2013031300100325,2013년 3월 13일 14시,수요일,전라남도 광양시 금호동,중상사고,0,1,2,0,차대차 - 측면직각충돌,신호위반,건조,맑음,교차로 - 교차로안,승용,남,71세,경상,승용,여,47세,상해없음
2013031300100353,2013년 3월 13일 15시,수요일,전라남도 무안군 무안읍,중상사고,0,1,0,0,차대차 - 측면직각충돌,안전운전불이행,건조,맑음,교차로 - 교차로부근,승용,남,76세,상해없음,승용,남,30세,중상
2013031300100408,2013년 3월 13일 17시,수요일,전라남도 영광군 영광읍,중상사고,0,1,2,0,차대차 - 기타,안전운전불이행,건조,맑음,단일로 - 기타,화물,남,68세,중상,승용,남,52세,경상
2013031300100437,2013년 3월 13일 18시,수요일,전라남도 순천시 덕암동,경상사고,0,0,1,0,차대차 - 기타,교차로운행방법위반,건조,맑음,교차로 - 교차로안,화물,남,51세,상해없음,승용,남,20세,경상
2013031300100470,2013년 3월 13일 19시,수요일,전라남도 영광군 홍농읍,부상신고사고,0,0,0,1,차량단독 - 전도전복,안전운전불이행,건조,맑음,단일로 - 기타,승용,여,56세,부상신고,,,,
2013031300100501,2013년 3월 13일 20시,수요일,전라남도 영암군 삼호읍,부상신고사고,0,0,0,1,차대차 - 측면직각충돌,안전운전불이행,건조,맑음,교차로 - 교차로안,승용,남,33세,상해없음,원동기,남,22세,부상신고
2013031300100553,2013년 3월 13일 22시,수요일,전라남도 목포시 옥암동,경상사고,0,0,5,0,차대차 - 기타,안전거리미확보,건조,맑음,교차로 - 교차로안,승용,남,41세,경상,승용,남,46세,경상
2013031300100587,2013년 3월 13일 23시,수요일,전라남도 순천시 조례동,부상신고사고,0,0,0,1,차대사람 - 기타,안전운전불이행,건조,맑음,단일로 - 기타,승합,기타불명,기타불명,기타불명,보행자,여,18세,부상신고
2013031300100588,2013년 3월 13일 23시,수요일,전라남도 영암군 삼호읍,경상사고,0,0,1,0,차량단독 - 도로외이탈 - 추락,안전운전불이행,건조,맑음,교차로 - 교차로부근,승용,남,33세,경상,,,,
2013031300100589,2013년 3월 13일 23시,수요일,전라남도 장성군 황룡면,경상사고,0,0,2,0,차대차 - 측면직각충돌,교차로운행방법위반,건조,기타,교차로 - 교차로안,화물,남,53세,경상,승용,남,40세,경상
2013031400100014,2013년 3월 14일 00시,목요일,전라남도 영암군 삼호읍,중상사고,0,1,0,0,차량단독 - 전도전복,안전운전불이행,건조,맑음,단일로 - 기타,승용,남,23세,중상,,,,
2013031400100098,2013년 3월 14일 06시,목요일,전라남도 목포시 용해동,중상사고,0,1,0,0,차대사람 - 횡단중,안전운전불이행,건조,맑음,단일로 - 횡단보도부근,승용,남,56세,상해없음,보행자,여,58세,중상
2013031400100115,2013년 3월 14일 07시,목요일,전라남도 화순군 도곡면,경상사고,0,0,1,0,차대차 - 측면직각충돌,안전운전불이행,건조,맑음,교차로 - 교차로부근,승용,남,38세,상해없음,승용,남,72세,경상
2013031400100195,2013년 3월 14일 10시,목요일,전라남도 해남군 해남읍,경상사고,0,0,2,0,차대차 - 기타,안전운전불이행,건조,맑음,단일로 - 기타,화물,남,63세,상해없음,승합,여,50세,경상
2013031400100221,2013년 3월 14일 11시,목요일,전라남도 목포시 상동,중상사고,0,1,0,0,차대사람 - 기타,신호위반,건조,맑음,단일로 - 횡단보도상,승용,남,44세,상해없음,보행자,남,27세,중상
2013031400100222,2013년 3월 14일 11시,목요일,전라남도 영암군 삼호읍,경상사고,0,0,1,0,차대차 - 측면직각충돌,안전운전불이행,건조,맑음,교차로 - 교차로안,건설기계,남,51세,상해없음,승용,여,31세,경상
2013031400100241,2013년 3월 14일 12시,목요일,전라남도 해남군 북일면,경상사고,0,0,2,0,차대차 - 측면직각충돌,신호위반,건조,맑음,교차로 - 교차로안,승용,남,69세,상해없음,화물,여,32세,경상
2013031400100242,2013년 3월 14일 12시,목요일,전라남도 담양군 담양읍,경상사고,0,0,1,0,차대차 - 측면직각충돌,신호위반,건조,맑음,교차로 - 교차로안,화물,남,65세,상해없음,원동기,남,18세,경상
2013031400100314,2013년 3월 14일 15시,목요일,전라남도 목포시 상동,중상사고,0,1,0,0,차대사람 - 기타,보행자보호의무위반,건조,맑음,교차로 - 교차로안,승용,여,34세,상해없음,보행자,여,55세,중상
2013031400100315,2013년 3월 14일 15시,목요일,전라남도 여수시 안산동,부상신고사고,0,0,0,1,차대차 - 측면직각충돌,교차로운행방법위반,건조,맑음,교차로 - 교차로안,화물,남,41세,상해없음,이륜,남,34세,부상신고
2013031400100316,2013년 3월 14일 15시,목요일,전라남도 순천시 주암면,중상사고,0,2,0,0,차량단독 - 공작물충돌,안전운전불이행,건조,맑음,단일로 - 기타,화물,남,62세,중상,,,,
2013031400100340,2013년 3월 14일 16시,목요일,전라남도 순천시 연향동,중상사고,0,1,0,0,차대차 - 측면직각충돌,교차로운행방법위반,건조,맑음,교차로 - 교차로안,화물,남,68세,상해없음,승합,남,56세,상해없음
2013031400100341,2013년 3월 14일 16시,목요일,전라남도 순천시 해룡면,경상사고,0,0,1,0,차대차 - 기타,중앙선침범,건조,맑음,단일로 - 기타,승용,여,45세,상해없음,원동기,남,44세,경상
2013031400100342,2013년 3월 14일 16시,목요일,전라남도 무안군 청계면,경상사고,0,0,1,0,차대차 - 측면직각충돌,직진우회전진행방해,건조,맑음,교차로 - 교차로안,이륜,남,20세,경상,승용,여,41세,상해없음
2013031400100378,2013년 3월 14일 17시,목요일,전라남도 나주시 송월동,경상사고,0,0,1,0,차대사람 - 기타,보행자보호의무위반,건조,맑음,단일로 - 횡단보도상,승용,남,67세,상해없음,보행자,여,10세,경상
2013031400100379,2013년 3월 14일 17시,목요일,전라남도 영암군 삼호읍,사망사고,1,0,1,0,차대차 - 측면직각충돌,신호위반,건조,맑음,교차로 - 교차로안,원동기,남,36세,사망,화물,남,46세,경상
2013031400100408,2013년 3월 14일 18시,목요일,전라남도 장흥군 장흥읍,중상사고,0,1,0,0,차대사람 - 기타,신호위반,건조,맑음,단일로 - 기타,승용,여,56세,상해없음,보행자,남,42세,중상
2013031400100409,2013년 3월 14일 18시,목요일,전라남도 영암군 학산면,경상사고,0,0,1,0,차대차 - 기타,안전운전불이행,건조,맑음,단일로 - 기타,승용,남,22세,경상,화물,남,66세,기타불명
2013031400100410,2013년 3월 14일 18시,목요일,전라남도 광양시 중동,중상사고,0,1,0,0,차대사람 - 횡단중,보행자보호의무위반,건조,맑음,단일로 - 횡단보도상,승합,남,40세,상해없음,보행자,여,9세,중상
2013031400100444,2013년 3월 14일 19시,목요일,전라남도 광양시 광양읍,중상사고,0,2,0,0,차대차 - 측면직각충돌,신호위반,건조,맑음,교차로 - 교차로안,원동기,남,68세,중상,원동기,남,63세,중상
2013031400100484,2013년 3월 14일 20시,목요일,전라남도 목포시 상동,경상사고,0,0,1,0,차대차 - 기타,안전거리미확보,건조,흐림,단일로 - 기타,승용,남,33세,상해없음,승용,여,51세,경상
2013031400100518,2013년 3월 14일 21시,목요일,전라남도 여수시 평여동,중상사고,0,1,0,0,차대사람 - 기타,안전운전불이행,건조,맑음,단일로 - 기타,승용,여,54세,상해없음,보행자,남,42세,중상
2013031400100519,2013년 3월 14일 21시,목요일,전라남도 여수시 웅천동,경상사고,0,0,1,0,차대차 - 측면직각충돌,안전운전불이행,건조,맑음,교차로 - 교차로부근,승용,남,53세,상해없음,승용,남,38세,경상
2013031400100544,2013년 3월 14일 22시,목요일,전라남도 순천시 연향동,중상사고,0,1,0,0,차대차 - 측면직각충돌,교차로운행방법위반,건조,맑음,교차로 - 교차로안,승용,남,27세,상해없음,이륜,남,52세,중상
2013031500100096,2013년 3월 15일 07시,금요일,전라남도 여수시 남산동,경상사고,0,0,1,1,차대차 - 측면직각충돌,교차로운행방법위반,건조,맑음,교차로 - 교차로안,승용,여,46세,부상신고,승용,여,58세,경상
2013031500100097,2013년 3월 15일 07시,금요일,전라남도 무안군 삼향읍,경상사고,0,0,2,0,차대차 - 추돌 - 주정차중,안전운전불이행,건조,맑음,단일로 - 기타,화물,남,48세,상해없음,화물,남,30세,경상
2013031500100098,2013년 3월 15일 07시,금요일,전라남도 광양시 태인동,경상사고,0,0,1,0,차량단독 - 공작물충돌,안전운전불이행,건조,맑음,교차로 - 교차로안,승용,남,51세,경상,,,,
2013031500100204,2013년 3월 15일 10시,금요일,전라남도 광양시 광양읍,경상사고,0,0,2,0,차대차 - 추돌 - 진행중,안전운전불이행,건조,맑음,단일로 - 기타,승용,남,45세,상해없음,승용,여,41세,경상
2013031500100240,2013년 3월 15일 12시,금요일,전라남도 곡성군 목사동면,경상사고,0,0,1,0,차대차 - 기타,안전운전불이행,건조,맑음,기타 - 기타,화물,남,47세,상해없음,원동기,남,74세,경상
2013031500100256,2013년 3월 15일 13시,금요일,전라남도 목포시 산정동,경상사고,0,0,1,0,차대차 - 기타,차로위반,건조,맑음,단일로 - 기타,화물,남,75세,상해없음,승용,남,63세,경상
2013031500100257,2013년 3월 15일 13시,금요일,전라남도 신안군 도초면,중상사고,0,2,0,0,차대차 - 기타,직진우회전진행방해,건조,맑음,교차로 - 교차로안,화물,남,68세,중상,화물,남,58세,중상
2013031500100258,2013년 3월 15일 13시,금요일,전라남도 나주시 문평면,경상사고,0,0,1,0,차대사람 - 기타,안전운전불이행,건조,맑음,기타 - 기타,건설기계,남,37세,상해없음,보행자,남,37세,경상
2013031500100259,2013년 3월 15일 13시,금요일,전라남도 장흥군 용산면,중상사고,0,1,0,0,차대사람 - 기타,안전운전불이행,건조,맑음,단일로 - 기타,화물,여,51세,상해없음,보행자,남,52세,중상
2013031500100298,2013년 3월 15일 14시,금요일,전라남도 순천시 장천동,경상사고,0,0,2,0,차대차 - 측면직각충돌,안전운전불이행,건조,맑음,기타 - 기타,승용,남,62세,상해없음,승용,남,25세,경상
2013031500100326,2013년 3월 15일 15시,금요일,전라남도 해남군 해남읍,경상사고,0,0,1,0,차대차 - 기타,직진우회전진행방해,건조,맑음,교차로 - 교차로안,이륜,남,39세,경상,승용,여,34세,상해없음
2013031500100327,2013년 3월 15일 15시,금요일,전라남도 강진군 성전면,중상사고,0,2,0,0,차대차 - 측면직각충돌,안전운전불이행,건조,맑음,교차로 - 교차로안,승용,남,31세,상해없음,승용,남,65세,중상
2013031500100364,2013년 3월 15일 16시,금요일,전라남도 나주시 봉황면,경상사고,0,0,4,0,차대차 - 기타,직진우회전진행방해,건조,맑음,교차로 - 교차로안,승용,여,64세,경상,승용,남,34세,경상
2013031500100388,2013년 3월 15일 17시,금요일,전라남도 순천시 승주읍,중상사고,0,1,1,0,차대차 - 측면직각충돌,직진우회전진행방해,건조,맑음,교차로 - 교차로안,승용,여,50세,중상,승용,남,46세,경상
2013031500100389,2013년 3월 15일 17시,금요일,전라남도 보성군 보성읍,중상사고,0,1,1,0,차대차 - 측면직각충돌,안전운전불이행,건조,맑음,단일로 - 기타,화물,남,50세,상해없음,승용,남,61세,경상
2013031500100416,2013년 3월 15일 18시,금요일,전라남도 목포시 산정동,경상사고,0,0,1,0,차대사람 - 횡단중,안전운전불이행,건조,맑음,단일로 - 기타,승용,여,30세,상해없음,보행자,여,20세,경상
2013031500100417,2013년 3월 15일 18시,금요일,전라남도 무안군 무안읍,중상사고,0,1,0,0,차대차 - 측면직각충돌,직진우회전진행방해,건조,맑음,교차로 - 교차로안,승용,남,38세,상해없음,승용,여,36세,중상
2013031500100449,2013년 3월 15일 19시,금요일,전라남도 목포시 산정동,경상사고,0,0,2,0,차대차 - 추돌 - 진행중,안전운전불이행,건조,맑음,교차로 - 교차로부근,승용,남,47세,상해없음,화물,여,56세,경상
2013031500100450,2013년 3월 15일 19시,금요일,전라남도 무안군 삼향읍,경상사고,0,0,3,0,차대차 - 측면직각충돌,교차로운행방법위반,건조,맑음,교차로 - 교차로안,승용,남,54세,상해없음,화물,남,45세,경상
2013031500100493,2013년 3월 15일 20시,금요일,전라남도 순천시 용당동,경상사고,0,0,1,0,차대차 - 측면직각충돌,안전거리미확보,건조,맑음,교차로 - 교차로안,이륜,남,38세,경상,승용,남,44세,상해없음
2013031500100494,2013년 3월 15일 20시,금요일,전라남도 장흥군 장흥읍,중상사고,0,1,0,0,차대차 - 측면직각충돌,중앙선침범,건조,맑음,단일로 - 기타,화물,남,48세,상해없음,이륜,남,51세,중상
2013031500100495,2013년 3월 15일 20시,금요일,전라남도 영광군 영광읍,중상사고,0,1,0,0,차대차 - 기타,교차로운행방법위반,건조,맑음,교차로 - 교차로안,화물,남,64세,상해없음,승용,남,57세,중상
2013031500100496,2013년 3월 15일 20시,금요일,전라남도 강진군 군동면,경상사고,0,0,1,0,차대차 - 측면직각충돌,중앙선침범,건조,맑음,단일로 - 기타,승용,남,38세,상해없음,승용,남,28세,경상
2013031500100523,2013년 3월 15일 21시,금요일,전라남도 여수시 신기동,경상사고,0,0,1,0,차대차 - 추돌 - 주정차중,안전운전불이행,건조,맑음,단일로 - 기타,승용,남,38세,상해없음,승용,여,44세,경상
2013031500100559,2013년 3월 15일 22시,금요일,전라남도 목포시 용당동,경상사고,0,0,3,0,차대차 - 추돌 - 진행중,안전운전불이행,건조,맑음,단일로 - 기타,승합,남,40세,상해없음,승용,남,60세,경상
2013031500100560,2013년 3월 15일 22시,금요일,전라남도 순천시 남정동,경상사고,0,0,2,0,차대차 - 측면직각충돌,신호위반,건조,맑음,교차로 - 교차로안,이륜,남,18세,경상,승용,남,23세,경상
2013031500100561,2013년 3월 15일 22시,금요일,전라남도 영암군 삼호읍,중상사고,0,2,0,0,차량단독 - 공작물충돌,안전운전불이행,건조,맑음,단일로 - 기타,승용,남,29세,중상,,,,
2013031500100562,2013년 3월 15일 22시,금요일,전라남도 강진군 강진읍,경상사고,0,0,1,0,차량단독 - 기타,안전운전불이행,건조,맑음,단일로 - 기타,승용,여,44세,경상,,,,
2013031600100093,2013년 3월 16일 05시,토요일,전라남도 여수시 신기동,중상사고,0,1,0,0,차대차 - 추돌 - 진행중,안전운전불이행,건조,맑음,단일로 - 기타,승합,남,57세,상해없음,원동기,남,55세,중상
2013031600100106,2013년 3월 16일 06시,토요일,전라남도 순천시 서면,경상사고,0,0,2,0,차대차 - 측면직각충돌,안전운전불이행,건조,맑음,단일로 - 기타,승용,남,20세,상해없음,승용,남,64세,경상
2013031600100133,2013년 3월 16일 08시,토요일,전라남도 순천시 서면,중상사고,0,1,0,0,차대사람 - 횡단중,신호위반,건조,맑음,교차로 - 교차로부근,화물,남,20세,상해없음,보행자,여,54세,중상
2013031600100134,2013년 3월 16일 08시,토요일,전라남도 나주시 남평읍,경상사고,0,0,1,0,차대차 - 측면직각충돌,안전운전불이행,건조,맑음,단일로 - 기타,화물,기타불명,기타불명,기타불명,자전거,남,69세,경상
2013031600100170,2013년 3월 16일 10시,토요일,전라남도 광양시 진월면,중상사고,0,1,0,0,차대차 - 기타,중앙선침범,건조,맑음,교차로 - 교차로부근,원동기,남,89세,중상,승용,남,32세,상해없음
2013031600100185,2013년 3월 16일 11시,토요일,전라남도 해남군 화원면,중상사고,0,1,0,0,차대사람 - 기타,중앙선침범,건조,맑음,단일로 - 기타,승용,남,29세,상해없음,보행자,남,68세,중상
2013031600100210,2013년 3월 16일 12시,토요일,전라남도 순천시 장천동,부상신고사고,0,0,0,1,차대사람 - 횡단중,신호위반,건조,맑음,단일로 - 횡단보도상,승용,여,55세,상해없음,보행자,여,71세,부상신고
2013031600100211,2013년 3월 16일 12시,토요일,전라남도 순천시 연향동,중상사고,0,1,1,0,차대차 - 측면직각충돌,안전운전불이행,건조,맑음,단일로 - 기타,승용,남,52세,상해없음,승용,남,53세,상해없음
2013031600100212,2013년 3월 16일 12시,토요일,전라남도 해남군 산이면,경상사고,0,0,8,0,차대차 - 기타,차로위반,건조,맑음,단일로 - 기타,건설기계,남,39세,상해없음,승용,남,34세,경상
2013031600100256,2013년 3월 16일 14시,토요일,전라남도 광양시 옥곡면,중상사고,0,1,2,0,차대차 - 측면직각충돌,안전운전불이행,건조,맑음,교차로 - 교차로안,승용,여,36세,경상,승용,남,47세,상해없음
2013031600100257,2013년 3월 16일 14시,토요일,전라남도 보성군 조성면,중상사고,0,1,0,0,차대차 - 추돌 - 주정차중,안전운전불이행,건조,맑음,단일로 - 터널,화물,남,37세,중상,화물,남,57세,상해없음
2013031600100284,2013년 3월 16일 15시,토요일,전라남도 완도군 군외면,중상사고,0,1,0,0,차량단독 - 전도전복,안전운전불이행,건조,맑음,단일로 - 기타,화물,남,61세,중상,,,,
2013031600100309,2013년 3월 16일 16시,토요일,전라남도 함평군 학교면,경상사고,0,0,4,0,차대차 - 측면직각충돌,교차로운행방법위반,건조,맑음,교차로 - 교차로안,승용,여,52세,경상,화물,남,52세,상해없음
2013031600100310,2013년 3월 16일 16시,토요일,전라남도 광양시 광영동,경상사고,0,0,7,0,차대차 - 추돌 - 진행중,안전운전불이행,건조,맑음,단일로 - 기타,승용,남,50세,상해없음,승용,남,41세,경상
2013031600100353,2013년 3월 16일 17시,토요일,전라남도 나주시 남평읍,중상사고,0,1,0,0,차대사람 - 기타,안전운전불이행,건조,맑음,단일로 - 기타,승용,남,52세,상해없음,보행자,여,74세,중상
2013031600100354,2013년 3월 16일 17시,토요일,전라남도 광양시 중동,중상사고,0,1,0,0,차대사람 - 횡단중,안전운전불이행,건조,맑음,교차로 - 교차로안,화물,남,24세,상해없음,보행자,여,75세,중상
2013031600100391,2013년 3월 16일 18시,토요일,전라남도 순천시 장천동,경상사고,0,0,1,1,차대차 - 기타,교차로운행방법위반,건조,맑음,교차로 - 교차로안,승용,남,34세,상해없음,승용,남,60세,부상신고
2013031600100392,2013년 3월 16일 18시,토요일,전라남도 함평군 함평읍,경상사고,0,0,4,0,차대차 - 정면충돌,안전운전불이행,건조,맑음,단일로 - 기타,승용,남,47세,상해없음,승용,남,43세,경상
2013031600100424,2013년 3월 16일 19시,토요일,전라남도 순천시 주암면,중상사고,0,1,0,0,차대차 - 추돌 - 진행중,안전운전불이행,건조,맑음,단일로 - 기타,이륜,남,41세,중상,농기계,남,57세,상해없음
2013031600100425,2013년 3월 16일 19시,토요일,전라남도 순천시 동외동,경상사고,0,0,3,0,차대차 - 기타,안전운전불이행,건조,맑음,단일로 - 기타,승용,남,26세,경상,승용,여,50세,경상
2013031600100426,2013년 3월 16일 19시,토요일,전라남도 장흥군 용산면,중상사고,0,1,0,0,차량단독 - 공작물충돌,안전운전불이행,건조,맑음,단일로 - 기타,승용,남,38세,중상,,,,
2013031600100427,2013년 3월 16일 19시,토요일,전라남도 고흥군 도양읍,중상사고,0,1,0,0,차대차 - 기타,안전운전불이행,건조,맑음,교차로 - 교차로안,이륜,남,63세,중상,화물,남,53세,상해없음
2013031600100467,2013년 3월 16일 20시,토요일,전라남도 여수시 돌산읍,중상사고,0,2,2,0,차대차 - 추돌 - 진행중,중앙선침범,건조,맑음,단일로 - 기타,승용,남,26세,상해없음,승용,남,37세,중상
2013031600100468,2013년 3월 16일 20시,토요일,전라남도 장흥군 유치면,부상신고사고,0,0,0,1,차량단독 - 도로외이탈 - 추락,안전운전불이행,건조,맑음,단일로 - 기타,승용,남,45세,부상신고,,,,
2013031600100469,2013년 3월 16일 20시,토요일,전라남도 진도군 진도읍,중상사고,0,1,0,0,차대사람 - 기타,중앙선침범,건조,맑음,단일로 - 기타,승용,여,47세,상해없음,보행자,남,70세,중상
2013031600100470,2013년 3월 16일 20시,토요일,전라남도 광양시 옥곡면,경상사고,0,0,4,0,차대차 - 측면직각충돌,신호위반,건조,맑음,교차로 - 교차로안,승용,여,48세,경상,승용,남,53세,경상
2013031600100496,2013년 3월 16일 21시,토요일,전라남도 여수시 여서동,사망사고,1,0,0,0,차대사람 - 횡단중,신호위반,건조,맑음,교차로 - 교차로안,승용,남,44세,상해없음,보행자,남,74세,사망
2013031600100497,2013년 3월 16일 21시,토요일,전라남도 순천시 조례동,중상사고,0,1,3,0,차대차 - 측면직각충돌,신호위반,건조,맑음,교차로 - 교차로안,승용,남,30세,상해없음,승용,남,44세,경상
2013031600100534,2013년 3월 16일 22시,토요일,전라남도 목포시 상동,경상사고,0,0,1,0,차대사람 - 횡단중,신호위반,건조,맑음,교차로 - 교차로부근,이륜,남,17세,상해없음,보행자,여,18세,경상
2013031600100535,2013년 3월 16일 22시,토요일,전라남도 목포시 산정동,중상사고,0,1,0,0,차대사람 - 횡단중,안전운전불이행,건조,맑음,교차로 - 교차로안,기타불명,기타불명,기타불명,기타불명,보행자,남,58세,중상
2013031700100019,2013년 3월 17일 00시,일요일,전라남도 목포시 죽교동,경상사고,0,0,1,0,차대차 - 측면직각충돌,안전운전불이행,건조,맑음,단일로 - 기타,승용,남,31세,상해없음,승용,남,50세,경상
2013031700100020,2013년 3월 17일 00시,일요일,전라남도 목포시 옥암동,경상사고,0,0,6,0,차대차 - 측면직각충돌,교차로운행방법위반,건조,맑음,교차로 - 교차로안,승합,여,21세,경상,승용,남,52세,경상
2013031700100061,2013년 3월 17일 02시,일요일,전라남도 광양시 광양읍,경상사고,0,0,1,0,차량단독 - 공작물충돌,안전운전불이행,건조,맑음,단일로 - 교량,승용,남,55세,경상,,,,
2013031700100079,2013년 3월 17일 03시,일요일,전라남도 여수시 신기동,경상사고,0,0,1,0,차대차 - 추돌 - 진행중,안전운전불이행,건조,맑음,단일로 - 기타,승용,남,29세,상해없음,특수,남,66세,경상
2013031700100162,2013년 3월 17일 10시,일요일,전라남도 영암군 신북면,경상사고,0,0,2,0,차대차 - 측면직각충돌,신호위반,건조,맑음,교차로 - 교차로안,승용,남,57세,상해없음,승용,남,58세,경상
2013031700100181,2013년 3월 17일 11시,일요일,전라남도 순천시 연향동,경상사고,0,0,1,0,차대차 - 측면직각충돌,교차로운행방법위반,건조,맑음,교차로 - 교차로안,승용,여,32세,상해없음,원동기,남,20세,경상
2013031700100262,2013년 3월 17일 15시,일요일,전라남도 영암군 덕진면,중상사고,0,2,1,0,차대차 - 측면직각충돌,직진우회전진행방해,건조,맑음,교차로 - 교차로안,승용,여,54세,중상,승용,남,49세,중상
2013031700100263,2013년 3월 17일 15시,일요일,전라남도 영암군 학산면,중상사고,0,2,2,0,차대차 - 측면직각충돌,안전운전불이행,건조,맑음,단일로 - 기타,승용,남,26세,중상,승용,여,41세,상해없음