사고번호,사고일시,요일,시군구,사고내용,사망자수,중상자수,경상자수,부상신고자수,사고유형,법규위반,노면상태,기상상태,도로형태,가해운전자 차종,가해운전자 성별,가해운전자 연령,가해운전자 상해정도,피해운전자 차종,피해운전자 성별,피해운전자 연령,피해운전자 상해정도
2013031700100283,2013년 3월 17일 16시,일요일,전라남도 목포시 상동,경상사고,0,0,1,0,차대차 - 측면직각충돌,안전운전불이행,습기,비,교차로 - 교차로안,승용,남,33세,상해없음,승용,남,65세,경상
2013031700100311,2013년 3월 17일 17시,일요일,전라남도 순천시 낙안면,경상사고,0,0,4,0,차대차 - 측면직각충돌,교차로운행방법위반,건조,맑음,교차로 - 교차로안,승합,남,50세,상해없음,승용,남,40세,경상
2013031700100344,2013년 3월 17일 18시,일요일,전라남도 목포시 상동,경상사고,0,0,1,0,차대사람 - 횡단중,보행자보호의무위반,습기,비,단일로 - 기타,승용,남,49세,상해없음,보행자,남,49세,경상
2013031700100345,2013년 3월 17일 18시,일요일,전라남도 광양시 중동,중상사고,0,1,0,0,차대사람 - 기타,안전운전불이행,습기,비,교차로 - 교차로부근,승합,남,47세,상해없음,보행자,여,16세,중상
2013031700100392,2013년 3월 17일 19시,일요일,전라남도 여수시 소라면,경상사고,0,0,1,0,차대사람 - 길가장자리구역통행중,안전운전불이행,습기,비,단일로 - 기타,승용,남,44세,상해없음,보행자,남,59세,경상
2013031700100393,2013년 3월 17일 19시,일요일,전라남도 순천시 가곡동,경상사고,0,0,3,0,차대차 - 기타,신호위반,습기,비,교차로 - 교차로안,승용,여,50세,경상,화물,남,52세,경상
2013031700100394,2013년 3월 17일 19시,일요일,전라남도 영암군 삼호읍,경상사고,0,0,3,0,차대차 - 정면충돌,중앙선침범,습기,비,단일로 - 기타,승용,남,57세,경상,승용,남,32세,경상
2013031700100395,2013년 3월 17일 19시,일요일,전라남도 완도군 완도읍,경상사고,0,0,1,0,차량단독 - 전도전복,안전운전불이행,습기,비,단일로 - 기타,승합,남,53세,경상,,,,
2013031700100446,2013년 3월 17일 20시,일요일,전라남도 목포시 연산동,경상사고,0,0,1,0,차대차 - 추돌 - 진행중,안전운전불이행,습기,비,교차로 - 교차로부근,승용,남,43세,상해없음,승용,남,38세,경상
2013031700100447,2013년 3월 17일 20시,일요일,전라남도 여수시 소호동,경상사고,0,0,2,0,차대차 - 추돌 - 주정차중,안전운전불이행,습기,비,교차로 - 교차로부근,승합,여,42세,상해없음,승용,여,42세,경상
2013031700100448,2013년 3월 17일 20시,일요일,전라남도 여수시 돌산읍,경상사고,0,0,2,0,차대차 - 추돌 - 주정차중,안전운전불이행,습기,비,교차로 - 교차로부근,승용,남,60세,상해없음,승용,남,40세,경상
2013031700100449,2013년 3월 17일 20시,일요일,전라남도 나주시 동수동,중상사고,0,1,0,0,차대차 - 추돌 - 진행중,안전운전불이행,습기,비,단일로 - 기타,화물,기타불명,기타불명,기타불명,이륜,남,54세,중상
2013031700100500,2013년 3월 17일 21시,일요일,전라남도 목포시 용당동,중상사고,0,1,0,0,차대차 - 기타,안전운전불이행,건조,기타,단일로 - 기타,승용,남,31세,상해없음,원동기,남,25세,중상
2013031700100501,2013년 3월 17일 21시,일요일,전라남도 여수시 학동,경상사고,0,0,1,0,차대차 - 기타,안전운전불이행,건조,맑음,단일로 - 기타,승용,남,55세,상해없음,승용,남,60세,상해없음
2013031700100502,2013년 3월 17일 21시,일요일,전라남도 무안군 현경면,사망사고,1,0,1,0,차대차 - 추돌 - 주정차중,안전운전불이행,습기,비,단일로 - 기타,화물,남,53세,경상,화물,남,66세,상해없음
2013031700100503,2013년 3월 17일 21시,일요일,전라남도 광양시 마동,부상신고사고,0,0,0,1,차량단독 - 공작물충돌,안전운전불이행,건조,맑음,기타 - 기타,승용,남,36세,부상신고,,,,
2013031700100543,2013년 3월 17일 22시,일요일,전라남도 여수시 봉산동,경상사고,0,0,2,0,차대차 - 추돌 - 주정차중,안전운전불이행,습기,비,단일로 - 기타,승용,여,41세,상해없음,승용,남,48세,경상
2013031700100578,2013년 3월 17일 23시,일요일,전라남도 여수시 여서동,중상사고,0,1,0,0,차대사람 - 횡단중,안전운전불이행,습기,비,단일로 - 기타,이륜,남,18세,상해없음,보행자,남,50세,중상
2013031800100018,2013년 3월 18일 00시,월요일,전라남도 목포시 용당동,경상사고,0,0,1,0,차대차 - 측면직각충돌,차로위반,습기,비,교차로 - 교차로안,승용,남,36세,상해없음,승용,남,49세,상해없음
2013031800100019,2013년 3월 18일 00시,월요일,전라남도 담양군 금성면,경상사고,0,0,1,0,차대사람 - 기타,안전운전불이행,습기,비,단일로 - 기타,화물,남,52세,상해없음,보행자,남,48세,경상
2013031800100077,2013년 3월 18일 05시,월요일,전라남도 목포시 산정동,중상사고,0,1,1,0,차대차 - 기타,교차로운행방법위반,건조,기타,교차로 - 교차로안,화물,남,57세,중상,승용,여,45세,경상
2013031800100121,2013년 3월 18일 07시,월요일,전라남도 여수시 돌산읍,중상사고,0,3,0,0,차대차 - 측면직각충돌,중앙선침범,습기,맑음,단일로 - 기타,화물,남,68세,중상,승용,여,59세,중상
2013031800100122,2013년 3월 18일 07시,월요일,전라남도 장성군 황룡면,경상사고,0,0,1,0,차대차 - 측면직각충돌,교차로운행방법위반,건조,맑음,교차로 - 교차로안,승용,남,43세,상해없음,승용,여,55세,경상
2013031800100123,2013년 3월 18일 07시,월요일,전라남도 담양군 대전면,경상사고,0,0,1,0,차대차 - 측면직각충돌,신호위반,습기,비,교차로 - 교차로안,승용,남,64세,상해없음,승용,여,48세,경상
2013031800100153,2013년 3월 18일 08시,월요일,전라남도 순천시 연향동,경상사고,0,0,2,0,차대차 - 측면직각충돌,안전운전불이행,건조,맑음,교차로 - 교차로안,승용,남,55세,상해없음,승용,남,27세,경상
2013031800100154,2013년 3월 18일 08시,월요일,전라남도 무안군 삼향읍,경상사고,0,0,2,1,차대차 - 측면직각충돌,직진우회전진행방해,건조,맑음,교차로 - 교차로안,승용,여,44세,부상신고,승용,여,46세,경상
2013031800100178,2013년 3월 18일 09시,월요일,전라남도 목포시 행복동2가,경상사고,0,0,1,0,차대사람 - 기타,안전운전불이행,건조,맑음,단일로 - 기타,승용,여,70세,상해없음,보행자,남,66세,경상
2013031800100179,2013년 3월 18일 09시,월요일,전라남도 영암군 도포면,경상사고,0,0,2,0,차대차 - 기타,안전운전불이행,건조,맑음,단일로 - 기타,화물,남,46세,상해없음,승용,남,35세,경상
2013031800100203,2013년 3월 18일 10시,월요일,전라남도 여수시 여서동,중상사고,0,1,0,0,차대차 - 추돌 - 진행중,안전운전불이행,건조,맑음,교차로 - 교차로안,승용,남,19세,상해없음,원동기,남,71세,중상
2013031800100204,2013년 3월 18일 10시,월요일,전라남도 순천시 연향동,경상사고,0,0,1,0,차대사람 - 기타,보행자보호의무위반,건조,맑음,단일로 - 횡단보도부근,화물,남,50세,상해없음,보행자,남,28세,경상
2013031800100205,2013년 3월 18일 10시,월요일,전라남도 영암군 시종면,경상사고,0,0,2,0,차대차 - 측면직각충돌,중앙선침범,건조,흐림,단일로 - 기타,승용,남,32세,경상,화물,남,52세,경상
2013031800100206,2013년 3월 18일 10시,월요일,전라남도 무안군 현경면,경상사고,0,0,1,0,차대차 - 측면직각충돌,중앙선침범,건조,맑음,단일로 - 기타,승용,여,49세,상해없음,이륜,남,47세,경상
2013031800100231,2013년 3월 18일 11시,월요일,전라남도 나주시 세지면,경상사고,0,0,1,0,차량단독 - 전도전복,안전운전불이행,건조,맑음,단일로 - 기타,원동기,여,65세,경상,,,,
2013031800100289,2013년 3월 18일 13시,월요일,전라남도 광양시 도이동,경상사고,0,0,1,0,차대차 - 측면직각충돌,교차로운행방법위반,건조,맑음,교차로 - 교차로안,특수,남,46세,상해없음,특수,남,60세,경상
2013031800100321,2013년 3월 18일 14시,월요일,전라남도 광양시 성황동,경상사고,0,0,1,0,차대차 - 기타,교차로운행방법위반,건조,맑음,교차로 - 교차로안,승용,남,56세,상해없음,승용,여,36세,경상
2013031800100381,2013년 3월 18일 16시,월요일,전라남도 목포시 상동,중상사고,0,1,0,0,차대사람 - 횡단중,안전운전불이행,건조,맑음,교차로 - 교차로안,화물,남,49세,상해없음,보행자,여,56세,중상
2013031800100382,2013년 3월 18일 16시,월요일,전라남도 여수시 중앙동,경상사고,0,0,1,0,차량단독 - 공작물충돌,안전운전불이행,건조,맑음,기타 - 기타,승용,남,28세,상해없음,,,,
2013031800100383,2013년 3월 18일 16시,월요일,전라남도 순천시 해룡면,경상사고,0,0,1,0,차대사람 - 횡단중,보행자보호의무위반,건조,맑음,단일로 - 기타,승용,여,43세,상해없음,보행자,남,7세,경상
2013031800100423,2013년 3월 18일 17시,월요일,전라남도 여수시 문수동,중상사고,0,1,0,0,차대사람 - 기타,안전운전불이행,건조,맑음,기타 - 기타,승용,여,41세,상해없음,보행자,남,13세,중상
2013031800100461,2013년 3월 18일 18시,월요일,전라남도 광양시 마동,경상사고,0,0,1,0,차대차 - 측면직각충돌,안전운전불이행,건조,맑음,교차로 - 교차로부근,승용,남,60세,상해없음,승합,남,64세,경상
2013031800100495,2013년 3월 18일 19시,월요일,전라남도 순천시 낙안면,중상사고,0,2,0,0,차대사람 - 기타,안전운전불이행,건조,맑음,단일로 - 기타,승합,남,69세,상해없음,보행자,여,46세,중상
2013031800100496,2013년 3월 18일 19시,월요일,전라남도 순천시 가곡동,중상사고,0,1,0,0,차대차 - 기타,안전운전불이행,건조,맑음,단일로 - 기타,원동기,남,53세,중상,승합,남,49세,상해없음
2013031800100497,2013년 3월 18일 19시,월요일,전라남도 순천시 덕암동,중상사고,0,1,2,0,차대차 - 기타,중앙선침범,건조,맑음,교차로 - 교차로부근,승용,남,41세,상해없음,승용,여,52세,중상
2013031800100498,2013년 3월 18일 19시,월요일,전라남도 화순군 도곡면,중상사고,0,1,0,0,차대차 - 측면직각충돌,안전운전불이행,건조,맑음,단일로 - 기타,승용,남,47세,상해없음,승용,남,63세,중상
2013031800100499,2013년 3월 18일 19시,월요일,전라남도 화순군 화순읍,경상사고,0,0,3,0,차대차 - 추돌 - 주정차중,안전운전불이행,건조,맑음,단일로 - 기타,승용,남,55세,상해없음,승용,남,50세,경상
2013031800100500,2013년 3월 18일 19시,월요일,전라남도 함평군 함평읍,경상사고,0,0,1,0,차대차 - 추돌 - 진행중,안전운전불이행,건조,맑음,교차로 - 교차로안,화물,남,34세,상해없음,승용,여,43세,경상
2013031800100532,2013년 3월 18일 20시,월요일,전라남도 목포시 연산동,경상사고,0,0,2,0,차대차 - 측면직각충돌,신호위반,건조,맑음,교차로 - 교차로안,승용,여,53세,상해없음,승용,남,24세,경상
2013031800100533,2013년 3월 18일 20시,월요일,전라남도 장성군 삼서면,중상사고,0,2,0,0,차대차 - 기타,교차로운행방법위반,건조,맑음,교차로 - 교차로안,승용,남,66세,상해없음,농기계,남,71세,중상
2013031800100566,2013년 3월 18일 21시,월요일,전라남도 광양시 광양읍,경상사고,0,0,2,0,차대차 - 측면직각충돌,중앙선침범,건조,맑음,교차로 - 교차로부근,승용,남,52세,상해없음,승용,남,42세,경상
2013031800100594,2013년 3월 18일 22시,월요일,전라남도 함평군 함평읍,경상사고,0,0,1,0,차대사람 - 기타,안전운전불이행,건조,맑음,교차로 - 교차로안,승합,남,55세,상해없음,보행자,여,60세,경상
2013031900100058,2013년 3월 19일 06시,화요일,전라남도 순천시 풍덕동,경상사고,0,0,2,0,차대차 - 측면직각충돌,안전거리미확보,건조,맑음,교차로 - 교차로부근,승용,여,35세,상해없음,승용,남,39세,경상
2013031900100059,2013년 3월 19일 06시,화요일,전라남도 무안군 청계면,사망사고,2,0,1,0,차대차 - 정면충돌,안전운전불이행,기타,안개,교차로 - 교차로안,화물,남,58세,사망,승용,남,38세,경상
2013031900100086,2013년 3월 19일 07시,화요일,전라남도 나주시 봉황면,경상사고,0,0,2,0,차대차 - 측면직각충돌,안전운전불이행,건조,맑음,교차로 - 교차로안,승용,남,64세,경상,화물,남,35세,경상
2013031900100087,2013년 3월 19일 07시,화요일,전라남도 화순군 화순읍,중상사고,0,1,0,0,차대차 - 기타,안전운전불이행,건조,맑음,단일로 - 기타,승용,남,39세,상해없음,자전거,남,73세,중상
2013031900100169,2013년 3월 19일 10시,화요일,전라남도 여수시 안산동,경상사고,0,0,1,0,차대차 - 측면직각충돌,안전운전불이행,건조,맑음,교차로 - 교차로안,승용,여,50세,상해없음,이륜,남,73세,경상
2013031900100170,2013년 3월 19일 10시,화요일,전라남도 여수시 선원동,경상사고,0,0,1,0,차대차 - 측면직각충돌,교차로운행방법위반,건조,맑음,교차로 - 교차로안,승용,여,47세,상해없음,승용,남,39세,경상
2013031900100197,2013년 3월 19일 11시,화요일,전라남도 목포시 옥암동,중상사고,0,1,0,0,차대차 - 측면직각충돌,안전거리미확보,건조,맑음,단일로 - 기타,승용,남,71세,상해없음,승합,여,42세,중상
2013031900100222,2013년 3월 19일 12시,화요일,전라남도 나주시 다시면,경상사고,0,0,1,0,차대사람 - 기타,안전운전불이행,건조,맑음,단일로 - 기타,승용,남,53세,상해없음,보행자,남,72세,경상
2013031900100288,2013년 3월 19일 15시,화요일,전라남도 여수시 신기동,경상사고,0,0,1,1,차대차 - 추돌 - 주정차중,안전거리미확보,건조,맑음,단일로 - 기타,화물,남,46세,부상신고,승용,여,29세,경상
2013031900100289,2013년 3월 19일 15시,화요일,전라남도 순천시 해룡면,중상사고,0,1,3,0,차대차 - 기타,안전운전불이행,건조,맑음,단일로 - 기타,승용,여,52세,중상,승용,남,57세,경상
2013031900100290,2013년 3월 19일 15시,화요일,전라남도 화순군 화순읍,중상사고,0,1,0,0,차대차 - 정면충돌,안전운전불이행,건조,맑음,교차로 - 교차로안,승용,여,37세,상해없음,원동기,남,61세,중상
2013031900100340,2013년 3월 19일 17시,화요일,전라남도 순천시 장천동,경상사고,0,0,1,0,차대차 - 측면직각충돌,신호위반,건조,맑음,교차로 - 교차로안,승용,남,33세,상해없음,화물,남,43세,경상
2013031900100341,2013년 3월 19일 17시,화요일,전라남도 나주시 송월동,경상사고,0,0,2,0,차대차 - 기타,중앙선침범,건조,흐림,교차로 - 교차로부근,승용,여,46세,경상,승용,남,26세,경상
2013031900100430,2013년 3월 19일 20시,화요일,전라남도 장흥군 장흥읍,경상사고,0,0,1,0,차대사람 - 길가장자리구역통행중,안전운전불이행,건조,맑음,교차로 - 교차로부근,원동기,남,55세,기타불명,보행자,남,64세,경상
2013031900100449,2013년 3월 19일 21시,화요일,전라남도 목포시 남교동,경상사고,0,0,2,0,차대차 - 추돌 - 진행중,안전운전불이행,건조,맑음,단일로 - 기타,승용,남,43세,상해없음,승용,남,39세,경상
2013032000100072,2013년 3월 20일 04시,수요일,전라남도 고흥군 금산면,경상사고,0,0,1,0,차량단독 - 기타,기타,건조,기타,단일로 - 기타,원동기,남,53세,경상,,,,
2013032000100073,2013년 3월 20일 04시,수요일,전라남도 영암군 삼호읍,경상사고,0,0,2,0,차대차 - 추돌 - 진행중,안전거리미확보,건조,맑음,단일로 - 기타,화물,남,31세,기타불명,승용,남,35세,경상
2013032000100078,2013년 3월 20일 05시,수요일,전라남도 광양시 광영동,경상사고,0,0,1,0,차대사람 - 기타,안전운전불이행,건조,맑음,단일로 - 기타,승용,여,41세,상해없음,보행자,여,64세,경상
2013032000100180,2013년 3월 20일 09시,수요일,전라남도 영광군 영광읍,중상사고,0,1,0,0,차대차 - 정면충돌,중앙선침범,건조,맑음,단일로 - 기타,승용,남,28세,상해없음,화물,남,52세,중상
2013032000100295,2013년 3월 20일 14시,수요일,전라남도 여수시 여서동,경상사고,0,0,1,0,차대차 - 측면직각충돌,안전거리미확보,건조,맑음,교차로 - 교차로안,승용,남,61세,상해없음,승용,남,62세,경상
2013032000100296,2013년 3월 20일 14시,수요일,전라남도 보성군 벌교읍,경상사고,0,0,1,0,차대사람 - 횡단중,기타,건조,맑음,단일로 - 기타,승용,남,53세,상해없음,보행자,남,7세,경상
2013032000100326,2013년 3월 20일 15시,수요일,전라남도 순천시 황전면,경상사고,0,0,2,0,차량단독 - 기타,안전운전불이행,건조,맑음,교차로 - 교차로안,승용,남,60세,경상,,,,
2013032000100327,2013년 3월 20일 15시,수요일,전라남도 순천시 조례동,경상사고,0,0,1,0,차대차 - 측면직각충돌,안전거리미확보,건조,맑음,교차로 - 교차로부근,화물,남,62세,상해없음,승용,여,41세,경상
2013032000100328,2013년 3월 20일 15시,수요일,전라남도 완도군 완도읍,중상사고,0,1,1,1,차대차 - 정면충돌,중앙선침범,건조,맑음,단일로 - 기타,승용,남,32세,경상,화물,남,41세,부상신고
2013032000100365,2013년 3월 20일 16시,수요일,전라남도 나주시 산포면,경상사고,0,0,5,0,차대차 - 정면충돌,중앙선침범,건조,맑음,기타 - 기타,승용,남,48세,경상,승용,남,43세,경상
2013032000100415,2013년 3월 20일 18시,수요일,전라남도 목포시 용당동,경상사고,0,0,1,0,차대사람 - 길가장자리구역통행중,안전운전불이행,건조,맑음,단일로 - 기타,승용,여,50세,상해없음,보행자,남,17세,경상
2013032000100416,2013년 3월 20일 18시,수요일,전라남도 무안군 현경면,경상사고,0,0,2,0,차대차 - 정면충돌,안전운전불이행,건조,맑음,단일로 - 기타,승용,여,50세,경상,승용,남,50세,경상
2013032000100453,2013년 3월 20일 19시,수요일,전라남도 순천시 조례동,경상사고,0,0,1,0,차대사람 - 기타,안전운전불이행,건조,맑음,교차로 - 교차로부근,승용,기타불명,기타불명,기타불명,보행자,여,33세,경상
2013032000100454,2013년 3월 20일 19시,수요일,전라남도 나주시 대호동,경상사고,0,0,1,0,차대차 - 추돌 - 주정차중,안전운전불이행,건조,맑음,교차로 - 교차로부근,화물,남,31세,기타불명,승용,남,39세,경상
2013032000100455,2013년 3월 20일 19시,수요일,전라남도 고흥군 봉래면,사망사고,1,0,0,0,차대사람 - 기타,안전운전불이행,건조,맑음,단일로 - 기타,승합,남,58세,상해없음,보행자,남,66세,사망
2013032000100456,2013년 3월 20일 19시,수요일,전라남도 고흥군 풍양면,부상신고사고,0,0,0,1,차대차 - 추돌 - 주정차중,안전운전불이행,건조,맑음,단일로 - 기타,화물,남,66세,부상신고,건설기계,남,44세,상해없음
2013032000100496,2013년 3월 20일 20시,수요일,전라남도 순천시 조례동,경상사고,0,0,2,0,차대차 - 추돌 - 주정차중,안전거리미확보,건조,맑음,교차로 - 교차로안,승용,남,61세,상해없음,승용,남,41세,경상
2013032000100529,2013년 3월 20일 21시,수요일,전라남도 여수시 관문동,경상사고,0,0,1,0,차대차 - 측면직각충돌,중앙선침범,건조,맑음,교차로 - 교차로부근,승용,남,66세,상해없음,승용,남,68세,경상
2013032000100530,2013년 3월 20일 21시,수요일,전라남도 순천시 연향동,중상사고,0,1,0,0,차량단독 - 기타,안전운전불이행,건조,맑음,단일로 - 기타,원동기,남,70세,중상,,,,
2013032100100111,2013년 3월 21일 07시,목요일,전라남도 목포시 용해동,경상사고,0,0,1,0,차대사람 - 횡단중,안전운전불이행,건조,맑음,단일로 - 기타,승용,남,43세,상해없음,보행자,여,17세,경상
2013032100100112,2013년 3월 21일 07시,목요일,전라남도 구례군 광의면,중상사고,0,2,5,1,차대차 - 추돌 - 진행중,기타,건조,맑음,교차로 - 교차로안,승용,남,63세,부상신고,화물,남,57세,경상
2013032100100150,2013년 3월 21일 08시,목요일,전라남도 여수시 신기동,경상사고,0,0,1,0,차대차 - 추돌 - 주정차중,안전운전불이행,건조,맑음,기타 - 기타,승용,여,46세,상해없음,화물,남,53세,경상
2013032100100151,2013년 3월 21일 08시,목요일,전라남도 순천시 조례동,경상사고,0,0,2,0,차대차 - 측면직각충돌,직진우회전진행방해,건조,맑음,단일로 - 기타,승용,여,45세,경상,승용,여,45세,경상
2013032100100188,2013년 3월 21일 09시,목요일,전라남도 순천시 조례동,중상사고,0,1,0,0,차대차 - 기타,신호위반,건조,맑음,교차로 - 교차로안,화물,남,33세,상해없음,승용,남,52세,상해없음
2013032100100223,2013년 3월 21일 10시,목요일,전라남도 영광군 영광읍,경상사고,0,0,1,0,차대차 - 기타,교차로운행방법위반,건조,맑음,교차로 - 교차로안,승용,남,41세,상해없음,이륜,남,18세,경상
2013032100100242,2013년 3월 21일 11시,목요일,전라남도 해남군 해남읍,경상사고,0,0,1,0,차대차 - 기타,안전운전불이행,건조,흐림,교차로 - 교차로부근,승용,남,74세,상해없음,자전거,여,64세,경상
2013032100100243,2013년 3월 21일 11시,목요일,전라남도 영암군 군서면,중상사고,0,2,1,0,차대차 - 기타,직진우회전진행방해,건조,맑음,교차로 - 교차로안,화물,남,72세,경상,승용,남,26세,중상
2013032100100265,2013년 3월 21일 12시,목요일,전라남도 영광군 법성면,경상사고,0,0,1,0,차대차 - 측면직각충돌,교차로운행방법위반,건조,맑음,교차로 - 교차로안,승용,여,33세,상해없음,승용,남,26세,경상
2013032100100266,2013년 3월 21일 12시,목요일,전라남도 무안군 현경면,경상사고,0,0,1,0,차대차 - 기타,안전운전불이행,건조,맑음,단일로 - 기타,승합,남,42세,상해없음,화물,남,41세,기타불명
2013032100100307,2013년 3월 21일 14시,목요일,전라남도 목포시 산정동,경상사고,0,0,1,0,차대차 - 측면직각충돌,안전운전불이행,건조,맑음,단일로 - 기타,화물,남,59세,상해없음,승용,여,47세,경상
2013032100100308,2013년 3월 21일 14시,목요일,전라남도 영암군 삼호읍,경상사고,0,0,2,0,차대차 - 측면직각충돌,안전거리미확보,건조,맑음,단일로 - 기타,원동기,남,18세,경상,승합,남,27세,경상
2013032100100309,2013년 3월 21일 14시,목요일,전라남도 강진군 성전면,경상사고,0,0,2,0,차대차 - 추돌 - 진행중,안전거리미확보,건조,맑음,단일로 - 기타,화물,남,25세,상해없음,승용,남,54세,상해없음
2013032100100332,2013년 3월 21일 15시,목요일,전라남도 목포시 옥암동,경상사고,0,0,1,0,차대차 - 측면직각충돌,신호위반,건조,맑음,교차로 - 교차로안,이륜,남,49세,상해없음,승합,남,28세,경상
2013032100100333,2013년 3월 21일 15시,목요일,전라남도 장흥군 장흥읍,경상사고,0,0,3,0,차대차 - 측면직각충돌,안전운전불이행,건조,맑음,교차로 - 교차로안,승용,남,70세,상해없음,승용,여,50세,경상
2013032100100363,2013년 3월 21일 16시,목요일,전라남도 여수시 관문동,중상사고,0,1,0,0,차대사람 - 기타,안전운전불이행,건조,맑음,교차로 - 교차로안,화물,남,47세,상해없음,보행자,남,17세,중상
2013032100100364,2013년 3월 21일 16시,목요일,전라남도 장흥군 용산면,중상사고,0,1,0,0,차량단독 - 도로외이탈 - 추락,안전운전불이행,건조,맑음,교차로 - 교차로부근,원동기,남,65세,중상,,,,
2013032100100388,2013년 3월 21일 17시,목요일,전라남도 순천시 조례동,경상사고,0,0,1,0,차대차 - 측면직각충돌,신호위반,건조,맑음,교차로 - 교차로안,승용,남,51세,상해없음,승용,남,74세,경상
2013032100100389,2013년 3월 21일 17시,목요일,전라남도 보성군 조성면,중상사고,0,2,2,0,차량단독 - 기타,안전운전불이행,건조,맑음,교차로 - 교차로부근,승용,여,21세,경상,,,,
2013032100100427,2013년 3월 21일 18시,목요일,전라남도 목포시 옥암동,중상사고,0,1,0,0,차대차 - 측면직각충돌,신호위반,건조,맑음,단일로 - 횡단보도상,승용,여,32세,상해없음,자전거,남,35세,중상
2013032100100428,2013년 3월 21일 18시,목요일,전라남도 여수시 웅천동,경상사고,0,0,1,0,차대차 - 측면직각충돌,직진우회전진행방해,건조,맑음,교차로 - 교차로부근,이륜,남,28세,상해없음,화물,남,30세,경상
2013032100100429,2013년 3월 21일 18시,목요일,전라남도 장흥군 대덕읍,중상사고,0,1,0,0,차대사람 - 길가장자리구역통행중,안전운전불이행,건조,맑음,단일로 - 기타,화물,남,63세,기타불명,보행자,여,49세,중상
2013032100100430,2013년 3월 21일 18시,목요일,전라남도 해남군 해남읍,경상사고,0,0,1,0,차대차 - 추돌 - 주정차중,안전운전불이행,건조,맑음,교차로 - 교차로부근,화물,남,54세,상해없음,승용,남,51세,경상
2013032100100431,2013년 3월 21일 18시,목요일,전라남도 보성군 문덕면,중상사고,0,1,1,0,차대차 - 측면직각충돌,교차로운행방법위반,건조,맑음,교차로 - 교차로안,승합,여,51세,경상,승용,여,45세,중상
2013032100100432,2013년 3월 21일 18시,목요일,전라남도 영광군 영광읍,경상사고,0,0,1,0,차대차 - 기타,안전운전불이행,건조,맑음,단일로 - 기타,이륜,남,67세,상해없음,승용,남,31세,경상
2013032100100470,2013년 3월 21일 19시,목요일,전라남도 순천시 남정동,경상사고,0,0,1,0,차대차 - 기타,교차로운행방법위반,건조,맑음,교차로 - 교차로안,승용,여,42세,상해없음,자전거,남,59세,경상
2013032100100505,2013년 3월 21일 20시,목요일,전라남도 목포시 상동,경상사고,0,0,1,0,차대차 - 기타,직진우회전진행방해,건조,맑음,교차로 - 교차로안,승용,남,41세,상해없음,자전거,남,23세,경상
2013032100100531,2013년 3월 21일 21시,목요일,전라남도 목포시 옥암동,경상사고,0,0,3,0,차대차 - 추돌 - 진행중,안전거리미확보,건조,맑음,교차로 - 교차로부근,승용,여,43세,상해없음,승용,남,38세,경상
2013032100100532,2013년 3월 21일 21시,목요일,전라남도 목포시 죽교동,경상사고,0,0,1,0,차대차 - 기타,안전운전불이행,건조,흐림,교차로 - 교차로부근,기타불명,기타불명,기타불명,기타불명,승합,남,63세,상해없음
2013032100100533,2013년 3월 21일 21시,목요일,전라남도 순천시 조례동,경상사고,0,0,1,0,차대사람 - 길가장자리구역통행중,안전운전불이행,건조,맑음,단일로 - 기타,승용,여,45세,기타불명,보행자,남,21세,경상
2013032100100534,2013년 3월 21일 21시,목요일,전라남도 영암군 덕진면,경상사고,0,0,1,0,차량단독 - 공작물충돌,안전운전불이행,건조,맑음,교차로 - 교차로부근,승용,남,39세,경상,,,,
2013032100100535,2013년 3월 21일 21시,목요일,전라남도 광양시 중동,중상사고,0,1,0,0,차대차 - 추돌 - 진행중,신호위반,건조,맑음,교차로 - 교차로안,승용,남,41세,상해없음,승용,여,54세,중상
2013032100100566,2013년 3월 21일 22시,목요일,전라남도 여수시 미평동,경상사고,0,0,3,0,차대차 - 측면직각충돌,신호위반,건조,맑음,교차로 - 교차로안,승용,남,44세,상해없음,승용,여,43세,경상
2013032200100112,2013년 3월 22일 07시,금요일,전라남도 순천시 해룡면,경상사고,0,0,2,0,차대차 - 측면직각충돌,교차로운행방법위반,건조,맑음,교차로 - 교차로안,승용,여,31세,경상,화물,여,42세,경상
2013032200100113,2013년 3월 22일 07시,금요일,전라남도 순천시 풍덕동,중상사고,0,1,0,0,차대사람 - 횡단중,보행자보호의무위반,건조,맑음,단일로 - 횡단보도상,승합,여,42세,상해없음,보행자,여,65세,중상
2013032200100150,2013년 3월 22일 08시,금요일,전라남도 화순군 화순읍,경상사고,0,0,2,2,차대차 - 측면직각충돌,안전운전불이행,건조,맑음,기타 - 기타,승용,여,38세,부상신고,승합,남,46세,상해없음
2013032200100183,2013년 3월 22일 09시,금요일,전라남도 담양군 담양읍,중상사고,0,1,2,0,차대차 - 측면직각충돌,중앙선침범,건조,맑음,단일로 - 기타,승용,남,35세,중상,승용,남,47세,경상
2013032200100229,2013년 3월 22일 11시,금요일,전라남도 순천시 별량면,중상사고,0,1,0,0,차대차 - 측면직각충돌,안전운전불이행,건조,맑음,단일로 - 기타,승용,남,74세,상해없음,원동기,남,80세,중상