사고번호,사고일시,요일,시군구,사고내용,사망자수,중상자수,경상자수,부상신고자수,사고유형,법규위반,노면상태,기상상태,도로형태,가해운전자 차종,가해운전자 성별,가해운전자 연령,가해운전자 상해정도,피해운전자 차종,피해운전자 성별,피해운전자 연령,피해운전자 상해정도
2013032600100319,2013년 3월 26일 16시,화요일,전라남도 해남군 삼산면,경상사고,0,0,1,0,차량단독 - 공작물충돌,안전운전불이행,건조,맑음,단일로 - 기타,화물,남,48세,경상,,,,
2013032600100382,2013년 3월 26일 18시,화요일,전라남도 영광군 영광읍,경상사고,0,0,1,0,차대차 - 기타,직진우회전진행방해,건조,맑음,교차로 - 교차로안,승용,남,24세,상해없음,이륜,남,71세,경상
2013032600100425,2013년 3월 26일 19시,화요일,전라남도 순천시 해룡면,경상사고,0,0,1,0,차대사람 - 기타,보행자보호의무위반,건조,맑음,단일로 - 기타,승용,남,55세,상해없음,보행자,남,10세,경상
2013032600100453,2013년 3월 26일 20시,화요일,전라남도 나주시 다시면,중상사고,0,2,0,0,차대차 - 측면직각충돌,직진우회전진행방해,건조,맑음,교차로 - 교차로안,승용,남,38세,중상,승용,남,30세,중상
2013032600100454,2013년 3월 26일 20시,화요일,전라남도 나주시 왕곡면,사망사고,1,3,23,0,차량단독 - 공작물충돌,안전운전불이행,건조,맑음,단일로 - 기타,승합,남,68세,경상,,,,
2013032600100523,2013년 3월 26일 22시,화요일,전라남도 나주시 송월동,경상사고,0,0,2,0,차대사람 - 횡단중,신호위반,건조,맑음,교차로 - 교차로안,승용,남,32세,상해없음,보행자,여,16세,경상
2013032600100550,2013년 3월 26일 23시,화요일,전라남도 순천시 조례동,중상사고,0,1,0,0,차대차 - 기타,중앙선침범,건조,맑음,단일로 - 기타,이륜,남,19세,중상,화물,남,54세,상해없음
2013032700100089,2013년 3월 27일 07시,수요일,전라남도 목포시 용해동,경상사고,0,0,1,0,차대사람 - 횡단중,신호위반,건조,맑음,단일로 - 기타,승용,여,27세,상해없음,보행자,남,19세,경상
2013032700100090,2013년 3월 27일 07시,수요일,전라남도 광양시 광영동,부상신고사고,0,0,0,1,차대사람 - 횡단중,안전운전불이행,건조,맑음,단일로 - 기타,기타불명,기타불명,기타불명,기타불명,보행자,남,26세,부상신고
2013032700100122,2013년 3월 27일 08시,수요일,전라남도 영광군 영광읍,중상사고,0,1,0,1,차대차 - 정면충돌,중앙선침범,건조,맑음,단일로 - 기타,승용,남,68세,부상신고,승용,여,55세,중상
2013032700100142,2013년 3월 27일 09시,수요일,전라남도 진도군 의신면,중상사고,0,1,0,0,차대사람 - 기타,안전운전불이행,기타,맑음,기타 - 기타,화물,남,71세,상해없음,보행자,여,71세,중상
2013032700100216,2013년 3월 27일 12시,수요일,전라남도 고흥군 금산면,중상사고,0,1,0,0,차대사람 - 횡단중,안전운전불이행,건조,맑음,단일로 - 기타,화물,남,57세,상해없음,보행자,남,63세,중상
2013032700100262,2013년 3월 27일 14시,수요일,전라남도 해남군 옥천면,중상사고,0,1,0,0,차대차 - 기타,안전운전불이행,건조,맑음,단일로 - 기타,승용,여,69세,상해없음,이륜,남,77세,중상
2013032700100263,2013년 3월 27일 14시,수요일,전라남도 함평군 함평읍,경상사고,0,0,1,0,차대차 - 측면직각충돌,중앙선침범,건조,맑음,단일로 - 기타,승용,여,36세,상해없음,화물,남,67세,상해없음
2013032700100296,2013년 3월 27일 15시,수요일,전라남도 신안군 비금면,중상사고,0,1,0,0,차량단독 - 기타,안전운전불이행,건조,맑음,교차로 - 교차로부근,이륜,남,56세,중상,,,,
2013032700100334,2013년 3월 27일 16시,수요일,전라남도 해남군 현산면,중상사고,0,1,0,0,차대차 - 기타,안전운전불이행,건조,맑음,교차로 - 교차로부근,이륜,남,77세,상해없음,이륜,남,57세,중상
2013032700100335,2013년 3월 27일 16시,수요일,전라남도 화순군 화순읍,경상사고,0,0,1,0,차대차 - 측면직각충돌,안전운전불이행,건조,맑음,단일로 - 기타,기타불명,기타불명,기타불명,기타불명,승용,여,65세,경상
2013032700100368,2013년 3월 27일 17시,수요일,전라남도 목포시 용해동,경상사고,0,0,1,0,차량단독 - 도로외이탈 - 기타,안전운전불이행,건조,맑음,단일로 - 기타,이륜,남,17세,경상,,,,
2013032700100369,2013년 3월 27일 17시,수요일,전라남도 영광군 영광읍,경상사고,0,0,1,0,차대차 - 측면직각충돌,안전운전불이행,건조,맑음,단일로 - 기타,건설기계,남,55세,상해없음,화물,여,44세,경상
2013032700100370,2013년 3월 27일 17시,수요일,전라남도 강진군 강진읍,경상사고,0,0,1,0,차대차 - 기타,교차로운행방법위반,건조,맑음,교차로 - 교차로안,이륜,남,63세,경상,화물,남,37세,상해없음
2013032700100401,2013년 3월 27일 18시,수요일,전라남도 영광군 영광읍,부상신고사고,0,0,0,1,차대차 - 측면직각충돌,안전운전불이행,건조,맑음,교차로 - 교차로안,이륜,남,68세,부상신고,승용,남,51세,상해없음
2013032700100476,2013년 3월 27일 20시,수요일,전라남도 목포시 산정동,중상사고,0,1,0,0,차대차 - 기타,직진우회전진행방해,건조,맑음,교차로 - 교차로안,화물,남,33세,상해없음,이륜,남,37세,중상
2013032700100477,2013년 3월 27일 20시,수요일,전라남도 여수시 문수동,경상사고,0,0,2,0,차대차 - 측면직각충돌,안전운전불이행,건조,맑음,교차로 - 교차로안,승합,여,41세,경상,승용,여,44세,경상
2013032700100478,2013년 3월 27일 20시,수요일,전라남도 광양시 광영동,경상사고,0,0,2,0,차대차 - 정면충돌,중앙선침범,건조,맑음,교차로 - 교차로부근,승용,남,44세,경상,승용,남,35세,경상
2013032700100542,2013년 3월 27일 22시,수요일,전라남도 여수시 안산동,경상사고,0,0,1,0,차대차 - 측면직각충돌,중앙선침범,건조,맑음,단일로 - 기타,자전거,여,39세,경상,기타불명,기타불명,기타불명,기타불명
2013032800100028,2013년 3월 28일 01시,목요일,전라남도 보성군 미력면,사망사고,1,0,0,0,차량단독 - 기타,안전운전불이행,건조,맑음,단일로 - 기타,승용,남,42세,사망,,,,
2013032800100029,2013년 3월 28일 01시,목요일,전라남도 영암군 삼호읍,중상사고,0,1,0,0,차량단독 - 공작물충돌,안전운전불이행,건조,맑음,단일로 - 기타,승합,남,34세,상해없음,,,,
2013032800100045,2013년 3월 28일 02시,목요일,전라남도 순천시 연향동,경상사고,0,0,1,0,차대차 - 기타,안전운전불이행,건조,맑음,단일로 - 기타,화물,남,36세,상해없음,승용,남,50세,경상
2013032800100046,2013년 3월 28일 02시,목요일,전라남도 무안군 청계면,경상사고,0,0,1,0,차량단독 - 전도전복,안전운전불이행,건조,맑음,교차로 - 교차로부근,승용,남,25세,경상,,,,
2013032800100078,2013년 3월 28일 06시,목요일,전라남도 순천시 해룡면,중상사고,0,1,1,0,차대차 - 측면직각충돌,신호위반,건조,맑음,교차로 - 교차로안,승용,여,53세,상해없음,승용,남,45세,경상
2013032800100098,2013년 3월 28일 07시,목요일,전라남도 담양군 수북면,경상사고,0,0,1,0,차대차 - 기타,안전운전불이행,건조,맑음,교차로 - 교차로부근,승용,남,45세,상해없음,승용,여,54세,경상
2013032800100133,2013년 3월 28일 08시,목요일,전라남도 화순군 화순읍,경상사고,0,0,1,0,차대차 - 측면직각충돌,교차로운행방법위반,건조,맑음,교차로 - 교차로안,승용,남,63세,상해없음,화물,남,50세,경상
2013032800100134,2013년 3월 28일 08시,목요일,전라남도 무안군 삼향읍,경상사고,0,0,1,0,차대차 - 추돌 - 진행중,교차로운행방법위반,건조,맑음,교차로 - 교차로안,승용,여,31세,경상,화물,남,47세,상해없음
2013032800100135,2013년 3월 28일 08시,목요일,전라남도 광양시 광양읍,중상사고,0,1,0,0,차대차 - 측면직각충돌,교차로운행방법위반,건조,맑음,교차로 - 교차로안,승용,남,60세,상해없음,이륜,남,73세,중상
2013032800100193,2013년 3월 28일 10시,목요일,전라남도 화순군 남면,경상사고,0,0,2,0,차대차 - 측면직각충돌,교차로운행방법위반,건조,맑음,교차로 - 교차로안,승용,남,37세,상해없음,승용,남,55세,경상
2013032800100213,2013년 3월 28일 11시,목요일,전라남도 해남군 해남읍,경상사고,0,0,2,0,차대차 - 측면직각충돌,교차로운행방법위반,건조,맑음,교차로 - 교차로안,승용,남,51세,상해없음,승용,여,61세,경상
2013032800100262,2013년 3월 28일 13시,목요일,전라남도 신안군 증도면,경상사고,0,0,1,0,차대차 - 기타,안전운전불이행,건조,맑음,단일로 - 기타,화물,남,37세,상해없음,화물,남,67세,경상
2013032800100263,2013년 3월 28일 13시,목요일,전라남도 나주시 송월동,경상사고,0,0,1,0,차량단독 - 공작물충돌,안전운전불이행,건조,맑음,단일로 - 기타,승용,남,24세,기타불명,,,,
2013032800100264,2013년 3월 28일 13시,목요일,전라남도 완도군 신지면,경상사고,0,0,1,0,차대사람 - 횡단중,안전운전불이행,건조,맑음,단일로 - 기타,승용,남,52세,상해없음,보행자,여,54세,경상
2013032800100285,2013년 3월 28일 14시,목요일,전라남도 목포시 용당동,중상사고,0,1,0,0,차대사람 - 차도통행중,안전운전불이행,건조,맑음,교차로 - 교차로부근,승용,남,37세,상해없음,보행자,여,70세,중상
2013032800100308,2013년 3월 28일 15시,목요일,전라남도 해남군 문내면,중상사고,0,1,0,0,차대사람 - 기타,안전운전불이행,건조,맑음,기타 - 기타,화물,남,32세,상해없음,보행자,여,69세,중상
2013032800100335,2013년 3월 28일 16시,목요일,전라남도 나주시 노안면,경상사고,0,0,1,0,차대차 - 기타,안전운전불이행,건조,맑음,교차로 - 교차로부근,승용,남,20세,상해없음,승용,여,28세,경상
2013032800100336,2013년 3월 28일 16시,목요일,전라남도 해남군 해남읍,경상사고,0,0,1,0,차대차 - 추돌 - 진행중,안전운전불이행,건조,맑음,단일로 - 기타,승용,남,62세,상해없음,화물,남,53세,경상
2013032800100365,2013년 3월 28일 17시,목요일,전라남도 목포시 용해동,중상사고,0,1,0,0,차대사람 - 횡단중,보행자보호의무위반,건조,맑음,교차로 - 교차로부근,승합,남,41세,상해없음,보행자,남,6세,중상
2013032800100366,2013년 3월 28일 17시,목요일,전라남도 광양시 금호동,중상사고,0,1,0,0,차대차 - 추돌 - 주정차중,안전운전불이행,건조,맑음,단일로 - 기타,화물,남,37세,상해없음,승용,남,60세,중상
2013032800100400,2013년 3월 28일 18시,목요일,전라남도 순천시 조례동,경상사고,0,0,1,0,차대차 - 측면직각충돌,안전운전불이행,건조,맑음,단일로 - 기타,승용,남,50세,상해없음,승용,여,34세,경상
2013032800100401,2013년 3월 28일 18시,목요일,전라남도 나주시 영산동,경상사고,0,0,1,0,차대사람 - 차도통행중,안전운전불이행,건조,맑음,단일로 - 기타,승용,여,53세,상해없음,보행자,남,9세,경상
2013032800100402,2013년 3월 28일 18시,목요일,전라남도 나주시 남평읍,경상사고,0,0,1,0,차량단독 - 전도전복,안전운전불이행,건조,맑음,교차로 - 교차로부근,화물,남,50세,경상,,,,
2013032800100403,2013년 3월 28일 18시,목요일,전라남도 영암군 삼호읍,경상사고,0,0,1,0,차대차 - 측면직각충돌,직진우회전진행방해,건조,맑음,교차로 - 교차로안,승용,남,38세,상해없음,이륜,남,35세,경상
2013032800100404,2013년 3월 28일 18시,목요일,전라남도 영암군 영암읍,경상사고,0,0,2,0,차대차 - 측면직각충돌,직진우회전진행방해,건조,맑음,교차로 - 교차로안,승용,남,53세,상해없음,화물,남,46세,경상
2013032800100405,2013년 3월 28일 18시,목요일,전라남도 광양시 중동,경상사고,0,0,1,1,차대차 - 측면직각충돌,직진우회전진행방해,건조,맑음,교차로 - 교차로안,승용,남,37세,부상신고,승용,남,54세,상해없음
2013032800100442,2013년 3월 28일 19시,목요일,전라남도 화순군 화순읍,경상사고,0,0,1,0,차대사람 - 기타,안전운전불이행,건조,맑음,단일로 - 기타,승용,남,72세,상해없음,보행자,남,61세,경상
2013032800100443,2013년 3월 28일 19시,목요일,전라남도 광양시 광영동,경상사고,0,0,2,0,차대차 - 측면직각충돌,직진우회전진행방해,건조,맑음,교차로 - 교차로안,승용,남,35세,상해없음,승용,남,33세,경상
2013032800100503,2013년 3월 28일 21시,목요일,전라남도 목포시 산정동,경상사고,0,0,1,0,차대차 - 측면직각충돌,직진우회전진행방해,건조,맑음,교차로 - 교차로안,승용,남,58세,상해없음,화물,남,46세,경상
2013032800100504,2013년 3월 28일 21시,목요일,전라남도 순천시 용당동,경상사고,0,0,1,0,차대차 - 기타,교차로운행방법위반,건조,맑음,교차로 - 교차로안,승용,여,37세,상해없음,이륜,남,20세,경상
2013032800100535,2013년 3월 28일 22시,목요일,전라남도 목포시 용당동,경상사고,0,0,1,0,차대사람 - 횡단중,신호위반,건조,맑음,단일로 - 횡단보도상,승용,남,55세,상해없음,보행자,여,13세,경상
2013032800100536,2013년 3월 28일 22시,목요일,전라남도 여수시 봉계동,중상사고,0,2,2,0,차대차 - 측면직각충돌,중앙선침범,건조,맑음,단일로 - 기타,승용,남,35세,중상,승용,남,45세,경상
2013032800100537,2013년 3월 28일 22시,목요일,전라남도 나주시 대호동,중상사고,0,1,2,0,차대사람 - 횡단중,보행자보호의무위반,건조,맑음,단일로 - 기타,승용,남,21세,상해없음,보행자,여,21세,중상
2013032900100036,2013년 3월 29일 01시,금요일,전라남도 광양시 광양읍,중상사고,0,2,0,0,차대차 - 측면직각충돌,안전운전불이행,건조,맑음,단일로 - 기타,승용,남,60세,중상,승용,남,44세,중상
2013032900100088,2013년 3월 29일 06시,금요일,전라남도 담양군 용면,중상사고,0,1,0,0,차량단독 - 기타,안전운전불이행,건조,맑음,단일로 - 기타,승용,남,19세,중상,,,,
2013032900100104,2013년 3월 29일 07시,금요일,전라남도 나주시 왕곡면,경상사고,0,0,1,0,차대차 - 추돌 - 진행중,안전운전불이행,건조,맑음,단일로 - 기타,화물,남,47세,기타불명,승용,남,55세,경상
2013032900100105,2013년 3월 29일 07시,금요일,전라남도 장흥군 용산면,중상사고,0,1,1,0,차대차 - 측면직각충돌,안전운전불이행,건조,맑음,단일로 - 기타,승용,남,53세,중상,화물,남,56세,경상
2013032900100106,2013년 3월 29일 07시,금요일,전라남도 장성군 장성읍,중상사고,0,1,0,0,차대차 - 측면직각충돌,교차로운행방법위반,건조,맑음,교차로 - 교차로안,화물,남,46세,상해없음,이륜,남,44세,중상
2013032900100107,2013년 3월 29일 07시,금요일,전라남도 완도군 완도읍,경상사고,0,0,1,0,차대차 - 측면직각충돌,중앙선침범,건조,맑음,교차로 - 교차로부근,화물,남,34세,상해없음,승용,남,46세,경상
2013032900100142,2013년 3월 29일 08시,금요일,전라남도 목포시 석현동,경상사고,0,0,1,0,차대차 - 추돌 - 진행중,안전운전불이행,건조,맑음,단일로 - 기타,기타불명,기타불명,기타불명,기타불명,승용,여,46세,경상
2013032900100143,2013년 3월 29일 08시,금요일,전라남도 순천시 조곡동,중상사고,0,1,0,0,차대차 - 측면직각충돌,차로위반,건조,맑음,단일로 - 기타,이륜,여,79세,중상,승용,남,23세,상해없음
2013032900100204,2013년 3월 29일 10시,금요일,전라남도 여수시 소호동,경상사고,0,0,1,0,차대사람 - 차도통행중,안전운전불이행,건조,맑음,단일로 - 기타,화물,남,35세,상해없음,보행자,남,2세,경상
2013032900100230,2013년 3월 29일 11시,금요일,전라남도 광양시 성황동,경상사고,0,0,1,0,차대차 - 추돌 - 주정차중,안전운전불이행,건조,맑음,교차로 - 교차로부근,화물,남,33세,상해없음,승용,남,39세,경상
2013032900100271,2013년 3월 29일 13시,금요일,전라남도 목포시 산정동,중상사고,0,1,1,0,차대차 - 측면직각충돌,신호위반,건조,맑음,교차로 - 교차로안,승용,남,47세,상해없음,승용,남,56세,경상
2013032900100272,2013년 3월 29일 13시,금요일,전라남도 나주시 성북동,중상사고,0,1,0,0,차대사람 - 횡단중,안전운전불이행,건조,맑음,교차로 - 교차로안,화물,남,54세,상해없음,보행자,여,6세,중상
2013032900100273,2013년 3월 29일 13시,금요일,전라남도 나주시 대호동,경상사고,0,0,1,0,차대차 - 측면직각충돌,안전운전불이행,건조,맑음,단일로 - 기타,승용,여,58세,상해없음,자전거,남,81세,경상
2013032900100274,2013년 3월 29일 13시,금요일,전라남도 고흥군 도양읍,경상사고,0,0,1,0,차량단독 - 기타,안전운전불이행,기타,맑음,단일로 - 기타,농기계,남,72세,경상,,,,
2013032900100275,2013년 3월 29일 13시,금요일,전라남도 곡성군 오산면,중상사고,0,1,0,0,차대사람 - 길가장자리구역통행중,안전운전불이행,건조,맑음,단일로 - 횡단보도부근,화물,남,64세,상해없음,보행자,남,86세,중상
2013032900100302,2013년 3월 29일 14시,금요일,전라남도 여수시 광무동,중상사고,0,2,0,0,차대차 - 측면직각충돌,안전운전불이행,건조,맑음,단일로 - 터널,승용,여,41세,상해없음,승용,남,58세,중상
2013032900100303,2013년 3월 29일 14시,금요일,전라남도 해남군 현산면,중상사고,0,1,1,0,차대차 - 측면직각충돌,교차로운행방법위반,건조,맑음,교차로 - 교차로안,화물,남,44세,경상,화물,남,42세,중상
2013032900100340,2013년 3월 29일 15시,금요일,전라남도 해남군 삼산면,중상사고,0,1,0,0,차량단독 - 공작물충돌,안전운전불이행,건조,맑음,단일로 - 기타,화물,남,68세,중상,,,,
2013032900100341,2013년 3월 29일 15시,금요일,전라남도 함평군 엄다면,중상사고,0,1,0,0,차대사람 - 횡단중,불법유턴,건조,맑음,단일로 - 기타,화물,남,49세,상해없음,보행자,남,91세,중상
2013032900100342,2013년 3월 29일 15시,금요일,전라남도 무안군 삼향읍,사망사고,1,0,0,0,차량단독 - 기타,안전운전불이행,건조,맑음,단일로 - 기타,자전거,남,70세,사망,,,,
2013032900100384,2013년 3월 29일 16시,금요일,전라남도 나주시 다시면,중상사고,0,1,1,0,차대차 - 측면직각충돌,신호위반,건조,맑음,교차로 - 교차로안,승용,남,62세,중상,건설기계,남,47세,경상
2013032900100385,2013년 3월 29일 16시,금요일,전라남도 무안군 청계면,중상사고,0,1,0,0,차대차 - 측면직각충돌,신호위반,건조,맑음,교차로 - 교차로안,자전거,남,73세,중상,화물,남,46세,상해없음
2013032900100413,2013년 3월 29일 17시,금요일,전라남도 영광군 염산면,사망사고,1,0,1,0,차대차 - 정면충돌,안전운전불이행,건조,맑음,교차로 - 교차로안,화물,남,35세,경상,화물,남,70세,사망
2013032900100414,2013년 3월 29일 17시,금요일,전라남도 광양시 중동,중상사고,0,2,1,0,차대차 - 측면직각충돌,신호위반,건조,맑음,교차로 - 교차로안,승용,남,48세,경상,승용,여,28세,중상
2013032900100444,2013년 3월 29일 18시,금요일,전라남도 화순군 동면,중상사고,0,1,4,0,차대차 - 측면직각충돌,안전운전불이행,건조,맑음,단일로 - 기타,승합,남,69세,경상,승용,남,26세,상해없음
2013032900100480,2013년 3월 29일 19시,금요일,전라남도 목포시 옥암동,경상사고,0,0,1,0,차대차 - 기타,중앙선침범,건조,맑음,단일로 - 기타,승용,여,41세,상해없음,승용,남,50세,경상
2013032900100481,2013년 3월 29일 19시,금요일,전라남도 광양시 광양읍,경상사고,0,0,3,0,차대차 - 추돌 - 주정차중,안전운전불이행,건조,맑음,교차로 - 교차로부근,승용,여,54세,상해없음,승용,남,27세,경상
2013032900100482,2013년 3월 29일 19시,금요일,전라남도 광양시 광양읍,경상사고,0,0,2,0,차대차 - 측면직각충돌,직진우회전진행방해,건조,맑음,교차로 - 교차로안,원동기,남,19세,경상,승용,남,22세,경상
2013032900100483,2013년 3월 29일 19시,금요일,전라남도 광양시 중동,경상사고,0,0,1,0,차대차 - 기타,교차로운행방법위반,건조,맑음,교차로 - 교차로안,승용,남,50세,상해없음,원동기,남,19세,경상
2013032900100557,2013년 3월 29일 21시,금요일,전라남도 목포시 상동,경상사고,0,0,5,0,차대차 - 추돌 - 주정차중,안전운전불이행,건조,맑음,단일로 - 기타,승용,남,46세,상해없음,승용,여,47세,경상
2013032900100558,2013년 3월 29일 21시,금요일,전라남도 목포시 대성동,경상사고,0,0,1,0,차대차 - 측면직각충돌,신호위반,건조,맑음,교차로 - 교차로안,승용,남,53세,기타불명,원동기,남,19세,경상
2013032900100559,2013년 3월 29일 21시,금요일,전라남도 목포시 상동,경상사고,0,0,1,0,차대차 - 추돌 - 주정차중,안전운전불이행,건조,맑음,단일로 - 기타,승용,남,55세,상해없음,화물,남,43세,경상
2013032900100606,2013년 3월 29일 22시,금요일,전라남도 여수시 중흥동,중상사고,0,1,1,0,차대차 - 측면직각충돌,신호위반,건조,맑음,교차로 - 교차로안,승용,남,38세,상해없음,승용,남,34세,경상
2013032900100607,2013년 3월 29일 22시,금요일,전라남도 여수시 신기동,경상사고,0,0,5,0,차대차 - 측면직각충돌,중앙선침범,건조,맑음,교차로 - 교차로부근,승용,남,23세,상해없음,승용,남,47세,경상
2013032900100608,2013년 3월 29일 22시,금요일,전라남도 광양시 광영동,경상사고,0,0,2,0,차대사람 - 횡단중,보행자보호의무위반,건조,맑음,교차로 - 교차로부근,승용,남,43세,상해없음,보행자,남,33세,경상
2013032900100644,2013년 3월 29일 23시,금요일,전라남도 목포시 죽교동,중상사고,0,1,1,0,차대차 - 정면충돌,중앙선침범,건조,맑음,단일로 - 기타,승용,남,35세,중상,승합,남,44세,경상
2013032900100645,2013년 3월 29일 23시,금요일,전라남도 영암군 삼호읍,중상사고,0,1,0,0,차대차 - 기타,중앙선침범,건조,맑음,단일로 - 기타,승용,여,38세,상해없음,이륜,남,25세,중상
2013033000100017,2013년 3월 30일 00시,토요일,전라남도 영광군 영광읍,중상사고,0,2,0,0,차대차 - 기타,직진우회전진행방해,건조,맑음,교차로 - 교차로안,승용,남,42세,상해없음,승용,남,31세,중상
2013033000100018,2013년 3월 30일 00시,토요일,전라남도 광양시 광양읍,경상사고,0,0,1,0,차량단독 - 공작물충돌,안전운전불이행,건조,맑음,단일로 - 기타,승용,남,27세,경상,,,,
2013033000100042,2013년 3월 30일 01시,토요일,전라남도 해남군 송지면,중상사고,0,1,0,0,차대사람 - 기타,안전운전불이행,건조,맑음,단일로 - 기타,화물,남,69세,상해없음,보행자,남,50세,중상
2013033000100102,2013년 3월 30일 04시,토요일,전라남도 순천시 조례동,경상사고,0,0,1,0,차대차 - 기타,신호위반,건조,맑음,교차로 - 교차로안,승용,남,56세,상해없음,승용,여,60세,경상
2013033000100200,2013년 3월 30일 09시,토요일,전라남도 영암군 서호면,중상사고,0,1,0,0,차량단독 - 기타,안전운전불이행,건조,맑음,단일로 - 기타,승합,남,47세,상해없음,,,,
2013033000100222,2013년 3월 30일 10시,토요일,전라남도 장흥군 대덕읍,경상사고,0,0,1,0,차대차 - 측면직각충돌,직진우회전진행방해,건조,맑음,교차로 - 교차로안,원동기,여,75세,경상,승용,남,59세,상해없음
2013033000100223,2013년 3월 30일 10시,토요일,전라남도 영암군 영암읍,경상사고,0,0,2,0,차대차 - 측면직각충돌,직진우회전진행방해,건조,맑음,교차로 - 교차로안,승용,남,74세,상해없음,자전거,남,12세,경상
2013033000100275,2013년 3월 30일 12시,토요일,전라남도 순천시 연향동,중상사고,0,1,0,0,차대사람 - 횡단중,안전운전불이행,건조,맑음,단일로 - 기타,승용,남,39세,상해없음,보행자,남,15세,중상
2013033000100276,2013년 3월 30일 12시,토요일,전라남도 순천시 해룡면,중상사고,0,1,0,0,차대사람 - 횡단중,보행자보호의무위반,건조,맑음,교차로 - 교차로부근,승용,여,49세,상해없음,보행자,남,8세,중상
2013033000100364,2013년 3월 30일 15시,토요일,전라남도 화순군 도암면,중상사고,0,1,0,0,차대사람 - 기타,안전운전불이행,건조,맑음,단일로 - 기타,승용,남,35세,상해없음,보행자,여,54세,중상
2013033000100365,2013년 3월 30일 15시,토요일,전라남도 완도군 군외면,중상사고,0,4,0,0,차대차 - 정면충돌,중앙선침범,건조,맑음,단일로 - 기타,화물,남,71세,상해없음,승용,남,50세,중상
2013033000100366,2013년 3월 30일 15시,토요일,전라남도 광양시 다압면,경상사고,0,0,1,0,차대사람 - 횡단중,안전운전불이행,건조,맑음,교차로 - 교차로안,승용,남,37세,상해없음,보행자,여,54세,경상
2013033000100395,2013년 3월 30일 16시,토요일,전라남도 목포시 산정동,경상사고,0,0,1,0,차대사람 - 기타,안전운전불이행,건조,맑음,교차로 - 교차로안,승용,여,58세,상해없음,보행자,남,90세 이상,경상
2013033000100396,2013년 3월 30일 16시,토요일,전라남도 광양시 광양읍,경상사고,0,0,7,0,차대차 - 정면충돌,중앙선침범,건조,맑음,교차로 - 교차로부근,승용,남,35세,상해없음,승합,남,56세,경상
2013033000100429,2013년 3월 30일 17시,토요일,전라남도 순천시 매곡동,경상사고,0,0,1,0,차대차 - 기타,안전운전불이행,건조,맑음,단일로 - 기타,화물,남,58세,상해없음,승용,남,52세,경상
2013033000100430,2013년 3월 30일 17시,토요일,전라남도 곡성군 오곡면,경상사고,0,0,1,0,차량단독 - 기타,안전운전불이행,건조,맑음,기타 - 기타,승용,남,51세,상해없음,,,,
2013033000100431,2013년 3월 30일 17시,토요일,전라남도 구례군 광의면,경상사고,0,0,2,0,차대차 - 측면직각충돌,안전운전불이행,건조,맑음,단일로 - 기타,승용,여,42세,경상,승용,남,67세,상해없음
2013033000100478,2013년 3월 30일 18시,토요일,전라남도 해남군 황산면,사망사고,1,0,0,0,차량단독 - 도로외이탈 - 기타,안전운전불이행,건조,맑음,단일로 - 기타,농기계,남,52세,사망,,,,
2013033000100479,2013년 3월 30일 18시,토요일,전라남도 광양시 마동,중상사고,0,1,1,0,차대차 - 측면직각충돌,교차로운행방법위반,건조,맑음,교차로 - 교차로안,승용,여,46세,경상,승용,여,41세,중상
2013033000100480,2013년 3월 30일 18시,토요일,전라남도 광양시 황길동,경상사고,0,0,1,0,차대차 - 추돌 - 진행중,안전운전불이행,건조,맑음,단일로 - 기타,화물,남,48세,상해없음,승용,남,58세,경상
2013033000100531,2013년 3월 30일 19시,토요일,전라남도 목포시 옥암동,경상사고,0,0,1,0,차대사람 - 기타,안전운전불이행,건조,맑음,단일로 - 기타,승용,여,45세,상해없음,보행자,남,12세,경상
2013033000100532,2013년 3월 30일 19시,토요일,전라남도 여수시 서교동,중상사고,0,1,0,0,차대사람 - 횡단중,보행자보호의무위반,건조,맑음,단일로 - 횡단보도상,승용,남,36세,상해없음,보행자,남,68세,중상
2013033000100533,2013년 3월 30일 19시,토요일,전라남도 순천시 오천동,경상사고,0,0,2,0,차대차 - 추돌 - 진행중,안전운전불이행,건조,맑음,단일로 - 기타,승용,남,57세,상해없음,승용,남,47세,경상
2013033000100577,2013년 3월 30일 20시,토요일,전라남도 여수시 신월동,중상사고,0,2,0,0,차대차 - 추돌 - 주정차중,안전운전불이행,건조,맑음,교차로 - 교차로부근,승용,남,49세,중상,승용,여,36세,중상
2013033000100578,2013년 3월 30일 20시,토요일,전라남도 여수시 적량동,부상신고사고,0,0,0,1,차대사람 - 기타,안전운전불이행,건조,맑음,기타 - 기타,승용,남,48세,상해없음,보행자,남,40세,부상신고
2013033000100579,2013년 3월 30일 20시,토요일,전라남도 여수시 여서동,경상사고,0,0,2,0,차대차 - 측면직각충돌,교차로운행방법위반,건조,맑음,교차로 - 교차로안,승용,남,49세,상해없음,승용,남,29세,경상
2013033000100659,2013년 3월 30일 22시,토요일,전라남도 여수시 학동,경상사고,0,0,1,0,차대차 - 측면직각충돌,차로위반,건조,맑음,교차로 - 교차로부근,승용,남,66세,상해없음,이륜,남,16세,경상
2013033100100010,2013년 3월 31일 00시,일요일,전라남도 목포시 연산동,사망사고,1,0,0,0,차량단독 - 공작물충돌,안전운전불이행,습기,비,단일로 - 기타,승용,남,42세,사망,,,,