사고번호,사고일시,요일,시군구,사고내용,사망자수,중상자수,경상자수,부상신고자수,사고유형,법규위반,노면상태,기상상태,도로형태,가해운전자 차종,가해운전자 성별,가해운전자 연령,가해운전자 상해정도,피해운전자 차종,피해운전자 성별,피해운전자 연령,피해운전자 상해정도
2013041300100451,2013년 4월 13일 17시,토요일,전라남도 장성군 동화면,경상사고,0,0,2,0,차대차 - 정면충돌,신호위반,건조,맑음,교차로 - 교차로안,승합,남,53세,상해없음,승용,남,54세,경상
2013041300100481,2013년 4월 13일 18시,토요일,전라남도 여수시 여서동,경상사고,0,0,1,0,차대차 - 추돌 - 진행중,안전운전불이행,건조,맑음,단일로 - 기타,승용,남,52세,상해없음,승용,남,55세,경상
2013041300100482,2013년 4월 13일 18시,토요일,전라남도 순천시 서면,경상사고,0,0,5,0,차대차 - 추돌 - 진행중,안전거리미확보,건조,맑음,단일로 - 기타,승용,여,35세,상해없음,승용,여,36세,경상
2013041300100483,2013년 4월 13일 18시,토요일,전라남도 순천시 연향동,중상사고,0,1,0,0,차대차 - 기타,직진우회전진행방해,건조,맑음,교차로 - 교차로안,이륜,남,73세,중상,승용,여,29세,상해없음
2013041300100484,2013년 4월 13일 18시,토요일,전라남도 영암군 삼호읍,중상사고,0,1,0,0,차대차 - 측면직각충돌,중앙선침범,건조,맑음,단일로 - 기타,승용,남,63세,상해없음,원동기,남,43세,중상
2013041300100485,2013년 4월 13일 18시,토요일,전라남도 구례군 토지면,중상사고,0,1,2,0,차량단독 - 전도전복,안전운전불이행,건조,맑음,단일로 - 기타,승용,남,56세,경상,,,,
2013041300100562,2013년 4월 13일 20시,토요일,전라남도 영광군 군남면,중상사고,0,1,0,0,차량단독 - 전도전복,안전운전불이행,건조,맑음,단일로 - 기타,이륜,남,71세,중상,,,,
2013041300100587,2013년 4월 13일 21시,토요일,전라남도 목포시 북교동,경상사고,0,0,1,0,차대사람 - 기타,안전운전불이행,건조,맑음,단일로 - 기타,승용,남,28세,상해없음,보행자,남,16세,경상
2013041300100588,2013년 4월 13일 21시,토요일,전라남도 목포시 용당동,경상사고,0,0,1,0,차대사람 - 횡단중,안전운전불이행,건조,맑음,교차로 - 교차로안,승용,남,16세,상해없음,보행자,남,39세,경상
2013041400100113,2013년 4월 14일 07시,일요일,전라남도 목포시 상동,경상사고,0,0,1,0,차대사람 - 기타,기타,건조,맑음,단일로 - 기타,승용,남,47세,상해없음,보행자,남,20세,경상
2013041400100125,2013년 4월 14일 08시,일요일,전라남도 여수시 소호동,경상사고,0,0,2,0,차대차 - 측면직각충돌,신호위반,건조,맑음,교차로 - 교차로안,승합,남,25세,상해없음,승용,남,57세,경상
2013041400100141,2013년 4월 14일 09시,일요일,전라남도 영광군 영광읍,경상사고,0,0,5,0,차대차 - 측면직각충돌,교차로운행방법위반,건조,맑음,교차로 - 교차로안,승용,남,57세,상해없음,승용,여,44세,경상
2013041400100199,2013년 4월 14일 12시,일요일,전라남도 여수시 신기동,중상사고,0,1,0,0,차대차 - 측면직각충돌,차로위반,건조,맑음,단일로 - 기타,승용,남,26세,상해없음,화물,남,23세,중상
2013041400100200,2013년 4월 14일 12시,일요일,전라남도 영암군 삼호읍,중상사고,0,3,4,0,차대차 - 측면직각충돌,직진우회전진행방해,건조,흐림,교차로 - 교차로안,화물,남,68세,경상,승용,남,30세,중상
2013041400100201,2013년 4월 14일 12시,일요일,전라남도 광양시 중동,중상사고,0,1,1,0,차대차 - 추돌 - 진행중,안전운전불이행,습기,비,단일로 - 기타,승용,남,32세,상해없음,승용,여,40세,중상
2013041400100235,2013년 4월 14일 13시,일요일,전라남도 목포시 상동,중상사고,0,1,5,0,차대차 - 추돌 - 주정차중,안전운전불이행,습기,흐림,교차로 - 교차로부근,승용,남,36세,상해없음,승용,여,45세,경상
2013041400100236,2013년 4월 14일 13시,일요일,전라남도 순천시 조례동,중상사고,0,1,0,0,차대차 - 기타,안전운전불이행,습기,비,교차로 - 교차로안,이륜,남,47세,중상,화물,남,43세,상해없음
2013041400100260,2013년 4월 14일 14시,일요일,전라남도 강진군 대구면,경상사고,0,0,1,0,차량단독 - 도로외이탈 - 추락,안전운전불이행,건조,맑음,단일로 - 기타,승용,남,68세,경상,,,,
2013041400100286,2013년 4월 14일 15시,일요일,전라남도 여수시 중흥동,중상사고,0,1,0,0,차대차 - 추돌 - 주정차중,안전운전불이행,건조,맑음,단일로 - 기타,승용,남,57세,상해없음,건설기계,남,55세,기타불명
2013041400100287,2013년 4월 14일 15시,일요일,전라남도 나주시 남평읍,중상사고,0,3,3,0,차대차 - 기타,차로위반,건조,맑음,교차로 - 교차로부근,승용,여,28세,상해없음,승용,남,22세,경상
2013041400100288,2013년 4월 14일 15시,일요일,전라남도 영광군 영광읍,경상사고,0,0,1,0,차대사람 - 기타,안전운전불이행,건조,맑음,단일로 - 기타,승용,여,41세,상해없음,보행자,남,55세,경상
2013041400100322,2013년 4월 14일 16시,일요일,전라남도 보성군 벌교읍,중상사고,0,5,0,0,차대차 - 정면충돌,중앙선침범,건조,맑음,단일로 - 기타,화물,남,66세,중상,승용,남,58세,중상
2013041400100352,2013년 4월 14일 17시,일요일,전라남도 목포시 산정동,경상사고,0,0,1,0,차대차 - 추돌 - 주정차중,안전운전불이행,건조,맑음,교차로 - 교차로부근,승용,남,55세,상해없음,승용,남,36세,경상
2013041400100353,2013년 4월 14일 17시,일요일,전라남도 목포시 옥암동,중상사고,0,1,0,0,차대차 - 기타,신호위반,습기,흐림,교차로 - 교차로안,자전거,남,17세,중상,승용,남,27세,상해없음
2013041400100354,2013년 4월 14일 17시,일요일,전라남도 목포시 상동,중상사고,0,1,0,0,차대사람 - 횡단중,안전운전불이행,건조,맑음,단일로 - 기타,승용,남,52세,상해없음,보행자,여,47세,중상
2013041400100355,2013년 4월 14일 17시,일요일,전라남도 목포시 산정동,경상사고,0,0,1,0,차대차 - 기타,직진우회전진행방해,건조,맑음,교차로 - 교차로안,승용,남,42세,상해없음,승용,남,25세,경상
2013041400100356,2013년 4월 14일 17시,일요일,전라남도 고흥군 도덕면,사망사고,1,0,0,0,차대사람 - 기타,과속,건조,맑음,교차로 - 교차로부근,승용,남,38세,상해없음,보행자,여,82세,사망
2013041400100357,2013년 4월 14일 17시,일요일,전라남도 화순군 화순읍,경상사고,0,0,2,0,차대차 - 기타,안전거리미확보,건조,맑음,단일로 - 기타,승용,남,41세,상해없음,승용,남,43세,경상
2013041400100389,2013년 4월 14일 18시,일요일,전라남도 순천시 덕암동,중상사고,0,1,0,0,차대차 - 기타,안전운전불이행,건조,맑음,교차로 - 교차로안,원동기,여,36세,중상,승용,남,28세,상해없음
2013041400100421,2013년 4월 14일 19시,일요일,전라남도 광양시 중동,경상사고,0,0,1,0,차대차 - 측면직각충돌,안전운전불이행,건조,맑음,교차로 - 교차로안,승용,남,41세,상해없음,이륜,남,27세,경상
2013041400100463,2013년 4월 14일 20시,일요일,전라남도 광양시 광양읍,경상사고,0,0,2,0,차대차 - 추돌 - 주정차중,안전운전불이행,건조,맑음,교차로 - 교차로부근,승용,남,36세,상해없음,승용,여,27세,경상
2013041400100485,2013년 4월 14일 21시,일요일,전라남도 완도군 고금면,경상사고,0,0,1,0,차대차 - 추돌 - 진행중,안전운전불이행,건조,맑음,교차로 - 교차로부근,승합,남,38세,기타불명,화물,남,61세,경상
2013041400100513,2013년 4월 14일 23시,일요일,전라남도 고흥군 도양읍,경상사고,0,0,1,0,차량단독 - 공작물충돌,안전운전불이행,건조,맑음,단일로 - 기타,승용,여,31세,경상,,,,
2013041400100514,2013년 4월 14일 23시,일요일,전라남도 고흥군 도화면,중상사고,0,1,0,0,차량단독 - 전도전복,안전운전불이행,건조,맑음,단일로 - 기타,이륜,남,54세,중상,,,,
2013041500100046,2013년 4월 15일 06시,월요일,전라남도 곡성군 겸면,경상사고,0,0,3,0,차대차 - 측면직각충돌,안전운전불이행,건조,맑음,기타 - 기타,화물,남,49세,경상,승용,여,52세,경상
2013041500100047,2013년 4월 15일 06시,월요일,전라남도 진도군 의신면,경상사고,0,0,2,0,차대차 - 측면직각충돌,직진우회전진행방해,건조,맑음,교차로 - 교차로안,농기계,남,66세,경상,승용,남,38세,상해없음
2013041500100064,2013년 4월 15일 07시,월요일,전라남도 목포시 옥암동,중상사고,0,1,0,0,차량단독 - 기타,안전운전불이행,건조,맑음,교차로 - 교차로안,승용,남,29세,기타불명,,,,
2013041500100065,2013년 4월 15일 07시,월요일,전라남도 여수시 낙포동,경상사고,0,0,1,0,차대차 - 추돌 - 주정차중,안전운전불이행,건조,맑음,교차로 - 교차로부근,승용,남,33세,상해없음,승용,남,64세,경상
2013041500100066,2013년 4월 15일 07시,월요일,전라남도 여수시 중앙동,경상사고,0,0,2,0,차대차 - 측면직각충돌,안전운전불이행,건조,맑음,교차로 - 교차로안,승용,남,74세,경상,승용,남,72세,경상
2013041500100067,2013년 4월 15일 07시,월요일,전라남도 해남군 해남읍,중상사고,0,1,0,0,차대차 - 기타,직진우회전진행방해,건조,맑음,교차로 - 교차로안,화물,남,40세,상해없음,승용,남,55세,중상
2013041500100068,2013년 4월 15일 07시,월요일,전라남도 장성군 장성읍,경상사고,0,0,2,0,차대차 - 기타,안전운전불이행,건조,맑음,단일로 - 기타,승합,남,53세,상해없음,승용,남,64세,경상
2013041500100095,2013년 4월 15일 08시,월요일,전라남도 순천시 용당동,경상사고,0,0,2,0,차량단독 - 공작물충돌,안전운전불이행,건조,맑음,기타 - 기타,승용,남,72세,경상,,,,
2013041500100096,2013년 4월 15일 08시,월요일,전라남도 나주시 이창동,경상사고,0,0,2,0,차대차 - 추돌 - 진행중,안전운전불이행,건조,맑음,단일로 - 기타,화물,남,54세,기타불명,승용,남,34세,경상
2013041500100097,2013년 4월 15일 08시,월요일,전라남도 나주시 성북동,경상사고,0,0,1,0,차대차 - 기타,신호위반,건조,맑음,교차로 - 교차로안,화물,남,71세,상해없음,원동기,남,74세,경상
2013041500100124,2013년 4월 15일 09시,월요일,전라남도 신안군 지도읍,중상사고,0,1,0,0,차대차 - 기타,안전운전불이행,건조,맑음,교차로 - 교차로부근,농기계,남,73세,상해없음,이륜,남,70세,중상
2013041500100125,2013년 4월 15일 09시,월요일,전라남도 곡성군 입면,중상사고,0,1,0,0,차대차 - 기타,직진우회전진행방해,건조,맑음,교차로 - 교차로안,자전거,남,73세,중상,화물,남,62세,상해없음
2013041500100154,2013년 4월 15일 10시,월요일,전라남도 목포시 상동,경상사고,0,0,1,0,차대차 - 기타,신호위반,건조,맑음,교차로 - 교차로안,승용,남,67세,상해없음,승용,남,45세,경상
2013041500100155,2013년 4월 15일 10시,월요일,전라남도 구례군 구례읍,경상사고,0,0,1,0,차대차 - 측면직각충돌,신호위반,건조,맑음,교차로 - 교차로안,화물,남,48세,상해없음,승용,남,65세,상해없음
2013041500100174,2013년 4월 15일 11시,월요일,전라남도 목포시 산정동,중상사고,0,1,0,0,차대사람 - 횡단중,안전운전불이행,건조,맑음,단일로 - 기타,승용,남,29세,상해없음,보행자,여,68세,중상
2013041500100175,2013년 4월 15일 11시,월요일,전라남도 순천시 서면,경상사고,0,0,1,0,차대차 - 추돌 - 주정차중,안전운전불이행,건조,맑음,단일로 - 기타,승용,남,74세,상해없음,승용,여,54세,경상
2013041500100194,2013년 4월 15일 12시,월요일,전라남도 해남군 해남읍,중상사고,0,1,0,0,차대사람 - 기타,신호위반,건조,맑음,단일로 - 횡단보도부근,승용,여,47세,상해없음,보행자,여,70세,중상
2013041500100195,2013년 4월 15일 12시,월요일,전라남도 영광군 묘량면,중상사고,0,1,3,0,차대차 - 측면직각충돌,중앙선침범,건조,맑음,교차로 - 교차로안,승용,남,67세,경상,화물,남,31세,경상
2013041500100216,2013년 4월 15일 13시,월요일,전라남도 순천시 주암면,경상사고,0,0,5,0,차대차 - 추돌 - 진행중,안전운전불이행,건조,맑음,교차로 - 교차로부근,화물,남,63세,경상,승용,남,44세,경상
2013041500100217,2013년 4월 15일 13시,월요일,전라남도 곡성군 삼기면,경상사고,0,0,1,0,차대차 - 기타,안전운전불이행,건조,맑음,단일로 - 기타,승용,남,64세,상해없음,화물,남,32세,경상
2013041500100233,2013년 4월 15일 14시,월요일,전라남도 목포시 산정동,경상사고,0,0,2,0,차대차 - 추돌 - 주정차중,안전운전불이행,건조,흐림,교차로 - 교차로부근,승용,남,71세,상해없음,승용,여,56세,경상
2013041500100234,2013년 4월 15일 14시,월요일,전라남도 완도군 보길면,경상사고,0,0,2,0,차대차 - 정면충돌,안전운전불이행,건조,맑음,단일로 - 기타,화물,남,62세,상해없음,화물,남,38세,경상
2013041500100235,2013년 4월 15일 14시,월요일,전라남도 무안군 몽탄면,중상사고,0,1,2,0,차대사람 - 기타,안전운전불이행,건조,맑음,단일로 - 기타,농기계,남,63세,경상,보행자,남,65세,중상
2013041500100257,2013년 4월 15일 15시,월요일,전라남도 순천시 장천동,중상사고,0,1,0,0,차대차 - 측면직각충돌,교차로운행방법위반,건조,맑음,교차로 - 교차로안,승용,남,73세,상해없음,승합,남,53세,상해없음
2013041500100287,2013년 4월 15일 16시,월요일,전라남도 여수시 돌산읍,경상사고,0,0,1,0,차대사람 - 기타,기타,건조,맑음,단일로 - 기타,건설기계,남,50세,상해없음,보행자,여,76세,경상
2013041500100319,2013년 4월 15일 17시,월요일,전라남도 목포시 산정동,경상사고,0,0,4,0,차대차 - 기타,안전거리미확보,건조,맑음,단일로 - 기타,승용,남,34세,상해없음,승용,남,27세,경상
2013041500100320,2013년 4월 15일 17시,월요일,전라남도 여수시 평여동,사망사고,3,12,3,0,차대차 - 추돌 - 진행중,과속,건조,맑음,단일로 - 터널,승용,남,28세,중상,승합,남,52세,중상
2013041500100321,2013년 4월 15일 17시,월요일,전라남도 순천시 풍덕동,경상사고,0,0,1,0,차대사람 - 차도통행중,안전운전불이행,건조,맑음,교차로 - 교차로부근,화물,남,65세,상해없음,보행자,남,37세,경상
2013041500100322,2013년 4월 15일 17시,월요일,전라남도 장흥군 장흥읍,중상사고,0,1,0,0,차대차 - 측면직각충돌,과속,건조,맑음,교차로 - 교차로안,승용,남,58세,상해없음,원동기,남,78세,중상
2013041500100323,2013년 4월 15일 17시,월요일,전라남도 화순군 화순읍,중상사고,0,1,0,0,차대차 - 측면직각충돌,신호위반,건조,맑음,교차로 - 교차로안,승용,남,42세,상해없음,자전거,여,70세,중상
2013041500100324,2013년 4월 15일 17시,월요일,전라남도 광양시 금호동,중상사고,0,1,0,0,차대사람 - 차도통행중,안전운전불이행,건조,맑음,단일로 - 기타,승용,여,55세,상해없음,보행자,남,8세,중상
2013041500100382,2013년 4월 15일 19시,월요일,전라남도 목포시 옥암동,경상사고,0,0,1,0,차대차 - 기타,신호위반,건조,맑음,교차로 - 교차로안,승용,남,64세,상해없음,승용,남,44세,경상
2013041500100383,2013년 4월 15일 19시,월요일,전라남도 구례군 용방면,중상사고,0,1,0,0,차대사람 - 기타,안전운전불이행,건조,맑음,기타 - 기타,승용,남,66세,상해없음,보행자,여,55세,중상
2013041500100417,2013년 4월 15일 20시,월요일,전라남도 신안군 지도읍,중상사고,0,1,0,0,차대차 - 기타,안전운전불이행,건조,맑음,단일로 - 교량,화물,남,61세,상해없음,자전거,남,43세,중상
2013041500100450,2013년 4월 15일 21시,월요일,전라남도 목포시 해안동1가,경상사고,0,0,1,0,차대차 - 측면직각충돌,안전운전불이행,건조,맑음,교차로 - 교차로안,승용,남,33세,경상,승합,남,57세,상해없음
2013041500100451,2013년 4월 15일 21시,월요일,전라남도 여수시 웅천동,경상사고,0,0,2,0,차대차 - 측면직각충돌,신호위반,건조,맑음,교차로 - 교차로안,승용,남,47세,상해없음,승용,남,45세,경상
2013041500100482,2013년 4월 15일 22시,월요일,전라남도 신안군 팔금면,사망사고,1,0,0,0,차량단독 - 도로외이탈 - 추락,안전운전불이행,건조,맑음,단일로 - 기타,화물,남,47세,사망,,,,
2013041500100507,2013년 4월 15일 23시,월요일,전라남도 여수시 화장동,경상사고,0,0,1,0,차대차 - 측면직각충돌,안전거리미확보,건조,맑음,교차로 - 교차로부근,승용,남,32세,상해없음,승용,여,38세,경상
2013041500100508,2013년 4월 15일 23시,월요일,전라남도 나주시 노안면,경상사고,0,0,2,0,차량단독 - 공작물충돌,안전운전불이행,건조,맑음,기타 - 기타,승용,남,21세,경상,,,,
2013041600100012,2013년 4월 16일 00시,화요일,전라남도 순천시 연향동,중상사고,0,2,0,0,차대차 - 기타,직진우회전진행방해,건조,맑음,단일로 - 기타,승용,남,55세,상해없음,이륜,남,17세,중상
2013041600100072,2013년 4월 16일 06시,화요일,전라남도 여수시 둔덕동,중상사고,0,1,1,0,차대차 - 측면직각충돌,안전운전불이행,건조,맑음,교차로 - 교차로부근,승합,남,61세,상해없음,이륜,남,65세,중상
2013041600100120,2013년 4월 16일 08시,화요일,전라남도 목포시 용해동,경상사고,0,0,3,0,차대차 - 측면직각충돌,안전운전불이행,건조,맑음,단일로 - 기타,승용,여,39세,상해없음,승용,여,36세,경상
2013041600100121,2013년 4월 16일 08시,화요일,전라남도 여수시 봉산동,부상신고사고,0,0,0,1,차대사람 - 기타,안전운전불이행,건조,맑음,단일로 - 기타,기타불명,기타불명,기타불명,기타불명,보행자,여,12세,부상신고
2013041600100145,2013년 4월 16일 09시,화요일,전라남도 장흥군 장동면,경상사고,0,0,2,0,차대차 - 측면직각충돌,신호위반,건조,맑음,교차로 - 교차로안,화물,남,57세,상해없음,화물,여,48세,경상
2013041600100208,2013년 4월 16일 12시,화요일,전라남도 장흥군 장흥읍,중상사고,0,2,0,0,차대차 - 추돌 - 진행중,안전운전불이행,건조,맑음,단일로 - 기타,승용,여,21세,상해없음,승용,남,73세,중상
2013041600100330,2013년 4월 16일 16시,화요일,전라남도 영광군 백수읍,사망사고,1,0,0,0,차량단독 - 기타,안전운전불이행,건조,맑음,단일로 - 기타,이륜,남,43세,사망,,,,
2013041600100367,2013년 4월 16일 17시,화요일,전라남도 함평군 해보면,중상사고,0,1,4,0,차대차 - 추돌 - 주정차중,과속,건조,맑음,단일로 - 기타,승용,남,71세,중상,승용,여,58세,경상
2013041600100368,2013년 4월 16일 17시,화요일,전라남도 함평군 학교면,중상사고,0,1,0,0,차대사람 - 횡단중,안전운전불이행,건조,맑음,교차로 - 교차로부근,승용,남,62세,상해없음,보행자,여,60세,중상
2013041600100369,2013년 4월 16일 17시,화요일,전라남도 함평군 함평읍,중상사고,0,1,1,0,차대차 - 측면직각충돌,직진우회전진행방해,건조,맑음,교차로 - 교차로안,화물,남,60세,상해없음,이륜,남,55세,경상
2013041600100370,2013년 4월 16일 17시,화요일,전라남도 무안군 망운면,중상사고,0,4,1,0,차대차 - 정면충돌,중앙선침범,건조,맑음,단일로 - 기타,화물,남,50세,경상,승용,남,61세,중상
2013041600100431,2013년 4월 16일 19시,화요일,전라남도 순천시 조례동,경상사고,0,0,1,0,차대차 - 기타,신호위반,건조,맑음,교차로 - 교차로안,화물,남,40세,상해없음,원동기,남,17세,경상
2013041600100444,2013년 4월 16일 20시,화요일,전라남도 여수시 학동,중상사고,0,1,3,0,차대차 - 측면직각충돌,안전운전불이행,건조,맑음,교차로 - 교차로안,승용,남,63세,상해없음,이륜,남,17세,중상
2013041600100445,2013년 4월 16일 20시,화요일,전라남도 화순군 화순읍,경상사고,0,0,2,0,차대차 - 측면직각충돌,교차로운행방법위반,건조,맑음,교차로 - 교차로안,승합,남,70세,상해없음,승용,남,61세,경상
2013041600100446,2013년 4월 16일 20시,화요일,전라남도 광양시 중동,경상사고,0,0,1,0,차대차 - 측면직각충돌,신호위반,건조,맑음,교차로 - 교차로안,승용,남,22세,상해없음,승용,여,25세,경상
2013041600100476,2013년 4월 16일 21시,화요일,전라남도 신안군 비금면,중상사고,0,1,0,0,차대사람 - 차도통행중,안전운전불이행,건조,기타,단일로 - 기타,화물,남,21세,상해없음,보행자,남,50세,중상
2013041600100509,2013년 4월 16일 22시,화요일,전라남도 완도군 고금면,경상사고,0,0,1,0,차대사람 - 횡단중,안전운전불이행,건조,맑음,교차로 - 교차로부근,화물,남,46세,상해없음,보행자,남,44세,경상
2013041600100510,2013년 4월 16일 22시,화요일,전라남도 완도군 완도읍,경상사고,0,0,1,0,차대사람 - 기타,안전운전불이행,건조,맑음,단일로 - 기타,기타불명,기타불명,기타불명,기타불명,보행자,남,44세,경상
2013041600100534,2013년 4월 16일 23시,화요일,전라남도 목포시 용당동,경상사고,0,0,1,0,차대차 - 기타,안전운전불이행,건조,기타,교차로 - 교차로안,자전거,남,17세,경상,승용,여,41세,상해없음
2013041700100013,2013년 4월 17일 00시,수요일,전라남도 여수시 학동,경상사고,0,0,1,0,차대차 - 추돌 - 진행중,안전운전불이행,건조,맑음,교차로 - 교차로부근,승용,남,37세,상해없음,승용,남,45세,경상
2013041700100103,2013년 4월 17일 07시,수요일,전라남도 무안군 삼향읍,중상사고,0,1,1,0,차대차 - 측면직각충돌,직진우회전진행방해,건조,맑음,교차로 - 교차로안,승용,남,40세,중상,승용,여,40세,경상
2013041700100150,2013년 4월 17일 08시,수요일,전라남도 순천시 덕암동,중상사고,0,1,1,0,차대차 - 측면직각충돌,교차로운행방법위반,건조,맑음,교차로 - 교차로안,승용,여,24세,상해없음,승용,여,44세,중상
2013041700100151,2013년 4월 17일 08시,수요일,전라남도 강진군 강진읍,중상사고,0,1,0,0,차대차 - 측면직각충돌,교차로운행방법위반,건조,맑음,교차로 - 교차로안,승용,남,37세,상해없음,자전거,남,12세,중상
2013041700100179,2013년 4월 17일 09시,수요일,전라남도 순천시 동외동,경상사고,0,0,3,0,차대차 - 기타,신호위반,건조,맑음,교차로 - 교차로안,승용,여,41세,상해없음,승용,남,28세,경상
2013041700100180,2013년 4월 17일 09시,수요일,전라남도 나주시 금계동,경상사고,0,0,1,0,차대차 - 측면직각충돌,교차로운행방법위반,건조,맑음,교차로 - 교차로안,원동기,남,76세,경상,승용,남,65세,상해없음
2013041700100204,2013년 4월 17일 10시,수요일,전라남도 영광군 영광읍,중상사고,0,2,3,0,차대차 - 기타,교차로운행방법위반,건조,맑음,교차로 - 교차로안,화물,남,63세,상해없음,승합,남,46세,상해없음
2013041700100205,2013년 4월 17일 10시,수요일,전라남도 화순군 도곡면,사망사고,1,0,0,0,차량단독 - 공작물충돌,안전운전불이행,건조,맑음,단일로 - 기타,승용,여,42세,기타불명,,,,
2013041700100272,2013년 4월 17일 13시,수요일,전라남도 여수시 고소동,중상사고,0,1,0,0,차대사람 - 기타,기타,건조,맑음,단일로 - 기타,승용,남,66세,상해없음,보행자,여,85세,중상
2013041700100273,2013년 4월 17일 13시,수요일,전라남도 순천시 풍덕동,경상사고,0,0,1,0,차대사람 - 기타,안전운전불이행,건조,맑음,단일로 - 기타,승용,남,70세,상해없음,보행자,여,53세,경상
2013041700100274,2013년 4월 17일 13시,수요일,전라남도 나주시 금천면,사망사고,1,3,0,0,차량단독 - 공작물충돌,안전운전불이행,건조,맑음,단일로 - 기타,승용,남,76세,중상,,,,
2013041700100275,2013년 4월 17일 13시,수요일,전라남도 나주시 성북동,경상사고,0,0,3,0,차대차 - 측면직각충돌,안전운전불이행,건조,맑음,교차로 - 교차로부근,승용,남,65세,경상,승합,남,55세,경상
2013041700100276,2013년 4월 17일 13시,수요일,전라남도 곡성군 곡성읍,경상사고,0,0,1,0,차대차 - 기타,안전운전불이행,건조,맑음,교차로 - 교차로안,원동기,남,80세,경상,건설기계,남,38세,상해없음
2013041700100319,2013년 4월 17일 15시,수요일,전라남도 여수시 학동,경상사고,0,0,1,0,차대차 - 추돌 - 진행중,차로위반,건조,맑음,교차로 - 교차로안,승용,남,48세,상해없음,승용,여,40세,경상
2013041700100320,2013년 4월 17일 15시,수요일,전라남도 순천시 매곡동,경상사고,0,0,1,0,차대사람 - 보도통행중,기타,건조,맑음,단일로 - 기타,승용,여,39세,상해없음,보행자,남,9세,경상
2013041700100321,2013년 4월 17일 15시,수요일,전라남도 보성군 조성면,중상사고,0,1,0,0,차대사람 - 횡단중,안전운전불이행,건조,맑음,단일로 - 기타,승용,남,60세,상해없음,보행자,남,12세,중상
2013041700100322,2013년 4월 17일 15시,수요일,전라남도 화순군 화순읍,경상사고,0,0,1,0,차대차 - 측면직각충돌,신호위반,건조,맑음,교차로 - 교차로안,승용,여,43세,경상,승합,남,53세,상해없음
2013041700100323,2013년 4월 17일 15시,수요일,전라남도 영암군 학산면,경상사고,0,0,1,0,차량단독 - 공작물충돌,안전운전불이행,건조,맑음,교차로 - 교차로안,원동기,남,55세,경상,,,,
2013041700100348,2013년 4월 17일 16시,수요일,전라남도 영암군 영암읍,경상사고,0,0,2,0,차량단독 - 도로외이탈 - 추락,안전운전불이행,건조,맑음,단일로 - 기타,승용,여,43세,경상,,,,
2013041700100425,2013년 4월 17일 18시,수요일,전라남도 목포시 상동,중상사고,0,2,0,0,차대사람 - 횡단중,안전운전불이행,건조,맑음,단일로 - 기타,승용,남,32세,상해없음,보행자,남,10세,중상
2013041700100460,2013년 4월 17일 19시,수요일,전라남도 목포시 상동,경상사고,0,0,1,0,차대차 - 기타,신호위반,건조,맑음,교차로 - 교차로안,승용,남,28세,상해없음,자전거,남,36세,경상
2013041700100461,2013년 4월 17일 19시,수요일,전라남도 여수시 여서동,경상사고,0,0,1,0,차대사람 - 횡단중,보행자보호의무위반,건조,맑음,단일로 - 기타,승용,여,42세,상해없음,보행자,남,8세,경상
2013041700100526,2013년 4월 17일 21시,수요일,전라남도 목포시 연산동,경상사고,0,0,1,0,차대차 - 추돌 - 주정차중,안전운전불이행,건조,맑음,단일로 - 기타,승용,남,41세,상해없음,승용,여,53세,경상
2013041700100564,2013년 4월 17일 22시,수요일,전라남도 여수시 둔덕동,경상사고,0,0,1,0,차대차 - 추돌 - 진행중,안전운전불이행,건조,맑음,교차로 - 교차로부근,승용,남,30세,상해없음,승용,남,48세,경상
2013041800100014,2013년 4월 18일 00시,목요일,전라남도 해남군 해남읍,경상사고,0,0,1,0,차량단독 - 전도전복,안전운전불이행,건조,맑음,단일로 - 기타,승용,남,25세,경상,,,,
2013041800100057,2013년 4월 18일 04시,목요일,전라남도 광양시 마동,부상신고사고,0,0,0,1,차량단독 - 기타,안전운전불이행,습기,비,단일로 - 기타,원동기,남,21세,부상신고,,,,
2013041800100115,2013년 4월 18일 08시,목요일,전라남도 여수시 여서동,경상사고,0,0,1,0,차대차 - 추돌 - 주정차중,안전운전불이행,건조,맑음,교차로 - 교차로부근,승용,남,45세,상해없음,승용,남,48세,경상
2013041800100116,2013년 4월 18일 08시,목요일,전라남도 순천시 석현동,경상사고,0,0,1,0,차대차 - 추돌 - 주정차중,안전운전불이행,건조,맑음,단일로 - 기타,승용,남,31세,상해없음,승용,남,63세,경상
2013041800100117,2013년 4월 18일 08시,목요일,전라남도 나주시 남평읍,경상사고,0,0,1,0,차대차 - 추돌 - 진행중,안전운전불이행,건조,맑음,단일로 - 기타,승용,남,30세,상해없음,화물,남,39세,경상
2013041800100118,2013년 4월 18일 08시,목요일,전라남도 강진군 군동면,경상사고,0,0,1,0,차대차 - 측면직각충돌,안전거리미확보,건조,맑음,교차로 - 교차로안,이륜,남,80세,경상,화물,남,47세,상해없음
2013041800100119,2013년 4월 18일 08시,목요일,전라남도 진도군 임회면,중상사고,0,1,0,0,차대사람 - 차도통행중,안전운전불이행,건조,맑음,교차로 - 교차로부근,승용,남,63세,상해없음,보행자,남,44세,중상