사고번호,사고일시,요일,시군구,사고내용,사망자수,중상자수,경상자수,부상신고자수,사고유형,법규위반,노면상태,기상상태,도로형태,가해운전자 차종,가해운전자 성별,가해운전자 연령,가해운전자 상해정도,피해운전자 차종,피해운전자 성별,피해운전자 연령,피해운전자 상해정도
2013041800100151,2013년 4월 18일 09시,목요일,전라남도 순천시 서면,경상사고,0,0,2,0,차대차 - 기타,안전운전불이행,건조,맑음,교차로 - 교차로부근,승용,남,40세,상해없음,화물,남,30세,경상
2013041800100152,2013년 4월 18일 09시,목요일,전라남도 광양시 광양읍,중상사고,0,1,0,0,차대사람 - 횡단중,안전운전불이행,건조,맑음,교차로 - 교차로안,승용,남,59세,상해없음,보행자,여,53세,중상
2013041800100182,2013년 4월 18일 10시,목요일,전라남도 목포시 산정동,경상사고,0,0,1,0,차대차 - 기타,안전거리미확보,건조,맑음,교차로 - 교차로부근,화물,남,60세,상해없음,건설기계,남,47세,경상
2013041800100183,2013년 4월 18일 10시,목요일,전라남도 장흥군 용산면,경상사고,0,0,2,0,차대차 - 측면직각충돌,교차로운행방법위반,건조,맑음,교차로 - 교차로안,승용,여,54세,경상,화물,남,24세,경상
2013041800100184,2013년 4월 18일 10시,목요일,전라남도 해남군 해남읍,경상사고,0,0,1,0,차대차 - 기타,직진우회전진행방해,건조,흐림,교차로 - 교차로안,승용,남,67세,상해없음,자전거,남,48세,경상
2013041800100185,2013년 4월 18일 10시,목요일,전라남도 광양시 광영동,경상사고,0,0,3,0,차량단독 - 공작물충돌,안전운전불이행,건조,맑음,단일로 - 기타,승용,여,47세,경상,,,,
2013041800100232,2013년 4월 18일 12시,목요일,전라남도 장흥군 장흥읍,중상사고,0,1,0,0,차대차 - 측면직각충돌,교차로운행방법위반,건조,맑음,교차로 - 교차로안,화물,남,61세,상해없음,원동기,여,65세,중상
2013041800100284,2013년 4월 18일 14시,목요일,전라남도 신안군 암태면,경상사고,0,0,7,0,차대차 - 추돌 - 주정차중,안전거리미확보,건조,맑음,단일로 - 기타,건설기계,남,45세,경상,승합,남,50세,경상
2013041800100317,2013년 4월 18일 15시,목요일,전라남도 나주시 왕곡면,경상사고,0,0,2,0,차대차 - 기타,기타,건조,맑음,기타 - 기타,화물,남,42세,경상,화물,여,62세,경상
2013041800100344,2013년 4월 18일 16시,목요일,전라남도 목포시 용당동,경상사고,0,0,1,0,차대차 - 측면직각충돌,중앙선침범,건조,맑음,단일로 - 기타,화물,남,59세,상해없음,승용,여,52세,경상
2013041800100345,2013년 4월 18일 16시,목요일,전라남도 목포시 석현동,중상사고,0,1,4,0,차대차 - 추돌 - 주정차중,안전운전불이행,건조,맑음,단일로 - 기타,화물,남,59세,중상,승용,남,61세,경상
2013041800100346,2013년 4월 18일 16시,목요일,전라남도 해남군 삼산면,중상사고,0,2,2,0,차대차 - 정면충돌,중앙선침범,건조,맑음,단일로 - 기타,화물,남,43세,상해없음,승용,남,61세,경상
2013041800100347,2013년 4월 18일 16시,목요일,전라남도 화순군 한천면,사망사고,1,0,0,0,차량단독 - 전도전복,안전운전불이행,건조,맑음,교차로 - 교차로부근,농기계,남,68세,사망,,,,
2013041800100348,2013년 4월 18일 16시,목요일,전라남도 영암군 영암읍,중상사고,0,3,0,0,차대차 - 추돌 - 진행중,안전운전불이행,건조,맑음,교차로 - 교차로부근,승용,여,46세,중상,승용,남,71세,중상
2013041800100349,2013년 4월 18일 16시,목요일,전라남도 장성군 북일면,경상사고,0,0,2,0,차대차 - 추돌 - 진행중,안전운전불이행,건조,맑음,교차로 - 교차로안,승용,남,48세,상해없음,승용,남,70세,경상
2013041800100430,2013년 4월 18일 18시,목요일,전라남도 화순군 춘양면,경상사고,0,0,4,0,차대차 - 측면직각충돌,안전운전불이행,건조,맑음,단일로 - 기타,승용,남,26세,상해없음,승합,남,40세,경상
2013041800100467,2013년 4월 18일 19시,목요일,전라남도 무안군 일로읍,경상사고,0,0,1,0,차대차 - 측면직각충돌,안전운전불이행,건조,맑음,교차로 - 교차로안,화물,남,51세,상해없음,승용,남,57세,경상
2013041800100496,2013년 4월 18일 20시,목요일,전라남도 광양시 옥곡면,사망사고,1,0,0,0,차대차 - 기타,안전운전불이행,건조,맑음,단일로 - 기타,승합,남,52세,상해없음,자전거,남,78세,사망
2013041800100556,2013년 4월 18일 22시,목요일,전라남도 여수시 신기동,경상사고,0,0,1,0,차대사람 - 기타,안전운전불이행,건조,맑음,단일로 - 기타,승용,남,55세,상해없음,보행자,남,51세,경상
2013041800100557,2013년 4월 18일 22시,목요일,전라남도 해남군 해남읍,경상사고,0,0,1,0,차대차 - 측면직각충돌,안전운전불이행,건조,맑음,교차로 - 교차로안,화물,남,57세,상해없음,승용,남,56세,경상
2013041900100056,2013년 4월 19일 03시,금요일,전라남도 여수시 소호동,중상사고,0,1,2,0,차대차 - 추돌 - 주정차중,안전운전불이행,건조,맑음,단일로 - 기타,승용,남,18세,상해없음,승용,남,35세,기타불명
2013041900100092,2013년 4월 19일 06시,금요일,전라남도 순천시 연향동,중상사고,0,1,0,0,차대차 - 측면직각충돌,안전운전불이행,건조,맑음,교차로 - 교차로안,승용,남,54세,상해없음,자전거,남,70세,중상
2013041900100148,2013년 4월 19일 08시,금요일,전라남도 목포시 석현동,경상사고,0,0,1,0,차대차 - 측면직각충돌,안전운전불이행,건조,맑음,단일로 - 기타,화물,남,51세,상해없음,승합,남,48세,경상
2013041900100149,2013년 4월 19일 08시,금요일,전라남도 순천시 연향동,경상사고,0,0,3,0,차대차 - 측면직각충돌,안전운전불이행,건조,맑음,단일로 - 기타,승용,여,37세,상해없음,승용,남,32세,경상
2013041900100171,2013년 4월 19일 09시,금요일,전라남도 목포시 용해동,경상사고,0,0,1,0,차대사람 - 기타,안전운전불이행,건조,맑음,단일로 - 횡단보도상,기타불명,기타불명,기타불명,기타불명,보행자,여,80세,경상
2013041900100172,2013년 4월 19일 09시,금요일,전라남도 순천시 옥천동,경상사고,0,0,1,0,차대사람 - 기타,안전운전불이행,건조,맑음,단일로 - 기타,승용,기타불명,기타불명,기타불명,보행자,남,52세,경상
2013041900100173,2013년 4월 19일 09시,금요일,전라남도 해남군 문내면,중상사고,0,3,1,0,차량단독 - 도로외이탈 - 추락,기타,건조,맑음,단일로 - 기타,화물,남,53세,상해없음,,,,
2013041900100225,2013년 4월 19일 11시,금요일,전라남도 여수시 광무동,사망사고,1,0,0,0,차대사람 - 횡단중,안전운전불이행,건조,맑음,단일로 - 횡단보도상,승용,여,47세,상해없음,보행자,남,85세,사망
2013041900100248,2013년 4월 19일 12시,금요일,전라남도 순천시 조례동,경상사고,0,0,1,0,차대사람 - 기타,안전운전불이행,건조,맑음,기타 - 기타,승용,여,42세,상해없음,보행자,여,51세,경상
2013041900100249,2013년 4월 19일 12시,금요일,전라남도 나주시 영산동,경상사고,0,0,1,0,차대사람 - 차도통행중,안전운전불이행,건조,맑음,교차로 - 교차로부근,화물,남,51세,상해없음,보행자,남,48세,경상
2013041900100250,2013년 4월 19일 12시,금요일,전라남도 나주시 이창동,경상사고,0,0,1,0,차대차 - 정면충돌,중앙선침범,건조,맑음,단일로 - 기타,화물,남,51세,상해없음,승용,남,47세,경상
2013041900100309,2013년 4월 19일 14시,금요일,전라남도 목포시 옥암동,중상사고,0,1,1,0,차대차 - 기타,직진우회전진행방해,건조,맑음,교차로 - 교차로안,승용,여,46세,중상,승용,남,60세,경상
2013041900100310,2013년 4월 19일 14시,금요일,전라남도 나주시 남평읍,중상사고,0,1,0,0,차대차 - 추돌 - 주정차중,안전운전불이행,건조,맑음,단일로 - 기타,이륜,남,58세,중상,승용,남,28세,상해없음
2013041900100311,2013년 4월 19일 14시,금요일,전라남도 함평군 함평읍,중상사고,0,1,0,0,차량단독 - 도로외이탈 - 추락,안전운전불이행,건조,맑음,단일로 - 기타,원동기,남,70세,중상,,,,
2013041900100312,2013년 4월 19일 14시,금요일,전라남도 장성군 남면,중상사고,0,1,0,0,차대사람 - 횡단중,안전운전불이행,건조,맑음,단일로 - 기타,화물,남,64세,상해없음,보행자,여,78세,중상
2013041900100355,2013년 4월 19일 15시,금요일,전라남도 무안군 현경면,사망사고,1,3,2,0,차대차 - 정면충돌,중앙선침범,건조,맑음,단일로 - 기타,승용,남,63세,중상,화물,남,32세,경상
2013041900100356,2013년 4월 19일 15시,금요일,전라남도 무안군 청계면,중상사고,0,1,1,0,차대사람 - 길가장자리구역통행중,안전운전불이행,건조,맑음,단일로 - 기타,이륜,남,66세,경상,보행자,여,47세,중상
2013041900100387,2013년 4월 19일 16시,금요일,전라남도 나주시 부덕동,중상사고,0,1,0,0,차량단독 - 전도전복,안전운전불이행,건조,맑음,교차로 - 교차로부근,원동기,남,54세,중상,,,,
2013041900100388,2013년 4월 19일 16시,금요일,전라남도 곡성군 오산면,중상사고,0,1,0,0,차대차 - 측면직각충돌,신호위반,건조,맑음,교차로 - 교차로안,승용,남,19세,상해없음,화물,남,57세,중상
2013041900100426,2013년 4월 19일 17시,금요일,전라남도 여수시 문수동,중상사고,0,1,0,0,차대사람 - 기타,안전운전불이행,건조,맑음,단일로 - 기타,승합,남,62세,상해없음,보행자,여,8세,중상
2013041900100427,2013년 4월 19일 17시,금요일,전라남도 장성군 진원면,중상사고,0,1,0,0,차대사람 - 기타,안전운전불이행,건조,맑음,단일로 - 기타,화물,남,53세,상해없음,보행자,남,74세,중상
2013041900100470,2013년 4월 19일 18시,금요일,전라남도 목포시 용해동,경상사고,0,0,1,0,차대차 - 기타,신호위반,건조,맑음,교차로 - 교차로안,승용,남,49세,상해없음,승용,남,63세,경상
2013041900100471,2013년 4월 19일 18시,금요일,전라남도 영광군 영광읍,경상사고,0,0,1,0,차대차 - 기타,직진우회전진행방해,건조,맑음,교차로 - 교차로안,승용,남,56세,상해없음,승용,여,37세,상해없음
2013041900100510,2013년 4월 19일 19시,금요일,전라남도 영암군 학산면,중상사고,0,1,0,0,차량단독 - 기타,안전운전불이행,건조,맑음,단일로 - 기타,승용,남,48세,중상,,,,
2013041900100511,2013년 4월 19일 19시,금요일,전라남도 담양군 담양읍,사망사고,1,0,0,0,차대사람 - 횡단중,안전운전불이행,건조,맑음,교차로 - 교차로부근,승용,남,62세,상해없음,보행자,여,50세,사망
2013041900100548,2013년 4월 19일 20시,금요일,전라남도 여수시 소라면,경상사고,0,0,1,0,차대사람 - 기타,안전운전불이행,건조,맑음,단일로 - 기타,승용,남,35세,상해없음,보행자,남,10세,경상
2013041900100588,2013년 4월 19일 21시,금요일,전라남도 장흥군 장흥읍,중상사고,0,1,0,0,차대사람 - 기타,안전운전불이행,건조,맑음,교차로 - 교차로안,승용,남,41세,상해없음,보행자,남,13세,중상
2013041900100589,2013년 4월 19일 21시,금요일,전라남도 영암군 영암읍,중상사고,0,2,1,0,차대차 - 추돌 - 진행중,안전운전불이행,건조,맑음,단일로 - 기타,화물,남,61세,경상,농기계,남,62세,중상
2013041900100590,2013년 4월 19일 21시,금요일,전라남도 영암군 미암면,경상사고,0,0,1,0,차량단독 - 도로외이탈 - 추락,안전운전불이행,건조,맑음,단일로 - 기타,이륜,남,72세,경상,,,,
2013041900100625,2013년 4월 19일 22시,금요일,전라남도 여수시 둔덕동,경상사고,0,0,1,0,차대차 - 추돌 - 주정차중,안전운전불이행,건조,맑음,교차로 - 교차로부근,승용,여,42세,상해없음,승용,여,56세,경상
2013042000100024,2013년 4월 20일 00시,토요일,전라남도 여수시 미평동,경상사고,0,0,4,0,차대차 - 측면직각충돌,신호위반,건조,맑음,교차로 - 교차로안,승용,남,55세,상해없음,승용,남,33세,경상
2013042000100025,2013년 4월 20일 00시,토요일,전라남도 광양시 중동,경상사고,0,0,4,0,차대차 - 추돌 - 주정차중,안전운전불이행,건조,맑음,교차로 - 교차로부근,승용,남,49세,상해없음,승용,여,44세,경상
2013042000100069,2013년 4월 20일 02시,토요일,전라남도 목포시 옥암동,경상사고,0,0,2,0,차대차 - 측면직각충돌,중앙선침범,건조,맑음,단일로 - 기타,승용,남,51세,상해없음,승합,남,38세,경상
2013042000100070,2013년 4월 20일 02시,토요일,전라남도 여수시 문수동,중상사고,0,1,0,0,차대사람 - 횡단중,안전운전불이행,건조,맑음,단일로 - 기타,승용,남,36세,상해없음,보행자,남,28세,중상
2013042000100071,2013년 4월 20일 02시,토요일,전라남도 영암군 삼호읍,중상사고,0,4,0,0,차량단독 - 기타,안전운전불이행,습기,안개,단일로 - 기타,승용,남,20세,중상,,,,
2013042000100080,2013년 4월 20일 03시,토요일,전라남도 순천시 동외동,중상사고,0,1,0,0,차대차 - 측면직각충돌,불법유턴,건조,맑음,단일로 - 기타,화물,남,62세,상해없음,승용,남,54세,중상
2013042000100116,2013년 4월 20일 05시,토요일,전라남도 목포시 용당동,중상사고,0,1,0,0,차대차 - 기타,안전운전불이행,습기,흐림,단일로 - 기타,승용,남,30세,상해없음,자전거,여,61세,중상
2013042000100157,2013년 4월 20일 07시,토요일,전라남도 해남군 현산면,중상사고,0,1,5,0,차대차 - 측면직각충돌,신호위반,건조,맑음,교차로 - 교차로안,화물,남,50세,상해없음,승용,남,26세,경상
2013042000100183,2013년 4월 20일 08시,토요일,전라남도 나주시 금천면,사망사고,1,0,0,0,차대사람 - 횡단중,신호위반,습기,비,교차로 - 교차로부근,건설기계,남,54세,상해없음,보행자,남,75세,사망
2013042000100184,2013년 4월 20일 08시,토요일,전라남도 나주시 산포면,경상사고,0,0,3,0,차대차 - 기타,안전운전불이행,습기,비,단일로 - 기타,화물,남,47세,상해없음,승합,남,49세,경상
2013042000100211,2013년 4월 20일 09시,토요일,전라남도 해남군 화원면,경상사고,0,0,2,0,차대차 - 측면직각충돌,중앙선침범,습기,비,단일로 - 기타,화물,남,69세,상해없음,승용,남,40세,경상
2013042000100249,2013년 4월 20일 10시,토요일,전라남도 목포시 상동,경상사고,0,0,4,0,차대차 - 추돌 - 주정차중,안전운전불이행,습기,비,단일로 - 기타,승용,남,53세,상해없음,승용,남,31세,상해없음
2013042000100250,2013년 4월 20일 10시,토요일,전라남도 보성군 보성읍,경상사고,0,0,2,0,차대차 - 측면직각충돌,안전운전불이행,기타,비,단일로 - 기타,이륜,남,61세,경상,승용,남,29세,기타불명
2013042000100251,2013년 4월 20일 10시,토요일,전라남도 강진군 강진읍,경상사고,0,0,1,0,차대사람 - 횡단중,보행자보호의무위반,습기,비,단일로 - 횡단보도상,화물,남,32세,상해없음,보행자,여,6세,경상
2013042000100290,2013년 4월 20일 11시,토요일,전라남도 광양시 봉강면,중상사고,0,1,0,0,차대사람 - 기타,중앙선침범,습기,비,단일로 - 기타,승용,남,54세,상해없음,보행자,남,59세,중상
2013042000100315,2013년 4월 20일 12시,토요일,전라남도 여수시 소라면,경상사고,0,0,6,0,차대차 - 측면직각충돌,교차로운행방법위반,습기,비,교차로 - 교차로안,승용,남,48세,상해없음,승용,남,61세,경상
2013042000100316,2013년 4월 20일 12시,토요일,전라남도 영암군 신북면,중상사고,0,1,1,0,차대차 - 정면충돌,중앙선침범,습기,흐림,교차로 - 교차로부근,승용,남,51세,경상,화물,남,54세,상해없음
2013042000100356,2013년 4월 20일 13시,토요일,전라남도 광양시 광영동,경상사고,0,0,2,0,차대차 - 측면직각충돌,안전운전불이행,습기,비,단일로 - 기타,승용,남,31세,경상,승용,여,51세,상해없음
2013042000100392,2013년 4월 20일 14시,토요일,전라남도 순천시 조례동,경상사고,0,0,2,0,차대차 - 측면직각충돌,신호위반,건조,맑음,교차로 - 교차로안,승용,남,51세,상해없음,승용,남,43세,경상
2013042000100427,2013년 4월 20일 15시,토요일,전라남도 여수시 둔덕동,경상사고,0,0,2,0,차대차 - 측면직각충돌,안전운전불이행,건조,맑음,기타 - 기타,승용,여,48세,상해없음,승용,남,52세,경상
2013042000100428,2013년 4월 20일 15시,토요일,전라남도 화순군 화순읍,경상사고,0,0,2,0,차대차 - 추돌 - 주정차중,안전운전불이행,습기,비,단일로 - 기타,승용,남,50세,상해없음,승용,남,55세,경상
2013042000100429,2013년 4월 20일 15시,토요일,전라남도 영암군 덕진면,중상사고,0,1,1,0,차대차 - 측면직각충돌,신호위반,습기,비,교차로 - 교차로안,승용,여,44세,상해없음,승용,남,66세,경상
2013042000100488,2013년 4월 20일 17시,토요일,전라남도 화순군 이양면,중상사고,0,1,0,0,차량단독 - 공작물충돌,안전운전불이행,습기,비,교차로 - 교차로부근,승용,남,65세,상해없음,,,,
2013042000100518,2013년 4월 20일 18시,토요일,전라남도 보성군 득량면,경상사고,0,0,1,0,차대차 - 측면직각충돌,중앙선침범,습기,흐림,교차로 - 교차로부근,화물,남,50세,상해없음,승합,남,40세,상해없음
2013042000100519,2013년 4월 20일 18시,토요일,전라남도 곡성군 곡성읍,경상사고,0,0,1,0,차대차 - 기타,안전운전불이행,습기,흐림,기타 - 기타,승용,남,67세,상해없음,자전거,남,74세,경상
2013042000100552,2013년 4월 20일 19시,토요일,전라남도 순천시 연향동,경상사고,0,0,1,0,차대차 - 기타,안전운전불이행,건조,맑음,단일로 - 기타,승용,남,37세,상해없음,승용,남,27세,기타불명
2013042000100602,2013년 4월 20일 20시,토요일,전라남도 나주시 이창동,경상사고,0,0,2,0,차대차 - 측면직각충돌,안전운전불이행,건조,맑음,교차로 - 교차로안,승용,여,49세,경상,원동기,남,26세,경상
2013042000100651,2013년 4월 20일 21시,토요일,전라남도 순천시 매곡동,중상사고,0,1,0,0,차대사람 - 기타,보행자보호의무위반,건조,맑음,단일로 - 횡단보도상,승용,여,40세,상해없음,보행자,여,59세,중상
2013042000100652,2013년 4월 20일 21시,토요일,전라남도 무안군 망운면,중상사고,0,2,0,0,차량단독 - 전도전복,안전운전불이행,건조,맑음,단일로 - 기타,승용,남,30세,중상,,,,
2013042100100025,2013년 4월 21일 00시,일요일,전라남도 광양시 중동,경상사고,0,0,1,0,차대차 - 측면직각충돌,직진우회전진행방해,건조,맑음,교차로 - 교차로안,승용,남,33세,경상,승용,여,34세,상해없음
2013042100100069,2013년 4월 21일 03시,일요일,전라남도 순천시 조례동,경상사고,0,0,1,0,차대사람 - 횡단중,안전운전불이행,건조,흐림,단일로 - 기타,승용,남,33세,상해없음,보행자,남,18세,경상
2013042100100094,2013년 4월 21일 05시,일요일,전라남도 완도군 군외면,중상사고,0,21,2,0,차대차 - 추돌 - 진행중,안전운전불이행,건조,맑음,단일로 - 기타,승합,여,59세,상해없음,승합,남,49세,경상
2013042100100128,2013년 4월 21일 08시,일요일,전라남도 순천시 조례동,경상사고,0,0,1,0,차대사람 - 기타,안전운전불이행,건조,맑음,단일로 - 기타,승용,기타불명,기타불명,기타불명,보행자,여,43세,경상
2013042100100129,2013년 4월 21일 08시,일요일,전라남도 보성군 득량면,중상사고,0,1,0,0,차대차 - 정면충돌,안전운전불이행,건조,맑음,교차로 - 교차로안,승용,여,59세,상해없음,이륜,남,54세,중상
2013042100100130,2013년 4월 21일 08시,일요일,전라남도 영암군 삼호읍,중상사고,0,1,0,0,차량단독 - 도로외이탈 - 추락,안전운전불이행,건조,맑음,단일로 - 기타,자전거,남,23세,중상,,,,
2013042100100146,2013년 4월 21일 09시,일요일,전라남도 영암군 영암읍,중상사고,0,1,2,0,차대차 - 측면직각충돌,직진우회전진행방해,건조,맑음,교차로 - 교차로안,승용,남,70세,중상,승용,남,31세,경상
2013042100100147,2013년 4월 21일 09시,일요일,전라남도 완도군 군외면,중상사고,0,1,0,0,차량단독 - 공작물충돌,안전운전불이행,건조,맑음,단일로 - 기타,승용,남,28세,상해없음,,,,
2013042100100172,2013년 4월 21일 11시,일요일,전라남도 목포시 용해동,경상사고,0,0,1,0,차대차 - 기타,차로위반,건조,맑음,교차로 - 교차로안,승용,남,68세,상해없음,승용,남,53세,경상
2013042100100173,2013년 4월 21일 11시,일요일,전라남도 순천시 풍덕동,경상사고,0,0,5,0,차대차 - 기타,안전운전불이행,건조,맑음,교차로 - 교차로안,승용,남,43세,경상,승용,남,43세,경상
2013042100100174,2013년 4월 21일 11시,일요일,전라남도 해남군 현산면,경상사고,0,0,2,1,차대차 - 측면직각충돌,안전운전불이행,건조,맑음,단일로 - 기타,승용,남,54세,부상신고,승용,남,72세,경상
2013042100100220,2013년 4월 21일 13시,일요일,전라남도 여수시 화장동,경상사고,0,0,2,0,차대차 - 추돌 - 주정차중,안전운전불이행,건조,맑음,단일로 - 기타,승용,남,37세,상해없음,승용,남,53세,경상
2013042100100221,2013년 4월 21일 13시,일요일,전라남도 순천시 해룡면,중상사고,0,1,0,0,차대차 - 기타,신호위반,건조,맑음,교차로 - 교차로안,원동기,남,71세,중상,승용,남,48세,상해없음
2013042100100222,2013년 4월 21일 13시,일요일,전라남도 순천시 풍덕동,중상사고,0,1,0,0,차대차 - 기타,교차로운행방법위반,건조,맑음,교차로 - 교차로부근,승용,여,33세,상해없음,원동기,남,52세,중상
2013042100100223,2013년 4월 21일 13시,일요일,전라남도 고흥군 대서면,경상사고,0,0,1,0,차대차 - 측면직각충돌,교차로운행방법위반,건조,맑음,교차로 - 교차로안,승용,남,43세,경상,화물,남,58세,상해없음
2013042100100247,2013년 4월 21일 14시,일요일,전라남도 여수시 공화동,경상사고,0,0,7,0,차대차 - 측면직각충돌,신호위반,건조,맑음,교차로 - 교차로안,승용,남,63세,상해없음,승용,남,54세,상해없음
2013042100100279,2013년 4월 21일 15시,일요일,전라남도 여수시 돌산읍,중상사고,0,1,0,0,차대사람 - 기타,안전운전불이행,건조,맑음,교차로 - 교차로부근,승합,남,53세,상해없음,보행자,남,66세,중상
2013042100100311,2013년 4월 21일 16시,일요일,전라남도 여수시 공화동,중상사고,0,1,1,0,차대사람 - 길가장자리구역통행중,안전운전불이행,건조,맑음,교차로 - 교차로부근,승용,여,57세,상해없음,보행자,여,62세,중상
2013042100100312,2013년 4월 21일 16시,일요일,전라남도 순천시 서면,중상사고,0,1,1,0,차대차 - 기타,안전거리미확보,건조,맑음,단일로 - 기타,승용,남,42세,상해없음,승용,남,58세,경상
2013042100100344,2013년 4월 21일 17시,일요일,전라남도 목포시 상동,경상사고,0,0,1,0,차대차 - 기타,안전운전불이행,건조,기타,단일로 - 기타,승용,남,22세,상해없음,승용,남,29세,경상
2013042100100345,2013년 4월 21일 17시,일요일,전라남도 순천시 조례동,중상사고,0,1,0,0,차대사람 - 기타,안전운전불이행,건조,맑음,단일로 - 기타,원동기,남,19세,상해없음,보행자,남,10세,중상
2013042100100346,2013년 4월 21일 17시,일요일,전라남도 무안군 일로읍,중상사고,0,1,0,0,차량단독 - 공작물충돌,안전운전불이행,건조,맑음,단일로 - 기타,승용,남,55세,중상,,,,
2013042100100405,2013년 4월 21일 19시,일요일,전라남도 나주시 송월동,경상사고,0,0,1,0,차대차 - 기타,안전거리미확보,건조,맑음,단일로 - 기타,승용,남,32세,상해없음,원동기,남,47세,경상
2013042100100476,2013년 4월 21일 21시,일요일,전라남도 순천시 풍덕동,사망사고,1,0,0,0,차대사람 - 횡단중,안전운전불이행,건조,맑음,단일로 - 횡단보도부근,승용,남,55세,상해없음,보행자,여,48세,사망
2013042100100477,2013년 4월 21일 21시,일요일,전라남도 순천시 월등면,부상신고사고,0,0,0,1,차량단독 - 공작물충돌,안전운전불이행,건조,맑음,단일로 - 기타,승용,남,53세,부상신고,,,,
2013042100100507,2013년 4월 21일 22시,일요일,전라남도 고흥군 도덕면,중상사고,0,3,1,0,차대차 - 정면충돌,중앙선침범,건조,맑음,단일로 - 기타,승용,남,37세,중상,승용,여,50세,중상
2013042100100525,2013년 4월 21일 23시,일요일,전라남도 광양시 광양읍,중상사고,0,1,1,0,차대차 - 측면직각충돌,안전운전불이행,건조,맑음,단일로 - 기타,승용,남,26세,상해없음,승용,남,30세,경상
2013042100100526,2013년 4월 21일 23시,일요일,전라남도 광양시 금호동,경상사고,0,0,1,0,차량단독 - 공작물충돌,안전운전불이행,건조,맑음,단일로 - 기타,승용,여,38세,경상,,,,
2013042200100018,2013년 4월 22일 01시,월요일,전라남도 광양시 광양읍,중상사고,0,1,0,0,차량단독 - 공작물충돌,안전운전불이행,건조,기타,교차로 - 교차로부근,승용,여,34세,중상,,,,
2013042200100058,2013년 4월 22일 06시,월요일,전라남도 해남군 해남읍,경상사고,0,0,1,0,차대사람 - 기타,안전운전불이행,건조,맑음,단일로 - 기타,화물,남,53세,상해없음,보행자,남,47세,경상
2013042200100084,2013년 4월 22일 07시,월요일,전라남도 목포시 옥암동,중상사고,0,1,0,0,차대차 - 측면직각충돌,신호위반,건조,맑음,단일로 - 기타,승용,여,36세,상해없음,자전거,남,12세,중상
2013042200100085,2013년 4월 22일 07시,월요일,전라남도 여수시 중흥동,경상사고,0,0,2,0,차대차 - 추돌 - 진행중,안전운전불이행,건조,맑음,교차로 - 교차로안,특수,남,60세,상해없음,승용,남,57세,경상
2013042200100086,2013년 4월 22일 07시,월요일,전라남도 여수시 소호동,중상사고,0,1,0,0,차대사람 - 횡단중,보행자보호의무위반,건조,맑음,단일로 - 기타,승용,여,40세,상해없음,보행자,남,13세,중상
2013042200100087,2013년 4월 22일 07시,월요일,전라남도 여수시 미평동,경상사고,0,0,1,0,차대차 - 기타,안전운전불이행,건조,맑음,교차로 - 교차로부근,승용,남,42세,상해없음,승합,남,46세,상해없음
2013042200100088,2013년 4월 22일 07시,월요일,전라남도 화순군 화순읍,경상사고,0,0,1,0,차대사람 - 보도통행중,보행자보호의무위반,건조,맑음,교차로 - 교차로안,승용,여,26세,상해없음,보행자,여,12세,경상
2013042200100089,2013년 4월 22일 07시,월요일,전라남도 영암군 삼호읍,중상사고,0,1,1,0,차대차 - 측면직각충돌,안전운전불이행,건조,맑음,교차로 - 교차로안,승용,남,53세,상해없음,화물,남,27세,경상
2013042200100131,2013년 4월 22일 08시,월요일,전라남도 화순군 화순읍,경상사고,0,0,1,0,차대사람 - 길가장자리구역통행중,안전운전불이행,건조,맑음,단일로 - 기타,기타불명,기타불명,기타불명,기타불명,보행자,여,17세,경상
2013042200100163,2013년 4월 22일 09시,월요일,전라남도 담양군 고서면,경상사고,0,0,1,0,차대차 - 기타,안전운전불이행,습기,안개,단일로 - 기타,승용,여,52세,상해없음,자전거,남,77세,경상
2013042200100197,2013년 4월 22일 10시,월요일,전라남도 보성군 보성읍,중상사고,0,1,0,0,차대사람 - 길가장자리구역통행중,안전운전불이행,건조,맑음,단일로 - 기타,승용,여,45세,상해없음,보행자,여,86세,중상
2013042200100198,2013년 4월 22일 10시,월요일,전라남도 영암군 삼호읍,중상사고,0,2,1,0,차대차 - 측면직각충돌,신호위반,건조,맑음,교차로 - 교차로안,승용,남,69세,중상,화물,남,50세,경상
2013042200100199,2013년 4월 22일 10시,월요일,전라남도 담양군 월산면,중상사고,0,1,0,0,차대사람 - 횡단중,안전운전불이행,건조,맑음,단일로 - 기타,승용,남,77세,상해없음,보행자,여,62세,중상
2013042200100255,2013년 4월 22일 12시,월요일,전라남도 순천시 조례동,중상사고,0,1,0,0,차대차 - 기타,안전운전불이행,건조,맑음,단일로 - 기타,기타불명,기타불명,기타불명,기타불명,승용,남,54세,중상
2013042200100281,2013년 4월 22일 13시,월요일,전라남도 함평군 함평읍,경상사고,0,0,1,0,차대차 - 추돌 - 주정차중,불법유턴,건조,맑음,단일로 - 기타,화물,남,63세,상해없음,승용,남,34세,경상
2013042200100309,2013년 4월 22일 14시,월요일,전라남도 목포시 산정동,중상사고,0,1,0,0,차대차 - 기타,안전운전불이행,건조,맑음,단일로 - 기타,자전거,남,70세,중상,승용,남,62세,상해없음