사고번호,사고일시,요일,시군구,사고내용,사망자수,중상자수,경상자수,부상신고자수,사고유형,법규위반,노면상태,기상상태,도로형태,가해운전자 차종,가해운전자 성별,가해운전자 연령,가해운전자 상해정도,피해운전자 차종,피해운전자 성별,피해운전자 연령,피해운전자 상해정도
2013042200100310,2013년 4월 22일 14시,월요일,전라남도 담양군 담양읍,중상사고,0,1,0,0,차대차 - 기타,안전운전불이행,건조,맑음,단일로 - 기타,원동기,남,76세,중상,승용,여,35세,상해없음
2013042200100311,2013년 4월 22일 14시,월요일,전라남도 광양시 옥곡면,경상사고,0,0,1,0,차대차 - 측면직각충돌,안전운전불이행,건조,맑음,교차로 - 교차로안,이륜,남,52세,경상,승용,남,54세,상해없음
2013042200100335,2013년 4월 22일 15시,월요일,전라남도 신안군 비금면,사망사고,1,0,0,0,차대사람 - 기타,안전운전불이행,건조,맑음,단일로 - 기타,화물,남,36세,상해없음,보행자,여,77세,사망
2013042200100336,2013년 4월 22일 15시,월요일,전라남도 여수시 문수동,중상사고,0,1,0,0,차대차 - 측면직각충돌,차로위반,건조,맑음,단일로 - 기타,화물,남,23세,상해없음,원동기,남,53세,중상
2013042200100337,2013년 4월 22일 15시,월요일,전라남도 담양군 담양읍,경상사고,0,0,4,0,차대차 - 추돌 - 주정차중,안전운전불이행,건조,맑음,교차로 - 교차로부근,화물,남,35세,경상,승합,남,25세,경상
2013042200100404,2013년 4월 22일 17시,월요일,전라남도 목포시 상동,경상사고,0,0,1,0,차대차 - 측면직각충돌,신호위반,건조,맑음,교차로 - 교차로안,승용,남,58세,상해없음,승용,남,30세,경상
2013042200100405,2013년 4월 22일 17시,월요일,전라남도 해남군 현산면,중상사고,0,1,1,0,차대차 - 측면직각충돌,신호위반,건조,맑음,교차로 - 교차로안,승합,남,63세,상해없음,승용,남,46세,중상
2013042200100436,2013년 4월 22일 18시,월요일,전라남도 목포시 용해동,경상사고,0,0,5,0,차대차 - 추돌 - 진행중,안전운전불이행,건조,맑음,단일로 - 터널,승용,남,52세,상해없음,화물,남,47세,경상
2013042200100437,2013년 4월 22일 18시,월요일,전라남도 순천시 조례동,부상신고사고,0,0,0,1,차대차 - 기타,안전운전불이행,건조,맑음,교차로 - 교차로안,승용,남,40세,부상신고,승용,남,48세,상해없음
2013042200100438,2013년 4월 22일 18시,월요일,전라남도 광양시 봉강면,경상사고,0,0,1,0,차대차 - 측면직각충돌,안전거리미확보,건조,맑음,단일로 - 기타,이륜,남,35세,경상,승용,남,50세,상해없음
2013042200100474,2013년 4월 22일 19시,월요일,전라남도 여수시 학동,중상사고,0,1,0,0,차대사람 - 기타,보행자보호의무위반,건조,맑음,단일로 - 횡단보도상,원동기,남,18세,상해없음,보행자,남,6세,중상
2013042200100475,2013년 4월 22일 19시,월요일,전라남도 여수시 봉산동,경상사고,0,0,1,0,차대차 - 정면충돌,신호위반,건조,맑음,교차로 - 교차로안,승용,남,60세,상해없음,이륜,남,57세,경상
2013042200100476,2013년 4월 22일 19시,월요일,전라남도 여수시 오림동,경상사고,0,0,1,0,차대차 - 측면직각충돌,안전거리미확보,건조,맑음,단일로 - 기타,승용,남,55세,상해없음,승용,여,53세,경상
2013042200100539,2013년 4월 22일 21시,월요일,전라남도 여수시 학동,경상사고,0,0,1,0,차대차 - 측면직각충돌,안전거리미확보,건조,맑음,단일로 - 기타,승용,남,59세,상해없음,이륜,남,17세,경상
2013042200100540,2013년 4월 22일 21시,월요일,전라남도 보성군 보성읍,경상사고,0,0,1,0,차대사람 - 길가장자리구역통행중,안전운전불이행,건조,맑음,단일로 - 기타,승용,남,64세,상해없음,보행자,여,46세,경상
2013042200100597,2013년 4월 22일 23시,월요일,전라남도 여수시 평여동,경상사고,0,0,4,0,차대차 - 기타,중앙선침범,건조,맑음,교차로 - 교차로부근,승용,남,28세,상해없음,승용,남,39세,경상
2013042300100015,2013년 4월 23일 00시,화요일,전라남도 목포시 옥암동,중상사고,0,1,0,0,차대사람 - 차도통행중,안전운전불이행,건조,맑음,교차로 - 교차로부근,승용,남,33세,상해없음,보행자,남,51세,중상
2013042300100031,2013년 4월 23일 01시,화요일,전라남도 영암군 삼호읍,경상사고,0,0,3,0,차대차 - 기타,신호위반,건조,맑음,교차로 - 교차로안,승용,여,41세,경상,화물,남,35세,경상
2013042300100106,2013년 4월 23일 07시,화요일,전라남도 여수시 학동,중상사고,0,1,0,0,차대차 - 측면직각충돌,차로위반,습기,비,단일로 - 기타,승용,여,52세,상해없음,원동기,남,53세,중상
2013042300100107,2013년 4월 23일 07시,화요일,전라남도 영광군 백수읍,중상사고,0,1,2,0,차대차 - 기타,직진우회전진행방해,습기,비,교차로 - 교차로안,승용,여,58세,상해없음,승용,남,54세,경상
2013042300100108,2013년 4월 23일 07시,화요일,전라남도 구례군 산동면,경상사고,0,0,1,0,차대사람 - 횡단중,안전운전불이행,건조,맑음,단일로 - 기타,승용,여,38세,상해없음,보행자,여,66세,경상
2013042300100158,2013년 4월 23일 09시,화요일,전라남도 광양시 중군동,중상사고,0,1,3,0,차량단독 - 공작물충돌,안전운전불이행,습기,비,단일로 - 기타,승용,남,44세,중상,,,,
2013042300100193,2013년 4월 23일 10시,화요일,전라남도 순천시 덕암동,경상사고,0,0,1,1,차대차 - 기타,신호위반,습기,비,교차로 - 교차로안,승용,여,54세,부상신고,화물,남,40세,경상
2013042300100194,2013년 4월 23일 10시,화요일,전라남도 광양시 중동,경상사고,0,0,2,0,차대차 - 측면직각충돌,안전운전불이행,습기,비,교차로 - 교차로안,승용,여,30세,상해없음,승용,남,71세,경상
2013042300100213,2013년 4월 23일 11시,화요일,전라남도 영암군 삼호읍,중상사고,0,2,0,0,차량단독 - 공작물충돌,안전운전불이행,습기,비,교차로 - 교차로부근,승용,남,42세,중상,,,,
2013042300100214,2013년 4월 23일 11시,화요일,전라남도 무안군 무안읍,경상사고,0,0,1,0,차대차 - 측면직각충돌,안전운전불이행,습기,비,교차로 - 교차로부근,승용,남,46세,상해없음,승용,남,41세,경상
2013042300100240,2013년 4월 23일 12시,화요일,전라남도 보성군 벌교읍,경상사고,0,0,2,0,차대차 - 측면직각충돌,교차로운행방법위반,습기,비,교차로 - 교차로부근,승용,남,64세,상해없음,화물,남,45세,경상
2013042300100260,2013년 4월 23일 13시,화요일,전라남도 목포시 산정동,경상사고,0,0,1,0,차대차 - 기타,안전운전불이행,습기,비,단일로 - 기타,승용,남,25세,상해없음,승합,남,32세,경상
2013042300100261,2013년 4월 23일 13시,화요일,전라남도 영암군 군서면,중상사고,0,1,0,0,차대차 - 측면직각충돌,신호위반,습기,비,교차로 - 교차로안,승용,남,41세,상해없음,승용,남,51세,중상
2013042300100323,2013년 4월 23일 15시,화요일,전라남도 여수시 문수동,경상사고,0,0,1,0,차대차 - 추돌 - 주정차중,안전운전불이행,습기,비,단일로 - 기타,승용,남,31세,상해없음,승용,남,36세,상해없음
2013042300100324,2013년 4월 23일 15시,화요일,전라남도 순천시 해룡면,경상사고,0,0,1,0,차대차 - 추돌 - 진행중,안전거리미확보,습기,비,단일로 - 기타,화물,남,59세,상해없음,화물,남,38세,경상
2013042300100387,2013년 4월 23일 17시,화요일,전라남도 여수시 월내동,경상사고,0,0,1,0,차량단독 - 공작물충돌,안전운전불이행,습기,비,단일로 - 기타,화물,남,28세,경상,,,,
2013042300100427,2013년 4월 23일 18시,화요일,전라남도 순천시 조례동,경상사고,0,0,1,0,차대차 - 추돌 - 주정차중,안전거리미확보,습기,비,단일로 - 기타,화물,남,40세,상해없음,승용,남,44세,경상
2013042300100428,2013년 4월 23일 18시,화요일,전라남도 강진군 대구면,중상사고,0,1,0,0,차량단독 - 도로외이탈 - 추락,안전운전불이행,습기,비,단일로 - 기타,승용,남,59세,중상,,,,
2013042300100488,2013년 4월 23일 19시,화요일,전라남도 목포시 상동,경상사고,0,0,1,0,차대차 - 추돌 - 진행중,안전운전불이행,습기,흐림,교차로 - 교차로부근,승용,남,47세,상해없음,화물,여,60세,경상
2013042300100489,2013년 4월 23일 19시,화요일,전라남도 신안군 압해읍,경상사고,0,0,2,0,차대차 - 기타,중앙선침범,건조,맑음,단일로 - 기타,승용,남,40세,상해없음,승용,남,41세,경상
2013042300100490,2013년 4월 23일 19시,화요일,전라남도 순천시 동외동,사망사고,1,0,0,0,차대사람 - 기타,안전운전불이행,습기,비,교차로 - 교차로부근,승용,남,34세,상해없음,보행자,남,53세,사망
2013042300100491,2013년 4월 23일 19시,화요일,전라남도 광양시 중동,경상사고,0,0,1,0,차대차 - 추돌 - 진행중,안전운전불이행,습기,비,단일로 - 기타,승용,남,55세,상해없음,승합,남,66세,경상
2013042300100542,2013년 4월 23일 20시,화요일,전라남도 여수시 봉산동,경상사고,0,0,1,0,차대차 - 추돌 - 주정차중,안전운전불이행,습기,비,교차로 - 교차로부근,승용,남,47세,상해없음,승용,남,63세,경상
2013042300100543,2013년 4월 23일 20시,화요일,전라남도 해남군 북평면,중상사고,0,1,2,0,차대차 - 추돌 - 주정차중,안전운전불이행,습기,흐림,교차로 - 교차로부근,화물,남,36세,중상,화물,남,46세,경상
2013042300100597,2013년 4월 23일 21시,화요일,전라남도 순천시 남정동,경상사고,0,0,3,0,차대차 - 기타,안전운전불이행,습기,흐림,교차로 - 교차로부근,승용,남,53세,상해없음,승용,남,53세,경상
2013042300100598,2013년 4월 23일 21시,화요일,전라남도 광양시 태인동,중상사고,0,1,0,0,차대사람 - 횡단중,안전운전불이행,습기,비,단일로 - 기타,승용,남,51세,상해없음,보행자,남,39세,중상
2013042300100641,2013년 4월 23일 22시,화요일,전라남도 순천시 조례동,중상사고,0,1,0,0,차대사람 - 기타,안전운전불이행,습기,비,교차로 - 교차로부근,승용,여,43세,상해없음,보행자,남,36세,중상
2013042300100642,2013년 4월 23일 22시,화요일,전라남도 보성군 벌교읍,중상사고,0,1,0,0,차대차 - 측면직각충돌,안전운전불이행,습기,비,교차로 - 교차로안,승용,남,25세,상해없음,승용,남,59세,중상
2013042300100690,2013년 4월 23일 23시,화요일,전라남도 진도군 진도읍,경상사고,0,0,2,0,차대차 - 정면충돌,중앙선침범,습기,비,단일로 - 기타,승용,남,40세,경상,승용,남,51세,경상
2013042400100020,2013년 4월 24일 00시,수요일,전라남도 여수시 여서동,경상사고,0,0,3,0,차량단독 - 도로외이탈 - 추락,안전운전불이행,건조,흐림,단일로 - 기타,승용,남,53세,경상,,,,
2013042400100044,2013년 4월 24일 01시,수요일,전라남도 해남군 해남읍,중상사고,0,1,0,0,차대차 - 기타,중앙선침범,습기,흐림,단일로 - 기타,화물,남,47세,상해없음,승합,남,33세,중상
2013042400100056,2013년 4월 24일 02시,수요일,전라남도 순천시 서면,중상사고,0,1,1,0,차량단독 - 공작물충돌,안전운전불이행,습기,비,단일로 - 기타,승용,남,22세,상해없음,,,,
2013042400100089,2013년 4월 24일 05시,수요일,전라남도 무안군 삼향읍,부상신고사고,0,0,0,1,차량단독 - 전도전복,안전운전불이행,건조,맑음,단일로 - 기타,승용,여,41세,부상신고,,,,
2013042400100101,2013년 4월 24일 06시,수요일,전라남도 광양시 광양읍,중상사고,0,1,0,0,차대차 - 측면직각충돌,안전운전불이행,건조,맑음,교차로 - 교차로안,승용,남,41세,상해없음,원동기,여,61세,중상
2013042400100179,2013년 4월 24일 09시,수요일,전라남도 목포시 상동,경상사고,0,0,1,0,차대차 - 추돌 - 주정차중,안전운전불이행,건조,맑음,단일로 - 기타,기타불명,기타불명,기타불명,기타불명,승용,여,44세,경상
2013042400100180,2013년 4월 24일 09시,수요일,전라남도 담양군 담양읍,중상사고,0,1,1,0,차대차 - 기타,직진우회전진행방해,건조,맑음,교차로 - 교차로안,승용,남,42세,상해없음,승용,여,52세,경상
2013042400100196,2013년 4월 24일 10시,수요일,전라남도 여수시 충무동,경상사고,0,0,1,0,차대차 - 기타,신호위반,건조,맑음,교차로 - 교차로안,이륜,남,60세,경상,승용,남,56세,상해없음
2013042400100239,2013년 4월 24일 12시,수요일,전라남도 장흥군 장흥읍,경상사고,0,0,2,0,차대차 - 추돌 - 진행중,안전거리미확보,건조,맑음,단일로 - 교량,화물,남,57세,경상,승용,여,57세,경상
2013042400100240,2013년 4월 24일 12시,수요일,전라남도 고흥군 금산면,중상사고,0,1,0,0,차대차 - 기타,안전운전불이행,건조,맑음,교차로 - 교차로안,화물,남,53세,상해없음,화물,남,63세,중상
2013042400100263,2013년 4월 24일 13시,수요일,전라남도 여수시 학동,경상사고,0,0,1,0,차대차 - 측면직각충돌,안전운전불이행,건조,맑음,교차로 - 교차로안,승용,남,27세,상해없음,승용,여,53세,경상
2013042400100292,2013년 4월 24일 14시,수요일,전라남도 보성군 보성읍,중상사고,0,1,0,0,차대차 - 측면직각충돌,중앙선침범,건조,맑음,단일로 - 기타,화물,남,66세,상해없음,이륜,남,74세,중상
2013042400100293,2013년 4월 24일 14시,수요일,전라남도 장성군 장성읍,경상사고,0,0,6,0,차대차 - 측면직각충돌,교차로운행방법위반,건조,맑음,교차로 - 교차로안,승용,여,21세,상해없음,승용,여,54세,경상
2013042400100331,2013년 4월 24일 15시,수요일,전라남도 진도군 진도읍,중상사고,0,1,0,0,차대차 - 기타,안전운전불이행,건조,맑음,교차로 - 교차로안,승용,여,51세,상해없음,이륜,남,72세,상해없음
2013042400100371,2013년 4월 24일 16시,수요일,전라남도 여수시 신기동,경상사고,0,0,1,0,차대차 - 측면직각충돌,안전운전불이행,건조,맑음,단일로 - 기타,승용,여,35세,상해없음,이륜,남,70세,경상
2013042400100372,2013년 4월 24일 16시,수요일,전라남도 화순군 화순읍,경상사고,0,0,1,0,차대차 - 측면직각충돌,안전운전불이행,건조,맑음,단일로 - 기타,승용,여,38세,상해없음,승용,여,41세,경상
2013042400100411,2013년 4월 24일 17시,수요일,전라남도 나주시 봉황면,경상사고,0,0,1,0,차대차 - 기타,안전운전불이행,건조,맑음,단일로 - 기타,원동기,남,67세,경상,승용,여,42세,기타불명
2013042400100455,2013년 4월 24일 18시,수요일,전라남도 담양군 담양읍,경상사고,0,0,1,0,차대차 - 기타,안전운전불이행,건조,맑음,교차로 - 교차로안,화물,남,74세,상해없음,원동기,여,69세,경상
2013042400100456,2013년 4월 24일 18시,수요일,전라남도 광양시 중동,경상사고,0,0,1,0,차대차 - 측면직각충돌,안전운전불이행,건조,맑음,교차로 - 교차로안,이륜,남,19세,경상,화물,남,41세,상해없음
2013042400100457,2013년 4월 24일 18시,수요일,전라남도 광양시 광양읍,경상사고,0,0,1,0,차대사람 - 횡단중,안전운전불이행,건조,맑음,교차로 - 교차로안,승용,여,57세,상해없음,보행자,여,10세,경상
2013042400100484,2013년 4월 24일 19시,수요일,전라남도 목포시 옥암동,중상사고,0,1,0,0,차대사람 - 횡단중,안전운전불이행,건조,맑음,단일로 - 기타,승용,남,42세,상해없음,보행자,남,46세,중상
2013042400100485,2013년 4월 24일 19시,수요일,전라남도 여수시 문수동,중상사고,0,1,0,0,차대차 - 정면충돌,신호위반,건조,맑음,교차로 - 교차로안,원동기,남,22세,중상,승용,여,29세,상해없음
2013042400100515,2013년 4월 24일 20시,수요일,전라남도 보성군 미력면,경상사고,0,0,2,0,차대차 - 추돌 - 주정차중,안전운전불이행,건조,기타,단일로 - 기타,승용,여,44세,경상,화물,남,53세,경상
2013042400100516,2013년 4월 24일 20시,수요일,전라남도 영광군 영광읍,경상사고,0,0,1,0,차대차 - 추돌 - 진행중,안전운전불이행,건조,맑음,단일로 - 기타,화물,남,52세,상해없음,승용,여,28세,상해없음
2013042400100547,2013년 4월 24일 21시,수요일,전라남도 영광군 영광읍,부상신고사고,0,0,0,1,차량단독 - 공작물충돌,안전운전불이행,건조,맑음,단일로 - 기타,승용,남,56세,부상신고,,,,
2013042400100566,2013년 4월 24일 22시,수요일,전라남도 목포시 남교동,경상사고,0,0,1,0,차대사람 - 기타,안전운전불이행,건조,맑음,단일로 - 기타,승용,여,47세,상해없음,보행자,남,42세,경상
2013042500100012,2013년 4월 25일 00시,목요일,전라남도 여수시 신기동,경상사고,0,0,3,0,차대차 - 추돌 - 주정차중,안전운전불이행,건조,맑음,단일로 - 기타,화물,남,52세,상해없음,승용,남,41세,경상
2013042500100048,2013년 4월 25일 02시,목요일,전라남도 순천시 조례동,중상사고,0,1,1,0,차대사람 - 횡단중,안전운전불이행,건조,맑음,단일로 - 기타,승용,남,27세,상해없음,보행자,남,46세,경상
2013042500100062,2013년 4월 25일 05시,목요일,전라남도 장성군 삼계면,중상사고,0,1,0,0,차대차 - 측면직각충돌,교차로운행방법위반,건조,맑음,교차로 - 교차로안,승용,남,49세,상해없음,자전거,남,22세,중상
2013042500100088,2013년 4월 25일 07시,목요일,전라남도 순천시 가곡동,중상사고,0,2,2,0,차대차 - 측면직각충돌,안전운전불이행,건조,맑음,교차로 - 교차로안,승용,남,52세,중상,승합,남,44세,상해없음
2013042500100114,2013년 4월 25일 08시,목요일,전라남도 여수시 봉산동,경상사고,0,0,1,0,차대차 - 측면직각충돌,안전운전불이행,건조,맑음,교차로 - 교차로부근,승용,남,13세,상해없음,승용,여,40세,경상
2013042500100115,2013년 4월 25일 08시,목요일,전라남도 순천시 덕월동,경상사고,0,0,1,0,차대차 - 기타,안전운전불이행,건조,맑음,교차로 - 교차로안,승용,남,63세,상해없음,자전거,남,56세,경상
2013042500100143,2013년 4월 25일 09시,목요일,전라남도 목포시 산정동,경상사고,0,0,1,0,차대차 - 추돌 - 주정차중,안전운전불이행,건조,맑음,교차로 - 교차로부근,승용,남,58세,상해없음,승용,여,28세,경상
2013042500100144,2013년 4월 25일 09시,목요일,전라남도 화순군 화순읍,경상사고,0,0,3,0,차대차 - 측면직각충돌,교차로운행방법위반,건조,맑음,교차로 - 교차로안,승용,남,71세,경상,승용,남,34세,경상
2013042500100145,2013년 4월 25일 09시,목요일,전라남도 광양시 중동,중상사고,0,1,0,0,차대차 - 측면직각충돌,교차로운행방법위반,건조,맑음,교차로 - 교차로안,승용,남,43세,상해없음,이륜,여,48세,중상
2013042500100166,2013년 4월 25일 10시,목요일,전라남도 순천시 연향동,경상사고,0,0,2,0,차대차 - 추돌 - 주정차중,안전거리미확보,건조,맑음,단일로 - 기타,승용,여,22세,상해없음,승용,남,56세,경상
2013042500100167,2013년 4월 25일 10시,목요일,전라남도 나주시 성북동,경상사고,0,0,2,0,차대차 - 측면직각충돌,교차로운행방법위반,건조,맑음,교차로 - 교차로안,승용,여,50세,경상,승용,남,29세,경상
2013042500100168,2013년 4월 25일 10시,목요일,전라남도 장성군 장성읍,경상사고,0,0,1,0,차대차 - 기타,교차로운행방법위반,건조,맑음,교차로 - 교차로안,승용,남,31세,상해없음,승용,남,47세,경상
2013042500100193,2013년 4월 25일 11시,목요일,전라남도 순천시 풍덕동,경상사고,0,0,1,0,차대차 - 추돌 - 진행중,안전운전불이행,건조,맑음,교차로 - 교차로부근,승용,남,31세,상해없음,승용,남,56세,경상
2013042500100225,2013년 4월 25일 12시,목요일,전라남도 순천시 연향동,중상사고,0,1,0,0,차대차 - 기타,중앙선침범,건조,맑음,교차로 - 교차로부근,승용,남,52세,상해없음,이륜,남,19세,중상
2013042500100226,2013년 4월 25일 12시,목요일,전라남도 나주시 왕곡면,경상사고,0,0,3,0,차대차 - 추돌 - 진행중,안전거리미확보,건조,맑음,기타 - 기타,승용,여,38세,경상,화물,남,35세,경상
2013042500100248,2013년 4월 25일 13시,목요일,전라남도 순천시 풍덕동,경상사고,0,0,3,0,차대차 - 추돌 - 진행중,안전운전불이행,건조,맑음,교차로 - 교차로안,승용,남,55세,상해없음,승합,남,26세,경상
2013042500100249,2013년 4월 25일 13시,목요일,전라남도 나주시 봉황면,중상사고,0,1,0,0,차대차 - 추돌 - 진행중,안전거리미확보,건조,맑음,기타 - 기타,건설기계,남,47세,상해없음,농기계,여,57세,중상
2013042500100250,2013년 4월 25일 13시,목요일,전라남도 광양시 도이동,중상사고,0,1,0,0,차대차 - 측면직각충돌,신호위반,건조,맑음,교차로 - 교차로안,화물,남,48세,상해없음,승용,남,26세,중상
2013042500100308,2013년 4월 25일 15시,목요일,전라남도 순천시 왕지동,경상사고,0,0,1,0,차대차 - 기타,직진우회전진행방해,건조,맑음,교차로 - 교차로안,승용,여,49세,상해없음,자전거,남,15세,경상
2013042500100373,2013년 4월 25일 17시,목요일,전라남도 목포시 산정동,경상사고,0,0,2,0,차대차 - 추돌 - 주정차중,안전거리미확보,건조,맑음,교차로 - 교차로안,건설기계,남,45세,상해없음,승용,남,31세,경상
2013042500100374,2013년 4월 25일 17시,목요일,전라남도 나주시 다시면,중상사고,0,1,0,0,차대차 - 기타,안전운전불이행,건조,맑음,단일로 - 기타,승용,여,55세,상해없음,이륜,남,73세,중상
2013042500100375,2013년 4월 25일 17시,목요일,전라남도 장성군 서삼면,경상사고,0,0,2,0,차대차 - 추돌 - 진행중,불법유턴,건조,맑음,단일로 - 기타,화물,남,35세,상해없음,승용,남,51세,경상
2013042500100399,2013년 4월 25일 18시,목요일,전라남도 목포시 죽교동,경상사고,0,0,2,0,차대차 - 기타,안전운전불이행,건조,맑음,교차로 - 교차로안,승합,남,53세,상해없음,승합,남,45세,경상
2013042500100400,2013년 4월 25일 18시,목요일,전라남도 해남군 해남읍,경상사고,0,0,1,0,차대사람 - 횡단중,안전운전불이행,건조,맑음,단일로 - 기타,승용,남,36세,상해없음,보행자,여,10세,경상
2013042500100428,2013년 4월 25일 19시,목요일,전라남도 여수시 화치동,경상사고,0,0,3,0,차대차 - 측면직각충돌,교차로운행방법위반,건조,맑음,교차로 - 교차로안,승용,남,26세,상해없음,승용,남,39세,경상
2013042500100429,2013년 4월 25일 19시,목요일,전라남도 장흥군 장흥읍,경상사고,0,0,1,0,차대차 - 기타,안전운전불이행,건조,맑음,단일로 - 기타,원동기,남,35세,경상,화물,남,28세,상해없음
2013042500100458,2013년 4월 25일 20시,목요일,전라남도 장흥군 장평면,중상사고,0,1,0,0,차대사람 - 길가장자리구역통행중,안전운전불이행,건조,맑음,교차로 - 교차로부근,승용,남,50세,상해없음,보행자,여,52세,중상
2013042500100489,2013년 4월 25일 21시,목요일,전라남도 여수시 미평동,경상사고,0,0,1,0,차대사람 - 횡단중,안전운전불이행,건조,맑음,단일로 - 기타,승용,여,55세,상해없음,보행자,남,68세,경상
2013042500100490,2013년 4월 25일 21시,목요일,전라남도 여수시 안산동,경상사고,0,0,1,0,차대차 - 추돌 - 주정차중,안전운전불이행,건조,맑음,교차로 - 교차로부근,화물,남,63세,상해없음,승용,여,52세,경상
2013042500100491,2013년 4월 25일 21시,목요일,전라남도 순천시 조례동,경상사고,0,0,1,0,차대사람 - 횡단중,안전운전불이행,건조,맑음,단일로 - 기타,승용,여,29세,상해없음,보행자,남,48세,경상
2013042500100492,2013년 4월 25일 21시,목요일,전라남도 해남군 옥천면,경상사고,0,0,1,0,차대차 - 측면직각충돌,직진우회전진행방해,건조,맑음,교차로 - 교차로안,화물,여,48세,상해없음,승용,여,46세,경상
2013042500100529,2013년 4월 25일 22시,목요일,전라남도 여수시 상암동,경상사고,0,0,1,0,차대차 - 기타,안전운전불이행,건조,맑음,단일로 - 기타,승용,남,62세,상해없음,승합,남,57세,경상
2013042600100016,2013년 4월 26일 00시,금요일,전라남도 목포시 석현동,중상사고,0,1,0,0,차량단독 - 기타,안전운전불이행,건조,맑음,단일로 - 기타,승용,남,26세,중상,,,,
2013042600100042,2013년 4월 26일 01시,금요일,전라남도 무안군 청계면,중상사고,0,1,0,0,차량단독 - 도로외이탈 - 기타,안전운전불이행,건조,맑음,단일로 - 기타,승용,남,51세,상해없음,,,,
2013042600100104,2013년 4월 26일 06시,금요일,전라남도 나주시 대호동,중상사고,0,1,0,0,차대차 - 기타,안전거리미확보,건조,맑음,단일로 - 기타,원동기,남,34세,중상,승용,남,57세,상해없음
2013042600100129,2013년 4월 26일 07시,금요일,전라남도 해남군 옥천면,사망사고,1,0,1,0,차대차 - 측면직각충돌,직진우회전진행방해,건조,맑음,교차로 - 교차로안,건설기계,남,42세,경상,승용,여,43세,사망
2013042600100130,2013년 4월 26일 07시,금요일,전라남도 강진군 군동면,경상사고,0,0,1,0,차량단독 - 도로외이탈 - 기타,안전운전불이행,건조,맑음,단일로 - 기타,승용,여,47세,경상,,,,
2013042600100159,2013년 4월 26일 08시,금요일,전라남도 영광군 영광읍,경상사고,0,0,1,0,차대차 - 기타,직진우회전진행방해,건조,맑음,교차로 - 교차로안,승용,남,56세,상해없음,승용,여,59세,경상
2013042600100160,2013년 4월 26일 08시,금요일,전라남도 곡성군 목사동면,중상사고,0,1,1,0,차대차 - 기타,안전운전불이행,건조,맑음,교차로 - 교차로부근,농기계,남,66세,경상,화물,남,66세,상해없음
2013042600100194,2013년 4월 26일 09시,금요일,전라남도 해남군 화산면,부상신고사고,0,0,0,1,차량단독 - 전도전복,안전운전불이행,건조,맑음,단일로 - 기타,건설기계,남,47세,부상신고,,,,
2013042600100222,2013년 4월 26일 10시,금요일,전라남도 순천시 서면,경상사고,0,0,1,0,차대차 - 기타,안전운전불이행,건조,맑음,단일로 - 기타,승용,여,30세,경상,승용,남,74세,기타불명
2013042600100223,2013년 4월 26일 10시,금요일,전라남도 순천시 장천동,경상사고,0,0,1,0,차량단독 - 기타,안전운전불이행,건조,맑음,단일로 - 기타,승합,남,53세,기타불명,,,,
2013042600100251,2013년 4월 26일 11시,금요일,전라남도 담양군 대전면,경상사고,0,0,1,0,차대차 - 측면직각충돌,안전운전불이행,건조,맑음,교차로 - 교차로안,원동기,남,57세,경상,승용,여,51세,상해없음
2013042600100252,2013년 4월 26일 11시,금요일,전라남도 무안군 청계면,중상사고,0,1,1,0,차대차 - 측면직각충돌,안전거리미확보,건조,맑음,단일로 - 기타,건설기계,남,39세,상해없음,승용,여,60세,중상
2013042600100272,2013년 4월 26일 12시,금요일,전라남도 장성군 장성읍,중상사고,0,1,0,0,차대차 - 기타,안전운전불이행,건조,맑음,단일로 - 기타,승용,여,19세,상해없음,이륜,남,74세,중상
2013042600100293,2013년 4월 26일 13시,금요일,전라남도 나주시 다시면,경상사고,0,0,1,0,차대사람 - 횡단중,보행자보호의무위반,건조,맑음,단일로 - 횡단보도상,승용,남,70세,상해없음,보행자,여,63세,경상
2013042600100294,2013년 4월 26일 13시,금요일,전라남도 구례군 토지면,중상사고,0,1,1,0,차대차 - 기타,안전운전불이행,건조,맑음,단일로 - 기타,화물,남,70세,상해없음,이륜,남,74세,중상
2013042600100322,2013년 4월 26일 14시,금요일,전라남도 장흥군 관산읍,중상사고,0,1,0,0,차대차 - 추돌 - 진행중,안전운전불이행,건조,맑음,단일로 - 기타,화물,남,60세,상해없음,원동기,남,75세,중상
2013042600100323,2013년 4월 26일 14시,금요일,전라남도 고흥군 고흥읍,중상사고,0,1,0,0,차대차 - 기타,안전운전불이행,건조,맑음,단일로 - 기타,기타불명,기타불명,기타불명,기타불명,이륜,남,70세,중상
2013042600100324,2013년 4월 26일 14시,금요일,전라남도 구례군 산동면,중상사고,0,1,0,0,차량단독 - 전도전복,안전운전불이행,건조,맑음,단일로 - 기타,이륜,남,47세,중상,,,,
2013042600100395,2013년 4월 26일 16시,금요일,전라남도 여수시 웅천동,경상사고,0,0,2,0,차대차 - 측면직각충돌,교차로운행방법위반,건조,맑음,교차로 - 교차로안,화물,남,43세,상해없음,승용,남,31세,경상
2013042600100396,2013년 4월 26일 16시,금요일,전라남도 나주시 봉황면,중상사고,0,1,1,0,차량단독 - 공작물충돌,안전운전불이행,건조,맑음,단일로 - 기타,화물,남,25세,중상,,,,