사고번호,사고일시,요일,시군구,사고내용,사망자수,중상자수,경상자수,부상신고자수,사고유형,법규위반,노면상태,기상상태,도로형태,가해운전자 차종,가해운전자 성별,가해운전자 연령,가해운전자 상해정도,피해운전자 차종,피해운전자 성별,피해운전자 연령,피해운전자 상해정도
2013042600100397,2013년 4월 26일 16시,금요일,전라남도 화순군 화순읍,중상사고,0,1,0,0,차대차 - 측면직각충돌,교차로운행방법위반,건조,맑음,교차로 - 교차로안,승합,남,31세,상해없음,원동기,남,43세,중상
2013042600100398,2013년 4월 26일 16시,금요일,전라남도 영암군 도포면,중상사고,0,1,0,0,차대사람 - 기타,안전운전불이행,건조,맑음,교차로 - 교차로부근,이륜,기타불명,기타불명,기타불명,보행자,남,66세,중상
2013042600100472,2013년 4월 26일 18시,금요일,전라남도 광양시 금호동,경상사고,0,0,5,1,차대차 - 측면직각충돌,안전운전불이행,건조,맑음,교차로 - 교차로안,승용,남,27세,부상신고,승용,남,37세,상해없음
2013042600100473,2013년 4월 26일 18시,금요일,전라남도 광양시 광양읍,경상사고,0,0,1,0,차대차 - 추돌 - 주정차중,안전운전불이행,건조,맑음,교차로 - 교차로부근,승용,남,19세,경상,특수,남,32세,상해없음
2013042600100536,2013년 4월 26일 20시,금요일,전라남도 목포시 옥암동,부상신고사고,0,0,0,1,차대차 - 정면충돌,중앙선침범,건조,맑음,단일로 - 기타,이륜,남,45세,부상신고,승용,남,30세,상해없음
2013042600100586,2013년 4월 26일 21시,금요일,전라남도 여수시 관문동,중상사고,0,1,0,0,차대차 - 추돌 - 주정차중,안전운전불이행,건조,맑음,단일로 - 기타,승용,남,18세,상해없음,승용,남,27세,기타불명
2013042600100587,2013년 4월 26일 21시,금요일,전라남도 순천시 조곡동,경상사고,0,0,2,0,차대차 - 기타,신호위반,건조,맑음,단일로 - 횡단보도상,승용,남,57세,상해없음,승용,여,47세,경상
2013042600100588,2013년 4월 26일 21시,금요일,전라남도 담양군 담양읍,경상사고,0,0,5,0,차대차 - 측면직각충돌,안전운전불이행,건조,흐림,교차로 - 교차로안,승용,남,51세,경상,화물,여,64세,경상
2013042600100589,2013년 4월 26일 21시,금요일,전라남도 무안군 현경면,중상사고,0,1,0,0,차량단독 - 공작물충돌,안전운전불이행,건조,맑음,교차로 - 교차로부근,화물,남,54세,중상,,,,
2013042600100626,2013년 4월 26일 22시,금요일,전라남도 진도군 군내면,중상사고,0,1,0,0,차대사람 - 횡단중,안전운전불이행,건조,맑음,단일로 - 기타,화물,남,35세,상해없음,보행자,여,44세,중상
2013042600100656,2013년 4월 26일 23시,금요일,전라남도 순천시 해룡면,경상사고,0,0,1,0,차대차 - 기타,기타,건조,맑음,교차로 - 교차로부근,원동기,남,18세,경상,승용,여,41세,상해없음
2013042700100059,2013년 4월 27일 02시,토요일,전라남도 무안군 일로읍,경상사고,0,0,1,0,차량단독 - 공작물충돌,안전운전불이행,건조,맑음,단일로 - 기타,승용,여,29세,경상,,,,
2013042700100144,2013년 4월 27일 07시,토요일,전라남도 무안군 해제면,경상사고,0,0,1,0,차대차 - 정면충돌,중앙선침범,건조,맑음,교차로 - 교차로부근,승용,여,46세,상해없음,원동기,남,69세,경상
2013042700100145,2013년 4월 27일 07시,토요일,전라남도 광양시 금호동,경상사고,0,0,1,0,차대차 - 추돌 - 진행중,안전운전불이행,건조,맑음,단일로 - 기타,건설기계,남,41세,상해없음,건설기계,남,54세,경상
2013042700100164,2013년 4월 27일 08시,토요일,전라남도 여수시 신기동,경상사고,0,0,2,0,차대차 - 기타,차로위반,건조,맑음,교차로 - 교차로부근,화물,남,31세,상해없음,승용,남,25세,경상
2013042700100181,2013년 4월 27일 09시,토요일,전라남도 해남군 북평면,경상사고,0,0,1,0,차대사람 - 횡단중,안전운전불이행,건조,맑음,단일로 - 기타,승용,남,67세,상해없음,보행자,여,54세,경상
2013042700100203,2013년 4월 27일 10시,토요일,전라남도 여수시 안산동,경상사고,0,0,4,0,차대차 - 추돌 - 진행중,교차로운행방법위반,건조,맑음,교차로 - 교차로안,승용,남,65세,상해없음,승용,여,40세,경상
2013042700100232,2013년 4월 27일 11시,토요일,전라남도 여수시 신월동,중상사고,0,2,4,0,차대차 - 기타,불법유턴,건조,맑음,교차로 - 교차로부근,승합,남,55세,상해없음,승용,여,30세,경상
2013042700100366,2013년 4월 27일 15시,토요일,전라남도 순천시 조례동,경상사고,0,0,1,0,차대차 - 기타,안전운전불이행,건조,맑음,단일로 - 기타,승합,남,30세,상해없음,자전거,남,9세,경상
2013042700100367,2013년 4월 27일 15시,토요일,전라남도 광양시 황금동,중상사고,0,2,0,0,차대차 - 기타,안전운전불이행,건조,맑음,단일로 - 기타,화물,남,59세,상해없음,농기계,남,76세,중상
2013042700100397,2013년 4월 27일 16시,토요일,전라남도 무안군 현경면,경상사고,0,0,4,0,차대차 - 측면직각충돌,중앙선침범,건조,맑음,단일로 - 기타,승용,남,51세,상해없음,승용,남,55세,경상
2013042700100431,2013년 4월 27일 17시,토요일,전라남도 목포시 산정동,경상사고,0,0,1,0,차대차 - 측면직각충돌,안전운전불이행,건조,맑음,단일로 - 기타,자전거,남,62세,경상,승용,남,43세,상해없음
2013042700100432,2013년 4월 27일 17시,토요일,전라남도 나주시 노안면,경상사고,0,0,2,0,차대차 - 추돌 - 주정차중,안전운전불이행,건조,맑음,단일로 - 기타,화물,남,72세,상해없음,승용,남,43세,경상
2013042700100433,2013년 4월 27일 17시,토요일,전라남도 영암군 도포면,중상사고,0,1,1,0,차대차 - 기타,중앙선침범,건조,맑음,단일로 - 기타,승용,남,73세,중상,건설기계,남,48세,경상
2013042700100487,2013년 4월 27일 18시,토요일,전라남도 고흥군 고흥읍,경상사고,0,0,1,0,차대차 - 기타,직진우회전진행방해,건조,맑음,교차로 - 교차로안,승용,남,39세,상해없음,원동기,남,47세,경상
2013042700100488,2013년 4월 27일 18시,토요일,전라남도 고흥군 고흥읍,중상사고,0,1,0,0,차대사람 - 기타,안전운전불이행,건조,맑음,단일로 - 기타,승합,남,60세,상해없음,보행자,여,82세,중상
2013042700100527,2013년 4월 27일 19시,토요일,전라남도 목포시 상락동1가,경상사고,0,0,1,0,차대사람 - 길가장자리구역통행중,안전운전불이행,건조,맑음,단일로 - 기타,화물,남,46세,상해없음,보행자,남,52세,경상
2013042700100528,2013년 4월 27일 19시,토요일,전라남도 여수시 중앙동,경상사고,0,0,1,0,차대사람 - 기타,안전운전불이행,건조,맑음,단일로 - 기타,승용,남,50세,상해없음,보행자,여,54세,경상
2013042700100529,2013년 4월 27일 19시,토요일,전라남도 장흥군 안양면,중상사고,0,1,1,0,차대차 - 측면직각충돌,안전운전불이행,건조,맑음,교차로 - 교차로안,화물,남,41세,상해없음,화물,남,60세,중상
2013042700100564,2013년 4월 27일 20시,토요일,전라남도 목포시 옥암동,부상신고사고,0,0,0,1,차대사람 - 횡단중,안전운전불이행,건조,맑음,교차로 - 교차로부근,승용,기타불명,기타불명,기타불명,보행자,남,56세,부상신고
2013042700100565,2013년 4월 27일 20시,토요일,전라남도 여수시 화장동,중상사고,0,1,0,0,차대차 - 측면직각충돌,신호위반,건조,맑음,교차로 - 교차로안,승용,남,49세,상해없음,이륜,남,30세,중상
2013042700100656,2013년 4월 27일 23시,토요일,전라남도 여수시 충무동,중상사고,0,1,0,0,차대사람 - 차도통행중,안전운전불이행,건조,맑음,교차로 - 교차로부근,기타불명,기타불명,기타불명,기타불명,보행자,남,57세,중상
2013042800100093,2013년 4월 28일 05시,일요일,전라남도 보성군 벌교읍,경상사고,0,0,1,0,차대차 - 추돌 - 진행중,안전운전불이행,건조,맑음,단일로 - 기타,승용,남,33세,상해없음,승용,남,67세,경상
2013042800100156,2013년 4월 28일 10시,일요일,전라남도 여수시 화양면,중상사고,0,2,1,0,차대차 - 기타,안전운전불이행,건조,맑음,단일로 - 기타,승용,여,59세,중상,건설기계,남,38세,경상
2013042800100180,2013년 4월 28일 11시,일요일,전라남도 목포시 상동,경상사고,0,0,1,0,차대차 - 기타,안전운전불이행,건조,맑음,단일로 - 기타,자전거,남,17세,경상,승용,남,48세,상해없음
2013042800100204,2013년 4월 28일 12시,일요일,전라남도 영암군 삼호읍,중상사고,0,1,0,0,차량단독 - 기타,안전운전불이행,건조,맑음,단일로 - 기타,승용,남,54세,중상,,,,
2013042800100233,2013년 4월 28일 13시,일요일,전라남도 장흥군 관산읍,경상사고,0,0,1,0,차량단독 - 도로외이탈 - 추락,안전운전불이행,건조,맑음,단일로 - 기타,농기계,남,69세,경상,,,,
2013042800100234,2013년 4월 28일 13시,일요일,전라남도 함평군 대동면,중상사고,0,3,2,0,차대차 - 측면직각충돌,신호위반,건조,맑음,교차로 - 교차로안,승용,남,36세,경상,승용,남,52세,중상
2013042800100269,2013년 4월 28일 14시,일요일,전라남도 장흥군 장흥읍,경상사고,0,0,1,0,차대사람 - 횡단중,보행자보호의무위반,건조,맑음,단일로 - 횡단보도상,승용,여,67세,상해없음,보행자,여,30세,경상
2013042800100300,2013년 4월 28일 15시,일요일,전라남도 목포시 대양동,중상사고,0,1,0,0,차대차 - 기타,안전운전불이행,건조,맑음,단일로 - 기타,이륜,남,42세,중상,승용,남,61세,상해없음
2013042800100301,2013년 4월 28일 15시,일요일,전라남도 순천시 장천동,경상사고,0,0,1,0,차대차 - 기타,안전운전불이행,건조,맑음,단일로 - 기타,승용,남,22세,상해없음,자전거,남,10세,경상
2013042800100302,2013년 4월 28일 15시,일요일,전라남도 순천시 장천동,경상사고,0,0,1,0,차대사람 - 기타,안전운전불이행,건조,맑음,단일로 - 기타,승용,여,50세,상해없음,보행자,남,24세,경상
2013042800100303,2013년 4월 28일 15시,일요일,전라남도 담양군 고서면,경상사고,0,0,7,0,차량단독 - 공작물충돌,안전운전불이행,건조,맑음,미분류 - 미분류,승합,남,27세,경상,,,,
2013042800100338,2013년 4월 28일 16시,일요일,전라남도 화순군 동면,중상사고,0,1,0,0,차대사람 - 기타,안전운전불이행,건조,맑음,단일로 - 기타,기타불명,기타불명,기타불명,기타불명,보행자,남,25세,중상
2013042800100369,2013년 4월 28일 17시,일요일,전라남도 여수시 화양면,중상사고,0,2,3,0,차대차 - 측면직각충돌,중앙선침범,건조,맑음,단일로 - 기타,승용,여,41세,상해없음,승용,남,65세,중상
2013042800100370,2013년 4월 28일 17시,일요일,전라남도 장성군 진원면,경상사고,0,0,2,0,차대차 - 추돌 - 진행중,안전운전불이행,건조,맑음,교차로 - 교차로안,승용,남,22세,상해없음,화물,남,25세,경상
2013042800100428,2013년 4월 28일 19시,일요일,전라남도 순천시 덕월동,경상사고,0,0,2,0,차대차 - 기타,안전운전불이행,건조,맑음,교차로 - 교차로안,승용,남,47세,상해없음,승용,남,48세,경상
2013042800100453,2013년 4월 28일 20시,일요일,전라남도 순천시 풍덕동,경상사고,0,0,3,1,차대차 - 기타,중앙선침범,건조,흐림,단일로 - 횡단보도상,승용,남,66세,부상신고,승용,남,52세,경상
2013042800100483,2013년 4월 28일 21시,일요일,전라남도 장흥군 장흥읍,중상사고,0,1,0,0,차대사람 - 기타,안전운전불이행,건조,맑음,단일로 - 기타,승용,남,54세,상해없음,보행자,남,54세,중상
2013042800100513,2013년 4월 28일 22시,일요일,전라남도 영암군 신북면,경상사고,0,0,2,0,차대차 - 기타,신호위반,건조,맑음,교차로 - 교차로부근,승합,남,39세,경상,화물,남,41세,상해없음
2013042900100006,2013년 4월 29일 00시,월요일,전라남도 여수시 둔덕동,경상사고,0,0,1,0,차대차 - 측면직각충돌,안전운전불이행,건조,맑음,교차로 - 교차로부근,승용,남,90세 이상,상해없음,승용,남,90세 이상,경상
2013042900100038,2013년 4월 29일 03시,월요일,전라남도 목포시 상동,경상사고,0,0,1,0,차대차 - 측면직각충돌,차로위반,건조,맑음,교차로 - 교차로부근,승용,기타불명,기타불명,기타불명,승용,남,52세,경상
2013042900100084,2013년 4월 29일 07시,월요일,전라남도 순천시 조례동,중상사고,0,1,0,0,차대차 - 기타,신호위반,건조,맑음,교차로 - 교차로안,화물,여,37세,상해없음,승용,여,46세,중상
2013042900100085,2013년 4월 29일 07시,월요일,전라남도 곡성군 곡성읍,경상사고,0,0,4,0,차대차 - 기타,안전운전불이행,건조,맑음,교차로 - 교차로부근,화물,남,51세,기타불명,승용,여,55세,경상
2013042900100121,2013년 4월 29일 08시,월요일,전라남도 여수시 여서동,경상사고,0,0,1,0,차량단독 - 전도전복,안전운전불이행,건조,맑음,단일로 - 터널,승용,여,37세,경상,,,,
2013042900100202,2013년 4월 29일 11시,월요일,전라남도 나주시 세지면,중상사고,0,1,0,0,차대차 - 추돌 - 진행중,안전운전불이행,습기,비,교차로 - 교차로부근,화물,남,70세,중상,화물,남,49세,상해없음
2013042900100203,2013년 4월 29일 11시,월요일,전라남도 담양군 수북면,중상사고,0,1,0,0,차대차 - 기타,교차로운행방법위반,습기,비,교차로 - 교차로안,화물,남,53세,상해없음,화물,남,38세,중상
2013042900100227,2013년 4월 29일 12시,월요일,전라남도 나주시 대호동,경상사고,0,0,5,0,차대차 - 측면직각충돌,안전거리미확보,건조,흐림,단일로 - 기타,승용,남,68세,경상,화물,남,54세,경상
2013042900100280,2013년 4월 29일 14시,월요일,전라남도 순천시 연향동,중상사고,0,1,0,0,차대사람 - 횡단중,신호위반,건조,맑음,단일로 - 횡단보도상,승용,남,74세,상해없음,보행자,여,71세,중상
2013042900100281,2013년 4월 29일 14시,월요일,전라남도 진도군 고군면,경상사고,0,0,1,0,차대사람 - 횡단중,보행자보호의무위반,건조,맑음,단일로 - 기타,승용,여,59세,상해없음,보행자,여,69세,경상
2013042900100305,2013년 4월 29일 15시,월요일,전라남도 목포시 산정동,경상사고,0,0,3,0,차대차 - 기타,직진우회전진행방해,습기,흐림,교차로 - 교차로안,승용,남,68세,경상,승용,여,35세,경상
2013042900100306,2013년 4월 29일 15시,월요일,전라남도 장성군 동화면,중상사고,0,1,0,0,차량단독 - 기타,안전운전불이행,습기,비,단일로 - 기타,화물,남,24세,중상,,,,
2013042900100333,2013년 4월 29일 16시,월요일,전라남도 나주시 대호동,경상사고,0,0,2,0,차대차 - 기타,안전운전불이행,건조,맑음,단일로 - 기타,승용,남,52세,경상,화물,남,66세,경상
2013042900100334,2013년 4월 29일 16시,월요일,전라남도 해남군 황산면,중상사고,0,1,0,0,차대차 - 추돌 - 주정차중,안전운전불이행,건조,맑음,교차로 - 교차로안,화물,남,51세,상해없음,원동기,남,52세,중상
2013042900100366,2013년 4월 29일 17시,월요일,전라남도 해남군 해남읍,경상사고,0,0,1,0,차대차 - 추돌 - 진행중,안전운전불이행,건조,맑음,단일로 - 기타,화물,남,72세,상해없음,승용,남,44세,경상
2013042900100392,2013년 4월 29일 18시,월요일,전라남도 목포시 용당동,경상사고,0,0,1,0,차대차 - 추돌 - 주정차중,안전운전불이행,습기,흐림,교차로 - 교차로부근,승용,남,28세,상해없음,승용,여,66세,경상
2013042900100393,2013년 4월 29일 18시,월요일,전라남도 순천시 해룡면,중상사고,0,1,0,0,차대사람 - 기타,안전운전불이행,건조,맑음,단일로 - 기타,승용,남,29세,상해없음,보행자,남,9세,중상
2013042900100415,2013년 4월 29일 19시,월요일,전라남도 여수시 선원동,사망사고,1,0,0,0,차대사람 - 횡단중,안전운전불이행,건조,맑음,단일로 - 횡단보도상,승용,여,47세,상해없음,보행자,남,68세,사망
2013042900100486,2013년 4월 29일 21시,월요일,전라남도 순천시 조례동,사망사고,1,0,0,0,차대사람 - 기타,과속,건조,맑음,단일로 - 기타,승용,남,37세,상해없음,보행자,남,58세,사망
2013042900100487,2013년 4월 29일 21시,월요일,전라남도 순천시 조례동,경상사고,0,0,2,0,차대차 - 기타,안전운전불이행,건조,맑음,교차로 - 교차로부근,승용,여,50세,상해없음,승용,남,34세,경상
2013042900100508,2013년 4월 29일 22시,월요일,전라남도 여수시 국동,경상사고,0,0,5,0,차대차 - 추돌 - 진행중,안전운전불이행,건조,맑음,교차로 - 교차로부근,승용,남,44세,상해없음,승용,남,48세,경상
2013042900100509,2013년 4월 29일 22시,월요일,전라남도 순천시 연향동,경상사고,0,0,1,0,차대차 - 기타,안전운전불이행,건조,맑음,단일로 - 기타,승합,남,32세,상해없음,화물,남,31세,경상
2013042900100510,2013년 4월 29일 22시,월요일,전라남도 나주시 성북동,사망사고,1,0,0,0,차대사람 - 횡단중,안전운전불이행,건조,맑음,단일로 - 기타,승용,남,32세,상해없음,보행자,남,45세,사망
2013042900100542,2013년 4월 29일 23시,월요일,전라남도 영광군 영광읍,경상사고,0,0,2,0,차대차 - 기타,안전운전불이행,건조,맑음,교차로 - 교차로안,승용,여,32세,경상,승용,여,62세,상해없음
2013043000100016,2013년 4월 30일 00시,화요일,전라남도 순천시 조례동,중상사고,0,2,0,0,차대차 - 측면직각충돌,안전운전불이행,건조,맑음,교차로 - 교차로안,승용,남,47세,중상,승용,남,25세,중상
2013043000100036,2013년 4월 30일 02시,화요일,전라남도 보성군 회천면,사망사고,2,0,0,0,차량단독 - 공작물충돌,과속,건조,맑음,단일로 - 기타,승용,남,22세,사망,,,,
2013043000100037,2013년 4월 30일 02시,화요일,전라남도 곡성군 석곡면,중상사고,0,1,3,0,차대차 - 추돌 - 진행중,안전운전불이행,건조,맑음,단일로 - 기타,승용,남,26세,경상,승용,남,28세,경상
2013043000100073,2013년 4월 30일 06시,화요일,전라남도 화순군 화순읍,경상사고,0,0,2,0,차대차 - 측면직각충돌,안전운전불이행,습기,안개,단일로 - 기타,승용,남,39세,경상,승용,남,31세,경상
2013043000100074,2013년 4월 30일 06시,화요일,전라남도 진도군 진도읍,경상사고,0,0,3,0,차대차 - 측면직각충돌,신호위반,건조,맑음,교차로 - 교차로안,승용,여,28세,경상,승용,남,55세,경상
2013043000100093,2013년 4월 30일 07시,화요일,전라남도 여수시 선원동,중상사고,0,1,0,0,차대차 - 측면직각충돌,교차로운행방법위반,건조,맑음,교차로 - 교차로안,화물,남,44세,상해없음,이륜,남,23세,중상
2013043000100157,2013년 4월 30일 09시,화요일,전라남도 광양시 마동,경상사고,0,0,2,0,차대차 - 추돌 - 진행중,안전운전불이행,건조,맑음,교차로 - 교차로안,승용,여,27세,상해없음,승용,여,28세,경상
2013043000100158,2013년 4월 30일 09시,화요일,전라남도 순천시 서면,중상사고,0,2,0,0,차량단독 - 공작물충돌,안전운전불이행,건조,맑음,교차로 - 교차로부근,화물,남,55세,중상,,,,
2013043000100209,2013년 4월 30일 11시,화요일,전라남도 순천시 덕암동,중상사고,0,1,0,0,차대사람 - 횡단중,보행자보호의무위반,건조,맑음,단일로 - 기타,승합,여,44세,상해없음,보행자,여,63세,중상
2013043000100239,2013년 4월 30일 12시,화요일,전라남도 강진군 도암면,중상사고,0,2,0,0,차대차 - 정면충돌,교차로운행방법위반,건조,맑음,교차로 - 교차로부근,화물,남,46세,상해없음,승용,여,57세,중상
2013043000100265,2013년 4월 30일 13시,화요일,전라남도 담양군 담양읍,경상사고,0,0,4,0,차대차 - 기타,안전운전불이행,건조,맑음,교차로 - 교차로부근,화물,남,36세,상해없음,승용,여,34세,경상
2013043000100293,2013년 4월 30일 14시,화요일,전라남도 순천시 매곡동,경상사고,0,0,3,0,차대차 - 추돌 - 주정차중,안전거리미확보,건조,맑음,단일로 - 기타,승용,남,45세,상해없음,승용,남,28세,경상
2013043000100294,2013년 4월 30일 14시,화요일,전라남도 순천시 매곡동,경상사고,0,0,1,0,차대차 - 측면직각충돌,직진우회전진행방해,건조,맑음,교차로 - 교차로부근,승용,남,54세,경상,승용,남,72세,상해없음
2013043000100324,2013년 4월 30일 15시,화요일,전라남도 순천시 덕월동,경상사고,0,0,1,0,차대차 - 추돌 - 주정차중,안전거리미확보,건조,맑음,단일로 - 기타,화물,남,51세,상해없음,승합,남,33세,경상
2013043000100325,2013년 4월 30일 15시,화요일,전라남도 장흥군 관산읍,중상사고,0,1,0,0,차대차 - 정면충돌,중앙선침범,건조,맑음,단일로 - 기타,승용,남,73세,상해없음,원동기,남,55세,중상
2013043000100366,2013년 4월 30일 16시,화요일,전라남도 목포시 상동,경상사고,0,0,1,0,차대사람 - 길가장자리구역통행중,안전운전불이행,건조,맑음,단일로 - 기타,화물,남,32세,상해없음,보행자,남,16세,경상
2013043000100367,2013년 4월 30일 16시,화요일,전라남도 영암군 삼호읍,중상사고,0,1,0,0,차대사람 - 차도통행중,안전운전불이행,건조,맑음,단일로 - 기타,화물,남,55세,상해없음,보행자,남,15세,중상
2013043000100401,2013년 4월 30일 17시,화요일,전라남도 나주시 성북동,경상사고,0,0,3,0,차대차 - 추돌 - 주정차중,안전운전불이행,건조,맑음,교차로 - 교차로부근,승용,여,29세,경상,승용,남,28세,경상
2013043000100402,2013년 4월 30일 17시,화요일,전라남도 장흥군 장흥읍,경상사고,0,0,1,0,차대차 - 추돌 - 진행중,안전운전불이행,건조,맑음,단일로 - 기타,승용,여,37세,상해없음,화물,남,60세,경상
2013043000100520,2013년 4월 30일 20시,화요일,전라남도 여수시 광무동,사망사고,1,0,0,0,차대사람 - 기타,안전운전불이행,건조,맑음,교차로 - 교차로부근,승용,여,28세,상해없음,보행자,남,56세,사망
2013043000100548,2013년 4월 30일 21시,화요일,전라남도 나주시 금성동,중상사고,0,1,0,0,차대사람 - 횡단중,안전운전불이행,건조,맑음,교차로 - 교차로안,승용,남,29세,상해없음,보행자,여,13세,중상
2013043000100582,2013년 4월 30일 22시,화요일,전라남도 해남군 문내면,경상사고,0,0,2,0,차대차 - 추돌 - 진행중,안전운전불이행,건조,맑음,단일로 - 기타,승용,여,27세,상해없음,승용,여,44세,경상
2013043000100583,2013년 4월 30일 22시,화요일,전라남도 영암군 삼호읍,경상사고,0,0,3,0,차대차 - 측면직각충돌,직진우회전진행방해,건조,맑음,교차로 - 교차로안,승용,남,67세,경상,승용,남,36세,경상
2013043000100584,2013년 4월 30일 22시,화요일,전라남도 순천시 대대동,경상사고,0,0,1,0,차대차 - 추돌 - 진행중,안전운전불이행,건조,맑음,단일로 - 기타,승용,남,42세,상해없음,화물,남,56세,경상
2013043000100617,2013년 4월 30일 23시,화요일,전라남도 함평군 함평읍,경상사고,0,0,1,0,차대차 - 측면직각충돌,교차로운행방법위반,건조,맑음,교차로 - 교차로안,승용,남,42세,상해없음,승용,남,27세,경상
2013043000100618,2013년 4월 30일 23시,화요일,전라남도 광양시 광양읍,경상사고,0,0,6,0,차대차 - 추돌 - 진행중,안전운전불이행,건조,맑음,교차로 - 교차로안,승용,남,28세,상해없음,승용,남,27세,경상
2013050100100017,2013년 5월 1일 00시,수요일,전라남도 목포시 산정동,경상사고,0,0,2,0,차대차 - 측면직각충돌,교차로운행방법위반,건조,맑음,교차로 - 교차로안,승용,남,33세,상해없음,승용,남,44세,경상
2013050100100070,2013년 5월 1일 02시,수요일,전라남도 완도군 완도읍,경상사고,0,0,1,0,차대차 - 추돌 - 진행중,안전거리미확보,건조,맑음,단일로 - 기타,승용,남,28세,상해없음,승용,남,50세,경상
2013050100100163,2013년 5월 1일 08시,수요일,전라남도 목포시 용당동,경상사고,0,0,2,0,차대차 - 측면직각충돌,교차로운행방법위반,건조,맑음,교차로 - 교차로안,승용,여,34세,경상,승용,남,57세,경상
2013050100100164,2013년 5월 1일 08시,수요일,전라남도 영암군 학산면,경상사고,0,0,4,0,차대차 - 측면직각충돌,교차로운행방법위반,건조,맑음,교차로 - 교차로안,승용,여,38세,경상,승용,남,75세,상해없음
2013050100100165,2013년 5월 1일 08시,수요일,전라남도 영암군 학산면,경상사고,0,0,1,0,차대차 - 추돌 - 진행중,안전운전불이행,건조,맑음,단일로 - 기타,승용,여,48세,상해없음,이륜,남,70세,상해없음
2013050100100194,2013년 5월 1일 09시,수요일,전라남도 목포시 산정동,경상사고,0,0,1,0,차대차 - 기타,안전운전불이행,건조,맑음,단일로 - 기타,승용,여,37세,상해없음,자전거,여,68세,경상
2013050100100213,2013년 5월 1일 10시,수요일,전라남도 목포시 산정동,경상사고,0,0,1,0,차대차 - 측면직각충돌,안전운전불이행,건조,맑음,교차로 - 교차로부근,화물,여,59세,상해없음,승용,남,70세,경상
2013050100100234,2013년 5월 1일 11시,수요일,전라남도 순천시 장천동,경상사고,0,0,2,0,차대차 - 측면직각충돌,안전운전불이행,건조,맑음,단일로 - 기타,승용,남,55세,상해없음,승용,남,33세,경상
2013050100100265,2013년 5월 1일 12시,수요일,전라남도 해남군 해남읍,중상사고,0,1,0,0,차량단독 - 기타,안전운전불이행,건조,맑음,단일로 - 기타,원동기,남,61세,중상,,,,
2013050100100266,2013년 5월 1일 12시,수요일,전라남도 해남군 삼산면,중상사고,0,3,4,0,차대차 - 정면충돌,중앙선침범,건조,맑음,단일로 - 기타,화물,남,62세,경상,승용,여,59세,경상
2013050100100288,2013년 5월 1일 13시,수요일,전라남도 여수시 충무동,경상사고,0,0,1,0,차대사람 - 횡단중,보행자보호의무위반,건조,맑음,교차로 - 교차로부근,승용,기타불명,기타불명,기타불명,보행자,여,27세,경상
2013050100100289,2013년 5월 1일 13시,수요일,전라남도 고흥군 고흥읍,경상사고,0,0,4,0,차대차 - 기타,안전운전불이행,건조,맑음,기타 - 기타,승용,여,67세,상해없음,승용,남,66세,기타불명
2013050100100338,2013년 5월 1일 15시,수요일,전라남도 함평군 함평읍,중상사고,0,2,0,0,차대차 - 측면직각충돌,직진우회전진행방해,건조,맑음,교차로 - 교차로안,승용,남,29세,상해없음,이륜,남,68세,중상
2013050100100339,2013년 5월 1일 15시,수요일,전라남도 강진군 대구면,경상사고,0,0,1,0,차량단독 - 도로외이탈 - 기타,안전운전불이행,건조,맑음,단일로 - 기타,화물,여,54세,경상,,,,
2013050100100376,2013년 5월 1일 16시,수요일,전라남도 목포시 연산동,경상사고,0,0,1,0,차대차 - 기타,안전운전불이행,건조,맑음,단일로 - 기타,이륜,남,72세,상해없음,승용,남,55세,경상
2013050100100488,2013년 5월 1일 19시,수요일,전라남도 목포시 옥암동,경상사고,0,0,1,0,차대차 - 기타,안전운전불이행,건조,맑음,교차로 - 교차로부근,승용,남,58세,상해없음,자전거,남,17세,경상
2013050100100489,2013년 5월 1일 19시,수요일,전라남도 진도군 고군면,경상사고,0,0,1,0,차대차 - 기타,안전운전불이행,기타,기타,기타 - 기타,승용,남,49세,상해없음,승용,남,54세,경상
2013050100100528,2013년 5월 1일 20시,수요일,전라남도 고흥군 고흥읍,경상사고,0,0,1,0,차대사람 - 횡단중,안전운전불이행,건조,맑음,단일로 - 횡단보도부근,승용,남,36세,상해없음,보행자,남,25세,경상
2013050100100561,2013년 5월 1일 21시,수요일,전라남도 신안군 압해읍,중상사고,0,1,0,0,차대차 - 기타,안전운전불이행,건조,기타,단일로 - 기타,승용,남,60세,상해없음,원동기,남,69세,상해없음
2013050100100562,2013년 5월 1일 21시,수요일,전라남도 화순군 화순읍,중상사고,0,1,0,0,차대차 - 측면직각충돌,안전운전불이행,건조,맑음,단일로 - 기타,승합,남,75세,상해없음,원동기,남,17세,중상
2013050100100563,2013년 5월 1일 21시,수요일,전라남도 영암군 삼호읍,경상사고,0,0,2,0,차대차 - 추돌 - 주정차중,안전운전불이행,건조,맑음,단일로 - 기타,승용,남,59세,상해없음,승용,여,37세,경상
2013050100100591,2013년 5월 1일 22시,수요일,전라남도 여수시 학동,중상사고,0,1,0,0,차대사람 - 횡단중,보행자보호의무위반,건조,맑음,단일로 - 횡단보도상,승용,남,57세,상해없음,보행자,남,15세,중상
2013050100100592,2013년 5월 1일 22시,수요일,전라남도 광양시 중동,경상사고,0,0,1,0,차대차 - 측면직각충돌,신호위반,건조,맑음,교차로 - 교차로안,기타불명,기타불명,기타불명,기타불명,승용,여,37세,경상