사고번호,사고일시,요일,시군구,사고내용,사망자수,중상자수,경상자수,부상신고자수,사고유형,법규위반,노면상태,기상상태,도로형태,가해운전자 차종,가해운전자 성별,가해운전자 연령,가해운전자 상해정도,피해운전자 차종,피해운전자 성별,피해운전자 연령,피해운전자 상해정도
2013050600100282,2013년 5월 6일 14시,월요일,전라남도 장성군 장성읍,중상사고,0,1,4,0,차대차 - 추돌 - 진행중,안전운전불이행,건조,맑음,단일로 - 기타,승합,남,44세,상해없음,건설기계,남,46세,상해없음
2013050600100305,2013년 5월 6일 15시,월요일,전라남도 나주시 중앙동,경상사고,0,0,1,0,차대차 - 기타,안전운전불이행,건조,맑음,미분류 - 미분류,승용,여,58세,상해없음,승용,남,43세,경상
2013050600100306,2013년 5월 6일 15시,월요일,전라남도 무안군 삼향읍,경상사고,0,0,2,0,차대차 - 측면직각충돌,안전운전불이행,건조,맑음,단일로 - 기타,승용,남,58세,상해없음,승용,남,34세,경상
2013050600100346,2013년 5월 6일 16시,월요일,전라남도 광양시 광양읍,부상신고사고,0,0,0,1,차대차 - 측면직각충돌,안전운전불이행,건조,맑음,교차로 - 교차로안,자전거,남,8세,부상신고,승용,여,35세,상해없음
2013050600100378,2013년 5월 6일 17시,월요일,전라남도 담양군 대덕면,사망사고,1,1,0,0,차대차 - 측면직각충돌,안전운전불이행,건조,맑음,교차로 - 교차로안,승용,여,22세,상해없음,이륜,남,74세,사망
2013050600100417,2013년 5월 6일 18시,월요일,전라남도 신안군 지도읍,중상사고,0,1,0,0,차대차 - 기타,교차로운행방법위반,건조,기타,교차로 - 교차로안,원동기,남,66세,상해없음,승용,남,52세,상해없음
2013050600100418,2013년 5월 6일 18시,월요일,전라남도 여수시 관문동,경상사고,0,0,1,0,차대차 - 추돌 - 주정차중,교차로운행방법위반,건조,맑음,교차로 - 교차로안,승용,남,50세,상해없음,원동기,남,51세,경상
2013050600100419,2013년 5월 6일 18시,월요일,전라남도 광양시 중동,경상사고,0,0,1,1,차대차 - 측면직각충돌,교차로운행방법위반,건조,맑음,교차로 - 교차로안,승용,남,31세,부상신고,승용,남,30세,경상
2013050600100446,2013년 5월 6일 19시,월요일,전라남도 여수시 국동,경상사고,0,0,2,0,차대차 - 추돌 - 진행중,교차로운행방법위반,건조,맑음,교차로 - 교차로안,승용,여,32세,경상,승용,여,50세,상해없음
2013050600100447,2013년 5월 6일 19시,월요일,전라남도 장흥군 장흥읍,중상사고,0,1,0,0,차대사람 - 횡단중,안전운전불이행,건조,맑음,단일로 - 기타,승합,남,58세,상해없음,보행자,남,5세,중상
2013050600100470,2013년 5월 6일 20시,월요일,전라남도 영암군 학산면,경상사고,0,0,1,0,차대사람 - 횡단중,보행자보호의무위반,건조,맑음,단일로 - 횡단보도상,승용,여,49세,상해없음,보행자,남,12세,경상
2013050600100503,2013년 5월 6일 21시,월요일,전라남도 목포시 상동,경상사고,0,0,3,0,차대차 - 정면충돌,중앙선침범,건조,맑음,단일로 - 기타,승용,여,37세,상해없음,화물,남,51세,경상
2013050600100504,2013년 5월 6일 21시,월요일,전라남도 여수시 안산동,중상사고,0,1,0,0,차대사람 - 횡단중,안전운전불이행,건조,맑음,단일로 - 기타,승용,남,45세,상해없음,보행자,여,56세,중상
2013050600100531,2013년 5월 6일 22시,월요일,전라남도 여수시 여서동,중상사고,0,1,0,0,차대차 - 측면직각충돌,교차로운행방법위반,건조,맑음,교차로 - 교차로안,승용,남,39세,상해없음,승용,남,47세,중상
2013050600100532,2013년 5월 6일 22시,월요일,전라남도 순천시 조례동,경상사고,0,0,2,0,차대차 - 기타,안전운전불이행,건조,맑음,교차로 - 교차로부근,승용,남,28세,상해없음,승용,여,48세,경상
2013050600100533,2013년 5월 6일 22시,월요일,전라남도 영암군 시종면,사망사고,1,0,0,0,차량단독 - 공작물충돌,안전운전불이행,건조,맑음,단일로 - 기타,화물,남,55세,사망,,,,
2013050600100562,2013년 5월 6일 23시,월요일,전라남도 목포시 상동,경상사고,0,0,2,0,차대차 - 측면직각충돌,신호위반,건조,맑음,교차로 - 교차로안,승용,남,37세,상해없음,승용,남,46세,경상
2013050700100046,2013년 5월 7일 03시,화요일,전라남도 무안군 무안읍,중상사고,0,2,0,0,차대차 - 추돌 - 진행중,안전운전불이행,건조,맑음,단일로 - 기타,화물,남,27세,상해없음,농기계,남,72세,중상
2013050700100068,2013년 5월 7일 06시,화요일,전라남도 해남군 화산면,중상사고,0,1,0,0,차대사람 - 기타,안전운전불이행,건조,맑음,단일로 - 기타,승합,남,45세,상해없음,보행자,여,81세,중상
2013050700100089,2013년 5월 7일 07시,화요일,전라남도 여수시 봉계동,경상사고,0,0,2,0,차대차 - 측면직각충돌,교차로운행방법위반,건조,맑음,교차로 - 교차로안,승합,여,43세,경상,승용,여,32세,경상
2013050700100090,2013년 5월 7일 07시,화요일,전라남도 곡성군 곡성읍,중상사고,0,1,0,0,차대차 - 기타,직진우회전진행방해,건조,맑음,교차로 - 교차로안,승용,여,38세,상해없음,원동기,남,80세,중상
2013050700100123,2013년 5월 7일 08시,화요일,전라남도 순천시 조례동,경상사고,0,0,1,0,차대사람 - 기타,안전운전불이행,건조,맑음,기타 - 기타,승용,남,26세,상해없음,보행자,남,21세,경상
2013050700100124,2013년 5월 7일 08시,화요일,전라남도 영암군 시종면,사망사고,1,0,0,0,차대차 - 기타,중앙선침범,건조,맑음,교차로 - 교차로부근,화물,남,68세,상해없음,원동기,남,83세,사망
2013050700100163,2013년 5월 7일 09시,화요일,전라남도 영암군 삼호읍,중상사고,0,3,0,0,차대차 - 기타,기타,건조,맑음,교차로 - 교차로안,승용,남,24세,중상,승용,여,55세,상해없음
2013050700100184,2013년 5월 7일 10시,화요일,전라남도 목포시 산정동,경상사고,0,0,1,0,차대사람 - 기타,안전운전불이행,건조,맑음,단일로 - 기타,승합,남,58세,상해없음,보행자,여,67세,경상
2013050700100185,2013년 5월 7일 10시,화요일,전라남도 순천시 해룡면,경상사고,0,0,2,0,차대차 - 추돌 - 주정차중,신호위반,건조,맑음,교차로 - 교차로안,화물,남,45세,상해없음,화물,남,23세,경상
2013050700100186,2013년 5월 7일 10시,화요일,전라남도 해남군 해남읍,경상사고,0,0,4,0,차대차 - 측면직각충돌,안전거리미확보,건조,맑음,단일로 - 기타,화물,남,69세,상해없음,승용,남,64세,경상
2013050700100187,2013년 5월 7일 10시,화요일,전라남도 화순군 도암면,중상사고,0,1,0,0,차대차 - 기타,안전운전불이행,건조,맑음,단일로 - 기타,화물,남,56세,상해없음,농기계,남,71세,중상
2013050700100235,2013년 5월 7일 12시,화요일,전라남도 화순군 화순읍,경상사고,0,0,3,0,차대차 - 측면직각충돌,안전운전불이행,건조,맑음,단일로 - 기타,승용,남,43세,경상,승용,남,26세,경상
2013050700100255,2013년 5월 7일 13시,화요일,전라남도 보성군 노동면,경상사고,0,0,1,0,차량단독 - 공작물충돌,안전운전불이행,건조,맑음,교차로 - 교차로부근,화물,남,39세,경상,,,,
2013050700100256,2013년 5월 7일 13시,화요일,전라남도 영광군 군남면,중상사고,0,1,0,0,차대차 - 기타,안전운전불이행,건조,맑음,단일로 - 기타,승용,남,31세,상해없음,이륜,남,41세,중상
2013050700100287,2013년 5월 7일 14시,화요일,전라남도 순천시 조례동,중상사고,0,1,1,0,차대차 - 추돌 - 진행중,안전운전불이행,건조,맑음,단일로 - 기타,승합,남,52세,상해없음,승용,남,30세,중상
2013050700100288,2013년 5월 7일 14시,화요일,전라남도 영광군 홍농읍,경상사고,0,0,4,0,차대차 - 정면충돌,안전운전불이행,건조,맑음,단일로 - 기타,승용,남,62세,상해없음,승용,여,51세,경상
2013050700100318,2013년 5월 7일 15시,화요일,전라남도 목포시 산정동,경상사고,0,0,1,0,차대차 - 기타,안전운전불이행,건조,맑음,단일로 - 기타,승용,남,49세,상해없음,이륜,남,19세,경상
2013050700100344,2013년 5월 7일 16시,화요일,전라남도 고흥군 도양읍,경상사고,0,0,2,0,차대차 - 측면직각충돌,안전운전불이행,건조,맑음,교차로 - 교차로안,화물,남,41세,상해없음,승용,여,59세,경상
2013050700100345,2013년 5월 7일 16시,화요일,전라남도 곡성군 겸면,경상사고,0,0,2,0,차대차 - 추돌 - 진행중,안전운전불이행,건조,맑음,단일로 - 기타,승용,남,39세,상해없음,승용,남,22세,경상
2013050700100375,2013년 5월 7일 17시,화요일,전라남도 장흥군 장흥읍,경상사고,0,0,1,0,차대사람 - 기타,안전운전불이행,건조,맑음,단일로 - 기타,승용,남,56세,상해없음,보행자,여,9세,경상
2013050700100376,2013년 5월 7일 17시,화요일,전라남도 영광군 영광읍,중상사고,0,1,1,0,차대차 - 측면직각충돌,중앙선침범,건조,맑음,단일로 - 기타,승합,남,64세,상해없음,원동기,여,57세,경상
2013050700100437,2013년 5월 7일 19시,화요일,전라남도 순천시 풍덕동,경상사고,0,0,2,0,차대차 - 기타,신호위반,건조,맑음,교차로 - 교차로안,승합,남,53세,상해없음,화물,남,36세,경상
2013050700100438,2013년 5월 7일 19시,화요일,전라남도 광양시 옥곡면,경상사고,0,0,1,0,차대차 - 측면직각충돌,안전운전불이행,건조,맑음,교차로 - 교차로안,승용,남,72세,상해없음,승용,여,32세,경상
2013050700100543,2013년 5월 7일 23시,화요일,전라남도 목포시 용당동,경상사고,0,0,2,0,차대차 - 측면직각충돌,신호위반,건조,맑음,교차로 - 교차로안,승용,남,37세,경상,이륜,남,31세,경상
2013050800100055,2013년 5월 8일 03시,수요일,전라남도 신안군 압해읍,경상사고,0,0,1,0,차대차 - 추돌 - 진행중,안전운전불이행,건조,맑음,단일로 - 교량,승용,남,34세,상해없음,승용,남,46세,경상
2013050800100082,2013년 5월 8일 06시,수요일,전라남도 목포시 상동,경상사고,0,0,1,0,차대사람 - 횡단중,보행자보호의무위반,건조,맑음,교차로 - 교차로부근,승용,여,52세,상해없음,보행자,남,59세,경상
2013050800100140,2013년 5월 8일 08시,수요일,전라남도 목포시 석현동,중상사고,0,1,0,0,차대사람 - 횡단중,보행자보호의무위반,건조,맑음,교차로 - 교차로부근,승합,여,54세,상해없음,보행자,남,8세,중상
2013050800100141,2013년 5월 8일 08시,수요일,전라남도 목포시 옥암동,경상사고,0,0,1,0,차대차 - 측면직각충돌,안전운전불이행,건조,맑음,단일로 - 기타,화물,남,51세,상해없음,승용,여,45세,경상
2013050800100142,2013년 5월 8일 08시,수요일,전라남도 구례군 산동면,중상사고,0,1,0,0,차대사람 - 횡단중,안전운전불이행,건조,맑음,단일로 - 기타,승용,여,65세,상해없음,보행자,여,69세,중상
2013050800100181,2013년 5월 8일 09시,수요일,전라남도 여수시 서교동,경상사고,0,0,1,0,차대차 - 추돌 - 진행중,안전운전불이행,건조,맑음,교차로 - 교차로안,화물,남,57세,상해없음,승용,여,38세,경상
2013050800100182,2013년 5월 8일 09시,수요일,전라남도 구례군 구례읍,경상사고,0,0,2,0,차대차 - 측면직각충돌,안전운전불이행,건조,맑음,교차로 - 교차로안,승용,여,53세,상해없음,이륜,남,76세,경상
2013050800100209,2013년 5월 8일 10시,수요일,전라남도 여수시 소라면,부상신고사고,0,0,0,1,차대차 - 측면직각충돌,교차로운행방법위반,건조,맑음,교차로 - 교차로안,승용,여,55세,상해없음,승용,남,54세,부상신고
2013050800100229,2013년 5월 8일 11시,수요일,전라남도 광양시 광영동,경상사고,0,0,1,0,차량단독 - 전도전복,안전운전불이행,건조,맑음,단일로 - 기타,원동기,여,51세,경상,,,,
2013050800100316,2013년 5월 8일 14시,수요일,전라남도 목포시 상동,중상사고,0,1,0,0,차대사람 - 기타,안전운전불이행,건조,흐림,단일로 - 기타,승용,남,24세,상해없음,보행자,여,75세,중상
2013050800100317,2013년 5월 8일 14시,수요일,전라남도 함평군 엄다면,중상사고,0,1,0,0,차대차 - 측면직각충돌,안전거리미확보,건조,맑음,단일로 - 교량,이륜,남,76세,중상,승용,남,68세,상해없음
2013050800100348,2013년 5월 8일 15시,수요일,전라남도 진도군 고군면,경상사고,0,0,1,0,차대차 - 측면직각충돌,교차로운행방법위반,건조,맑음,교차로 - 교차로안,이륜,남,19세,경상,건설기계,남,56세,상해없음
2013050800100377,2013년 5월 8일 16시,수요일,전라남도 강진군 강진읍,경상사고,0,0,3,0,차대차 - 측면직각충돌,중앙선침범,건조,맑음,교차로 - 교차로부근,승용,남,65세,경상,화물,남,48세,경상
2013050800100378,2013년 5월 8일 16시,수요일,전라남도 담양군 고서면,중상사고,0,2,2,0,차대차 - 측면직각충돌,안전운전불이행,건조,맑음,단일로 - 기타,승용,남,19세,상해없음,화물,남,51세,상해없음
2013050800100413,2013년 5월 8일 17시,수요일,전라남도 목포시 대양동,경상사고,0,0,1,0,차대차 - 기타,안전운전불이행,건조,맑음,단일로 - 기타,승용,남,43세,상해없음,승용,여,56세,경상
2013050800100414,2013년 5월 8일 17시,수요일,전라남도 나주시 대호동,경상사고,0,0,1,0,차대차 - 추돌 - 진행중,차로위반,건조,맑음,단일로 - 횡단보도상,화물,남,56세,상해없음,승용,남,29세,상해없음
2013050800100415,2013년 5월 8일 17시,수요일,전라남도 보성군 벌교읍,중상사고,0,3,0,0,차대차 - 정면충돌,중앙선침범,건조,맑음,단일로 - 기타,화물,남,61세,중상,화물,남,27세,중상
2013050800100416,2013년 5월 8일 17시,수요일,전라남도 담양군 담양읍,경상사고,0,0,1,0,차대차 - 측면직각충돌,안전운전불이행,건조,맑음,교차로 - 교차로부근,승용,여,50세,상해없음,화물,남,27세,경상
2013050800100417,2013년 5월 8일 17시,수요일,전라남도 곡성군 곡성읍,중상사고,0,1,0,0,차대차 - 기타,안전운전불이행,건조,맑음,기타 - 기타,화물,남,35세,상해없음,자전거,남,8세,중상
2013050800100462,2013년 5월 8일 18시,수요일,전라남도 장성군 진원면,중상사고,0,1,0,0,차대사람 - 차도통행중,안전운전불이행,건조,맑음,교차로 - 교차로부근,이륜,남,47세,상해없음,보행자,여,49세,중상
2013050800100463,2013년 5월 8일 18시,수요일,전라남도 광양시 광양읍,중상사고,0,1,0,0,차대사람 - 횡단중,보행자보호의무위반,건조,맑음,단일로 - 횡단보도상,화물,남,50세,상해없음,보행자,여,71세,중상
2013050800100502,2013년 5월 8일 19시,수요일,전라남도 나주시 송월동,경상사고,0,0,1,0,차대차 - 측면직각충돌,기타,건조,맑음,기타 - 기타,승용,남,35세,상해없음,화물,남,45세,경상
2013050800100503,2013년 5월 8일 19시,수요일,전라남도 화순군 화순읍,중상사고,0,1,0,0,차대사람 - 기타,안전운전불이행,건조,맑음,교차로 - 교차로부근,승용,남,58세,상해없음,보행자,여,79세,중상
2013050800100548,2013년 5월 8일 20시,수요일,전라남도 광양시 마동,중상사고,0,1,0,0,차대사람 - 횡단중,안전운전불이행,건조,흐림,단일로 - 기타,승용,여,47세,상해없음,보행자,여,5세,중상
2013050800100591,2013년 5월 8일 21시,수요일,전라남도 순천시 서면,경상사고,0,0,1,0,차대차 - 기타,안전운전불이행,건조,맑음,교차로 - 교차로부근,승용,남,47세,상해없음,화물,남,36세,상해없음
2013050800100592,2013년 5월 8일 21시,수요일,전라남도 순천시 장천동,중상사고,0,1,0,0,차대사람 - 기타,안전운전불이행,건조,맑음,교차로 - 교차로안,승용,여,39세,상해없음,보행자,남,51세,중상
2013050800100593,2013년 5월 8일 21시,수요일,전라남도 광양시 중동,중상사고,0,1,0,0,차대차 - 기타,안전운전불이행,건조,맑음,단일로 - 기타,승용,남,29세,상해없음,원동기,남,33세,중상
2013050800100625,2013년 5월 8일 22시,수요일,전라남도 영암군 신북면,사망사고,1,0,0,0,차량단독 - 도로외이탈 - 추락,안전운전불이행,건조,맑음,단일로 - 기타,승용,남,29세,사망,,,,
2013050800100649,2013년 5월 8일 23시,수요일,전라남도 순천시 조례동,경상사고,0,0,1,0,차대차 - 기타,안전운전불이행,건조,맑음,교차로 - 교차로부근,승용,여,48세,상해없음,승용,남,48세,경상
2013050900100009,2013년 5월 9일 00시,목요일,전라남도 여수시 봉강동,경상사고,0,0,3,0,차대차 - 측면직각충돌,안전거리미확보,건조,맑음,단일로 - 기타,승용,남,54세,상해없음,승용,남,52세,경상
2013050900100033,2013년 5월 9일 02시,목요일,전라남도 목포시 온금동,중상사고,0,1,0,0,차대차 - 기타,안전운전불이행,습기,맑음,단일로 - 기타,승용,남,19세,상해없음,승용,여,31세,기타불명
2013050900100039,2013년 5월 9일 03시,목요일,전라남도 순천시 가곡동,경상사고,0,0,1,0,차대차 - 기타,신호위반,건조,맑음,교차로 - 교차로안,승용,남,60세,상해없음,승용,남,23세,상해없음
2013050900100043,2013년 5월 9일 04시,목요일,전라남도 목포시 상동,경상사고,0,0,2,0,차대차 - 측면직각충돌,안전운전불이행,건조,맑음,단일로 - 기타,승용,남,28세,상해없음,승용,남,40세,경상
2013050900100104,2013년 5월 9일 08시,목요일,전라남도 여수시 웅천동,경상사고,0,0,1,0,차대차 - 기타,안전거리미확보,건조,맑음,교차로 - 교차로부근,화물,여,64세,상해없음,승용,여,37세,경상
2013050900100105,2013년 5월 9일 08시,목요일,전라남도 보성군 조성면,중상사고,0,1,0,0,차대차 - 측면직각충돌,기타,건조,맑음,교차로 - 교차로안,특수,남,43세,상해없음,이륜,남,76세,중상
2013050900100150,2013년 5월 9일 09시,목요일,전라남도 나주시 왕곡면,경상사고,0,0,1,0,차대차 - 기타,교차로운행방법위반,건조,맑음,교차로 - 교차로안,승용,여,36세,경상,화물,남,46세,상해없음
2013050900100172,2013년 5월 9일 10시,목요일,전라남도 장흥군 장흥읍,경상사고,0,0,4,0,차대차 - 측면직각충돌,교차로운행방법위반,건조,맑음,교차로 - 교차로안,승용,남,45세,경상,화물,남,57세,경상
2013050900100173,2013년 5월 9일 10시,목요일,전라남도 곡성군 옥과면,중상사고,0,1,0,0,차대차 - 기타,기타,건조,맑음,교차로 - 교차로부근,승합,남,39세,상해없음,농기계,남,58세,중상
2013050900100224,2013년 5월 9일 12시,목요일,전라남도 목포시 옥암동,경상사고,0,0,4,0,차대차 - 측면직각충돌,신호위반,건조,흐림,교차로 - 교차로안,승용,여,38세,경상,승용,여,32세,경상
2013050900100225,2013년 5월 9일 12시,목요일,전라남도 순천시 해룡면,중상사고,0,1,1,0,차대차 - 측면직각충돌,안전운전불이행,건조,맑음,교차로 - 교차로안,승용,남,58세,경상,승용,남,48세,중상
2013050900100254,2013년 5월 9일 13시,목요일,전라남도 완도군 신지면,중상사고,0,1,0,0,차량단독 - 전도전복,안전운전불이행,건조,맑음,단일로 - 기타,이륜,남,70세,중상,,,,
2013050900100314,2013년 5월 9일 15시,목요일,전라남도 완도군 소안면,부상신고사고,0,0,0,1,차대사람 - 기타,안전운전불이행,건조,맑음,단일로 - 기타,화물,남,67세,상해없음,보행자,남,62세,부상신고
2013050900100343,2013년 5월 9일 16시,목요일,전라남도 여수시 여서동,경상사고,0,0,1,0,차대사람 - 기타,안전운전불이행,건조,맑음,단일로 - 기타,승합,기타불명,기타불명,기타불명,보행자,여,59세,경상
2013050900100344,2013년 5월 9일 16시,목요일,전라남도 나주시 남평읍,중상사고,0,1,2,1,차대차 - 기타,기타,건조,맑음,교차로 - 교차로안,승용,여,40세,부상신고,화물,남,72세,중상
2013050900100378,2013년 5월 9일 17시,목요일,전라남도 여수시 소라면,중상사고,0,1,3,0,차대차 - 추돌 - 진행중,안전운전불이행,건조,흐림,단일로 - 기타,승합,남,19세,상해없음,승용,여,45세,중상
2013050900100379,2013년 5월 9일 17시,목요일,전라남도 나주시 동강면,경상사고,0,0,1,0,차량단독 - 전도전복,안전운전불이행,건조,맑음,단일로 - 기타,화물,남,55세,경상,,,,
2013050900100380,2013년 5월 9일 17시,목요일,전라남도 무안군 운남면,중상사고,0,2,0,0,차대차 - 정면충돌,중앙선침범,습기,비,미분류 - 미분류,건설기계,남,50세,상해없음,승용,남,67세,중상
2013050900100419,2013년 5월 9일 18시,목요일,전라남도 목포시 대성동,경상사고,0,0,3,0,차대차 - 측면직각충돌,안전운전불이행,습기,흐림,단일로 - 기타,화물,남,23세,상해없음,승용,남,39세,경상
2013050900100420,2013년 5월 9일 18시,목요일,전라남도 순천시 남정동,중상사고,0,1,0,0,차대차 - 기타,안전운전불이행,건조,흐림,단일로 - 기타,승용,남,23세,상해없음,승용,남,58세,중상
2013050900100421,2013년 5월 9일 18시,목요일,전라남도 고흥군 도양읍,중상사고,0,1,0,0,차대사람 - 기타,안전운전불이행,건조,맑음,단일로 - 기타,화물,남,40세,상해없음,보행자,남,5세,중상
2013050900100422,2013년 5월 9일 18시,목요일,전라남도 고흥군 금산면,경상사고,0,0,1,0,차대차 - 기타,차로위반,건조,맑음,기타 - 기타,승용,여,65세,상해없음,승용,남,36세,경상
2013050900100423,2013년 5월 9일 18시,목요일,전라남도 광양시 중동,경상사고,0,0,2,0,차대차 - 추돌 - 진행중,신호위반,건조,맑음,교차로 - 교차로안,화물,남,61세,상해없음,승용,남,26세,경상
2013050900100459,2013년 5월 9일 19시,목요일,전라남도 목포시 석현동,경상사고,0,0,1,0,차대차 - 추돌 - 주정차중,안전운전불이행,습기,비,단일로 - 기타,승용,남,41세,상해없음,승용,남,46세,경상
2013050900100460,2013년 5월 9일 19시,목요일,전라남도 영암군 삼호읍,경상사고,0,0,1,0,차대차 - 기타,중앙선침범,습기,비,단일로 - 기타,화물,남,57세,상해없음,승용,남,23세,경상
2013050900100461,2013년 5월 9일 19시,목요일,전라남도 광양시 광영동,경상사고,0,0,1,0,차대차 - 기타,신호위반,건조,맑음,교차로 - 교차로안,승용,남,49세,상해없음,승용,남,39세,상해없음
2013050900100530,2013년 5월 9일 21시,목요일,전라남도 목포시 산정동,경상사고,0,0,2,0,차대사람 - 횡단중,보행자보호의무위반,습기,비,단일로 - 기타,이륜,남,17세,상해없음,보행자,여,19세,경상
2013050900100531,2013년 5월 9일 21시,목요일,전라남도 담양군 창평면,부상신고사고,0,0,0,1,차량단독 - 도로외이탈 - 기타,안전운전불이행,습기,비,단일로 - 기타,원동기,남,72세,부상신고,,,,
2013050900100583,2013년 5월 9일 22시,목요일,전라남도 순천시 조례동,중상사고,0,1,0,0,차대차 - 추돌 - 진행중,안전운전불이행,습기,비,교차로 - 교차로부근,승용,남,28세,상해없음,승용,여,33세,중상
2013050900100584,2013년 5월 9일 22시,목요일,전라남도 장성군 삼서면,경상사고,0,0,1,0,차량단독 - 공작물충돌,안전운전불이행,습기,비,단일로 - 기타,승합,남,41세,경상,,,,
2013050900100585,2013년 5월 9일 22시,목요일,전라남도 무안군 삼향읍,경상사고,0,0,3,0,차대차 - 측면직각충돌,직진우회전진행방해,습기,비,교차로 - 교차로안,승용,여,39세,경상,승용,남,41세,경상
2013051000100068,2013년 5월 10일 01시,금요일,전라남도 목포시 상동,경상사고,0,0,1,0,차대차 - 추돌 - 주정차중,안전운전불이행,습기,비,단일로 - 기타,승용,남,28세,상해없음,승용,남,34세,기타불명
2013051000100069,2013년 5월 10일 01시,금요일,전라남도 순천시 석현동,중상사고,0,1,1,0,차대차 - 정면충돌,안전운전불이행,건조,맑음,단일로 - 기타,승용,남,42세,상해없음,승용,남,55세,중상
2013051000100070,2013년 5월 10일 01시,금요일,전라남도 광양시 광양읍,경상사고,0,0,2,0,차대차 - 정면충돌,중앙선침범,습기,비,교차로 - 교차로부근,승용,남,26세,상해없음,승용,남,66세,경상
2013051000100172,2013년 5월 10일 06시,금요일,전라남도 나주시 산포면,중상사고,0,1,0,0,차대차 - 측면직각충돌,안전운전불이행,습기,흐림,교차로 - 교차로부근,기타불명,기타불명,기타불명,기타불명,승용,여,52세,중상
2013051000100188,2013년 5월 10일 07시,금요일,전라남도 영암군 삼호읍,경상사고,0,0,3,0,차대차 - 기타,직진우회전진행방해,습기,비,교차로 - 교차로안,승용,남,49세,경상,화물,남,44세,경상
2013051000100231,2013년 5월 10일 08시,금요일,전라남도 화순군 화순읍,경상사고,0,0,1,0,차대차 - 측면직각충돌,안전운전불이행,건조,맑음,교차로 - 교차로안,승용,남,49세,상해없음,승용,여,58세,경상
2013051000100277,2013년 5월 10일 09시,금요일,전라남도 여수시 율촌면,사망사고,1,0,0,0,차량단독 - 공작물충돌,안전운전불이행,건조,흐림,단일로 - 기타,승용,남,52세,사망,,,,
2013051000100278,2013년 5월 10일 09시,금요일,전라남도 화순군 동면,경상사고,0,0,1,0,차량단독 - 공작물충돌,안전운전불이행,습기,비,단일로 - 기타,승용,남,56세,경상,,,,
2013051000100279,2013년 5월 10일 09시,금요일,전라남도 무안군 운남면,경상사고,0,0,1,0,차대사람 - 기타,안전운전불이행,건조,맑음,단일로 - 기타,이륜,남,70세,상해없음,보행자,여,65세,경상
2013051000100336,2013년 5월 10일 11시,금요일,전라남도 담양군 담양읍,중상사고,0,1,4,0,차대차 - 기타,신호위반,건조,맑음,교차로 - 교차로안,건설기계,남,53세,상해없음,승용,남,56세,경상
2013051000100352,2013년 5월 10일 12시,금요일,전라남도 순천시 연향동,부상신고사고,0,0,0,1,차대차 - 기타,안전운전불이행,건조,맑음,단일로 - 기타,승용,여,44세,부상신고,승용,여,34세,상해없음
2013051000100353,2013년 5월 10일 12시,금요일,전라남도 진도군 군내면,경상사고,0,0,5,0,차대차 - 기타,중앙선침범,기타,맑음,기타 - 기타,승용,여,62세,기타불명,승합,남,29세,경상
2013051000100380,2013년 5월 10일 13시,금요일,전라남도 순천시 장천동,부상신고사고,0,0,0,1,차대차 - 측면직각충돌,안전운전불이행,건조,맑음,교차로 - 교차로안,승합,남,39세,상해없음,자전거,남,54세,부상신고
2013051000100381,2013년 5월 10일 13시,금요일,전라남도 순천시 대대동,부상신고사고,0,0,0,1,차대사람 - 길가장자리구역통행중,안전운전불이행,건조,맑음,단일로 - 기타,기타불명,기타불명,기타불명,기타불명,보행자,남,41세,부상신고
2013051000100382,2013년 5월 10일 13시,금요일,전라남도 함평군 학교면,경상사고,0,0,1,0,차대차 - 측면직각충돌,안전운전불이행,건조,맑음,교차로 - 교차로부근,승합,여,52세,상해없음,원동기,남,30세,경상
2013051000100401,2013년 5월 10일 14시,금요일,전라남도 순천시 조례동,경상사고,0,0,2,0,차대차 - 기타,직진우회전진행방해,건조,맑음,교차로 - 교차로안,승용,여,45세,경상,승용,남,56세,경상
2013051000100424,2013년 5월 10일 15시,금요일,전라남도 목포시 상동,경상사고,0,0,2,0,차대차 - 기타,직진우회전진행방해,건조,맑음,교차로 - 교차로안,승용,여,33세,경상,승용,남,38세,상해없음
2013051000100425,2013년 5월 10일 15시,금요일,전라남도 화순군 춘양면,부상신고사고,0,0,0,1,차대차 - 기타,안전운전불이행,건조,흐림,단일로 - 기타,농기계,남,44세,부상신고,승용,여,37세,기타불명
2013051000100426,2013년 5월 10일 15시,금요일,전라남도 무안군 삼향읍,중상사고,0,1,0,0,차대차 - 측면직각충돌,안전운전불이행,건조,맑음,교차로 - 교차로안,화물,남,49세,상해없음,승용,여,57세,중상
2013051000100462,2013년 5월 10일 16시,금요일,전라남도 여수시 국동,경상사고,0,0,1,0,차대차 - 측면직각충돌,차로위반,기타,흐림,교차로 - 교차로부근,승용,남,63세,경상,승용,여,40세,상해없음
2013051000100463,2013년 5월 10일 16시,금요일,전라남도 여수시 소호동,중상사고,0,1,0,0,차량단독 - 전도전복,기타,건조,맑음,단일로 - 기타,승용,여,30세,중상,,,,
2013051000100464,2013년 5월 10일 16시,금요일,전라남도 해남군 해남읍,경상사고,0,0,2,0,차대차 - 기타,중앙선침범,건조,맑음,단일로 - 기타,농기계,남,61세,상해없음,승용,남,45세,경상
2013051000100501,2013년 5월 10일 17시,금요일,전라남도 화순군 화순읍,중상사고,0,1,0,0,차대차 - 측면직각충돌,안전운전불이행,건조,흐림,단일로 - 기타,원동기,남,72세,중상,승용,여,43세,상해없음