사고번호,사고일시,요일,시군구,사고내용,사망자수,중상자수,경상자수,부상신고자수,사고유형,법규위반,노면상태,기상상태,도로형태,가해운전자 차종,가해운전자 성별,가해운전자 연령,가해운전자 상해정도,피해운전자 차종,피해운전자 성별,피해운전자 연령,피해운전자 상해정도
2013051000100613,2013년 5월 10일 20시,금요일,전라남도 신안군 지도읍,중상사고,0,2,1,0,차대차 - 기타,직진우회전진행방해,건조,맑음,교차로 - 교차로안,승용,남,57세,경상,화물,남,39세,중상
2013051000100614,2013년 5월 10일 20시,금요일,전라남도 목포시 산정동,경상사고,0,0,1,0,차대차 - 기타,안전운전불이행,건조,맑음,단일로 - 기타,승용,여,54세,상해없음,승용,남,57세,경상
2013051000100615,2013년 5월 10일 20시,금요일,전라남도 여수시 선원동,경상사고,0,0,1,0,차대차 - 추돌 - 주정차중,안전운전불이행,건조,맑음,교차로 - 교차로부근,승합,남,44세,상해없음,화물,남,52세,경상
2013051000100641,2013년 5월 10일 21시,금요일,전라남도 목포시 산정동,중상사고,0,1,0,0,차대차 - 측면직각충돌,신호위반,건조,맑음,교차로 - 교차로안,이륜,남,35세,중상,화물,남,73세,상해없음
2013051000100642,2013년 5월 10일 21시,금요일,전라남도 순천시 대룡동,부상신고사고,0,0,0,1,차대차 - 추돌 - 진행중,안전운전불이행,건조,맑음,단일로 - 기타,이륜,여,46세,부상신고,승용,남,63세,상해없음
2013051000100643,2013년 5월 10일 21시,금요일,전라남도 영암군 삼호읍,중상사고,0,1,0,0,차대사람 - 차도통행중,안전운전불이행,건조,흐림,단일로 - 기타,이륜,남,19세,상해없음,보행자,여,3세,중상
2013051000100644,2013년 5월 10일 21시,금요일,전라남도 광양시 중동,경상사고,0,0,1,0,차대차 - 추돌 - 주정차중,안전운전불이행,건조,맑음,단일로 - 기타,화물,남,54세,경상,특수,남,40세,기타불명
2013051000100679,2013년 5월 10일 22시,금요일,전라남도 목포시 옥암동,경상사고,0,0,1,0,차대차 - 정면충돌,안전운전불이행,건조,맑음,교차로 - 교차로안,승용,남,36세,상해없음,승용,남,59세,경상
2013051000100680,2013년 5월 10일 22시,금요일,전라남도 목포시 상동,경상사고,0,0,1,0,차대차 - 추돌 - 진행중,안전운전불이행,건조,맑음,단일로 - 기타,승용,여,50세,상해없음,승용,여,36세,경상
2013051000100681,2013년 5월 10일 22시,금요일,전라남도 광양시 광양읍,중상사고,0,1,0,0,차량단독 - 전도전복,안전운전불이행,건조,맑음,단일로 - 기타,승용,남,50세,중상,,,,
2013051100100026,2013년 5월 11일 00시,토요일,전라남도 목포시 옥암동,중상사고,0,1,1,0,차대차 - 추돌 - 주정차중,안전운전불이행,건조,맑음,교차로 - 교차로부근,승용,남,32세,중상,승용,여,46세,경상
2013051100100027,2013년 5월 11일 00시,토요일,전라남도 순천시 조례동,경상사고,0,0,3,0,차대차 - 측면직각충돌,직진우회전진행방해,건조,맑음,교차로 - 교차로안,승용,남,51세,상해없음,승용,여,42세,경상
2013051100100028,2013년 5월 11일 00시,토요일,전라남도 해남군 화원면,사망사고,1,0,1,0,차량단독 - 공작물충돌,안전운전불이행,건조,맑음,단일로 - 기타,승용,남,28세,사망,,,,
2013051100100029,2013년 5월 11일 00시,토요일,전라남도 광양시 중동,경상사고,0,0,1,0,차대차 - 추돌 - 주정차중,안전운전불이행,건조,맑음,교차로 - 교차로부근,화물,남,43세,상해없음,승용,여,31세,경상
2013051100100074,2013년 5월 11일 02시,토요일,전라남도 광양시 도이동,경상사고,0,0,4,1,차대차 - 측면직각충돌,안전운전불이행,건조,맑음,교차로 - 교차로부근,승용,남,35세,부상신고,승용,남,23세,경상
2013051100100159,2013년 5월 11일 06시,토요일,전라남도 진도군 의신면,중상사고,0,1,1,0,차대차 - 기타,중앙선침범,기타,안개,기타 - 기타,화물,남,56세,상해없음,화물,남,60세,중상
2013051100100175,2013년 5월 11일 07시,토요일,전라남도 순천시 별량면,중상사고,0,1,0,0,차대사람 - 기타,안전운전불이행,건조,맑음,단일로 - 기타,화물,여,58세,상해없음,보행자,여,62세,중상
2013051100100198,2013년 5월 11일 08시,토요일,전라남도 영광군 영광읍,경상사고,0,0,1,0,차량단독 - 공작물충돌,안전운전불이행,건조,맑음,단일로 - 기타,화물,남,59세,경상,,,,
2013051100100223,2013년 5월 11일 09시,토요일,전라남도 순천시 가곡동,경상사고,0,0,1,0,차대차 - 추돌 - 주정차중,안전거리미확보,건조,맑음,교차로 - 교차로부근,승합,남,65세,상해없음,승용,남,45세,상해없음
2013051100100224,2013년 5월 11일 09시,토요일,전라남도 순천시 가곡동,중상사고,0,1,0,0,차대차 - 기타,안전운전불이행,건조,맑음,교차로 - 교차로안,자전거,남,72세,중상,승용,남,48세,상해없음
2013051100100225,2013년 5월 11일 09시,토요일,전라남도 해남군 마산면,중상사고,0,1,0,0,차대차 - 측면직각충돌,신호위반,건조,맑음,교차로 - 교차로안,건설기계,남,34세,상해없음,승용,여,57세,중상
2013051100100226,2013년 5월 11일 09시,토요일,전라남도 광양시 중동,경상사고,0,0,2,0,차대차 - 추돌 - 진행중,직진우회전진행방해,건조,맑음,교차로 - 교차로안,화물,여,47세,경상,승용,남,48세,경상
2013051100100285,2013년 5월 11일 11시,토요일,전라남도 광양시 광양읍,경상사고,0,0,3,0,차대차 - 추돌 - 주정차중,안전운전불이행,건조,맑음,교차로 - 교차로부근,승용,남,58세,상해없음,승용,여,44세,경상
2013051100100326,2013년 5월 11일 12시,토요일,전라남도 순천시 덕암동,경상사고,0,0,3,0,차대차 - 기타,안전운전불이행,건조,맑음,교차로 - 교차로안,승용,남,33세,경상,화물,여,46세,경상
2013051100100327,2013년 5월 11일 12시,토요일,전라남도 해남군 해남읍,중상사고,0,1,9,0,차대차 - 추돌 - 진행중,안전운전불이행,건조,맑음,단일로 - 기타,승용,남,44세,상해없음,승용,남,27세,상해없음
2013051100100403,2013년 5월 11일 14시,토요일,전라남도 순천시 황전면,경상사고,0,0,1,0,차대차 - 기타,안전운전불이행,건조,맑음,단일로 - 기타,기타불명,기타불명,기타불명,기타불명,승용,여,33세,경상
2013051100100429,2013년 5월 11일 15시,토요일,전라남도 강진군 칠량면,중상사고,0,2,1,0,차대차 - 추돌 - 진행중,안전운전불이행,건조,맑음,교차로 - 교차로안,승용,남,28세,상해없음,화물,남,38세,중상
2013051100100456,2013년 5월 11일 16시,토요일,전라남도 순천시 덕월동,중상사고,0,1,4,0,차대차 - 기타,안전운전불이행,건조,맑음,단일로 - 기타,승용,남,67세,상해없음,승용,여,34세,중상
2013051100100457,2013년 5월 11일 16시,토요일,전라남도 순천시 서면,경상사고,0,0,2,0,차대차 - 기타,교차로운행방법위반,건조,맑음,교차로 - 교차로부근,승용,남,74세,경상,건설기계,남,43세,경상
2013051100100458,2013년 5월 11일 16시,토요일,전라남도 담양군 담양읍,경상사고,0,0,5,0,차대차 - 정면충돌,중앙선침범,건조,맑음,단일로 - 기타,승용,여,54세,상해없음,승용,남,23세,경상
2013051100100502,2013년 5월 11일 17시,토요일,전라남도 곡성군 겸면,경상사고,0,0,1,0,차대차 - 기타,안전운전불이행,건조,맑음,단일로 - 기타,승용,남,20세,상해없음,화물,남,61세,경상
2013051100100546,2013년 5월 11일 18시,토요일,전라남도 목포시 산정동,경상사고,0,0,1,0,차대사람 - 횡단중,안전운전불이행,건조,맑음,단일로 - 기타,승용,남,75세,상해없음,보행자,남,9세,경상
2013051100100547,2013년 5월 11일 18시,토요일,전라남도 순천시 매곡동,중상사고,0,1,0,0,차대차 - 기타,교차로운행방법위반,건조,맑음,교차로 - 교차로안,승용,남,66세,상해없음,원동기,남,17세,중상
2013051100100569,2013년 5월 11일 19시,토요일,전라남도 목포시 상동,경상사고,0,0,5,0,차대차 - 추돌 - 주정차중,안전운전불이행,건조,맑음,단일로 - 기타,승용,남,39세,상해없음,승용,남,61세,경상
2013051100100570,2013년 5월 11일 19시,토요일,전라남도 화순군 화순읍,경상사고,0,0,1,0,차대사람 - 기타,안전운전불이행,건조,맑음,단일로 - 기타,승용,남,55세,상해없음,보행자,남,51세,경상
2013051100100571,2013년 5월 11일 19시,토요일,전라남도 장성군 장성읍,중상사고,0,1,0,0,차대차 - 측면직각충돌,신호위반,건조,맑음,교차로 - 교차로안,이륜,남,18세,중상,화물,남,44세,상해없음
2013051100100613,2013년 5월 11일 20시,토요일,전라남도 광양시 마동,중상사고,0,2,2,0,차대차 - 측면직각충돌,안전운전불이행,건조,맑음,단일로 - 기타,승용,남,52세,경상,승용,여,55세,중상
2013051100100651,2013년 5월 11일 21시,토요일,전라남도 여수시 학동,경상사고,0,0,1,0,차대차 - 기타,안전운전불이행,건조,맑음,단일로 - 기타,화물,남,45세,상해없음,승용,남,29세,경상
2013051100100652,2013년 5월 11일 21시,토요일,전라남도 순천시 중앙동,중상사고,0,1,0,0,차대사람 - 기타,안전운전불이행,건조,맑음,단일로 - 횡단보도상,승합,남,53세,상해없음,보행자,여,43세,중상
2013051100100680,2013년 5월 11일 22시,토요일,전라남도 무안군 무안읍,부상신고사고,0,0,0,1,차량단독 - 공작물충돌,안전운전불이행,건조,맑음,단일로 - 기타,승용,남,31세,부상신고,,,,
2013051100100681,2013년 5월 11일 22시,토요일,전라남도 진도군 진도읍,경상사고,0,0,1,0,차대사람 - 기타,안전운전불이행,건조,맑음,단일로 - 기타,승용,남,33세,상해없음,보행자,남,50세,경상
2013051100100705,2013년 5월 11일 23시,토요일,전라남도 영암군 삼호읍,사망사고,1,0,0,0,차량단독 - 도로외이탈 - 기타,안전운전불이행,건조,맑음,교차로 - 교차로부근,승용,남,36세,사망,,,,
2013051200100008,2013년 5월 12일 00시,일요일,전라남도 함평군 해보면,중상사고,0,1,1,0,차대차 - 측면직각충돌,중앙선침범,건조,맑음,단일로 - 기타,승용,남,47세,상해없음,승용,남,35세,중상
2013051200100025,2013년 5월 12일 01시,일요일,전라남도 신안군 지도읍,사망사고,1,0,0,0,차량단독 - 전도전복,안전운전불이행,건조,기타,단일로 - 기타,화물,남,28세,사망,,,,
2013051200100064,2013년 5월 12일 03시,일요일,전라남도 나주시 봉황면,경상사고,0,0,1,0,차대차 - 기타,안전운전불이행,건조,맑음,단일로 - 기타,승용,남,50세,상해없음,승용,남,41세,경상
2013051200100102,2013년 5월 12일 06시,일요일,전라남도 담양군 무정면,경상사고,0,0,1,0,차량단독 - 기타,안전운전불이행,건조,맑음,단일로 - 기타,승용,남,24세,경상,,,,
2013051200100148,2013년 5월 12일 10시,일요일,전라남도 순천시 덕월동,중상사고,0,1,1,0,차대차 - 추돌 - 진행중,안전운전불이행,건조,맑음,단일로 - 기타,승용,여,45세,상해없음,승용,남,71세,중상
2013051200100186,2013년 5월 12일 12시,일요일,전라남도 영광군 영광읍,중상사고,0,2,0,1,차대차 - 정면충돌,중앙선침범,건조,맑음,단일로 - 기타,승용,남,20세,부상신고,승용,남,46세,중상
2013051200100204,2013년 5월 12일 13시,일요일,전라남도 목포시 산정동,경상사고,0,0,1,0,차대차 - 추돌 - 주정차중,안전거리미확보,건조,맑음,단일로 - 기타,승용,남,38세,상해없음,승용,남,38세,경상
2013051200100205,2013년 5월 12일 13시,일요일,전라남도 담양군 담양읍,중상사고,0,6,6,0,차량단독 - 공작물충돌,안전운전불이행,건조,맑음,교차로 - 교차로안,승합,남,43세,상해없음,,,,
2013051200100231,2013년 5월 12일 14시,일요일,전라남도 나주시 공산면,경상사고,0,0,1,0,차량단독 - 기타,안전운전불이행,건조,맑음,단일로 - 기타,승합,남,61세,상해없음,,,,
2013051200100268,2013년 5월 12일 15시,일요일,전라남도 목포시 옥암동,중상사고,0,1,0,0,차대사람 - 차도통행중,안전운전불이행,건조,맑음,단일로 - 기타,승합,남,38세,상해없음,보행자,남,2세,중상
2013051200100269,2013년 5월 12일 15시,일요일,전라남도 순천시 풍덕동,중상사고,0,1,1,0,차대사람 - 기타,안전운전불이행,건조,맑음,단일로 - 기타,자전거,남,40세,중상,보행자,여,37세,경상
2013051200100270,2013년 5월 12일 15시,일요일,전라남도 나주시 봉황면,경상사고,0,0,1,0,차대차 - 측면직각충돌,교차로운행방법위반,건조,맑음,교차로 - 교차로안,승합,남,70세,상해없음,이륜,남,43세,경상
2013051200100271,2013년 5월 12일 15시,일요일,전라남도 고흥군 점암면,경상사고,0,0,2,0,차대차 - 기타,안전운전불이행,건조,맑음,단일로 - 기타,화물,남,55세,상해없음,승용,남,30세,경상
2013051200100301,2013년 5월 12일 16시,일요일,전라남도 여수시 중앙동,경상사고,0,0,1,0,차대차 - 기타,안전운전불이행,건조,맑음,단일로 - 기타,승용,남,63세,상해없음,승합,남,52세,상해없음
2013051200100302,2013년 5월 12일 16시,일요일,전라남도 화순군 도곡면,경상사고,0,0,3,0,차대차 - 측면직각충돌,안전운전불이행,건조,맑음,단일로 - 기타,승용,남,73세,상해없음,승용,남,57세,경상
2013051200100303,2013년 5월 12일 16시,일요일,전라남도 완도군 금일읍,중상사고,0,1,0,0,차대사람 - 기타,안전운전불이행,건조,맑음,단일로 - 기타,화물,남,66세,상해없음,보행자,남,53세,중상
2013051200100336,2013년 5월 12일 17시,일요일,전라남도 해남군 현산면,경상사고,0,0,1,0,차대차 - 측면직각충돌,중앙선침범,건조,맑음,단일로 - 기타,화물,남,56세,상해없음,화물,남,50세,경상
2013051200100337,2013년 5월 12일 17시,일요일,전라남도 완도군 군외면,중상사고,0,1,0,0,차량단독 - 공작물충돌,안전운전불이행,건조,맑음,단일로 - 기타,승합,남,22세,상해없음,,,,
2013051200100338,2013년 5월 12일 17시,일요일,전라남도 광양시 옥곡면,중상사고,0,1,0,0,차대차 - 측면직각충돌,안전운전불이행,건조,맑음,단일로 - 기타,이륜,남,66세,중상,승합,남,61세,상해없음
2013051200100372,2013년 5월 12일 18시,일요일,전라남도 나주시 금계동,경상사고,0,0,1,0,차대차 - 기타,안전운전불이행,건조,맑음,교차로 - 교차로안,자전거,여,65세,경상,승용,남,36세,상해없음
2013051200100373,2013년 5월 12일 18시,일요일,전라남도 영광군 영광읍,중상사고,0,1,0,0,차대사람 - 횡단중,안전운전불이행,건조,맑음,단일로 - 기타,승용,남,26세,상해없음,보행자,남,10세,중상
2013051200100412,2013년 5월 12일 19시,일요일,전라남도 진도군 진도읍,경상사고,0,0,3,0,차량단독 - 기타,안전운전불이행,건조,맑음,단일로 - 기타,이륜,남,18세,경상,,,,
2013051200100464,2013년 5월 12일 20시,일요일,전라남도 순천시 장천동,경상사고,0,0,1,0,차대차 - 측면직각충돌,안전운전불이행,건조,맑음,단일로 - 기타,승용,남,53세,상해없음,원동기,남,45세,경상
2013051200100465,2013년 5월 12일 20시,일요일,전라남도 장성군 장성읍,경상사고,0,0,1,0,차대차 - 기타,안전운전불이행,건조,맑음,기타 - 기타,승합,남,69세,상해없음,승용,여,59세,경상
2013051200100536,2013년 5월 12일 22시,일요일,전라남도 순천시 매곡동,경상사고,0,0,2,0,차대차 - 기타,안전운전불이행,건조,맑음,교차로 - 교차로안,승용,남,63세,상해없음,원동기,남,17세,경상
2013051300100007,2013년 5월 13일 00시,월요일,전라남도 여수시 중앙동,사망사고,1,1,0,0,차대사람 - 횡단중,안전운전불이행,건조,맑음,단일로 - 기타,승용,남,45세,상해없음,보행자,남,66세,사망
2013051300100105,2013년 5월 13일 08시,월요일,전라남도 목포시 산정동,경상사고,0,0,1,0,차대사람 - 횡단중,안전운전불이행,건조,맑음,교차로 - 교차로안,기타불명,기타불명,기타불명,기타불명,보행자,여,14세,경상
2013051300100170,2013년 5월 13일 10시,월요일,전라남도 보성군 겸백면,경상사고,0,0,1,0,차대차 - 정면충돌,안전운전불이행,건조,맑음,단일로 - 기타,화물,남,46세,상해없음,승합,남,57세,경상
2013051300100198,2013년 5월 13일 11시,월요일,전라남도 장흥군 장흥읍,경상사고,0,0,1,0,차대차 - 측면직각충돌,교차로운행방법위반,건조,맑음,교차로 - 교차로안,원동기,남,77세,경상,승용,남,72세,상해없음
2013051300100199,2013년 5월 13일 11시,월요일,전라남도 강진군 칠량면,사망사고,2,1,2,0,차대차 - 추돌 - 진행중,안전운전불이행,건조,맑음,단일로 - 기타,화물,남,45세,상해없음,승용,여,67세,경상
2013051300100229,2013년 5월 13일 12시,월요일,전라남도 여수시 신덕동,경상사고,0,0,1,0,차대차 - 기타,안전운전불이행,건조,맑음,교차로 - 교차로안,이륜,남,66세,경상,승용,남,37세,상해없음
2013051300100230,2013년 5월 13일 12시,월요일,전라남도 나주시 산정동,중상사고,0,1,0,0,차대차 - 정면충돌,신호위반,건조,맑음,교차로 - 교차로안,승용,남,31세,상해없음,화물,남,34세,중상
2013051300100231,2013년 5월 13일 12시,월요일,전라남도 고흥군 고흥읍,중상사고,0,1,0,0,차량단독 - 기타,안전운전불이행,건조,맑음,단일로 - 기타,원동기,남,74세,중상,,,,
2013051300100232,2013년 5월 13일 12시,월요일,전라남도 보성군 벌교읍,중상사고,0,1,1,0,차대차 - 측면직각충돌,중앙선침범,건조,맑음,단일로 - 기타,승용,남,48세,상해없음,화물,남,67세,중상
2013051300100233,2013년 5월 13일 12시,월요일,전라남도 광양시 금호동,경상사고,0,0,1,0,차대사람 - 기타,안전운전불이행,건조,맑음,교차로 - 교차로부근,승용,여,49세,상해없음,보행자,여,53세,경상
2013051300100267,2013년 5월 13일 13시,월요일,전라남도 담양군 금성면,경상사고,0,0,1,0,차량단독 - 공작물충돌,안전운전불이행,건조,맑음,단일로 - 기타,승용,여,53세,경상,,,,
2013051300100340,2013년 5월 13일 15시,월요일,전라남도 순천시 덕암동,중상사고,0,1,1,0,차대차 - 기타,안전운전불이행,건조,맑음,교차로 - 교차로안,승합,여,34세,상해없음,승용,남,53세,경상
2013051300100341,2013년 5월 13일 15시,월요일,전라남도 순천시 승주읍,중상사고,0,1,2,0,차대차 - 기타,교차로운행방법위반,건조,맑음,교차로 - 교차로안,화물,남,54세,경상,승용,남,54세,중상
2013051300100342,2013년 5월 13일 15시,월요일,전라남도 화순군 북면,중상사고,0,1,1,0,차대차 - 측면직각충돌,안전운전불이행,건조,맑음,교차로 - 교차로안,화물,남,54세,경상,화물,남,49세,중상
2013051300100343,2013년 5월 13일 15시,월요일,전라남도 담양군 대전면,중상사고,0,2,0,0,차대차 - 측면직각충돌,교차로운행방법위반,건조,맑음,교차로 - 교차로안,원동기,남,62세,중상,승합,남,41세,상해없음
2013051300100419,2013년 5월 13일 17시,월요일,전라남도 목포시 산정동,중상사고,0,1,0,0,차대사람 - 차도통행중,안전운전불이행,건조,맑음,단일로 - 기타,승용,여,46세,상해없음,보행자,여,65세,중상
2013051300100420,2013년 5월 13일 17시,월요일,전라남도 여수시 돌산읍,사망사고,1,3,1,1,차대차 - 추돌 - 진행중,안전운전불이행,건조,맑음,단일로 - 기타,화물,남,51세,중상,승용,여,45세,중상
2013051300100421,2013년 5월 13일 17시,월요일,전라남도 광양시 광양읍,중상사고,0,1,0,0,차대차 - 기타,안전운전불이행,건조,맑음,단일로 - 횡단보도상,화물,남,46세,상해없음,자전거,남,58세,중상
2013051300100455,2013년 5월 13일 18시,월요일,전라남도 순천시 교량동,경상사고,0,0,5,0,차대차 - 기타,안전운전불이행,건조,맑음,교차로 - 교차로부근,승용,남,37세,상해없음,승용,남,59세,경상
2013051300100456,2013년 5월 13일 18시,월요일,전라남도 순천시 덕월동,중상사고,0,1,1,0,차대차 - 기타,안전운전불이행,건조,맑음,교차로 - 교차로안,승용,여,49세,중상,승용,남,40세,경상
2013051300100457,2013년 5월 13일 18시,월요일,전라남도 곡성군 곡성읍,경상사고,0,0,2,0,차대차 - 기타,안전운전불이행,건조,맑음,기타 - 기타,농기계,남,56세,상해없음,승합,남,49세,상해없음
2013051300100494,2013년 5월 13일 19시,월요일,전라남도 여수시 소라면,경상사고,0,0,3,0,차대차 - 측면직각충돌,신호위반,건조,맑음,교차로 - 교차로부근,승용,남,55세,상해없음,승용,남,51세,경상
2013051300100495,2013년 5월 13일 19시,월요일,전라남도 무안군 청계면,중상사고,0,3,4,0,차대차 - 측면직각충돌,안전운전불이행,건조,맑음,단일로 - 기타,승용,남,22세,경상,화물,남,55세,경상
2013051300100524,2013년 5월 13일 20시,월요일,전라남도 강진군 군동면,사망사고,1,0,0,0,차대사람 - 차도통행중,안전운전불이행,건조,맑음,단일로 - 기타,승용,남,59세,상해없음,보행자,남,75세,사망
2013051300100551,2013년 5월 13일 21시,월요일,전라남도 광양시 마동,경상사고,0,0,1,0,차대차 - 측면직각충돌,교차로운행방법위반,건조,맑음,교차로 - 교차로안,승용,남,51세,상해없음,원동기,남,59세,경상
2013051300100580,2013년 5월 13일 22시,월요일,전라남도 여수시 웅천동,경상사고,0,0,1,0,차대사람 - 길가장자리구역통행중,안전운전불이행,건조,맑음,단일로 - 기타,승용,남,52세,상해없음,보행자,남,51세,경상
2013051300100581,2013년 5월 13일 22시,월요일,전라남도 순천시 풍덕동,경상사고,0,0,1,0,차대차 - 기타,안전운전불이행,건조,맑음,교차로 - 교차로부근,특수,남,45세,상해없음,승용,여,37세,경상
2013051300100582,2013년 5월 13일 22시,월요일,전라남도 광양시 옥곡면,경상사고,0,0,1,0,차대차 - 측면직각충돌,중앙선침범,건조,맑음,교차로 - 교차로부근,승용,남,46세,상해없음,화물,여,55세,경상
2013051400100034,2013년 5월 14일 01시,화요일,전라남도 순천시 가곡동,경상사고,0,0,4,0,차대차 - 기타,안전운전불이행,건조,맑음,교차로 - 교차로부근,승합,여,49세,상해없음,승용,남,31세,경상
2013051400100045,2013년 5월 14일 02시,화요일,전라남도 나주시 다시면,경상사고,0,0,1,0,차량단독 - 도로외이탈 - 추락,안전운전불이행,기타,안개,기타 - 기타,화물,남,63세,경상,,,,
2013051400100046,2013년 5월 14일 02시,화요일,전라남도 광양시 중동,경상사고,0,0,1,0,차대차 - 기타,신호위반,건조,맑음,교차로 - 교차로안,승용,남,22세,상해없음,승용,남,31세,경상
2013051400100077,2013년 5월 14일 05시,화요일,전라남도 강진군 군동면,경상사고,0,0,1,0,차대차 - 추돌 - 주정차중,안전운전불이행,건조,맑음,단일로 - 기타,승용,여,61세,경상,화물,남,36세,상해없음
2013051400100090,2013년 5월 14일 06시,화요일,전라남도 여수시 평여동,경상사고,0,0,1,0,차대차 - 측면직각충돌,직진우회전진행방해,건조,맑음,교차로 - 교차로안,승합,남,58세,상해없음,승용,남,44세,경상
2013051400100108,2013년 5월 14일 07시,화요일,전라남도 여수시 오천동,부상신고사고,0,0,0,1,차량단독 - 도로외이탈 - 기타,안전운전불이행,건조,맑음,단일로 - 기타,승용,남,21세,부상신고,,,,
2013051400100109,2013년 5월 14일 07시,화요일,전라남도 고흥군 도양읍,중상사고,0,1,0,0,차대차 - 기타,안전운전불이행,건조,맑음,단일로 - 기타,원동기,남,73세,중상,화물,남,45세,상해없음
2013051400100146,2013년 5월 14일 08시,화요일,전라남도 목포시 상동,경상사고,0,0,1,0,차대차 - 기타,안전운전불이행,건조,맑음,교차로 - 교차로부근,승합,남,51세,상해없음,승용,남,53세,상해없음
2013051400100147,2013년 5월 14일 08시,화요일,전라남도 무안군 해제면,중상사고,0,1,0,0,차대사람 - 길가장자리구역통행중,안전운전불이행,건조,맑음,교차로 - 교차로안,화물,남,47세,상해없음,보행자,남,50세,중상
2013051400100178,2013년 5월 14일 09시,화요일,전라남도 여수시 율촌면,경상사고,0,0,1,0,차량단독 - 도로외이탈 - 기타,안전운전불이행,건조,맑음,단일로 - 기타,승용,남,50세,경상,,,,
2013051400100179,2013년 5월 14일 09시,화요일,전라남도 나주시 죽림동,경상사고,0,0,1,0,차대차 - 측면직각충돌,안전거리미확보,건조,맑음,교차로 - 교차로안,승용,여,64세,상해없음,원동기,남,54세,경상
2013051400100180,2013년 5월 14일 09시,화요일,전라남도 해남군 옥천면,경상사고,0,0,1,0,차대차 - 추돌 - 주정차중,안전거리미확보,건조,맑음,단일로 - 기타,화물,남,78세,상해없음,승용,여,41세,경상
2013051400100209,2013년 5월 14일 10시,화요일,전라남도 여수시 여서동,경상사고,0,0,1,0,차대차 - 측면직각충돌,교차로운행방법위반,건조,맑음,교차로 - 교차로안,승용,여,47세,상해없음,승용,남,40세,경상
2013051400100210,2013년 5월 14일 10시,화요일,전라남도 장흥군 장흥읍,중상사고,0,1,0,0,차량단독 - 전도전복,안전운전불이행,건조,맑음,단일로 - 기타,원동기,남,61세,중상,,,,
2013051400100211,2013년 5월 14일 10시,화요일,전라남도 보성군 복내면,경상사고,0,0,1,0,차량단독 - 도로외이탈 - 추락,안전운전불이행,건조,맑음,단일로 - 기타,승용,남,74세,경상,,,,
2013051400100230,2013년 5월 14일 11시,화요일,전라남도 목포시 상동,중상사고,0,1,0,0,차대사람 - 기타,안전운전불이행,건조,맑음,단일로 - 기타,승용,남,41세,상해없음,보행자,여,54세,중상
2013051400100274,2013년 5월 14일 13시,화요일,전라남도 고흥군 금산면,경상사고,0,0,2,0,차대차 - 기타,안전운전불이행,건조,맑음,교차로 - 교차로안,승용,남,25세,상해없음,승용,여,61세,경상
2013051400100275,2013년 5월 14일 13시,화요일,전라남도 강진군 도암면,중상사고,0,1,0,0,차대차 - 정면충돌,중앙선침범,건조,맑음,단일로 - 기타,승용,남,69세,상해없음,화물,남,44세,중상
2013051400100348,2013년 5월 14일 15시,화요일,전라남도 신안군 자은면,중상사고,0,1,0,0,차대차 - 기타,직진우회전진행방해,건조,맑음,교차로 - 교차로안,이륜,남,66세,중상,승용,남,60세,상해없음
2013051400100349,2013년 5월 14일 15시,화요일,전라남도 순천시 승주읍,사망사고,1,0,1,0,차량단독 - 도로외이탈 - 기타,안전운전불이행,건조,맑음,단일로 - 기타,승용,남,74세,경상,,,,
2013051400100395,2013년 5월 14일 16시,화요일,전라남도 목포시 용당동,중상사고,0,1,1,0,차대차 - 기타,신호위반,건조,맑음,교차로 - 교차로부근,승용,남,36세,상해없음,승용,남,65세,경상
2013051400100396,2013년 5월 14일 16시,화요일,전라남도 여수시 월하동,중상사고,0,1,1,0,차대차 - 추돌 - 주정차중,안전거리미확보,건조,맑음,교차로 - 교차로부근,건설기계,남,35세,상해없음,화물,남,55세,중상
2013051400100432,2013년 5월 14일 17시,화요일,전라남도 여수시 선원동,경상사고,0,0,2,0,차대차 - 추돌 - 진행중,안전운전불이행,건조,맑음,단일로 - 기타,승용,남,46세,상해없음,승용,남,36세,경상
2013051400100433,2013년 5월 14일 17시,화요일,전라남도 나주시 문평면,중상사고,0,1,0,0,차대차 - 측면직각충돌,안전운전불이행,건조,맑음,단일로 - 기타,원동기,남,80세,중상,승용,여,42세,상해없음
2013051400100434,2013년 5월 14일 17시,화요일,전라남도 보성군 보성읍,경상사고,0,0,1,0,차대차 - 측면직각충돌,안전운전불이행,건조,맑음,단일로 - 기타,승용,남,52세,상해없음,이륜,남,66세,경상
2013051400100436,2013년 5월 14일 17시,화요일,전라남도 영암군 영암읍,중상사고,0,1,0,0,차대사람 - 차도통행중,불법유턴,건조,맑음,단일로 - 기타,화물,남,66세,상해없음,보행자,여,70세,중상
2013051400100437,2013년 5월 14일 17시,화요일,전라남도 영암군 삼호읍,중상사고,0,1,0,0,차대차 - 측면직각충돌,중앙선침범,건조,맑음,단일로 - 기타,승용,남,40세,상해없음,원동기,남,23세,중상
2013051400100476,2013년 5월 14일 18시,화요일,전라남도 목포시 연산동,경상사고,0,0,1,0,차대차 - 추돌 - 주정차중,안전운전불이행,건조,맑음,단일로 - 기타,승용,남,38세,상해없음,화물,남,43세,경상