사고번호,사고일시,요일,시군구,사고내용,사망자수,중상자수,경상자수,부상신고자수,사고유형,법규위반,노면상태,기상상태,도로형태,가해운전자 차종,가해운전자 성별,가해운전자 연령,가해운전자 상해정도,피해운전자 차종,피해운전자 성별,피해운전자 연령,피해운전자 상해정도
2013051800100280,2013년 5월 18일 14시,토요일,전라남도 구례군 산동면,경상사고,0,0,3,0,차대차 - 측면직각충돌,교차로운행방법위반,건조,맑음,교차로 - 교차로안,승용,남,32세,상해없음,승용,남,29세,경상
2013051800100308,2013년 5월 18일 15시,토요일,전라남도 순천시 풍덕동,경상사고,0,0,5,0,차대차 - 측면직각충돌,교차로운행방법위반,건조,맑음,교차로 - 교차로안,승용,남,37세,경상,승용,남,63세,경상
2013051800100309,2013년 5월 18일 15시,토요일,전라남도 순천시 장천동,경상사고,0,0,1,0,차대차 - 측면직각충돌,안전운전불이행,건조,맑음,단일로 - 기타,승용,남,70세,상해없음,승용,남,46세,경상
2013051800100310,2013년 5월 18일 15시,토요일,전라남도 나주시 남내동,경상사고,0,0,2,0,차대차 - 측면직각충돌,교차로운행방법위반,건조,맑음,교차로 - 교차로안,원동기,남,32세,경상,승합,남,57세,경상
2013051800100311,2013년 5월 18일 15시,토요일,전라남도 영암군 삼호읍,경상사고,0,0,2,0,차대차 - 추돌 - 진행중,안전거리미확보,건조,맑음,교차로 - 교차로부근,승용,남,44세,상해없음,승용,남,63세,경상
2013051800100312,2013년 5월 18일 15시,토요일,전라남도 무안군 해제면,경상사고,0,0,2,0,차대차 - 측면직각충돌,직진우회전진행방해,건조,맑음,교차로 - 교차로안,승용,남,70세,경상,화물,남,72세,경상
2013051800100343,2013년 5월 18일 16시,토요일,전라남도 영광군 군서면,경상사고,0,0,1,0,차대차 - 정면충돌,중앙선침범,건조,맑음,단일로 - 기타,승용,남,73세,상해없음,화물,남,70세,경상
2013051800100344,2013년 5월 18일 16시,토요일,전라남도 영암군 도포면,경상사고,0,0,2,0,차대차 - 정면충돌,중앙선침범,건조,맑음,교차로 - 교차로부근,승용,남,52세,경상,승용,여,47세,경상
2013051800100345,2013년 5월 18일 16시,토요일,전라남도 광양시 중동,중상사고,0,2,0,0,차량단독 - 공작물충돌,안전운전불이행,건조,맑음,단일로 - 기타,승용,여,58세,중상,,,,
2013051800100384,2013년 5월 18일 17시,토요일,전라남도 해남군 황산면,경상사고,0,0,6,0,차대차 - 측면직각충돌,교차로운행방법위반,건조,맑음,교차로 - 교차로안,승용,남,34세,상해없음,승합,남,58세,경상
2013051800100408,2013년 5월 18일 18시,토요일,전라남도 목포시 대성동,경상사고,0,0,1,0,차대차 - 기타,안전운전불이행,건조,맑음,단일로 - 기타,승용,여,62세,상해없음,승용,여,64세,경상
2013051800100409,2013년 5월 18일 18시,토요일,전라남도 순천시 석현동,경상사고,0,0,2,0,차대차 - 기타,중앙선침범,건조,맑음,단일로 - 기타,승용,남,59세,상해없음,승용,여,45세,경상
2013051800100410,2013년 5월 18일 18시,토요일,전라남도 나주시 왕곡면,경상사고,0,0,1,0,차량단독 - 기타,안전운전불이행,건조,맑음,단일로 - 기타,원동기,남,79세,경상,,,,
2013051800100477,2013년 5월 18일 20시,토요일,전라남도 여수시 여서동,중상사고,0,1,3,0,차대차 - 추돌 - 주정차중,안전거리미확보,습기,비,교차로 - 교차로부근,승용,남,46세,상해없음,승용,남,44세,경상
2013051800100478,2013년 5월 18일 20시,토요일,전라남도 나주시 용산동,중상사고,0,1,0,0,차대사람 - 횡단중,보행자보호의무위반,건조,맑음,단일로 - 횡단보도상,승용,남,44세,상해없음,보행자,여,60세,중상
2013051800100479,2013년 5월 18일 20시,토요일,전라남도 해남군 산이면,경상사고,0,0,3,0,차대차 - 추돌 - 진행중,안전거리미확보,습기,비,단일로 - 기타,화물,남,55세,상해없음,승용,여,38세,경상
2013051800100537,2013년 5월 18일 21시,토요일,전라남도 목포시 상동,중상사고,0,1,4,1,차대차 - 추돌 - 주정차중,안전운전불이행,습기,비,단일로 - 기타,승합,남,63세,경상,승합,남,48세,기타불명
2013051800100538,2013년 5월 18일 21시,토요일,전라남도 목포시 금화동,중상사고,0,1,0,0,차대사람 - 길가장자리구역통행중,안전운전불이행,습기,비,교차로 - 교차로안,승합,남,34세,상해없음,보행자,여,45세,중상
2013051800100601,2013년 5월 18일 22시,토요일,전라남도 목포시 상동,경상사고,0,0,1,0,차대차 - 추돌 - 주정차중,안전운전불이행,습기,비,단일로 - 기타,승용,남,43세,상해없음,승용,남,23세,경상
2013051800100602,2013년 5월 18일 22시,토요일,전라남도 고흥군 도양읍,중상사고,0,1,0,0,차대차 - 기타,안전운전불이행,습기,비,교차로 - 교차로안,승용,여,20세,상해없음,승용,남,67세,상해없음
2013051800100603,2013년 5월 18일 22시,토요일,전라남도 고흥군 두원면,경상사고,0,0,7,0,차대차 - 추돌 - 주정차중,안전운전불이행,습기,비,단일로 - 기타,승용,남,45세,상해없음,승용,여,30세,경상
2013051800100661,2013년 5월 18일 23시,토요일,전라남도 장흥군 장흥읍,경상사고,0,0,1,0,차대차 - 정면충돌,중앙선침범,습기,비,단일로 - 기타,자전거,여,42세,경상,승합,남,47세,상해없음
2013051900100030,2013년 5월 19일 00시,일요일,전라남도 목포시 산정동,경상사고,0,0,1,0,차대사람 - 횡단중,안전운전불이행,습기,비,교차로 - 교차로안,승용,남,31세,상해없음,보행자,남,32세,경상
2013051900100031,2013년 5월 19일 00시,일요일,전라남도 목포시 옥암동,경상사고,0,0,2,0,차대사람 - 횡단중,안전운전불이행,습기,비,단일로 - 기타,원동기,남,19세,상해없음,보행자,남,29세,경상
2013051900100032,2013년 5월 19일 00시,일요일,전라남도 여수시 화양면,중상사고,0,1,2,0,차량단독 - 기타,안전운전불이행,습기,비,교차로 - 교차로안,승용,남,25세,경상,,,,
2013051900100070,2013년 5월 19일 01시,일요일,전라남도 순천시 조례동,사망사고,1,0,0,0,차대사람 - 기타,안전운전불이행,습기,비,단일로 - 기타,승용,남,52세,상해없음,보행자,남,31세,사망
2013051900100071,2013년 5월 19일 01시,일요일,전라남도 순천시 연향동,중상사고,0,1,1,0,차대차 - 기타,신호위반,습기,비,교차로 - 교차로안,승용,남,53세,상해없음,화물,남,50세,상해없음
2013051900100102,2013년 5월 19일 02시,일요일,전라남도 목포시 상동,경상사고,0,0,1,0,차대사람 - 횡단중,보행자보호의무위반,습기,비,교차로 - 교차로안,승용,남,54세,상해없음,보행자,남,23세,경상
2013051900100103,2013년 5월 19일 02시,일요일,전라남도 고흥군 과역면,경상사고,0,0,2,0,차량단독 - 기타,안전운전불이행,습기,맑음,단일로 - 기타,승용,남,39세,경상,,,,
2013051900100129,2013년 5월 19일 03시,일요일,전라남도 목포시 상동,경상사고,0,0,1,0,차대차 - 추돌 - 주정차중,안전운전불이행,습기,비,단일로 - 기타,원동기,남,18세,상해없음,승용,남,28세,경상
2013051900100146,2013년 5월 19일 04시,일요일,전라남도 여수시 신기동,경상사고,0,0,2,0,차대차 - 정면충돌,교차로운행방법위반,습기,비,교차로 - 교차로안,승용,여,65세,상해없음,승용,남,56세,경상
2013051900100218,2013년 5월 19일 08시,일요일,전라남도 장성군 남면,중상사고,0,2,0,0,차대차 - 정면충돌,안전운전불이행,건조,맑음,단일로 - 기타,승용,남,27세,상해없음,승용,남,42세,중상
2013051900100289,2013년 5월 19일 12시,일요일,전라남도 순천시 해룡면,경상사고,0,0,1,0,차대차 - 기타,안전운전불이행,습기,맑음,단일로 - 기타,승용,여,50세,경상,화물,남,55세,상해없음
2013051900100290,2013년 5월 19일 12시,일요일,전라남도 곡성군 옥과면,경상사고,0,0,2,0,차대차 - 기타,교차로운행방법위반,건조,맑음,교차로 - 교차로안,승용,남,32세,경상,화물,남,47세,경상
2013051900100332,2013년 5월 19일 14시,일요일,전라남도 순천시 연향동,경상사고,0,0,1,0,차대차 - 측면직각충돌,안전운전불이행,건조,맑음,교차로 - 교차로안,승용,남,52세,상해없음,승용,여,23세,경상
2013051900100333,2013년 5월 19일 14시,일요일,전라남도 화순군 화순읍,경상사고,0,0,2,0,차대차 - 정면충돌,중앙선침범,건조,맑음,단일로 - 기타,승용,남,52세,상해없음,승용,남,48세,경상
2013051900100334,2013년 5월 19일 14시,일요일,전라남도 광양시 광양읍,경상사고,0,0,1,0,차대차 - 측면직각충돌,교차로운행방법위반,건조,맑음,교차로 - 교차로안,승용,남,28세,상해없음,자전거,여,67세,경상
2013051900100368,2013년 5월 19일 15시,일요일,전라남도 여수시 적량동,중상사고,0,3,2,0,차대차 - 측면직각충돌,안전운전불이행,건조,맑음,교차로 - 교차로안,승용,여,32세,중상,특수,남,31세,경상
2013051900100369,2013년 5월 19일 15시,일요일,전라남도 화순군 화순읍,경상사고,0,0,1,0,차대차 - 측면직각충돌,안전운전불이행,건조,맑음,단일로 - 기타,승용,여,40세,상해없음,승용,남,33세,경상
2013051900100370,2013년 5월 19일 15시,일요일,전라남도 영암군 영암읍,경상사고,0,0,3,0,차대차 - 추돌 - 진행중,불법유턴,건조,맑음,교차로 - 교차로안,승용,남,47세,상해없음,승용,남,59세,경상
2013051900100401,2013년 5월 19일 16시,일요일,전라남도 영광군 영광읍,부상신고사고,0,0,0,1,차대차 - 측면직각충돌,직진우회전진행방해,건조,흐림,교차로 - 교차로안,원동기,남,50세,부상신고,승용,여,43세,상해없음
2013051900100432,2013년 5월 19일 17시,일요일,전라남도 목포시 석현동,경상사고,0,0,1,0,차대차 - 기타,교차로운행방법위반,건조,맑음,기타 - 기타,승용,여,55세,상해없음,화물,남,43세,경상
2013051900100433,2013년 5월 19일 17시,일요일,전라남도 순천시 조례동,경상사고,0,0,1,0,차대차 - 측면직각충돌,안전운전불이행,건조,맑음,교차로 - 교차로부근,자전거,남,82세,경상,승용,남,44세,상해없음
2013051900100491,2013년 5월 19일 19시,일요일,전라남도 여수시 남산동,경상사고,0,0,1,0,차대차 - 추돌 - 주정차중,안전운전불이행,건조,맑음,단일로 - 기타,승용,남,57세,상해없음,승용,여,31세,경상
2013051900100492,2013년 5월 19일 19시,일요일,전라남도 나주시 경현동,경상사고,0,0,1,0,차량단독 - 공작물충돌,안전운전불이행,건조,맑음,단일로 - 기타,승용,남,64세,경상,,,,
2013051900100517,2013년 5월 19일 20시,일요일,전라남도 나주시 동강면,경상사고,0,0,1,0,차대차 - 측면직각충돌,중앙선침범,건조,맑음,단일로 - 기타,승용,남,38세,상해없음,농기계,남,59세,경상
2013051900100518,2013년 5월 19일 20시,일요일,전라남도 담양군 월산면,중상사고,0,1,0,0,차대차 - 기타,안전운전불이행,건조,맑음,단일로 - 기타,기타불명,기타불명,기타불명,기타불명,자전거,남,68세,중상
2013051900100557,2013년 5월 19일 21시,일요일,전라남도 목포시 옥암동,경상사고,0,0,1,0,차대사람 - 기타,안전운전불이행,건조,맑음,기타 - 기타,승용,남,25세,상해없음,보행자,남,46세,경상
2013051900100575,2013년 5월 19일 22시,일요일,전라남도 목포시 상동,부상신고사고,0,0,0,1,차대차 - 측면직각충돌,중앙선침범,건조,맑음,단일로 - 기타,기타불명,기타불명,기타불명,기타불명,이륜,남,41세,부상신고
2013051900100576,2013년 5월 19일 22시,일요일,전라남도 광양시 중동,경상사고,0,0,5,0,차대차 - 측면직각충돌,안전운전불이행,건조,맑음,교차로 - 교차로안,승용,남,46세,상해없음,승용,남,42세,경상
2013052000100006,2013년 5월 20일 00시,월요일,전라남도 여수시 미평동,경상사고,0,0,4,0,차대차 - 측면직각충돌,신호위반,건조,맑음,교차로 - 교차로안,승용,남,37세,상해없음,화물,남,56세,경상
2013052000100046,2013년 5월 20일 05시,월요일,전라남도 광양시 광양읍,경상사고,0,0,1,0,차대차 - 측면직각충돌,안전운전불이행,건조,맑음,단일로 - 기타,승용,남,48세,상해없음,화물,남,40세,경상
2013052000100059,2013년 5월 20일 06시,월요일,전라남도 나주시 남평읍,사망사고,1,0,0,0,차대사람 - 기타,안전운전불이행,건조,맑음,단일로 - 기타,화물,남,47세,상해없음,보행자,여,83세,사망
2013052000100077,2013년 5월 20일 07시,월요일,전라남도 목포시 석현동,중상사고,0,1,0,0,차대차 - 측면직각충돌,차로위반,건조,맑음,단일로 - 기타,이륜,남,61세,중상,승용,남,47세,상해없음
2013052000100127,2013년 5월 20일 09시,월요일,전라남도 나주시 산포면,중상사고,0,1,0,0,차대차 - 기타,안전거리미확보,건조,맑음,단일로 - 기타,자전거,남,78세,중상,승용,남,35세,상해없음
2013052000100149,2013년 5월 20일 10시,월요일,전라남도 장성군 삼계면,사망사고,1,0,0,0,차대차 - 측면직각충돌,중앙선침범,건조,흐림,교차로 - 교차로안,화물,남,39세,상해없음,화물,남,70세,사망
2013052000100173,2013년 5월 20일 11시,월요일,전라남도 여수시 신기동,경상사고,0,0,1,0,차대차 - 측면직각충돌,안전운전불이행,건조,맑음,교차로 - 교차로부근,승용,여,44세,경상,승용,여,41세,상해없음
2013052000100174,2013년 5월 20일 11시,월요일,전라남도 순천시 조곡동,경상사고,0,0,5,0,차대차 - 기타,안전운전불이행,건조,맑음,단일로 - 기타,승용,여,39세,경상,승합,남,55세,경상
2013052000100211,2013년 5월 20일 12시,월요일,전라남도 여수시 중앙동,경상사고,0,0,1,0,차대사람 - 기타,안전운전불이행,건조,맑음,단일로 - 기타,승용,남,62세,상해없음,보행자,남,53세,경상
2013052000100237,2013년 5월 20일 13시,월요일,전라남도 보성군 득량면,경상사고,0,0,2,0,차대차 - 정면충돌,중앙선침범,건조,맑음,단일로 - 기타,화물,남,62세,경상,승용,여,45세,경상
2013052000100258,2013년 5월 20일 14시,월요일,전라남도 순천시 연향동,경상사고,0,0,1,0,차대차 - 추돌 - 진행중,안전운전불이행,건조,맑음,기타 - 기타,승용,남,70세,상해없음,승용,남,27세,경상
2013052000100259,2013년 5월 20일 14시,월요일,전라남도 해남군 해남읍,경상사고,0,0,1,0,차대차 - 기타,안전운전불이행,건조,맑음,교차로 - 교차로부근,승용,남,62세,상해없음,화물,남,52세,상해없음
2013052000100260,2013년 5월 20일 14시,월요일,전라남도 영암군 영암읍,중상사고,0,2,0,0,차대차 - 추돌 - 진행중,안전거리미확보,건조,맑음,단일로 - 기타,원동기,남,77세,중상,승용,남,70세,상해없음
2013052000100261,2013년 5월 20일 14시,월요일,전라남도 진도군 의신면,중상사고,0,1,1,0,차대차 - 추돌 - 주정차중,안전운전불이행,건조,맑음,단일로 - 기타,승용,여,57세,경상,승용,여,43세,기타불명
2013052000100262,2013년 5월 20일 14시,월요일,전라남도 광양시 중동,경상사고,0,0,1,0,차대차 - 측면직각충돌,교차로운행방법위반,건조,맑음,교차로 - 교차로안,이륜,남,66세,경상,승용,남,46세,상해없음
2013052000100296,2013년 5월 20일 15시,월요일,전라남도 여수시 신월동,경상사고,0,0,1,0,차대차 - 측면직각충돌,안전운전불이행,건조,맑음,교차로 - 교차로안,승용,여,41세,상해없음,승용,여,62세,경상
2013052000100297,2013년 5월 20일 15시,월요일,전라남도 순천시 주암면,중상사고,0,1,0,0,차대차 - 기타,안전운전불이행,건조,맑음,교차로 - 교차로안,농기계,남,61세,상해없음,이륜,남,78세,중상
2013052000100298,2013년 5월 20일 15시,월요일,전라남도 순천시 해룡면,경상사고,0,0,2,0,차대차 - 기타,교차로운행방법위반,건조,맑음,교차로 - 교차로안,승용,여,49세,상해없음,승용,남,56세,경상
2013052000100299,2013년 5월 20일 15시,월요일,전라남도 영광군 영광읍,중상사고,0,1,0,0,차대차 - 기타,안전운전불이행,건조,맑음,단일로 - 기타,이륜,남,68세,상해없음,농기계,남,65세,상해없음
2013052000100344,2013년 5월 20일 16시,월요일,전라남도 여수시 선원동,경상사고,0,0,1,0,차대차 - 기타,교차로운행방법위반,건조,맑음,교차로 - 교차로안,승용,여,41세,상해없음,승합,남,55세,상해없음
2013052000100345,2013년 5월 20일 16시,월요일,전라남도 완도군 고금면,경상사고,0,0,1,0,차대차 - 측면직각충돌,중앙선침범,건조,맑음,단일로 - 기타,승용,남,78세,상해없음,승용,남,37세,경상
2013052000100385,2013년 5월 20일 17시,월요일,전라남도 여수시 학동,중상사고,0,1,0,0,차대사람 - 횡단중,안전운전불이행,건조,맑음,단일로 - 기타,승용,남,46세,상해없음,보행자,여,70세,중상
2013052000100386,2013년 5월 20일 17시,월요일,전라남도 여수시 학동,경상사고,0,0,1,0,차대차 - 측면직각충돌,교차로운행방법위반,건조,맑음,교차로 - 교차로안,승용,남,42세,상해없음,화물,남,54세,경상
2013052000100387,2013년 5월 20일 17시,월요일,전라남도 순천시 상사면,중상사고,0,1,2,0,차대차 - 정면충돌,중앙선침범,건조,맑음,단일로 - 기타,승용,여,39세,상해없음,승용,여,47세,경상
2013052000100425,2013년 5월 20일 18시,월요일,전라남도 목포시 용해동,경상사고,0,0,1,0,차대차 - 추돌 - 주정차중,안전운전불이행,건조,맑음,단일로 - 기타,승용,남,48세,상해없음,승용,남,32세,경상
2013052000100426,2013년 5월 20일 18시,월요일,전라남도 순천시 서면,사망사고,1,0,0,0,차대사람 - 차도통행중,안전운전불이행,건조,맑음,교차로 - 교차로안,승용,남,29세,상해없음,보행자,남,45세,사망
2013052000100427,2013년 5월 20일 18시,월요일,전라남도 순천시 연향동,경상사고,0,0,1,0,차대차 - 추돌 - 진행중,안전운전불이행,건조,맑음,단일로 - 기타,승용,여,50세,경상,승용,남,36세,상해없음
2013052000100428,2013년 5월 20일 18시,월요일,전라남도 나주시 남평읍,중상사고,0,1,8,0,차량단독 - 기타,안전운전불이행,건조,맑음,단일로 - 기타,승합,남,64세,경상,,,,
2013052000100429,2013년 5월 20일 18시,월요일,전라남도 영암군 신북면,경상사고,0,0,2,0,차대차 - 측면직각충돌,신호위반,건조,맑음,교차로 - 교차로안,승합,남,46세,상해없음,원동기,남,79세,경상
2013052000100430,2013년 5월 20일 18시,월요일,전라남도 무안군 삼향읍,중상사고,0,1,2,0,차대차 - 측면직각충돌,직진우회전진행방해,건조,맑음,교차로 - 교차로안,승용,남,62세,중상,승용,여,29세,경상
2013052000100456,2013년 5월 20일 19시,월요일,전라남도 순천시 별량면,중상사고,0,1,0,0,차대사람 - 기타,안전운전불이행,건조,맑음,단일로 - 기타,이륜,남,65세,상해없음,보행자,남,2세,중상
2013052000100479,2013년 5월 20일 20시,월요일,전라남도 순천시 해룡면,경상사고,0,0,1,0,차대차 - 측면직각충돌,신호위반,건조,맑음,교차로 - 교차로안,승용,여,39세,상해없음,화물,남,49세,경상
2013052000100480,2013년 5월 20일 20시,월요일,전라남도 해남군 해남읍,경상사고,0,0,2,0,차대차 - 기타,중앙선침범,건조,맑음,단일로 - 기타,승용,여,60세,상해없음,승용,남,37세,상해없음
2013052000100516,2013년 5월 20일 21시,월요일,전라남도 여수시 신기동,중상사고,0,1,0,0,차대사람 - 보도통행중,보행자보호의무위반,건조,맑음,교차로 - 교차로안,승용,남,45세,상해없음,보행자,여,52세,중상
2013052000100517,2013년 5월 20일 21시,월요일,전라남도 순천시 조례동,중상사고,0,1,0,0,차량단독 - 기타,안전운전불이행,건조,맑음,교차로 - 교차로부근,이륜,남,55세,중상,,,,
2013052000100553,2013년 5월 20일 22시,월요일,전라남도 여수시 문수동,경상사고,0,0,1,0,차대차 - 정면충돌,중앙선침범,건조,맑음,단일로 - 기타,승용,남,51세,상해없음,승용,남,52세,경상
2013052000100554,2013년 5월 20일 22시,월요일,전라남도 영광군 영광읍,경상사고,0,0,2,0,차대차 - 기타,교차로운행방법위반,건조,맑음,교차로 - 교차로안,승용,남,49세,상해없음,승용,남,18세,경상
2013052000100555,2013년 5월 20일 22시,월요일,전라남도 무안군 삼향읍,경상사고,0,0,1,0,차대차 - 측면직각충돌,안전운전불이행,습기,비,교차로 - 교차로안,승용,남,52세,상해없음,승용,남,42세,경상
2013052000100556,2013년 5월 20일 22시,월요일,전라남도 광양시 중동,경상사고,0,0,4,0,차대차 - 추돌 - 주정차중,안전운전불이행,건조,맑음,교차로 - 교차로부근,승용,남,54세,상해없음,승용,남,41세,경상
2013052100100037,2013년 5월 21일 02시,화요일,전라남도 여수시 학동,경상사고,0,0,1,0,차대사람 - 기타,안전운전불이행,건조,맑음,단일로 - 기타,승용,남,25세,상해없음,보행자,여,58세,경상
2013052100100038,2013년 5월 21일 02시,화요일,전라남도 장흥군 장흥읍,중상사고,0,1,0,0,차대차 - 측면직각충돌,중앙선침범,건조,맑음,단일로 - 교량,승용,여,36세,상해없음,자전거,남,72세,중상
2013052100100086,2013년 5월 21일 07시,화요일,전라남도 여수시 둔덕동,경상사고,0,0,1,0,차대차 - 측면직각충돌,중앙선침범,건조,맑음,단일로 - 기타,승용,여,58세,상해없음,승용,여,45세,경상
2013052100100124,2013년 5월 21일 08시,화요일,전라남도 나주시 성북동,경상사고,0,0,2,0,차대차 - 기타,신호위반,건조,맑음,교차로 - 교차로안,승용,남,51세,경상,화물,남,32세,상해없음
2013052100100161,2013년 5월 21일 09시,화요일,전라남도 나주시 문평면,중상사고,0,1,0,0,차대사람 - 차도통행중,안전운전불이행,건조,맑음,교차로 - 교차로부근,건설기계,남,55세,상해없음,보행자,여,80세,중상
2013052100100162,2013년 5월 21일 09시,화요일,전라남도 완도군 신지면,중상사고,0,1,0,0,차대차 - 추돌 - 진행중,안전운전불이행,건조,맑음,단일로 - 기타,화물,남,61세,상해없음,농기계,남,72세,중상
2013052100100193,2013년 5월 21일 10시,화요일,전라남도 순천시 매곡동,경상사고,0,0,2,0,차대차 - 기타,안전거리미확보,건조,맑음,교차로 - 교차로안,원동기,남,71세,경상,화물,남,44세,상해없음
2013052100100194,2013년 5월 21일 10시,화요일,전라남도 고흥군 도화면,중상사고,0,1,3,0,차대차 - 기타,중앙선침범,건조,맑음,단일로 - 기타,이륜,남,81세,경상,승용,여,33세,상해없음
2013052100100195,2013년 5월 21일 10시,화요일,전라남도 곡성군 겸면,사망사고,1,0,0,0,차대사람 - 횡단중,안전운전불이행,건조,맑음,기타 - 기타,건설기계,남,49세,상해없음,보행자,여,72세,사망
2013052100100215,2013년 5월 21일 11시,화요일,전라남도 여수시 선원동,경상사고,0,0,1,0,차대차 - 측면직각충돌,교차로운행방법위반,건조,맑음,교차로 - 교차로안,승용,남,23세,상해없음,승용,남,57세,경상
2013052100100216,2013년 5월 21일 11시,화요일,전라남도 화순군 화순읍,중상사고,0,1,0,0,차대차 - 기타,교차로운행방법위반,건조,맑음,교차로 - 교차로안,승용,남,56세,상해없음,원동기,남,71세,중상
2013052100100242,2013년 5월 21일 12시,화요일,전라남도 광양시 광양읍,경상사고,0,0,1,0,차대차 - 측면직각충돌,안전운전불이행,건조,맑음,교차로 - 교차로부근,원동기,남,58세,경상,승용,여,27세,상해없음
2013052100100269,2013년 5월 21일 13시,화요일,전라남도 여수시 신기동,경상사고,0,0,1,0,차대차 - 추돌 - 진행중,안전거리미확보,건조,맑음,단일로 - 기타,승용,여,20세,경상,화물,남,32세,상해없음
2013052100100270,2013년 5월 21일 13시,화요일,전라남도 순천시 연향동,중상사고,0,1,0,0,차대차 - 기타,안전운전불이행,건조,맑음,교차로 - 교차로부근,이륜,남,37세,중상,승용,남,62세,상해없음
2013052100100271,2013년 5월 21일 13시,화요일,전라남도 담양군 금성면,중상사고,0,1,1,1,차대차 - 기타,안전운전불이행,건조,맑음,교차로 - 교차로안,화물,남,25세,부상신고,화물,남,55세,경상
2013052100100298,2013년 5월 21일 14시,화요일,전라남도 여수시 소라면,경상사고,0,0,1,0,차대차 - 정면충돌,중앙선침범,건조,맑음,교차로 - 교차로부근,화물,남,53세,상해없음,원동기,남,66세,경상
2013052100100299,2013년 5월 21일 14시,화요일,전라남도 순천시 덕암동,중상사고,0,1,0,0,차대차 - 기타,안전운전불이행,건조,맑음,단일로 - 기타,화물,남,20세,상해없음,자전거,여,52세,중상
2013052100100300,2013년 5월 21일 14시,화요일,전라남도 순천시 연향동,경상사고,0,0,1,0,차대차 - 기타,안전운전불이행,건조,맑음,단일로 - 기타,승용,남,59세,상해없음,승용,남,39세,경상
2013052100100332,2013년 5월 21일 15시,화요일,전라남도 나주시 삼영동,경상사고,0,0,2,0,차대차 - 기타,신호위반,건조,맑음,교차로 - 교차로안,화물,남,18세,경상,승용,여,48세,경상
2013052100100333,2013년 5월 21일 15시,화요일,전라남도 구례군 구례읍,경상사고,0,0,3,0,차대차 - 측면직각충돌,교차로운행방법위반,건조,맑음,교차로 - 교차로안,승용,남,56세,상해없음,승용,남,51세,경상
2013052100100368,2013년 5월 21일 16시,화요일,전라남도 목포시 상동,경상사고,0,0,1,0,차대차 - 기타,안전운전불이행,건조,기타,단일로 - 기타,승합,남,56세,상해없음,자전거,여,12세,경상
2013052100100369,2013년 5월 21일 16시,화요일,전라남도 나주시 중앙동,경상사고,0,0,3,0,차대차 - 측면직각충돌,교차로운행방법위반,건조,맑음,교차로 - 교차로안,승용,남,51세,경상,승용,남,55세,경상
2013052100100413,2013년 5월 21일 17시,화요일,전라남도 목포시 산정동,경상사고,0,0,1,0,차대차 - 기타,안전운전불이행,건조,기타,단일로 - 기타,화물,여,48세,상해없음,자전거,여,4세,경상
2013052100100414,2013년 5월 21일 17시,화요일,전라남도 목포시 용당동,경상사고,0,0,3,0,차대차 - 기타,안전운전불이행,건조,기타,교차로 - 교차로부근,승용,여,43세,경상,화물,남,38세,경상
2013052100100415,2013년 5월 21일 17시,화요일,전라남도 여수시 동산동,경상사고,0,0,2,0,차대사람 - 기타,안전운전불이행,건조,맑음,단일로 - 기타,승용,남,58세,상해없음,보행자,남,16세,경상
2013052100100464,2013년 5월 21일 18시,화요일,전라남도 여수시 만흥동,경상사고,0,0,1,0,차대차 - 측면직각충돌,중앙선침범,건조,맑음,단일로 - 기타,승용,남,60세,상해없음,승용,남,43세,경상
2013052100100465,2013년 5월 21일 18시,화요일,전라남도 해남군 옥천면,경상사고,0,0,4,1,차대차 - 정면충돌,교차로운행방법위반,건조,맑음,교차로 - 교차로안,승용,남,42세,부상신고,승용,여,35세,경상
2013052100100466,2013년 5월 21일 18시,화요일,전라남도 화순군 화순읍,부상신고사고,0,0,0,1,차대차 - 기타,교차로운행방법위반,건조,맑음,교차로 - 교차로안,원동기,남,69세,부상신고,승용,여,53세,상해없음
2013052100100467,2013년 5월 21일 18시,화요일,전라남도 광양시 중동,중상사고,0,1,0,0,차대차 - 측면직각충돌,안전운전불이행,건조,맑음,교차로 - 교차로안,승용,남,35세,상해없음,자전거,남,55세,중상
2013052100100503,2013년 5월 21일 19시,화요일,전라남도 신안군 증도면,경상사고,0,0,1,0,차대차 - 기타,안전운전불이행,건조,기타,교차로 - 교차로안,이륜,남,83세,경상,승용,여,58세,상해없음
2013052100100504,2013년 5월 21일 19시,화요일,전라남도 화순군 화순읍,경상사고,0,0,2,0,차대차 - 추돌 - 주정차중,안전거리미확보,건조,맑음,단일로 - 기타,승용,남,57세,상해없음,승용,남,34세,상해없음
2013052100100534,2013년 5월 21일 20시,화요일,전라남도 나주시 금천면,경상사고,0,0,1,0,차대차 - 추돌 - 진행중,안전거리미확보,건조,맑음,단일로 - 기타,화물,남,48세,상해없음,화물,남,41세,경상
2013052100100535,2013년 5월 21일 20시,화요일,전라남도 장흥군 장흥읍,경상사고,0,0,1,0,차대사람 - 횡단중,안전운전불이행,건조,맑음,교차로 - 교차로안,승용,남,41세,상해없음,보행자,여,53세,경상