사고번호,사고일시,요일,시군구,사고내용,사망자수,중상자수,경상자수,부상신고자수,사고유형,법규위반,노면상태,기상상태,도로형태,가해운전자 차종,가해운전자 성별,가해운전자 연령,가해운전자 상해정도,피해운전자 차종,피해운전자 성별,피해운전자 연령,피해운전자 상해정도
2013052100100536,2013년 5월 21일 20시,화요일,전라남도 영암군 삼호읍,경상사고,0,0,1,0,차대차 - 추돌 - 주정차중,안전운전불이행,건조,맑음,교차로 - 교차로부근,화물,남,65세,상해없음,승용,남,41세,경상
2013052100100537,2013년 5월 21일 20시,화요일,전라남도 영암군 삼호읍,경상사고,0,0,2,0,차대차 - 측면직각충돌,안전운전불이행,건조,맑음,단일로 - 기타,승용,여,36세,상해없음,승용,남,29세,경상
2013052100100574,2013년 5월 21일 21시,화요일,전라남도 목포시 산정동,경상사고,0,0,7,0,차대차 - 측면직각충돌,차로위반,건조,맑음,교차로 - 교차로부근,화물,남,50세,상해없음,승용,여,33세,경상
2013052100100575,2013년 5월 21일 21시,화요일,전라남도 순천시 조례동,경상사고,0,0,1,0,차대차 - 기타,안전운전불이행,건조,맑음,교차로 - 교차로부근,승용,남,51세,상해없음,자전거,남,41세,경상
2013052100100576,2013년 5월 21일 21시,화요일,전라남도 화순군 이양면,경상사고,0,0,2,0,차대차 - 측면직각충돌,안전운전불이행,건조,맑음,단일로 - 기타,승용,남,47세,상해없음,승용,남,50세,경상
2013052100100611,2013년 5월 21일 22시,화요일,전라남도 여수시 만흥동,경상사고,0,0,1,0,차대차 - 기타,안전운전불이행,건조,맑음,단일로 - 기타,승용,남,38세,상해없음,승용,여,46세,경상
2013052100100612,2013년 5월 21일 22시,화요일,전라남도 화순군 화순읍,경상사고,0,0,1,0,차대사람 - 기타,안전운전불이행,건조,맑음,단일로 - 기타,승용,여,24세,상해없음,보행자,남,15세,경상
2013052100100634,2013년 5월 21일 23시,화요일,전라남도 여수시 봉강동,중상사고,0,1,0,0,차대사람 - 차도통행중,안전운전불이행,건조,맑음,교차로 - 교차로안,승용,남,51세,상해없음,보행자,남,43세,중상
2013052100100635,2013년 5월 21일 23시,화요일,전라남도 순천시 해룡면,중상사고,0,4,0,0,차량단독 - 공작물충돌,안전운전불이행,건조,맑음,교차로 - 교차로부근,승용,남,21세,중상,,,,
2013052100100636,2013년 5월 21일 23시,화요일,전라남도 나주시 송월동,경상사고,0,0,3,0,차대차 - 추돌 - 주정차중,안전운전불이행,건조,맑음,교차로 - 교차로부근,승용,남,54세,상해없음,승용,남,42세,경상
2013052200100070,2013년 5월 22일 05시,수요일,전라남도 순천시 풍덕동,경상사고,0,0,1,0,차대사람 - 기타,안전운전불이행,건조,맑음,단일로 - 기타,승용,기타불명,기타불명,기타불명,보행자,남,26세,경상
2013052200100076,2013년 5월 22일 06시,수요일,전라남도 목포시 연산동,부상신고사고,0,0,0,1,차량단독 - 공작물충돌,안전운전불이행,건조,맑음,단일로 - 기타,승용,남,64세,부상신고,,,,
2013052200100077,2013년 5월 22일 06시,수요일,전라남도 순천시 풍덕동,중상사고,0,1,2,0,차대차 - 측면직각충돌,안전운전불이행,건조,맑음,단일로 - 기타,자전거,남,66세,경상,자전거,여,60세,중상
2013052200100097,2013년 5월 22일 07시,수요일,전라남도 순천시 연향동,경상사고,0,0,1,0,차대차 - 측면직각충돌,중앙선침범,건조,맑음,단일로 - 기타,자전거,남,37세,경상,건설기계,남,33세,상해없음
2013052200100098,2013년 5월 22일 07시,수요일,전라남도 고흥군 점암면,중상사고,0,1,0,0,차량단독 - 전도전복,안전운전불이행,건조,맑음,기타 - 기타,승합,남,33세,상해없음,,,,
2013052200100099,2013년 5월 22일 07시,수요일,전라남도 해남군 해남읍,경상사고,0,0,3,1,차대차 - 정면충돌,안전운전불이행,건조,맑음,단일로 - 기타,승용,여,51세,부상신고,승합,남,70세,상해없음
2013052200100138,2013년 5월 22일 08시,수요일,전라남도 여수시 봉산동,경상사고,0,0,1,0,차대차 - 기타,안전운전불이행,건조,맑음,단일로 - 기타,승용,여,40세,상해없음,자전거,여,52세,경상
2013052200100139,2013년 5월 22일 08시,수요일,전라남도 고흥군 고흥읍,경상사고,0,0,1,0,차대차 - 기타,안전운전불이행,건조,맑음,단일로 - 기타,승용,남,42세,상해없음,자전거,여,73세,경상
2013052200100140,2013년 5월 22일 08시,수요일,전라남도 보성군 보성읍,경상사고,0,0,1,0,차대차 - 측면직각충돌,안전운전불이행,건조,맑음,단일로 - 횡단보도상,화물,남,71세,상해없음,승용,여,47세,경상
2013052200100141,2013년 5월 22일 08시,수요일,전라남도 담양군 담양읍,중상사고,0,1,0,0,차대차 - 측면직각충돌,안전운전불이행,건조,맑음,교차로 - 교차로안,승용,남,39세,상해없음,원동기,남,76세,중상
2013052200100167,2013년 5월 22일 09시,수요일,전라남도 순천시 조례동,중상사고,0,1,1,0,차대차 - 기타,안전운전불이행,건조,맑음,단일로 - 기타,승용,여,54세,경상,승용,여,29세,중상
2013052200100205,2013년 5월 22일 10시,수요일,전라남도 영광군 영광읍,경상사고,0,0,2,0,차대차 - 측면직각충돌,신호위반,건조,맑음,교차로 - 교차로안,승용,남,53세,상해없음,화물,남,69세,경상
2013052200100206,2013년 5월 22일 10시,수요일,전라남도 영광군 불갑면,중상사고,0,1,0,0,차대차 - 측면직각충돌,안전운전불이행,건조,맑음,교차로 - 교차로부근,자전거,남,79세,중상,승용,남,43세,상해없음
2013052200100228,2013년 5월 22일 11시,수요일,전라남도 고흥군 도화면,경상사고,0,0,1,0,차대차 - 기타,안전거리미확보,건조,맑음,단일로 - 기타,승용,남,26세,상해없음,승용,여,51세,경상
2013052200100257,2013년 5월 22일 12시,수요일,전라남도 고흥군 봉래면,경상사고,0,0,1,0,차대사람 - 기타,안전운전불이행,습기,맑음,단일로 - 기타,화물,남,40세,상해없음,보행자,남,41세,경상
2013052200100258,2013년 5월 22일 12시,수요일,전라남도 해남군 북평면,중상사고,0,1,1,0,차대차 - 측면직각충돌,교차로운행방법위반,건조,맑음,교차로 - 교차로안,화물,남,66세,상해없음,화물,남,45세,경상
2013052200100281,2013년 5월 22일 13시,수요일,전라남도 여수시 평여동,경상사고,0,0,1,0,차대차 - 측면직각충돌,신호위반,건조,맑음,교차로 - 교차로안,화물,남,69세,경상,화물,남,57세,상해없음
2013052200100282,2013년 5월 22일 13시,수요일,전라남도 장흥군 장흥읍,중상사고,0,1,0,0,차대차 - 정면충돌,신호위반,건조,맑음,단일로 - 기타,자전거,여,64세,중상,화물,남,41세,상해없음
2013052200100283,2013년 5월 22일 13시,수요일,전라남도 해남군 산이면,중상사고,0,5,1,0,차대차 - 정면충돌,중앙선침범,건조,맑음,단일로 - 기타,승용,여,46세,경상,승용,남,62세,중상
2013052200100307,2013년 5월 22일 14시,수요일,전라남도 목포시 산정동,중상사고,0,1,0,0,차대사람 - 횡단중,안전운전불이행,건조,맑음,단일로 - 횡단보도상,승용,남,54세,상해없음,보행자,여,7세,중상
2013052200100308,2013년 5월 22일 14시,수요일,전라남도 담양군 봉산면,경상사고,0,0,1,0,차량단독 - 도로외이탈 - 기타,안전운전불이행,건조,맑음,단일로 - 기타,승용,여,58세,경상,,,,
2013052200100309,2013년 5월 22일 14시,수요일,전라남도 무안군 삼향읍,경상사고,0,0,1,0,차대차 - 측면직각충돌,안전운전불이행,건조,맑음,단일로 - 기타,승용,남,34세,상해없음,승용,여,47세,경상
2013052200100349,2013년 5월 22일 15시,수요일,전라남도 순천시 덕암동,중상사고,0,1,0,0,차대차 - 기타,직진우회전진행방해,건조,맑음,교차로 - 교차로안,승용,남,47세,상해없음,원동기,남,63세,중상
2013052200100350,2013년 5월 22일 15시,수요일,전라남도 화순군 동면,경상사고,0,0,2,0,차대차 - 측면직각충돌,차로위반,건조,맑음,단일로 - 기타,승합,남,40세,상해없음,승용,남,33세,경상
2013052200100388,2013년 5월 22일 16시,수요일,전라남도 순천시 연향동,중상사고,0,1,0,0,차대차 - 측면직각충돌,신호위반,건조,맑음,교차로 - 교차로안,승합,남,56세,상해없음,승용,남,27세,중상
2013052200100389,2013년 5월 22일 16시,수요일,전라남도 영광군 군남면,부상신고사고,0,0,0,1,차대차 - 측면직각충돌,안전운전불이행,건조,맑음,단일로 - 기타,자전거,남,42세,부상신고,승용,남,65세,상해없음
2013052200100390,2013년 5월 22일 16시,수요일,전라남도 무안군 현경면,경상사고,0,0,1,0,차대차 - 기타,안전운전불이행,건조,맑음,교차로 - 교차로안,화물,남,61세,상해없음,승용,여,47세,경상
2013052200100419,2013년 5월 22일 17시,수요일,전라남도 여수시 낙포동,경상사고,0,0,2,0,차대차 - 측면직각충돌,교차로운행방법위반,건조,맑음,교차로 - 교차로안,승용,여,46세,상해없음,특수,남,53세,경상
2013052200100420,2013년 5월 22일 17시,수요일,전라남도 여수시 충무동,경상사고,0,0,1,0,차량단독 - 기타,기타,건조,맑음,단일로 - 기타,승합,남,59세,상해없음,,,,
2013052200100421,2013년 5월 22일 17시,수요일,전라남도 나주시 남평읍,경상사고,0,0,1,0,차대차 - 추돌 - 진행중,교차로운행방법위반,건조,맑음,교차로 - 교차로안,승용,여,56세,상해없음,승용,여,54세,경상
2013052200100422,2013년 5월 22일 17시,수요일,전라남도 해남군 해남읍,경상사고,0,0,2,0,차대차 - 기타,안전운전불이행,건조,맑음,단일로 - 기타,승용,남,17세,상해없음,승용,남,64세,경상
2013052200100456,2013년 5월 22일 18시,수요일,전라남도 순천시 조례동,경상사고,0,0,2,0,차대차 - 기타,안전운전불이행,건조,맑음,단일로 - 기타,원동기,남,17세,경상,승용,남,32세,상해없음
2013052200100457,2013년 5월 22일 18시,수요일,전라남도 나주시 다시면,경상사고,0,0,1,0,차대차 - 기타,신호위반,건조,맑음,교차로 - 교차로안,승용,남,35세,상해없음,승용,남,27세,상해없음
2013052200100490,2013년 5월 22일 19시,수요일,전라남도 나주시 남평읍,중상사고,0,2,0,0,차대차 - 추돌 - 진행중,기타,건조,맑음,기타 - 기타,승용,여,49세,상해없음,승용,여,55세,중상
2013052200100526,2013년 5월 22일 20시,수요일,전라남도 여수시 돌산읍,경상사고,0,0,2,0,차대사람 - 길가장자리구역통행중,안전운전불이행,건조,맑음,단일로 - 기타,기타불명,기타불명,기타불명,기타불명,보행자,여,13세,경상
2013052200100527,2013년 5월 22일 20시,수요일,전라남도 순천시 용당동,경상사고,0,0,1,0,차대사람 - 횡단중,신호위반,건조,맑음,교차로 - 교차로안,화물,남,23세,상해없음,보행자,남,6세,경상
2013052200100569,2013년 5월 22일 21시,수요일,전라남도 진도군 진도읍,중상사고,0,1,0,0,차대사람 - 기타,안전운전불이행,기타,기타,기타 - 기타,이륜,남,58세,기타불명,보행자,남,57세,중상
2013052200100636,2013년 5월 22일 23시,수요일,전라남도 목포시 옥암동,중상사고,0,1,1,0,차대차 - 추돌 - 주정차중,안전운전불이행,건조,맑음,교차로 - 교차로부근,승용,남,25세,상해없음,승용,여,32세,중상
2013052300100028,2013년 5월 23일 01시,목요일,전라남도 순천시 조례동,중상사고,0,1,0,0,차대차 - 기타,교차로운행방법위반,건조,맑음,교차로 - 교차로안,승용,남,55세,상해없음,원동기,남,16세,상해없음
2013052300100099,2013년 5월 23일 07시,목요일,전라남도 순천시 중앙동,경상사고,0,0,1,0,차대차 - 기타,신호위반,건조,맑음,교차로 - 교차로안,화물,남,24세,상해없음,승용,여,47세,경상
2013052300100100,2013년 5월 23일 07시,목요일,전라남도 나주시 금천면,경상사고,0,0,3,0,차대차 - 추돌 - 진행중,안전거리미확보,건조,맑음,기타 - 기타,화물,남,56세,경상,승용,여,46세,경상
2013052300100101,2013년 5월 23일 07시,목요일,전라남도 영광군 영광읍,부상신고사고,0,0,0,1,차대사람 - 기타,보행자보호의무위반,건조,맑음,단일로 - 기타,승용,여,41세,상해없음,보행자,남,12세,부상신고
2013052300100169,2013년 5월 23일 09시,목요일,전라남도 순천시 덕암동,중상사고,0,6,0,0,차대차 - 기타,안전운전불이행,건조,맑음,단일로 - 기타,승합,남,51세,상해없음,승합,남,37세,상해없음
2013052300100170,2013년 5월 23일 09시,목요일,전라남도 나주시 다도면,중상사고,0,1,0,0,차량단독 - 도로외이탈 - 기타,안전운전불이행,건조,맑음,단일로 - 기타,승용,여,55세,상해없음,,,,
2013052300100188,2013년 5월 23일 10시,목요일,전라남도 여수시 봉산동,중상사고,0,1,0,0,차대차 - 측면직각충돌,교차로운행방법위반,건조,맑음,교차로 - 교차로안,승용,남,56세,상해없음,승용,여,45세,중상
2013052300100210,2013년 5월 23일 11시,목요일,전라남도 여수시 신기동,경상사고,0,0,1,0,차대차 - 추돌 - 진행중,안전운전불이행,건조,맑음,교차로 - 교차로안,승용,남,41세,상해없음,승용,여,39세,경상
2013052300100211,2013년 5월 23일 11시,목요일,전라남도 곡성군 오곡면,경상사고,0,0,1,0,차대사람 - 기타,안전운전불이행,건조,맑음,기타 - 기타,화물,남,33세,상해없음,보행자,여,72세,경상
2013052300100212,2013년 5월 23일 11시,목요일,전라남도 광양시 중동,사망사고,1,1,0,0,차대차 - 측면직각충돌,신호위반,건조,맑음,교차로 - 교차로안,승용,남,42세,상해없음,원동기,남,76세,사망
2013052300100272,2013년 5월 23일 13시,목요일,전라남도 영암군 삼호읍,경상사고,0,0,1,0,차대차 - 기타,교차로운행방법위반,건조,맑음,교차로 - 교차로안,승용,여,56세,상해없음,승용,남,55세,경상
2013052300100297,2013년 5월 23일 14시,목요일,전라남도 여수시 연등동,부상신고사고,0,0,0,1,차대사람 - 기타,안전운전불이행,건조,맑음,기타 - 기타,승합,남,58세,상해없음,보행자,남,56세,부상신고
2013052300100298,2013년 5월 23일 14시,목요일,전라남도 순천시 남정동,경상사고,0,0,1,0,차대사람 - 기타,안전운전불이행,건조,맑음,단일로 - 기타,승합,남,52세,상해없음,보행자,남,7세,경상
2013052300100299,2013년 5월 23일 14시,목요일,전라남도 진도군 진도읍,중상사고,0,2,0,0,차대차 - 정면충돌,중앙선침범,건조,맑음,교차로 - 교차로부근,화물,남,64세,상해없음,화물,남,39세,중상
2013052300100328,2013년 5월 23일 15시,목요일,전라남도 목포시 상동,경상사고,0,0,1,0,차대사람 - 기타,안전운전불이행,건조,맑음,단일로 - 기타,기타불명,기타불명,기타불명,기타불명,보행자,남,7세,경상
2013052300100329,2013년 5월 23일 15시,목요일,전라남도 여수시 학동,중상사고,0,1,0,0,차대사람 - 기타,안전운전불이행,건조,맑음,단일로 - 기타,화물,남,39세,상해없음,보행자,여,83세,중상
2013052300100367,2013년 5월 23일 16시,목요일,전라남도 목포시 상동,중상사고,0,1,0,0,차대사람 - 차도통행중,안전운전불이행,건조,맑음,단일로 - 기타,승용,남,31세,상해없음,보행자,여,10세,중상
2013052300100482,2013년 5월 23일 19시,목요일,전라남도 순천시 월등면,부상신고사고,0,0,0,2,차대차 - 기타,안전운전불이행,건조,맑음,교차로 - 교차로안,이륜,남,15세,부상신고,화물,남,28세,상해없음
2013052300100483,2013년 5월 23일 19시,목요일,전라남도 해남군 해남읍,경상사고,0,0,2,0,차대차 - 추돌 - 주정차중,안전운전불이행,건조,맑음,단일로 - 기타,승용,남,47세,상해없음,화물,남,45세,경상
2013052300100507,2013년 5월 23일 20시,목요일,전라남도 나주시 부덕동,중상사고,0,1,2,0,차대차 - 측면직각충돌,안전운전불이행,건조,맑음,단일로 - 기타,화물,남,52세,상해없음,승용,여,28세,경상
2013052300100539,2013년 5월 23일 21시,목요일,전라남도 여수시 중앙동,중상사고,0,1,0,0,차대사람 - 기타,안전운전불이행,건조,맑음,단일로 - 횡단보도부근,승용,여,31세,상해없음,보행자,여,23세,중상
2013052300100540,2013년 5월 23일 21시,목요일,전라남도 영암군 영암읍,중상사고,0,1,0,0,차대사람 - 차도통행중,안전운전불이행,건조,맑음,단일로 - 기타,승용,여,51세,상해없음,보행자,여,74세,중상
2013052300100541,2013년 5월 23일 21시,목요일,전라남도 무안군 무안읍,경상사고,0,0,1,1,차대차 - 추돌 - 진행중,안전운전불이행,건조,맑음,단일로 - 기타,승용,남,54세,부상신고,화물,여,62세,경상
2013052400100027,2013년 5월 24일 01시,금요일,전라남도 무안군 무안읍,사망사고,1,0,0,0,차대사람 - 기타,안전운전불이행,건조,맑음,단일로 - 기타,승용,남,27세,상해없음,보행자,남,50세,사망
2013052400100067,2013년 5월 24일 05시,금요일,전라남도 완도군 고금면,중상사고,0,2,0,0,차대차 - 정면충돌,중앙선침범,건조,맑음,단일로 - 기타,승용,남,46세,상해없음,화물,여,62세,중상
2013052400100115,2013년 5월 24일 07시,금요일,전라남도 순천시 연향동,중상사고,0,1,0,0,차대사람 - 횡단중,안전운전불이행,건조,맑음,단일로 - 횡단보도상,승용,남,30세,상해없음,보행자,여,40세,중상
2013052400100152,2013년 5월 24일 08시,금요일,전라남도 목포시 산정동,경상사고,0,0,1,0,차대사람 - 기타,안전운전불이행,건조,맑음,교차로 - 교차로안,승용,남,55세,상해없음,보행자,여,93세,경상
2013052400100153,2013년 5월 24일 08시,금요일,전라남도 나주시 석현동,경상사고,0,0,1,0,차대차 - 측면직각충돌,안전거리미확보,건조,맑음,교차로 - 교차로부근,화물,남,62세,상해없음,화물,남,28세,경상
2013052400100154,2013년 5월 24일 08시,금요일,전라남도 해남군 해남읍,경상사고,0,0,1,0,차대사람 - 기타,안전운전불이행,건조,맑음,단일로 - 기타,승용,남,43세,상해없음,보행자,남,45세,경상
2013052400100186,2013년 5월 24일 09시,금요일,전라남도 함평군 학교면,경상사고,0,0,2,0,차대차 - 측면직각충돌,직진우회전진행방해,건조,맑음,교차로 - 교차로안,승용,여,39세,경상,화물,남,57세,경상
2013052400100212,2013년 5월 24일 10시,금요일,전라남도 진도군 임회면,중상사고,0,1,1,0,차대차 - 기타,중앙선침범,건조,맑음,단일로 - 기타,자전거,남,63세,중상,승용,여,46세,경상
2013052400100240,2013년 5월 24일 11시,금요일,전라남도 해남군 해남읍,경상사고,0,0,1,0,차량단독 - 전도전복,안전운전불이행,건조,맑음,교차로 - 교차로안,승용,남,33세,경상,,,,
2013052400100241,2013년 5월 24일 11시,금요일,전라남도 장성군 장성읍,중상사고,0,1,0,0,차대차 - 측면직각충돌,교차로운행방법위반,건조,맑음,교차로 - 교차로안,승용,남,57세,상해없음,이륜,남,74세,중상
2013052400100255,2013년 5월 24일 12시,금요일,전라남도 여수시 광무동,경상사고,0,0,1,0,차대사람 - 횡단중,안전운전불이행,건조,맑음,단일로 - 횡단보도부근,승용,남,45세,상해없음,보행자,여,22세,경상
2013052400100256,2013년 5월 24일 12시,금요일,전라남도 영광군 영광읍,경상사고,0,0,1,0,차대사람 - 횡단중,안전운전불이행,건조,맑음,단일로 - 기타,승용,여,70세,상해없음,보행자,남,54세,경상
2013052400100257,2013년 5월 24일 12시,금요일,전라남도 함평군 나산면,중상사고,0,1,0,0,차량단독 - 공작물충돌,안전운전불이행,건조,맑음,단일로 - 기타,승용,남,47세,중상,,,,
2013052400100368,2013년 5월 24일 16시,금요일,전라남도 나주시 남평읍,중상사고,0,1,0,0,차대사람 - 기타,안전운전불이행,건조,맑음,단일로 - 기타,건설기계,남,40세,상해없음,보행자,남,44세,중상
2013052400100414,2013년 5월 24일 17시,금요일,전라남도 순천시 해룡면,경상사고,0,0,1,0,차대차 - 추돌 - 주정차중,안전운전불이행,건조,맑음,교차로 - 교차로안,승용,남,51세,상해없음,승용,여,45세,경상
2013052400100415,2013년 5월 24일 17시,금요일,전라남도 순천시 매곡동,경상사고,0,0,2,0,차대차 - 측면직각충돌,중앙선침범,건조,맑음,단일로 - 기타,승용,남,57세,상해없음,화물,남,72세,경상
2013052400100416,2013년 5월 24일 17시,금요일,전라남도 장성군 장성읍,경상사고,0,0,1,0,차대차 - 정면충돌,중앙선침범,건조,맑음,교차로 - 교차로안,자전거,남,13세,경상,승용,여,50세,상해없음
2013052400100417,2013년 5월 24일 17시,금요일,전라남도 곡성군 옥과면,중상사고,0,1,0,0,차대차 - 기타,교차로운행방법위반,건조,맑음,교차로 - 교차로안,승용,여,55세,상해없음,자전거,남,50세,중상
2013052400100418,2013년 5월 24일 17시,금요일,전라남도 완도군 완도읍,중상사고,0,2,0,0,차대차 - 측면직각충돌,안전운전불이행,건조,맑음,교차로 - 교차로안,승합,남,75세,상해없음,화물,남,32세,중상
2013052400100470,2013년 5월 24일 18시,금요일,전라남도 여수시 문수동,경상사고,0,0,1,0,차대사람 - 횡단중,안전운전불이행,건조,맑음,단일로 - 기타,승용,남,57세,상해없음,보행자,여,53세,경상
2013052400100508,2013년 5월 24일 19시,금요일,전라남도 영암군 삼호읍,경상사고,0,0,1,0,차대차 - 측면직각충돌,안전운전불이행,건조,맑음,교차로 - 교차로부근,자전거,여,17세,경상,승용,남,25세,상해없음
2013052400100540,2013년 5월 24일 20시,금요일,전라남도 나주시 경현동,중상사고,0,1,0,0,차대차 - 측면직각충돌,안전거리미확보,건조,맑음,단일로 - 기타,승용,남,23세,상해없음,원동기,남,16세,중상
2013052400100541,2013년 5월 24일 20시,금요일,전라남도 광양시 광양읍,경상사고,0,0,1,0,차대차 - 기타,안전운전불이행,건조,맑음,단일로 - 기타,기타불명,기타불명,기타불명,기타불명,승합,남,54세,상해없음
2013052500100018,2013년 5월 25일 00시,토요일,전라남도 순천시 조례동,경상사고,0,0,2,0,차대차 - 추돌 - 주정차중,안전운전불이행,건조,맑음,교차로 - 교차로안,승용,남,45세,상해없음,승용,남,27세,경상
2013052500100068,2013년 5월 25일 02시,토요일,전라남도 순천시 조례동,중상사고,0,1,0,0,차대사람 - 보도통행중,보행자보호의무위반,건조,맑음,단일로 - 횡단보도상,승용,남,19세,상해없음,보행자,남,34세,중상
2013052500100069,2013년 5월 25일 02시,토요일,전라남도 광양시 중동,경상사고,0,0,3,0,차량단독 - 전도전복,안전운전불이행,건조,맑음,교차로 - 교차로부근,승용,남,22세,상해없음,,,,
2013052500100088,2013년 5월 25일 03시,토요일,전라남도 여수시 돌산읍,경상사고,0,0,1,0,차대사람 - 기타,안전운전불이행,건조,맑음,단일로 - 기타,승용,여,61세,상해없음,보행자,남,19세,경상
2013052500100139,2013년 5월 25일 06시,토요일,전라남도 무안군 무안읍,중상사고,0,1,0,0,차대사람 - 보도통행중,안전운전불이행,건조,맑음,단일로 - 기타,승합,남,55세,상해없음,보행자,여,77세,중상
2013052500100140,2013년 5월 25일 06시,토요일,전라남도 광양시 중동,경상사고,0,0,3,0,차대차 - 측면직각충돌,불법유턴,건조,맑음,단일로 - 기타,승용,남,50세,경상,승용,남,27세,경상
2013052500100161,2013년 5월 25일 07시,토요일,전라남도 나주시 산포면,경상사고,0,0,2,0,차대차 - 측면직각충돌,안전운전불이행,건조,맑음,단일로 - 기타,화물,남,71세,경상,승용,남,39세,경상
2013052500100189,2013년 5월 25일 08시,토요일,전라남도 해남군 송지면,경상사고,0,0,1,0,차대차 - 기타,안전운전불이행,건조,맑음,단일로 - 기타,승용,남,57세,상해없음,화물,여,44세,경상
2013052500100190,2013년 5월 25일 08시,토요일,전라남도 장성군 장성읍,경상사고,0,0,1,0,차대차 - 기타,안전운전불이행,건조,맑음,단일로 - 기타,승용,남,78세,상해없음,승용,여,59세,경상
2013052500100191,2013년 5월 25일 08시,토요일,전라남도 강진군 강진읍,중상사고,0,1,1,0,차대차 - 정면충돌,중앙선침범,건조,맑음,단일로 - 기타,화물,여,54세,경상,승용,여,52세,중상
2013052500100192,2013년 5월 25일 08시,토요일,전라남도 광양시 광양읍,경상사고,0,0,1,0,차대사람 - 기타,안전운전불이행,건조,맑음,단일로 - 기타,화물,남,68세,상해없음,보행자,남,66세,경상
2013052500100218,2013년 5월 25일 09시,토요일,전라남도 여수시 봉산동,경상사고,0,0,1,0,차대사람 - 기타,안전운전불이행,건조,맑음,교차로 - 교차로부근,승용,남,46세,상해없음,보행자,여,53세,경상
2013052500100219,2013년 5월 25일 09시,토요일,전라남도 순천시 덕월동,중상사고,0,1,0,0,차대차 - 기타,안전운전불이행,건조,맑음,단일로 - 기타,이륜,남,61세,상해없음,자전거,남,51세,중상
2013052500100220,2013년 5월 25일 09시,토요일,전라남도 나주시 봉황면,경상사고,0,0,1,0,차대사람 - 횡단중,보행자보호의무위반,건조,맑음,교차로 - 교차로안,화물,남,70세,상해없음,보행자,여,13세,경상
2013052500100255,2013년 5월 25일 10시,토요일,전라남도 순천시 장천동,경상사고,0,0,2,0,차대차 - 기타,안전운전불이행,건조,맑음,단일로 - 기타,기타불명,기타불명,기타불명,기타불명,승합,남,55세,상해없음
2013052500100256,2013년 5월 25일 10시,토요일,전라남도 광양시 진상면,경상사고,0,0,1,0,차대차 - 기타,안전운전불이행,건조,맑음,단일로 - 기타,화물,남,66세,상해없음,승용,남,62세,경상
2013052500100285,2013년 5월 25일 11시,토요일,전라남도 목포시 용해동,경상사고,0,0,1,0,차대차 - 추돌 - 진행중,안전운전불이행,건조,맑음,단일로 - 기타,승용,남,37세,상해없음,승용,남,65세,상해없음
2013052500100319,2013년 5월 25일 12시,토요일,전라남도 순천시 용당동,경상사고,0,0,3,0,차대차 - 추돌 - 진행중,안전운전불이행,건조,맑음,교차로 - 교차로부근,승용,남,47세,상해없음,화물,남,73세,경상
2013052500100320,2013년 5월 25일 12시,토요일,전라남도 영광군 묘량면,사망사고,1,0,0,0,차량단독 - 공작물충돌,안전운전불이행,건조,맑음,단일로 - 기타,화물,남,47세,사망,,,,
2013052500100353,2013년 5월 25일 13시,토요일,전라남도 장흥군 장흥읍,경상사고,0,0,3,0,차대차 - 추돌 - 주정차중,안전운전불이행,건조,맑음,교차로 - 교차로부근,승합,남,50세,상해없음,승용,남,35세,경상
2013052500100354,2013년 5월 25일 13시,토요일,전라남도 장흥군 장흥읍,경상사고,0,0,1,0,차대차 - 측면직각충돌,중앙선침범,건조,맑음,교차로 - 교차로부근,원동기,남,73세,경상,승용,여,43세,상해없음
2013052500100395,2013년 5월 25일 14시,토요일,전라남도 순천시 가곡동,경상사고,0,0,3,0,차대차 - 측면직각충돌,안전운전불이행,건조,맑음,교차로 - 교차로안,승용,남,25세,경상,승용,여,53세,경상
2013052500100396,2013년 5월 25일 14시,토요일,전라남도 장흥군 장흥읍,중상사고,0,1,0,0,차대사람 - 길가장자리구역통행중,안전운전불이행,건조,맑음,단일로 - 기타,건설기계,남,45세,상해없음,보행자,여,65세,중상
2013052500100466,2013년 5월 25일 16시,토요일,전라남도 목포시 석현동,경상사고,0,0,1,0,차대차 - 측면직각충돌,안전거리미확보,건조,맑음,단일로 - 기타,승용,여,41세,경상,특수,남,38세,상해없음
2013052500100467,2013년 5월 25일 16시,토요일,전라남도 고흥군 점암면,경상사고,0,0,1,0,차대차 - 기타,안전거리미확보,건조,맑음,단일로 - 기타,승용,남,36세,상해없음,농기계,남,66세,경상
2013052500100468,2013년 5월 25일 16시,토요일,전라남도 무안군 무안읍,중상사고,0,1,0,0,차대사람 - 기타,안전운전불이행,건조,맑음,기타 - 기타,승용,여,39세,상해없음,보행자,여,71세,중상
2013052500100506,2013년 5월 25일 17시,토요일,전라남도 순천시 조례동,경상사고,0,0,1,0,차대차 - 추돌 - 주정차중,안전운전불이행,건조,맑음,단일로 - 기타,승용,남,46세,상해없음,승용,여,48세,경상
2013052500100507,2013년 5월 25일 17시,토요일,전라남도 나주시 금천면,중상사고,0,1,11,1,차대차 - 추돌 - 진행중,안전거리미확보,건조,맑음,단일로 - 기타,승합,남,36세,상해없음,화물,남,45세,부상신고
2013052500100587,2013년 5월 25일 19시,토요일,전라남도 목포시 옥암동,경상사고,0,0,2,0,차대차 - 측면직각충돌,안전거리미확보,건조,맑음,단일로 - 기타,건설기계,남,41세,상해없음,승용,남,34세,경상