사고번호,사고일시,요일,시군구,사고내용,사망자수,중상자수,경상자수,부상신고자수,사고유형,법규위반,노면상태,기상상태,도로형태,가해운전자 차종,가해운전자 성별,가해운전자 연령,가해운전자 상해정도,피해운전자 차종,피해운전자 성별,피해운전자 연령,피해운전자 상해정도
2013060300100493,2013년 6월 3일 20시,월요일,전라남도 신안군 증도면,사망사고,1,3,1,0,차대차 - 기타,안전운전불이행,건조,맑음,기타 - 기타,승용,남,37세,상해없음,승용,남,53세,중상
2013060300100494,2013년 6월 3일 20시,월요일,전라남도 목포시 죽교동,경상사고,0,0,1,0,차대차 - 기타,중앙선침범,건조,맑음,기타 - 기타,승용,남,58세,상해없음,승용,남,37세,경상
2013060300100495,2013년 6월 3일 20시,월요일,전라남도 진도군 의신면,중상사고,0,1,0,0,차대차 - 기타,안전운전불이행,기타,기타,기타 - 기타,승용,남,51세,상해없음,농기계,남,76세,중상
2013060300100537,2013년 6월 3일 21시,월요일,전라남도 목포시 해안동1가,중상사고,0,1,0,0,차대사람 - 기타,안전운전불이행,건조,맑음,단일로 - 기타,승용,남,36세,상해없음,보행자,여,36세,중상
2013060300100538,2013년 6월 3일 21시,월요일,전라남도 순천시 풍덕동,경상사고,0,0,1,0,차대차 - 측면직각충돌,안전운전불이행,건조,맑음,단일로 - 기타,승용,남,51세,상해없음,이륜,남,18세,경상
2013060300100539,2013년 6월 3일 21시,월요일,전라남도 나주시 이창동,부상신고사고,0,0,0,1,차량단독 - 기타,안전운전불이행,건조,맑음,단일로 - 기타,자전거,남,57세,부상신고,,,,
2013060300100567,2013년 6월 3일 22시,월요일,전라남도 해남군 해남읍,경상사고,0,0,1,0,차대차 - 측면직각충돌,직진우회전진행방해,건조,맑음,교차로 - 교차로안,승용,남,62세,상해없음,승합,남,69세,상해없음
2013060300100597,2013년 6월 3일 23시,월요일,전라남도 나주시 금천면,경상사고,0,0,1,0,차대차 - 추돌 - 주정차중,안전운전불이행,건조,맑음,교차로 - 교차로부근,승용,남,39세,상해없음,승용,여,41세,경상
2013060300100598,2013년 6월 3일 23시,월요일,전라남도 함평군 학교면,중상사고,0,1,0,0,차대차 - 추돌 - 주정차중,안전운전불이행,건조,맑음,단일로 - 기타,자전거,남,35세,중상,승용,남,39세,상해없음
2013060400100011,2013년 6월 4일 00시,화요일,전라남도 목포시 대의동2가,중상사고,0,2,0,0,차대차 - 측면직각충돌,직진우회전진행방해,건조,맑음,교차로 - 교차로안,승용,남,39세,중상,화물,남,25세,상해없음
2013060400100065,2013년 6월 4일 05시,화요일,전라남도 순천시 조례동,경상사고,0,0,1,0,차대차 - 측면직각충돌,안전운전불이행,건조,맑음,단일로 - 기타,화물,남,60세,상해없음,승용,남,49세,경상
2013060400100100,2013년 6월 4일 07시,화요일,전라남도 여수시 돌산읍,중상사고,0,1,0,0,차대사람 - 횡단중,안전운전불이행,건조,맑음,단일로 - 기타,승용,여,22세,상해없음,보행자,남,83세,중상
2013060400100101,2013년 6월 4일 07시,화요일,전라남도 나주시 왕곡면,사망사고,1,0,0,0,차량단독 - 공작물충돌,안전운전불이행,건조,맑음,단일로 - 기타,화물,남,30세,사망,,,,
2013060400100102,2013년 6월 4일 07시,화요일,전라남도 영암군 삼호읍,경상사고,0,0,1,0,차대차 - 측면직각충돌,안전운전불이행,건조,맑음,교차로 - 교차로부근,승용,남,43세,상해없음,이륜,남,50세,경상
2013060400100103,2013년 6월 4일 07시,화요일,전라남도 영암군 삼호읍,경상사고,0,0,2,0,차대차 - 기타,안전운전불이행,건조,맑음,단일로 - 기타,승용,여,50세,경상,화물,남,44세,경상
2013060400100141,2013년 6월 4일 08시,화요일,전라남도 순천시 오천동,경상사고,0,0,1,0,차대차 - 추돌 - 주정차중,안전거리미확보,건조,맑음,교차로 - 교차로부근,화물,여,63세,상해없음,승용,여,28세,경상
2013060400100186,2013년 6월 4일 10시,화요일,전라남도 여수시 남산동,경상사고,0,0,1,0,차대사람 - 횡단중,안전운전불이행,건조,맑음,단일로 - 기타,승용,남,51세,상해없음,보행자,여,66세,경상
2013060400100212,2013년 6월 4일 11시,화요일,전라남도 장성군 황룡면,경상사고,0,0,1,0,차대차 - 기타,신호위반,건조,맑음,교차로 - 교차로안,원동기,남,79세,경상,승용,남,64세,상해없음
2013060400100213,2013년 6월 4일 11시,화요일,전라남도 장성군 남면,경상사고,0,0,1,0,차대차 - 기타,신호위반,건조,맑음,교차로 - 교차로안,화물,남,44세,상해없음,승용,여,32세,경상
2013060400100318,2013년 6월 4일 15시,화요일,전라남도 순천시 대룡동,경상사고,0,0,3,0,차대차 - 측면직각충돌,안전운전불이행,건조,맑음,교차로 - 교차로안,승합,남,51세,상해없음,승용,남,33세,경상
2013060400100345,2013년 6월 4일 16시,화요일,전라남도 목포시 호남동,중상사고,0,1,0,0,차대사람 - 횡단중,보행자보호의무위반,건조,맑음,단일로 - 횡단보도상,승용,남,39세,상해없음,보행자,여,41세,중상
2013060400100346,2013년 6월 4일 16시,화요일,전라남도 여수시 공화동,경상사고,0,0,1,0,차대차 - 측면직각충돌,교차로운행방법위반,건조,맑음,교차로 - 교차로안,승용,남,41세,상해없음,원동기,남,47세,경상
2013060400100347,2013년 6월 4일 16시,화요일,전라남도 여수시 국동,경상사고,0,0,2,0,차대차 - 기타,안전운전불이행,건조,맑음,단일로 - 기타,화물,남,31세,상해없음,이륜,남,65세,경상
2013060400100390,2013년 6월 4일 17시,화요일,전라남도 영광군 영광읍,경상사고,0,0,1,0,차대차 - 기타,안전운전불이행,건조,맑음,단일로 - 기타,승용,여,47세,상해없음,자전거,여,11세,경상
2013060400100391,2013년 6월 4일 17시,화요일,전라남도 광양시 중동,중상사고,0,1,1,0,차대차 - 기타,안전운전불이행,건조,맑음,교차로 - 교차로안,승용,남,34세,상해없음,승용,남,61세,상해없음
2013060400100427,2013년 6월 4일 18시,화요일,전라남도 나주시 남평읍,경상사고,0,0,2,0,차대차 - 기타,안전운전불이행,건조,맑음,교차로 - 교차로안,승합,남,66세,상해없음,농기계,남,60세,경상
2013060400100428,2013년 6월 4일 18시,화요일,전라남도 영암군 삼호읍,중상사고,0,1,0,0,차대차 - 기타,안전운전불이행,건조,맑음,단일로 - 기타,승용,남,57세,상해없음,자전거,남,34세,중상
2013060400100429,2013년 6월 4일 18시,화요일,전라남도 광양시 진월면,중상사고,0,1,0,0,차대차 - 측면직각충돌,안전운전불이행,건조,맑음,단일로 - 기타,원동기,남,22세,중상,화물,남,58세,상해없음
2013060400100458,2013년 6월 4일 19시,화요일,전라남도 여수시 웅천동,경상사고,0,0,1,0,차대차 - 측면직각충돌,교차로운행방법위반,건조,맑음,교차로 - 교차로안,승용,남,65세,상해없음,승용,남,41세,경상
2013060400100459,2013년 6월 4일 19시,화요일,전라남도 순천시 매곡동,중상사고,0,1,0,0,차대사람 - 기타,안전운전불이행,건조,맑음,교차로 - 교차로안,승합,남,54세,상해없음,보행자,남,8세,중상
2013060400100493,2013년 6월 4일 20시,화요일,전라남도 목포시 용당동,경상사고,0,0,1,0,차대사람 - 기타,안전운전불이행,건조,맑음,단일로 - 기타,자전거,남,36세,상해없음,보행자,남,52세,경상
2013060400100494,2013년 6월 4일 20시,화요일,전라남도 목포시 산정동,경상사고,0,0,1,0,차대차 - 정면충돌,교차로운행방법위반,건조,맑음,교차로 - 교차로안,자전거,남,14세,경상,승용,여,25세,상해없음
2013060400100495,2013년 6월 4일 20시,화요일,전라남도 목포시 대성동,사망사고,1,0,0,0,차대사람 - 차도통행중,안전운전불이행,건조,맑음,교차로 - 교차로안,승용,남,30세,상해없음,보행자,여,88세,사망
2013060400100496,2013년 6월 4일 20시,화요일,전라남도 영광군 백수읍,중상사고,0,1,0,0,차대차 - 기타,교차로운행방법위반,건조,맑음,교차로 - 교차로안,화물,여,40세,상해없음,이륜,남,30세,중상
2013060400100497,2013년 6월 4일 20시,화요일,전라남도 함평군 학교면,중상사고,0,5,0,0,차대차 - 추돌 - 진행중,안전운전불이행,건조,맑음,교차로 - 교차로부근,승용,남,24세,중상,농기계,남,51세,중상
2013060400100498,2013년 6월 4일 20시,화요일,전라남도 장성군 동화면,사망사고,1,0,0,0,차대차 - 정면충돌,안전운전불이행,건조,맑음,단일로 - 기타,화물,남,55세,상해없음,자전거,남,72세,사망
2013060400100526,2013년 6월 4일 21시,화요일,전라남도 진도군 고군면,경상사고,0,0,1,0,차대사람 - 기타,안전운전불이행,건조,맑음,단일로 - 기타,승용,남,46세,상해없음,보행자,남,46세,경상
2013060500100015,2013년 6월 5일 00시,수요일,전라남도 담양군 고서면,중상사고,0,2,0,0,차대차 - 기타,안전운전불이행,건조,맑음,단일로 - 기타,승용,남,30세,중상,이륜,남,32세,중상
2013060500100016,2013년 6월 5일 00시,수요일,전라남도 광양시 태인동,경상사고,0,0,1,0,차량단독 - 공작물충돌,기타,건조,맑음,단일로 - 교량,승용,남,26세,경상,,,,
2013060500100078,2013년 6월 5일 05시,수요일,전라남도 강진군 성전면,중상사고,0,1,1,0,차량단독 - 기타,안전운전불이행,건조,맑음,단일로 - 기타,승용,여,32세,경상,,,,
2013060500100118,2013년 6월 5일 07시,수요일,전라남도 장성군 장성읍,경상사고,0,0,1,0,차대차 - 측면직각충돌,차로위반,건조,맑음,단일로 - 터널,건설기계,남,58세,상해없음,승용,남,53세,경상
2013060500100153,2013년 6월 5일 08시,수요일,전라남도 나주시 왕곡면,경상사고,0,0,3,0,차대차 - 기타,중앙선침범,건조,맑음,단일로 - 기타,승용,여,35세,경상,화물,남,31세,경상
2013060500100154,2013년 6월 5일 08시,수요일,전라남도 해남군 해남읍,경상사고,0,0,2,1,차대차 - 측면직각충돌,교차로운행방법위반,건조,맑음,교차로 - 교차로안,승용,여,37세,부상신고,승용,여,55세,경상
2013060500100155,2013년 6월 5일 08시,수요일,전라남도 영광군 군남면,경상사고,0,0,2,0,차대차 - 기타,교차로운행방법위반,건조,맑음,교차로 - 교차로안,건설기계,남,41세,상해없음,화물,남,67세,경상
2013060500100156,2013년 6월 5일 08시,수요일,전라남도 함평군 해보면,중상사고,0,1,5,0,차대차 - 측면직각충돌,직진우회전진행방해,건조,맑음,교차로 - 교차로안,승용,남,64세,경상,승용,남,42세,경상
2013060500100157,2013년 6월 5일 08시,수요일,전라남도 무안군 일로읍,경상사고,0,0,3,0,차대차 - 추돌 - 주정차중,안전운전불이행,건조,맑음,단일로 - 기타,화물,남,31세,상해없음,승합,남,58세,상해없음
2013060500100208,2013년 6월 5일 10시,수요일,전라남도 장흥군 관산읍,중상사고,0,1,0,0,차대사람 - 횡단중,안전운전불이행,건조,맑음,단일로 - 기타,승용,남,59세,상해없음,보행자,남,38세,중상
2013060500100209,2013년 6월 5일 10시,수요일,전라남도 강진군 신전면,경상사고,0,0,1,0,차량단독 - 도로외이탈 - 기타,안전운전불이행,건조,맑음,단일로 - 기타,화물,남,50세,경상,,,,
2013060500100227,2013년 6월 5일 11시,수요일,전라남도 여수시 문수동,경상사고,0,0,1,0,차대차 - 기타,차로위반,건조,맑음,단일로 - 기타,승합,남,43세,상해없음,승용,남,45세,경상
2013060500100279,2013년 6월 5일 13시,수요일,전라남도 순천시 덕암동,경상사고,0,0,1,0,차대차 - 측면직각충돌,안전운전불이행,건조,맑음,교차로 - 교차로안,자전거,여,54세,경상,승용,남,66세,상해없음
2013060500100280,2013년 6월 5일 13시,수요일,전라남도 강진군 칠량면,경상사고,0,0,1,0,차대차 - 추돌 - 진행중,안전운전불이행,건조,맑음,단일로 - 기타,화물,남,67세,상해없음,원동기,남,70세,경상
2013060500100304,2013년 6월 5일 14시,수요일,전라남도 목포시 산정동,경상사고,0,0,3,0,차대차 - 기타,교차로운행방법위반,기타,기타,교차로 - 교차로안,승용,남,20세,상해없음,승용,여,33세,경상
2013060500100323,2013년 6월 5일 15시,수요일,전라남도 순천시 해룡면,중상사고,0,1,2,0,차대차 - 기타,신호위반,건조,맑음,교차로 - 교차로안,승용,남,38세,상해없음,승용,여,44세,경상
2013060500100324,2013년 6월 5일 15시,수요일,전라남도 순천시 조례동,중상사고,0,1,0,0,차대차 - 추돌 - 진행중,안전운전불이행,건조,맑음,단일로 - 터널,승용,남,26세,상해없음,이륜,남,75세,중상
2013060500100325,2013년 6월 5일 15시,수요일,전라남도 담양군 대전면,경상사고,0,0,1,0,차대차 - 측면직각충돌,안전운전불이행,건조,맑음,교차로 - 교차로부근,원동기,남,67세,경상,화물,남,55세,상해없음
2013060500100326,2013년 6월 5일 15시,수요일,전라남도 광양시 광영동,경상사고,0,0,1,0,차대사람 - 횡단중,안전운전불이행,건조,맑음,단일로 - 기타,승용,여,43세,상해없음,보행자,남,13세,경상
2013060500100359,2013년 6월 5일 16시,수요일,전라남도 순천시 조례동,중상사고,0,1,0,0,차대사람 - 횡단중,보행자보호의무위반,건조,맑음,교차로 - 교차로부근,승용,여,35세,상해없음,보행자,여,8세,중상
2013060500100360,2013년 6월 5일 16시,수요일,전라남도 영광군 영광읍,경상사고,0,0,1,0,차대사람 - 횡단중,안전운전불이행,건조,맑음,교차로 - 교차로안,이륜,남,74세,경상,보행자,여,43세,상해없음
2013060500100361,2013년 6월 5일 16시,수요일,전라남도 장성군 장성읍,중상사고,0,1,0,0,차대차 - 기타,교차로운행방법위반,건조,맑음,교차로 - 교차로안,승용,남,49세,상해없음,원동기,남,78세,중상
2013060500100389,2013년 6월 5일 17시,수요일,전라남도 여수시 중흥동,경상사고,0,0,3,0,차대차 - 측면직각충돌,교차로운행방법위반,건조,맑음,교차로 - 교차로안,화물,남,53세,상해없음,승용,남,45세,경상
2013060500100432,2013년 6월 5일 18시,수요일,전라남도 여수시 봉계동,중상사고,0,1,0,0,차대사람 - 횡단중,안전운전불이행,건조,맑음,교차로 - 교차로부근,승용,남,47세,상해없음,보행자,여,70세,중상
2013060500100433,2013년 6월 5일 18시,수요일,전라남도 나주시 삼도동,중상사고,0,2,0,0,차대차 - 측면직각충돌,안전운전불이행,건조,맑음,단일로 - 기타,이륜,남,17세,중상,화물,남,60세,상해없음
2013060500100458,2013년 6월 5일 19시,수요일,전라남도 나주시 중앙동,경상사고,0,0,1,0,차대사람 - 차도통행중,안전운전불이행,건조,맑음,단일로 - 기타,이륜,남,51세,상해없음,보행자,여,33세,경상
2013060500100459,2013년 6월 5일 19시,수요일,전라남도 화순군 화순읍,중상사고,0,1,0,0,차대차 - 기타,안전운전불이행,건조,맑음,단일로 - 기타,자전거,여,17세,중상,화물,남,49세,기타불명
2013060500100499,2013년 6월 5일 20시,수요일,전라남도 순천시 연향동,경상사고,0,0,2,0,차대차 - 기타,안전운전불이행,건조,맑음,교차로 - 교차로안,기타불명,기타불명,기타불명,기타불명,승용,남,40세,경상
2013060500100500,2013년 6월 5일 20시,수요일,전라남도 광양시 광양읍,중상사고,0,1,3,0,차대차 - 측면직각충돌,안전운전불이행,건조,맑음,단일로 - 기타,승용,여,20세,중상,승용,남,31세,경상
2013060500100536,2013년 6월 5일 21시,수요일,전라남도 광양시 황길동,경상사고,0,0,2,0,차대차 - 추돌 - 진행중,안전운전불이행,건조,맑음,단일로 - 기타,승용,남,49세,상해없음,승용,여,30세,경상
2013060500100567,2013년 6월 5일 22시,수요일,전라남도 여수시 소라면,부상신고사고,0,0,0,1,차대사람 - 기타,안전운전불이행,건조,맑음,단일로 - 기타,기타불명,기타불명,기타불명,기타불명,보행자,여,45세,부상신고
2013060600100151,2013년 6월 6일 08시,목요일,전라남도 무안군 삼향읍,경상사고,0,0,1,0,차대사람 - 기타,안전운전불이행,건조,맑음,단일로 - 기타,승용,여,54세,상해없음,보행자,남,43세,경상
2013060600100171,2013년 6월 6일 09시,목요일,전라남도 해남군 산이면,경상사고,0,0,1,0,차량단독 - 공작물충돌,안전운전불이행,건조,맑음,단일로 - 기타,화물,남,52세,경상,,,,
2013060600100172,2013년 6월 6일 09시,목요일,전라남도 곡성군 옥과면,중상사고,0,1,0,0,차대차 - 기타,안전운전불이행,건조,맑음,교차로 - 교차로부근,화물,남,64세,상해없음,원동기,여,44세,중상
2013060600100200,2013년 6월 6일 10시,목요일,전라남도 여수시 중앙동,경상사고,0,0,1,0,차대사람 - 횡단중,안전운전불이행,건조,맑음,단일로 - 횡단보도부근,승용,남,58세,상해없음,보행자,여,62세,경상
2013060600100201,2013년 6월 6일 10시,목요일,전라남도 장성군 장성읍,경상사고,0,0,2,0,차량단독 - 공작물충돌,안전운전불이행,건조,맑음,교차로 - 교차로안,승합,남,33세,경상,,,,
2013060600100226,2013년 6월 6일 11시,목요일,전라남도 장흥군 장흥읍,사망사고,1,1,0,0,차량단독 - 도로외이탈 - 추락,안전운전불이행,건조,맑음,단일로 - 기타,화물,남,53세,중상,,,,
2013060600100256,2013년 6월 6일 12시,목요일,전라남도 무안군 일로읍,중상사고,0,1,0,0,차대차 - 기타,안전운전불이행,건조,맑음,단일로 - 기타,농기계,남,77세,중상,화물,남,30세,상해없음
2013060600100279,2013년 6월 6일 13시,목요일,전라남도 고흥군 도화면,경상사고,0,0,1,0,차대차 - 기타,중앙선침범,건조,맑음,단일로 - 기타,승합,남,52세,상해없음,승용,남,42세,경상
2013060600100305,2013년 6월 6일 14시,목요일,전라남도 여수시 율촌면,경상사고,0,0,1,0,차대차 - 측면직각충돌,기타,건조,맑음,단일로 - 터널,승용,여,23세,상해없음,승용,여,62세,경상
2013060600100306,2013년 6월 6일 14시,목요일,전라남도 순천시 풍덕동,경상사고,0,0,6,0,차대차 - 추돌 - 진행중,안전운전불이행,건조,맑음,교차로 - 교차로부근,승용,남,76세,상해없음,승용,여,41세,경상
2013060600100307,2013년 6월 6일 14시,목요일,전라남도 나주시 평산동,경상사고,0,0,1,0,차량단독 - 전도전복,안전운전불이행,건조,맑음,기타 - 기타,승용,여,47세,경상,,,,
2013060600100308,2013년 6월 6일 14시,목요일,전라남도 장흥군 장흥읍,경상사고,0,0,1,0,차대차 - 측면직각충돌,신호위반,건조,맑음,교차로 - 교차로안,승용,여,58세,상해없음,승용,남,77세,경상
2013060600100343,2013년 6월 6일 15시,목요일,전라남도 목포시 산정동,경상사고,0,0,1,0,차대차 - 기타,안전운전불이행,건조,맑음,단일로 - 기타,승용,남,24세,상해없음,이륜,남,49세,경상
2013060600100368,2013년 6월 6일 16시,목요일,전라남도 장흥군 회진면,중상사고,0,1,1,0,차대차 - 기타,중앙선침범,건조,맑음,단일로 - 기타,승용,남,57세,상해없음,원동기,남,75세,경상
2013060600100369,2013년 6월 6일 16시,목요일,전라남도 해남군 황산면,중상사고,0,1,1,0,차대차 - 측면직각충돌,교차로운행방법위반,건조,맑음,교차로 - 교차로안,승용,여,33세,경상,화물,남,67세,중상
2013060600100370,2013년 6월 6일 16시,목요일,전라남도 광양시 진상면,경상사고,0,0,6,0,차대차 - 측면직각충돌,직진우회전진행방해,건조,맑음,교차로 - 교차로안,화물,남,33세,경상,승용,여,56세,경상
2013060600100371,2013년 6월 6일 16시,목요일,전라남도 광양시 다압면,경상사고,0,0,2,0,차대차 - 추돌 - 진행중,안전거리미확보,건조,맑음,단일로 - 기타,승용,여,50세,상해없음,승용,여,49세,경상
2013060600100392,2013년 6월 6일 17시,목요일,전라남도 함평군 나산면,중상사고,0,2,3,0,차대차 - 추돌 - 진행중,안전거리미확보,건조,맑음,단일로 - 기타,승용,남,31세,경상,화물,남,61세,경상
2013060600100393,2013년 6월 6일 17시,목요일,전라남도 강진군 칠량면,경상사고,0,0,2,0,차대차 - 추돌 - 주정차중,안전운전불이행,건조,맑음,단일로 - 기타,화물,남,53세,상해없음,승용,남,69세,경상
2013060600100447,2013년 6월 6일 19시,목요일,전라남도 순천시 매곡동,경상사고,0,0,1,0,차대차 - 측면직각충돌,안전운전불이행,건조,맑음,단일로 - 기타,자전거,남,23세,경상,승용,여,49세,상해없음
2013060600100448,2013년 6월 6일 19시,목요일,전라남도 광양시 옥곡면,경상사고,0,0,1,0,차대차 - 추돌 - 진행중,안전거리미확보,건조,맑음,교차로 - 교차로안,화물,남,42세,상해없음,화물,남,44세,경상
2013060600100473,2013년 6월 6일 20시,목요일,전라남도 고흥군 포두면,경상사고,0,0,1,0,차량단독 - 전도전복,안전운전불이행,건조,맑음,단일로 - 기타,원동기,남,50세,경상,,,,
2013060600100474,2013년 6월 6일 20시,목요일,전라남도 고흥군 금산면,중상사고,0,1,0,0,차량단독 - 전도전복,안전운전불이행,건조,맑음,단일로 - 기타,화물,남,49세,중상,,,,
2013060600100514,2013년 6월 6일 21시,목요일,전라남도 순천시 조례동,경상사고,0,0,2,0,차대차 - 추돌 - 주정차중,안전운전불이행,건조,맑음,교차로 - 교차로부근,승용,여,42세,상해없음,승용,남,58세,경상
2013060600100515,2013년 6월 6일 21시,목요일,전라남도 나주시 다시면,중상사고,0,1,0,0,차량단독 - 전도전복,안전운전불이행,건조,맑음,기타 - 기타,승용,남,43세,중상,,,,
2013060600100561,2013년 6월 6일 23시,목요일,전라남도 나주시 공산면,사망사고,1,0,0,0,차량단독 - 도로외이탈 - 추락,안전운전불이행,건조,맑음,기타 - 기타,이륜,여,71세,사망,,,,
2013060700100009,2013년 6월 7일 00시,금요일,전라남도 광양시 중동,경상사고,0,0,1,0,차대차 - 측면직각충돌,중앙선침범,건조,맑음,단일로 - 기타,승용,남,29세,상해없음,승용,여,43세,경상
2013060700100029,2013년 6월 7일 02시,금요일,전라남도 영암군 삼호읍,경상사고,0,0,1,0,차량단독 - 공작물충돌,안전운전불이행,건조,맑음,교차로 - 교차로안,승용,남,25세,경상,,,,
2013060700100062,2013년 6월 7일 06시,금요일,전라남도 목포시 석현동,중상사고,0,1,0,0,차대차 - 측면직각충돌,안전운전불이행,건조,맑음,교차로 - 교차로부근,화물,남,59세,상해없음,이륜,남,71세,중상
2013060700100063,2013년 6월 7일 06시,금요일,전라남도 여수시 율촌면,중상사고,0,1,1,0,차대차 - 측면직각충돌,안전운전불이행,건조,맑음,단일로 - 터널,화물,남,55세,상해없음,승용,여,26세,경상
2013060700100088,2013년 6월 7일 07시,금요일,전라남도 순천시 연향동,경상사고,0,0,1,0,차대차 - 측면직각충돌,신호위반,건조,맑음,교차로 - 교차로안,승용,여,44세,상해없음,승용,남,44세,경상
2013060700100089,2013년 6월 7일 07시,금요일,전라남도 보성군 조성면,경상사고,0,0,1,0,차대차 - 측면직각충돌,신호위반,건조,맑음,교차로 - 교차로안,승용,남,66세,상해없음,화물,남,43세,경상
2013060700100116,2013년 6월 7일 08시,금요일,전라남도 여수시 여천동,경상사고,0,0,2,0,차대차 - 추돌 - 진행중,안전거리미확보,건조,맑음,단일로 - 기타,승용,여,61세,경상,승용,여,48세,경상
2013060700100117,2013년 6월 7일 08시,금요일,전라남도 영광군 영광읍,경상사고,0,0,1,0,차대사람 - 기타,안전운전불이행,건조,맑음,단일로 - 기타,기타불명,기타불명,기타불명,기타불명,보행자,남,11세,경상
2013060700100118,2013년 6월 7일 08시,금요일,전라남도 화순군 화순읍,사망사고,1,0,1,0,차대차 - 기타,신호위반,건조,맑음,교차로 - 교차로안,승합,남,57세,상해없음,원동기,남,49세,사망
2013060700100119,2013년 6월 7일 08시,금요일,전라남도 광양시 옥곡면,경상사고,0,0,2,0,차대차 - 기타,안전거리미확보,건조,맑음,단일로 - 기타,화물,남,32세,경상,승용,남,30세,경상
2013060700100155,2013년 6월 7일 09시,금요일,전라남도 순천시 황전면,경상사고,0,0,1,0,차대차 - 기타,안전운전불이행,건조,맑음,교차로 - 교차로부근,원동기,남,71세,경상,승합,남,42세,상해없음
2013060700100156,2013년 6월 7일 09시,금요일,전라남도 순천시 조례동,부상신고사고,0,0,0,1,차대사람 - 기타,안전운전불이행,건조,맑음,단일로 - 기타,기타불명,기타불명,기타불명,기타불명,보행자,여,62세,부상신고
2013060700100189,2013년 6월 7일 10시,금요일,전라남도 순천시 외서면,중상사고,0,1,0,0,차량단독 - 도로외이탈 - 추락,안전운전불이행,건조,맑음,단일로 - 기타,원동기,여,68세,중상,,,,
2013060700100217,2013년 6월 7일 11시,금요일,전라남도 완도군 군외면,경상사고,0,0,1,0,차대차 - 추돌 - 진행중,안전운전불이행,건조,맑음,단일로 - 기타,승용,남,27세,상해없음,이륜,남,39세,경상
2013060700100240,2013년 6월 7일 12시,금요일,전라남도 장성군 북일면,경상사고,0,0,1,0,차량단독 - 도로외이탈 - 기타,안전운전불이행,건조,맑음,단일로 - 기타,특수,남,59세,경상,,,,
2013060700100265,2013년 6월 7일 13시,금요일,전라남도 목포시 산정동,중상사고,0,1,0,0,차대사람 - 보도통행중,안전운전불이행,건조,맑음,단일로 - 횡단보도상,승용,여,27세,상해없음,보행자,여,68세,중상
2013060700100307,2013년 6월 7일 14시,금요일,전라남도 보성군 보성읍,경상사고,0,0,1,0,차대차 - 측면직각충돌,안전운전불이행,건조,맑음,교차로 - 교차로안,화물,남,53세,상해없음,화물,여,63세,경상
2013060700100343,2013년 6월 7일 15시,금요일,전라남도 무안군 현경면,중상사고,0,1,0,0,차량단독 - 기타,안전운전불이행,건조,맑음,단일로 - 기타,승용,남,67세,상해없음,,,,
2013060700100344,2013년 6월 7일 15시,금요일,전라남도 광양시 옥룡면,경상사고,0,0,1,1,차량단독 - 공작물충돌,안전운전불이행,건조,맑음,단일로 - 기타,원동기,남,14세,부상신고,,,,
2013060700100376,2013년 6월 7일 16시,금요일,전라남도 화순군 화순읍,경상사고,0,0,3,0,차대차 - 기타,교차로운행방법위반,건조,맑음,교차로 - 교차로안,화물,남,51세,경상,승용,남,55세,경상
2013060700100412,2013년 6월 7일 17시,금요일,전라남도 순천시 조례동,경상사고,0,0,1,0,차대사람 - 차도통행중,신호위반,건조,맑음,교차로 - 교차로부근,승합,여,27세,상해없음,보행자,남,9세,경상
2013060700100413,2013년 6월 7일 17시,금요일,전라남도 나주시 산포면,경상사고,0,0,1,0,차대차 - 측면직각충돌,안전운전불이행,건조,맑음,교차로 - 교차로안,승용,남,42세,상해없음,농기계,남,71세,경상
2013060700100414,2013년 6월 7일 17시,금요일,전라남도 담양군 담양읍,부상신고사고,0,0,0,1,차대차 - 측면직각충돌,중앙선침범,건조,맑음,교차로 - 교차로안,원동기,남,56세,부상신고,자전거,남,54세,상해없음
2013060700100453,2013년 6월 7일 18시,금요일,전라남도 해남군 해남읍,경상사고,0,0,1,0,차량단독 - 기타,안전운전불이행,습기,맑음,단일로 - 기타,승용,여,52세,상해없음,,,,
2013060700100454,2013년 6월 7일 18시,금요일,전라남도 광양시 성황동,중상사고,0,1,2,0,차대차 - 측면직각충돌,교차로운행방법위반,건조,맑음,교차로 - 교차로안,화물,남,61세,중상,화물,남,28세,경상
2013060700100498,2013년 6월 7일 19시,금요일,전라남도 순천시 연향동,중상사고,0,1,0,0,차대차 - 기타,안전운전불이행,건조,맑음,교차로 - 교차로안,승용,남,27세,상해없음,원동기,남,31세,중상
2013060700100536,2013년 6월 7일 20시,금요일,전라남도 여수시 소라면,경상사고,0,0,1,0,차량단독 - 전도전복,안전운전불이행,건조,맑음,교차로 - 교차로안,이륜,남,48세,경상,,,,
2013060700100537,2013년 6월 7일 20시,금요일,전라남도 광양시 중동,경상사고,0,0,1,0,차대사람 - 횡단중,신호위반,건조,맑음,단일로 - 횡단보도상,승용,여,42세,상해없음,보행자,여,14세,경상
2013060700100585,2013년 6월 7일 21시,금요일,전라남도 순천시 풍덕동,경상사고,0,0,1,0,차대차 - 기타,안전운전불이행,건조,맑음,기타 - 기타,승용,여,40세,상해없음,승용,남,58세,경상
2013060700100586,2013년 6월 7일 21시,금요일,전라남도 영광군 영광읍,중상사고,0,1,0,0,차대차 - 기타,교차로운행방법위반,건조,맑음,단일로 - 기타,화물,남,41세,상해없음,자전거,남,13세,중상