사고번호,사고일시,요일,시군구,사고내용,사망자수,중상자수,경상자수,부상신고자수,사고유형,법규위반,노면상태,기상상태,도로형태,가해운전자 차종,가해운전자 성별,가해운전자 연령,가해운전자 상해정도,피해운전자 차종,피해운전자 성별,피해운전자 연령,피해운전자 상해정도
2013062100100567,2013년 6월 21일 21시,금요일,전라남도 목포시 석현동,중상사고,0,1,0,0,차대차 - 측면직각충돌,직진우회전진행방해,건조,흐림,교차로 - 교차로안,승용,남,26세,상해없음,이륜,남,25세,중상
2013062100100568,2013년 6월 21일 21시,금요일,전라남도 담양군 담양읍,경상사고,0,0,2,0,차대차 - 측면직각충돌,직진우회전진행방해,건조,맑음,교차로 - 교차로안,승용,여,46세,상해없음,승용,남,35세,경상
2013062100100604,2013년 6월 21일 22시,금요일,전라남도 목포시 용당동,경상사고,0,0,1,0,차대차 - 측면직각충돌,중앙선침범,건조,맑음,단일로 - 기타,승용,남,50세,상해없음,이륜,남,18세,경상
2013062100100605,2013년 6월 21일 22시,금요일,전라남도 장성군 장성읍,경상사고,0,0,1,0,차대사람 - 기타,안전운전불이행,건조,맑음,단일로 - 기타,화물,남,51세,상해없음,보행자,남,45세,경상
2013062100100606,2013년 6월 21일 22시,금요일,전라남도 광양시 광양읍,경상사고,0,0,9,0,차대차 - 추돌 - 주정차중,안전운전불이행,건조,맑음,교차로 - 교차로부근,화물,남,62세,상해없음,승용,여,43세,경상
2013062100100640,2013년 6월 21일 23시,금요일,전라남도 여수시 여천동,중상사고,0,1,2,0,차대차 - 추돌 - 주정차중,안전운전불이행,건조,맑음,교차로 - 교차로부근,승용,남,42세,중상,승용,남,40세,경상
2013062200100023,2013년 6월 22일 00시,토요일,전라남도 광양시 옥곡면,중상사고,0,1,0,0,차대사람 - 기타,안전운전불이행,건조,맑음,단일로 - 기타,화물,남,45세,상해없음,보행자,여,43세,중상
2013062200100071,2013년 6월 22일 02시,토요일,전라남도 담양군 무정면,경상사고,0,0,2,0,차대차 - 추돌 - 진행중,안전운전불이행,건조,맑음,기타 - 기타,승용,여,37세,상해없음,승용,여,20세,경상
2013062200100091,2013년 6월 22일 03시,토요일,전라남도 나주시 노안면,경상사고,0,0,3,0,차대차 - 측면직각충돌,안전운전불이행,건조,맑음,단일로 - 기타,승용,남,52세,상해없음,승용,남,34세,경상
2013062200100107,2013년 6월 22일 04시,토요일,전라남도 보성군 벌교읍,중상사고,0,2,2,1,차량단독 - 도로외이탈 - 추락,안전운전불이행,건조,맑음,교차로 - 교차로안,승용,남,36세,경상,,,,
2013062200100134,2013년 6월 22일 06시,토요일,전라남도 목포시 항동,경상사고,0,0,1,0,차대차 - 추돌 - 주정차중,안전운전불이행,건조,흐림,교차로 - 교차로부근,화물,남,45세,상해없음,승용,여,56세,경상
2013062200100160,2013년 6월 22일 07시,토요일,전라남도 담양군 대전면,중상사고,0,1,0,0,차대사람 - 횡단중,안전운전불이행,건조,맑음,교차로 - 교차로안,승용,여,42세,상해없음,보행자,여,66세,중상
2013062200100179,2013년 6월 22일 08시,토요일,전라남도 신안군 안좌면,경상사고,0,0,3,0,차대차 - 정면충돌,중앙선침범,건조,맑음,단일로 - 기타,승용,남,71세,상해없음,승용,남,61세,경상
2013062200100180,2013년 6월 22일 08시,토요일,전라남도 여수시 신기동,경상사고,0,0,2,0,차대차 - 측면직각충돌,안전운전불이행,건조,맑음,교차로 - 교차로안,기타불명,기타불명,기타불명,기타불명,승용,남,45세,경상
2013062200100232,2013년 6월 22일 10시,토요일,전라남도 담양군 남면,중상사고,0,3,0,0,차대차 - 정면충돌,중앙선침범,건조,맑음,단일로 - 기타,화물,남,21세,상해없음,승용,남,56세,중상
2013062200100257,2013년 6월 22일 11시,토요일,전라남도 목포시 동명동,중상사고,0,1,0,0,차대사람 - 기타,중앙선침범,건조,맑음,단일로 - 기타,화물,남,45세,상해없음,보행자,남,39세,중상
2013062200100258,2013년 6월 22일 11시,토요일,전라남도 화순군 춘양면,중상사고,0,1,0,1,차량단독 - 공작물충돌,안전운전불이행,건조,맑음,단일로 - 기타,화물,남,58세,부상신고,,,,
2013062200100259,2013년 6월 22일 11시,토요일,전라남도 무안군 현경면,경상사고,0,0,1,0,차대차 - 측면직각충돌,중앙선침범,건조,맑음,단일로 - 기타,화물,남,31세,상해없음,화물,남,56세,경상
2013062200100363,2013년 6월 22일 14시,토요일,전라남도 함평군 해보면,부상신고사고,0,0,0,1,차량단독 - 기타,기타,건조,맑음,단일로 - 기타,승합,남,62세,상해없음,,,,
2013062200100364,2013년 6월 22일 14시,토요일,전라남도 구례군 구례읍,경상사고,0,0,1,0,차대차 - 측면직각충돌,교차로운행방법위반,건조,맑음,교차로 - 교차로안,승용,남,62세,상해없음,승용,여,58세,경상
2013062200100420,2013년 6월 22일 16시,토요일,전라남도 해남군 산이면,중상사고,0,3,0,0,차대차 - 기타,중앙선침범,건조,맑음,단일로 - 기타,승용,여,32세,상해없음,승용,남,66세,상해없음
2013062200100421,2013년 6월 22일 16시,토요일,전라남도 장성군 진원면,중상사고,0,1,0,0,차대차 - 기타,중앙선침범,건조,맑음,교차로 - 교차로부근,승용,남,55세,상해없음,원동기,남,75세,중상
2013062200100445,2013년 6월 22일 17시,토요일,전라남도 곡성군 곡성읍,경상사고,0,0,3,0,차대차 - 기타,안전운전불이행,건조,맑음,교차로 - 교차로부근,승합,남,59세,상해없음,승용,남,66세,경상
2013062200100469,2013년 6월 22일 18시,토요일,전라남도 영암군 신북면,경상사고,0,0,3,0,차대차 - 추돌 - 주정차중,안전운전불이행,건조,맑음,교차로 - 교차로부근,건설기계,남,61세,상해없음,승용,남,32세,경상
2013062200100470,2013년 6월 22일 18시,토요일,전라남도 담양군 담양읍,중상사고,0,1,0,0,차대차 - 추돌 - 주정차중,안전운전불이행,습기,흐림,단일로 - 기타,화물,남,67세,상해없음,화물,남,68세,기타불명
2013062200100471,2013년 6월 22일 18시,토요일,전라남도 광양시 중동,경상사고,0,0,2,0,차대차 - 측면직각충돌,안전거리미확보,건조,맑음,단일로 - 기타,승용,남,45세,상해없음,승용,여,30세,상해없음
2013062200100492,2013년 6월 22일 19시,토요일,전라남도 곡성군 곡성읍,경상사고,0,0,1,0,차대차 - 기타,안전운전불이행,건조,맑음,기타 - 기타,이륜,남,53세,상해없음,화물,남,55세,상해없음
2013062200100522,2013년 6월 22일 20시,토요일,전라남도 목포시 상동,중상사고,0,1,0,0,차대사람 - 횡단중,안전운전불이행,건조,맑음,단일로 - 기타,승용,남,61세,상해없음,보행자,남,69세,중상
2013062200100523,2013년 6월 22일 20시,토요일,전라남도 순천시 가곡동,중상사고,0,1,0,0,차대차 - 기타,중앙선침범,습기,비,단일로 - 기타,승용,남,26세,상해없음,자전거,남,14세,중상
2013062200100524,2013년 6월 22일 20시,토요일,전라남도 화순군 화순읍,경상사고,0,0,3,0,차대차 - 기타,신호위반,습기,비,교차로 - 교차로안,화물,남,46세,상해없음,승용,남,65세,경상
2013062200100525,2013년 6월 22일 20시,토요일,전라남도 곡성군 오곡면,경상사고,0,0,2,2,차대차 - 기타,안전운전불이행,습기,흐림,기타 - 기타,화물,남,53세,상해없음,승용,남,33세,경상
2013062200100560,2013년 6월 22일 21시,토요일,전라남도 여수시 광무동,부상신고사고,0,0,0,1,차대차 - 기타,안전운전불이행,건조,맑음,단일로 - 기타,승합,남,42세,상해없음,자전거,남,70세,부상신고
2013062200100561,2013년 6월 22일 21시,토요일,전라남도 여수시 웅천동,경상사고,0,0,4,0,차대차 - 기타,안전운전불이행,습기,비,단일로 - 기타,승용,남,27세,상해없음,승용,남,25세,상해없음
2013062200100562,2013년 6월 22일 21시,토요일,전라남도 순천시 조례동,경상사고,0,0,1,0,차대차 - 기타,안전운전불이행,습기,비,교차로 - 교차로안,승합,남,68세,상해없음,승용,남,38세,경상
2013062200100563,2013년 6월 22일 21시,토요일,전라남도 순천시 덕암동,중상사고,0,1,0,0,차대사람 - 기타,안전운전불이행,습기,비,단일로 - 기타,승용,남,65세,상해없음,보행자,남,45세,중상
2013062200100592,2013년 6월 22일 22시,토요일,전라남도 담양군 담양읍,경상사고,0,0,4,0,차대차 - 측면직각충돌,교차로운행방법위반,건조,흐림,교차로 - 교차로안,승용,남,53세,상해없음,화물,여,46세,경상
2013062200100619,2013년 6월 22일 23시,토요일,전라남도 목포시 산정동,경상사고,0,0,2,0,차대차 - 기타,교차로운행방법위반,건조,맑음,교차로 - 교차로안,승용,여,33세,경상,승용,남,49세,경상
2013062300100021,2013년 6월 23일 00시,일요일,전라남도 순천시 서면,경상사고,0,0,1,0,차대차 - 추돌 - 주정차중,안전운전불이행,습기,비,교차로 - 교차로안,화물,남,53세,상해없음,화물,남,40세,경상
2013062300100022,2013년 6월 23일 00시,일요일,전라남도 광양시 중동,중상사고,0,1,1,0,차대차 - 측면직각충돌,교차로운행방법위반,습기,비,교차로 - 교차로안,승용,남,41세,기타불명,승용,남,59세,중상
2013062300100023,2013년 6월 23일 00시,일요일,전라남도 장성군 장성읍,중상사고,0,1,1,0,차대차 - 추돌 - 진행중,안전운전불이행,습기,비,단일로 - 기타,승용,남,25세,상해없음,승용,남,36세,경상
2013062300100073,2013년 6월 23일 02시,일요일,전라남도 강진군 마량면,경상사고,0,0,1,0,차량단독 - 공작물충돌,안전운전불이행,건조,맑음,단일로 - 기타,승용,여,25세,경상,,,,
2013062300100078,2013년 6월 23일 03시,일요일,전라남도 여수시 돌산읍,중상사고,0,1,3,0,차대차 - 측면직각충돌,교차로운행방법위반,습기,비,교차로 - 교차로안,승용,남,40세,경상,화물,남,28세,경상
2013062300100079,2013년 6월 23일 03시,일요일,전라남도 나주시 봉황면,경상사고,0,0,3,0,차량단독 - 공작물충돌,안전운전불이행,습기,비,단일로 - 기타,승용,남,30세,경상,,,,
2013062300100101,2013년 6월 23일 05시,일요일,전라남도 목포시 상동,경상사고,0,0,1,0,차대차 - 기타,안전운전불이행,습기,비,교차로 - 교차로부근,승용,남,44세,상해없음,승용,남,62세,경상
2013062300100132,2013년 6월 23일 07시,일요일,전라남도 나주시 산포면,중상사고,0,1,3,0,차대차 - 기타,중앙선침범,습기,비,단일로 - 기타,승용,남,49세,경상,승용,남,38세,경상
2013062300100133,2013년 6월 23일 07시,일요일,전라남도 진도군 군내면,사망사고,1,1,1,0,차대차 - 정면충돌,중앙선침범,건조,맑음,단일로 - 기타,승용,남,18세,중상,화물,남,65세,사망
2013062300100179,2013년 6월 23일 10시,일요일,전라남도 신안군 압해읍,중상사고,0,1,2,0,차대차 - 측면직각충돌,직진우회전진행방해,습기,비,교차로 - 교차로안,승용,남,59세,경상,화물,남,75세,경상
2013062300100180,2013년 6월 23일 10시,일요일,전라남도 목포시 옥암동,경상사고,0,0,1,0,차대차 - 기타,안전운전불이행,건조,맑음,단일로 - 횡단보도상,승용,남,31세,상해없음,자전거,남,17세,경상
2013062300100181,2013년 6월 23일 10시,일요일,전라남도 순천시 가곡동,경상사고,0,0,1,0,차대차 - 측면직각충돌,안전운전불이행,건조,맑음,단일로 - 기타,승합,남,51세,상해없음,자전거,여,64세,경상
2013062300100243,2013년 6월 23일 13시,일요일,전라남도 여수시 여서동,경상사고,0,0,1,0,차대차 - 측면직각충돌,중앙선침범,건조,맑음,교차로 - 교차로부근,승용,남,66세,상해없음,승용,남,55세,경상
2013062300100273,2013년 6월 23일 14시,일요일,전라남도 순천시 석현동,경상사고,0,0,1,0,차대사람 - 기타,안전운전불이행,습기,비,단일로 - 기타,승용,남,56세,상해없음,보행자,여,45세,경상
2013062300100274,2013년 6월 23일 14시,일요일,전라남도 강진군 군동면,중상사고,0,1,1,0,차대차 - 측면직각충돌,중앙선침범,습기,비,단일로 - 기타,화물,남,46세,상해없음,화물,남,48세,경상
2013062300100275,2013년 6월 23일 14시,일요일,전라남도 광양시 중동,경상사고,0,0,2,0,차대차 - 측면직각충돌,교차로운행방법위반,습기,비,교차로 - 교차로안,승용,여,52세,경상,화물,남,46세,상해없음
2013062300100311,2013년 6월 23일 15시,일요일,전라남도 순천시 조례동,경상사고,0,0,5,0,차대차 - 측면직각충돌,안전운전불이행,건조,맑음,교차로 - 교차로부근,승용,남,31세,상해없음,승용,남,33세,상해없음
2013062300100312,2013년 6월 23일 15시,일요일,전라남도 나주시 남평읍,중상사고,0,1,1,0,차대차 - 기타,신호위반,습기,비,교차로 - 교차로부근,승용,여,26세,중상,건설기계,남,39세,상해없음
2013062300100336,2013년 6월 23일 16시,일요일,전라남도 목포시 용해동,경상사고,0,0,4,0,차대차 - 추돌 - 주정차중,안전운전불이행,습기,비,단일로 - 기타,화물,남,46세,상해없음,승용,남,46세,경상
2013062300100337,2013년 6월 23일 16시,일요일,전라남도 여수시 학동,경상사고,0,0,2,0,차대차 - 측면직각충돌,교차로운행방법위반,습기,비,교차로 - 교차로안,승용,남,45세,상해없음,승용,남,31세,경상
2013062300100338,2013년 6월 23일 16시,일요일,전라남도 순천시 가곡동,경상사고,0,0,1,0,차대차 - 측면직각충돌,안전운전불이행,습기,비,단일로 - 기타,이륜,남,21세,경상,승용,남,48세,상해없음
2013062300100339,2013년 6월 23일 16시,일요일,전라남도 강진군 작천면,경상사고,0,0,3,0,차대차 - 기타,직진우회전진행방해,습기,비,교차로 - 교차로안,승용,남,55세,상해없음,화물,남,66세,경상
2013062300100362,2013년 6월 23일 17시,일요일,전라남도 여수시 여서동,경상사고,0,0,1,0,차대차 - 추돌 - 진행중,안전운전불이행,습기,비,교차로 - 교차로안,승용,여,47세,상해없음,승용,남,41세,경상
2013062300100363,2013년 6월 23일 17시,일요일,전라남도 담양군 고서면,경상사고,0,0,4,0,차대차 - 기타,직진우회전진행방해,습기,비,교차로 - 교차로안,승용,남,71세,상해없음,승용,남,58세,경상
2013062300100408,2013년 6월 23일 18시,일요일,전라남도 목포시 연산동,중상사고,0,3,0,0,차대차 - 측면직각충돌,신호위반,건조,맑음,교차로 - 교차로안,승용,남,47세,상해없음,승용,남,49세,중상
2013062300100409,2013년 6월 23일 18시,일요일,전라남도 여수시 학동,경상사고,0,0,2,0,차대차 - 추돌 - 진행중,교차로운행방법위반,습기,흐림,교차로 - 교차로안,승용,남,51세,경상,승용,여,50세,경상
2013062300100437,2013년 6월 23일 19시,일요일,전라남도 여수시 학동,경상사고,0,0,1,0,차대차 - 정면충돌,안전운전불이행,습기,비,교차로 - 교차로안,원동기,남,48세,경상,승용,여,50세,상해없음
2013062300100464,2013년 6월 23일 20시,일요일,전라남도 목포시 옥암동,중상사고,0,1,0,0,차대사람 - 횡단중,안전운전불이행,습기,흐림,단일로 - 기타,승용,남,39세,상해없음,보행자,여,66세,중상
2013062300100465,2013년 6월 23일 20시,일요일,전라남도 순천시 승주읍,경상사고,0,0,2,0,차대차 - 추돌 - 진행중,중앙선침범,건조,맑음,단일로 - 기타,화물,여,59세,경상,승용,남,41세,경상
2013062300100466,2013년 6월 23일 20시,일요일,전라남도 무안군 삼향읍,경상사고,0,0,2,0,차대차 - 정면충돌,중앙선침범,습기,흐림,단일로 - 기타,승용,남,32세,상해없음,승용,남,57세,경상
2013062300100467,2013년 6월 23일 20시,일요일,전라남도 광양시 광양읍,경상사고,0,0,1,0,차대차 - 기타,안전운전불이행,건조,맑음,단일로 - 기타,기타불명,기타불명,기타불명,기타불명,자전거,여,52세,경상
2013062300100468,2013년 6월 23일 20시,일요일,전라남도 광양시 중동,경상사고,0,0,2,0,차대차 - 측면직각충돌,교차로운행방법위반,건조,맑음,교차로 - 교차로안,승용,여,47세,상해없음,승용,남,34세,경상
2013062300100515,2013년 6월 23일 22시,일요일,전라남도 목포시 옥암동,경상사고,0,0,1,0,차대차 - 기타,차로위반,습기,흐림,단일로 - 기타,승합,남,51세,상해없음,이륜,남,18세,경상
2013062300100516,2013년 6월 23일 22시,일요일,전라남도 나주시 산포면,사망사고,1,0,0,0,차대사람 - 길가장자리구역통행중,안전운전불이행,습기,흐림,단일로 - 기타,승용,남,45세,상해없음,보행자,여,84세,사망
2013062400100043,2013년 6월 24일 05시,월요일,전라남도 강진군 강진읍,경상사고,0,0,1,0,차량단독 - 공작물충돌,안전운전불이행,건조,맑음,단일로 - 기타,승용,남,24세,상해없음,,,,
2013062400100054,2013년 6월 24일 06시,월요일,전라남도 순천시 서면,중상사고,0,1,2,0,차대차 - 측면직각충돌,신호위반,건조,맑음,교차로 - 교차로안,승용,남,32세,경상,화물,남,64세,중상
2013062400100084,2013년 6월 24일 07시,월요일,전라남도 순천시 해룡면,경상사고,0,0,1,0,차대차 - 측면직각충돌,신호위반,건조,맑음,교차로 - 교차로부근,승용,남,38세,상해없음,승용,남,51세,경상
2013062400100085,2013년 6월 24일 07시,월요일,전라남도 무안군 삼향읍,경상사고,0,0,1,0,차대차 - 측면직각충돌,안전운전불이행,건조,맑음,단일로 - 기타,승용,여,41세,상해없음,승용,남,29세,경상
2013062400100121,2013년 6월 24일 08시,월요일,전라남도 여수시 문수동,경상사고,0,0,1,0,차대사람 - 기타,신호위반,건조,맑음,단일로 - 횡단보도상,승용,남,63세,상해없음,보행자,남,56세,경상
2013062400100122,2013년 6월 24일 08시,월요일,전라남도 순천시 별량면,경상사고,0,0,1,1,차대차 - 추돌 - 진행중,기타,건조,맑음,단일로 - 기타,화물,남,42세,부상신고,화물,남,31세,경상
2013062400100123,2013년 6월 24일 08시,월요일,전라남도 보성군 보성읍,경상사고,0,0,1,0,차대차 - 측면직각충돌,직진우회전진행방해,건조,맑음,교차로 - 교차로안,승합,남,52세,상해없음,화물,남,56세,경상
2013062400100152,2013년 6월 24일 09시,월요일,전라남도 나주시 이창동,중상사고,0,1,0,0,차대차 - 기타,중앙선침범,건조,맑음,기타 - 기타,화물,남,33세,상해없음,이륜,남,65세,중상
2013062400100174,2013년 6월 24일 10시,월요일,전라남도 여수시 오림동,경상사고,0,0,1,0,차대사람 - 기타,안전운전불이행,건조,맑음,단일로 - 기타,기타불명,기타불명,기타불명,기타불명,보행자,남,45세,경상
2013062400100175,2013년 6월 24일 10시,월요일,전라남도 나주시 남평읍,중상사고,0,1,0,0,차대차 - 기타,기타,건조,맑음,기타 - 기타,승합,여,32세,상해없음,자전거,남,60세,중상
2013062400100197,2013년 6월 24일 11시,월요일,전라남도 무안군 무안읍,중상사고,0,1,0,0,차대사람 - 횡단중,안전운전불이행,건조,맑음,교차로 - 교차로부근,승용,남,57세,상해없음,보행자,여,70세,중상
2013062400100226,2013년 6월 24일 12시,월요일,전라남도 나주시 남내동,부상신고사고,0,0,0,1,차대사람 - 횡단중,안전운전불이행,건조,맑음,교차로 - 교차로안,화물,남,71세,상해없음,보행자,여,51세,부상신고
2013062400100227,2013년 6월 24일 12시,월요일,전라남도 고흥군 포두면,중상사고,0,1,1,0,차대차 - 측면직각충돌,안전운전불이행,건조,맑음,교차로 - 교차로안,승용,남,62세,중상,승용,여,59세,경상
2013062400100281,2013년 6월 24일 14시,월요일,전라남도 광양시 중동,경상사고,0,0,1,0,차대차 - 정면충돌,중앙선침범,건조,맑음,단일로 - 기타,승용,남,40세,상해없음,승용,남,58세,경상
2013062400100310,2013년 6월 24일 15시,월요일,전라남도 여수시 학동,경상사고,0,0,1,0,차대차 - 기타,안전운전불이행,건조,맑음,단일로 - 기타,승용,남,58세,상해없음,승용,여,36세,경상
2013062400100311,2013년 6월 24일 15시,월요일,전라남도 해남군 화원면,부상신고사고,0,0,0,1,차량단독 - 기타,기타,건조,맑음,단일로 - 기타,이륜,남,71세,부상신고,,,,
2013062400100351,2013년 6월 24일 16시,월요일,전라남도 해남군 북평면,중상사고,0,1,3,0,차대차 - 기타,안전운전불이행,건조,흐림,교차로 - 교차로안,승합,남,57세,상해없음,승용,남,52세,중상
2013062400100375,2013년 6월 24일 17시,월요일,전라남도 목포시 옥암동,중상사고,0,1,0,0,차대사람 - 횡단중,안전운전불이행,건조,맑음,단일로 - 기타,승용,여,56세,상해없음,보행자,남,13세,중상
2013062400100376,2013년 6월 24일 17시,월요일,전라남도 여수시 공화동,경상사고,0,0,1,0,차대차 - 정면충돌,교차로운행방법위반,건조,맑음,교차로 - 교차로안,승용,남,43세,상해없음,승용,남,59세,경상
2013062400100377,2013년 6월 24일 17시,월요일,전라남도 나주시 산포면,경상사고,0,0,1,0,차대차 - 측면직각충돌,안전운전불이행,건조,맑음,기타 - 기타,승용,여,41세,상해없음,승용,남,55세,경상
2013062400100378,2013년 6월 24일 17시,월요일,전라남도 곡성군 옥과면,경상사고,0,0,1,0,차대차 - 기타,직진우회전진행방해,건조,맑음,교차로 - 교차로안,승용,남,24세,상해없음,화물,남,34세,경상
2013062400100425,2013년 6월 24일 18시,월요일,전라남도 나주시 남외동,경상사고,0,0,1,0,차대차 - 기타,기타,건조,맑음,교차로 - 교차로안,승용,남,52세,상해없음,원동기,여,40세,경상
2013062400100426,2013년 6월 24일 18시,월요일,전라남도 화순군 화순읍,부상신고사고,0,0,0,1,차대차 - 측면직각충돌,기타,건조,맑음,교차로 - 교차로부근,이륜,남,72세,부상신고,승용,여,51세,상해없음
2013062400100491,2013년 6월 24일 20시,월요일,전라남도 여수시 소라면,경상사고,0,0,2,0,차대차 - 측면직각충돌,신호위반,건조,맑음,교차로 - 교차로안,승용,남,35세,상해없음,승용,남,23세,경상
2013062400100492,2013년 6월 24일 20시,월요일,전라남도 영암군 삼호읍,경상사고,0,0,1,0,차대차 - 측면직각충돌,신호위반,건조,맑음,교차로 - 교차로안,승용,남,22세,상해없음,승용,남,66세,경상
2013062400100493,2013년 6월 24일 20시,월요일,전라남도 광양시 중동,경상사고,0,0,1,0,차대차 - 기타,안전운전불이행,건조,맑음,단일로 - 기타,승용,남,46세,상해없음,원동기,남,22세,경상
2013062400100532,2013년 6월 24일 21시,월요일,전라남도 목포시 용당동,경상사고,0,0,3,0,차대차 - 추돌 - 진행중,안전운전불이행,건조,맑음,교차로 - 교차로부근,승용,남,46세,상해없음,승용,남,43세,경상
2013062400100533,2013년 6월 24일 21시,월요일,전라남도 여수시 화장동,경상사고,0,0,3,0,차대차 - 추돌 - 진행중,교차로운행방법위반,건조,맑음,교차로 - 교차로안,승용,남,30세,상해없음,승용,남,31세,경상
2013062400100534,2013년 6월 24일 21시,월요일,전라남도 여수시 서교동,경상사고,0,0,1,0,차대사람 - 횡단중,안전운전불이행,건조,맑음,단일로 - 기타,승용,여,42세,상해없음,보행자,남,41세,경상
2013062400100558,2013년 6월 24일 22시,월요일,전라남도 순천시 대룡동,경상사고,0,0,1,0,차대차 - 측면직각충돌,신호위반,건조,맑음,교차로 - 교차로안,화물,남,43세,경상,화물,남,50세,상해없음
2013062400100559,2013년 6월 24일 22시,월요일,전라남도 영암군 삼호읍,경상사고,0,0,2,0,차량단독 - 전도전복,안전운전불이행,건조,맑음,단일로 - 기타,자전거,여,15세,경상,,,,
2013062400100560,2013년 6월 24일 22시,월요일,전라남도 무안군 청계면,경상사고,0,0,2,0,차대차 - 측면직각충돌,안전운전불이행,건조,맑음,단일로 - 기타,화물,남,39세,상해없음,승용,남,54세,경상
2013062500100035,2013년 6월 25일 01시,화요일,전라남도 목포시 산정동,중상사고,0,1,0,0,차대차 - 추돌 - 주정차중,안전운전불이행,건조,맑음,교차로 - 교차로부근,화물,남,58세,중상,화물,남,31세,상해없음
2013062500100075,2013년 6월 25일 05시,화요일,전라남도 영암군 삼호읍,중상사고,0,2,0,0,차대차 - 측면직각충돌,직진우회전진행방해,건조,맑음,교차로 - 교차로안,승용,여,50세,중상,승용,여,61세,중상
2013062500100091,2013년 6월 25일 06시,화요일,전라남도 여수시 봉산동,경상사고,0,0,2,0,차대차 - 추돌 - 진행중,안전운전불이행,건조,맑음,교차로 - 교차로부근,승용,남,46세,상해없음,승용,여,37세,경상
2013062500100092,2013년 6월 25일 06시,화요일,전라남도 순천시 동외동,경상사고,0,0,1,0,차대차 - 추돌 - 주정차중,안전운전불이행,건조,맑음,단일로 - 기타,승용,남,24세,상해없음,승용,남,41세,상해없음
2013062500100093,2013년 6월 25일 06시,화요일,전라남도 함평군 학교면,경상사고,0,0,1,0,차량단독 - 기타,안전운전불이행,건조,맑음,단일로 - 기타,승용,여,40세,경상,,,,
2013062500100143,2013년 6월 25일 08시,화요일,전라남도 여수시 둔덕동,경상사고,0,0,1,0,차대차 - 추돌 - 진행중,안전운전불이행,건조,흐림,단일로 - 기타,승용,남,40세,상해없음,승용,남,60세,경상
2013062500100144,2013년 6월 25일 08시,화요일,전라남도 순천시 장천동,중상사고,0,1,0,0,차대차 - 기타,중앙선침범,건조,맑음,단일로 - 기타,자전거,남,67세,중상,승용,남,50세,상해없음
2013062500100175,2013년 6월 25일 09시,화요일,전라남도 진도군 진도읍,중상사고,0,1,0,0,차대사람 - 차도통행중,안전운전불이행,건조,맑음,단일로 - 기타,승용,남,78세,상해없음,보행자,남,78세,중상
2013062500100203,2013년 6월 25일 10시,화요일,전라남도 고흥군 과역면,경상사고,0,0,2,0,차대차 - 측면직각충돌,교차로운행방법위반,건조,맑음,교차로 - 교차로안,화물,남,35세,상해없음,원동기,남,61세,경상
2013062500100204,2013년 6월 25일 10시,화요일,전라남도 완도군 신지면,중상사고,0,1,0,0,차대차 - 추돌 - 진행중,안전운전불이행,건조,맑음,단일로 - 기타,화물,남,39세,상해없음,이륜,남,79세,중상
2013062500100205,2013년 6월 25일 10시,화요일,전라남도 광양시 옥곡면,사망사고,1,0,0,0,차량단독 - 전도전복,안전운전불이행,건조,흐림,단일로 - 기타,승용,여,46세,사망,,,,
2013062500100235,2013년 6월 25일 11시,화요일,전라남도 무안군 청계면,부상신고사고,0,0,0,1,차대차 - 추돌 - 진행중,안전거리미확보,건조,맑음,교차로 - 교차로안,승용,여,54세,상해없음,화물,남,46세,부상신고
2013062500100272,2013년 6월 25일 12시,화요일,전라남도 목포시 옥암동,부상신고사고,0,0,0,1,차량단독 - 공작물충돌,안전운전불이행,습기,흐림,단일로 - 기타,화물,여,28세,부상신고,,,,
2013062500100273,2013년 6월 25일 12시,화요일,전라남도 담양군 월산면,경상사고,0,0,4,0,차대차 - 추돌 - 진행중,안전운전불이행,건조,맑음,단일로 - 기타,승용,남,20세,경상,화물,남,49세,경상
2013062500100302,2013년 6월 25일 13시,화요일,전라남도 여수시 율촌면,경상사고,0,0,1,0,차대차 - 기타,차로위반,건조,맑음,교차로 - 교차로안,건설기계,남,53세,상해없음,승용,남,55세,경상
2013062500100303,2013년 6월 25일 13시,화요일,전라남도 함평군 함평읍,경상사고,0,0,1,0,차대차 - 측면직각충돌,안전운전불이행,습기,비,교차로 - 교차로부근,승용,남,24세,상해없음,화물,남,33세,경상
2013062500100304,2013년 6월 25일 13시,화요일,전라남도 곡성군 석곡면,중상사고,0,1,0,0,차대차 - 기타,안전운전불이행,습기,흐림,기타 - 기타,승용,남,41세,상해없음,원동기,남,78세,중상
2013062500100333,2013년 6월 25일 14시,화요일,전라남도 신안군 임자면,사망사고,1,0,0,0,차대차 - 정면충돌,중앙선침범,습기,흐림,단일로 - 기타,이륜,남,66세,사망,화물,남,42세,상해없음
2013062500100359,2013년 6월 25일 15시,화요일,전라남도 목포시 산정동,경상사고,0,0,1,0,차대차 - 추돌 - 진행중,중앙선침범,습기,비,교차로 - 교차로부근,승용,남,64세,상해없음,승용,남,40세,경상
2013062500100393,2013년 6월 25일 16시,화요일,전라남도 강진군 강진읍,중상사고,0,1,1,0,차대차 - 추돌 - 진행중,안전운전불이행,습기,비,단일로 - 기타,승용,남,26세,경상,승용,여,58세,중상
2013062500100394,2013년 6월 25일 16시,화요일,전라남도 완도군 완도읍,경상사고,0,0,1,0,차대차 - 측면직각충돌,안전거리미확보,습기,비,단일로 - 기타,이륜,남,60세,경상,승용,남,62세,상해없음