사고번호,사고일시,요일,시군구,사고내용,사망자수,중상자수,경상자수,부상신고자수,사고유형,법규위반,노면상태,기상상태,도로형태,가해운전자 차종,가해운전자 성별,가해운전자 연령,가해운전자 상해정도,피해운전자 차종,피해운전자 성별,피해운전자 연령,피해운전자 상해정도
2013062500100431,2013년 6월 25일 17시,화요일,전라남도 장흥군 관산읍,경상사고,0,0,3,0,차대차 - 정면충돌,중앙선침범,습기,비,단일로 - 기타,승용,남,41세,상해없음,화물,남,59세,경상
2013062500100483,2013년 6월 25일 18시,화요일,전라남도 목포시 상동,경상사고,0,0,1,0,차대차 - 측면직각충돌,신호위반,습기,비,교차로 - 교차로안,승용,남,30세,상해없음,승용,남,55세,경상
2013062500100484,2013년 6월 25일 18시,화요일,전라남도 목포시 대양동,경상사고,0,0,8,0,차대차 - 기타,안전운전불이행,습기,비,기타 - 기타,승합,남,54세,경상,승용,남,47세,상해없음
2013062500100485,2013년 6월 25일 18시,화요일,전라남도 고흥군 금산면,경상사고,0,0,1,0,차대차 - 측면직각충돌,안전운전불이행,습기,비,단일로 - 기타,승용,여,21세,상해없음,화물,남,46세,상해없음
2013062500100486,2013년 6월 25일 18시,화요일,전라남도 해남군 북평면,경상사고,0,0,2,1,차대차 - 기타,안전거리미확보,습기,비,교차로 - 교차로부근,승용,여,47세,부상신고,승용,여,48세,경상
2013062500100518,2013년 6월 25일 19시,화요일,전라남도 순천시 조례동,경상사고,0,0,1,1,차대차 - 기타,안전운전불이행,습기,비,교차로 - 교차로부근,승용,남,31세,부상신고,승용,남,51세,경상
2013062500100558,2013년 6월 25일 20시,화요일,전라남도 목포시 용당동,경상사고,0,0,2,0,차대차 - 기타,신호위반,습기,비,교차로 - 교차로안,승용,남,64세,상해없음,승합,남,56세,경상
2013062500100559,2013년 6월 25일 20시,화요일,전라남도 여수시 공화동,경상사고,0,0,1,0,차대차 - 추돌 - 진행중,안전운전불이행,건조,맑음,단일로 - 기타,화물,남,54세,상해없음,승용,남,47세,경상
2013062500100560,2013년 6월 25일 20시,화요일,전라남도 여수시 여서동,경상사고,0,0,1,0,차대차 - 추돌 - 진행중,안전운전불이행,습기,비,단일로 - 기타,승용,남,36세,상해없음,원동기,남,20세,경상
2013062500100561,2013년 6월 25일 20시,화요일,전라남도 순천시 조곡동,중상사고,0,1,3,0,차대차 - 기타,중앙선침범,습기,비,단일로 - 기타,승용,남,28세,상해없음,승용,여,38세,경상
2013062500100562,2013년 6월 25일 20시,화요일,전라남도 나주시 삼도동,경상사고,0,0,1,0,차대차 - 기타,직진우회전진행방해,습기,비,교차로 - 교차로안,승용,남,60세,상해없음,승합,남,45세,경상
2013062500100611,2013년 6월 25일 21시,화요일,전라남도 광양시 중동,경상사고,0,0,1,0,차대차 - 추돌 - 주정차중,안전운전불이행,습기,비,교차로 - 교차로부근,승용,남,51세,상해없음,승용,남,36세,경상
2013062500100612,2013년 6월 25일 21시,화요일,전라남도 광양시 광양읍,사망사고,1,0,0,0,차대사람 - 횡단중,안전운전불이행,습기,비,단일로 - 횡단보도부근,승합,남,30세,상해없음,보행자,남,67세,사망
2013062500100644,2013년 6월 25일 22시,화요일,전라남도 여수시 신기동,중상사고,0,1,1,0,차대차 - 추돌 - 주정차중,안전운전불이행,습기,비,단일로 - 기타,승용,남,18세,상해없음,건설기계,여,39세,기타불명
2013062500100645,2013년 6월 25일 22시,화요일,전라남도 무안군 망운면,경상사고,0,0,1,0,차량단독 - 공작물충돌,안전운전불이행,건조,맑음,단일로 - 기타,승용,남,40세,상해없음,,,,
2013062500100680,2013년 6월 25일 23시,화요일,전라남도 장성군 황룡면,사망사고,1,0,1,0,차량단독 - 전도전복,안전운전불이행,습기,비,단일로 - 기타,승용,남,49세,사망,,,,
2013062600100053,2013년 6월 26일 01시,수요일,전라남도 순천시 해룡면,경상사고,0,0,1,0,차대차 - 측면직각충돌,교차로운행방법위반,습기,비,교차로 - 교차로안,승용,남,49세,상해없음,승용,남,31세,상해없음
2013062600100077,2013년 6월 26일 02시,수요일,전라남도 순천시 조례동,경상사고,0,0,6,0,차대차 - 기타,교차로운행방법위반,습기,비,교차로 - 교차로안,승용,남,30세,상해없음,승용,여,36세,경상
2013062600100182,2013년 6월 26일 08시,수요일,전라남도 고흥군 도양읍,경상사고,0,0,1,0,차대차 - 측면직각충돌,교차로운행방법위반,건조,맑음,교차로 - 교차로안,승용,남,53세,상해없음,승용,여,50세,상해없음
2013062600100216,2013년 6월 26일 09시,수요일,전라남도 광양시 금호동,경상사고,0,0,1,0,차대차 - 추돌 - 진행중,안전운전불이행,건조,맑음,교차로 - 교차로부근,승용,여,36세,상해없음,이륜,남,68세,경상
2013062600100245,2013년 6월 26일 10시,수요일,전라남도 보성군 득량면,경상사고,0,0,1,0,차대차 - 측면직각충돌,중앙선침범,건조,맑음,단일로 - 기타,원동기,남,79세,상해없음,원동기,남,72세,경상
2013062600100289,2013년 6월 26일 12시,수요일,전라남도 영암군 학산면,중상사고,0,1,0,0,차대차 - 측면직각충돌,안전운전불이행,건조,맑음,단일로 - 기타,화물,남,62세,상해없음,승용,남,76세,상해없음
2013062600100345,2013년 6월 26일 14시,수요일,전라남도 나주시 문평면,중상사고,0,1,0,0,차대차 - 측면직각충돌,안전운전불이행,건조,맑음,교차로 - 교차로부근,자전거,남,73세,중상,화물,남,55세,상해없음
2013062600100373,2013년 6월 26일 15시,수요일,전라남도 순천시 풍덕동,중상사고,0,1,0,0,차대차 - 추돌 - 진행중,안전운전불이행,건조,맑음,단일로 - 기타,자전거,남,73세,중상,승합,남,38세,상해없음
2013062600100374,2013년 6월 26일 15시,수요일,전라남도 함평군 엄다면,사망사고,1,0,0,0,차대차 - 측면직각충돌,안전운전불이행,건조,맑음,단일로 - 기타,승용,남,25세,상해없음,원동기,남,70세,사망
2013062600100375,2013년 6월 26일 15시,수요일,전라남도 영암군 삼호읍,경상사고,0,0,1,0,차대사람 - 기타,안전운전불이행,건조,맑음,기타 - 기타,승용,여,37세,상해없음,보행자,남,70세,경상
2013062600100376,2013년 6월 26일 15시,수요일,전라남도 진도군 군내면,중상사고,0,1,0,0,차대사람 - 기타,안전운전불이행,건조,맑음,단일로 - 기타,승용,여,52세,상해없음,보행자,여,72세,중상
2013062600100406,2013년 6월 26일 16시,수요일,전라남도 순천시 조곡동,사망사고,1,0,0,0,차대차 - 기타,안전운전불이행,건조,맑음,단일로 - 기타,화물,남,57세,상해없음,자전거,남,76세,사망
2013062600100449,2013년 6월 26일 17시,수요일,전라남도 해남군 송지면,경상사고,0,0,1,0,차량단독 - 전도전복,안전운전불이행,건조,맑음,단일로 - 기타,원동기,남,67세,경상,,,,
2013062600100450,2013년 6월 26일 17시,수요일,전라남도 영암군 삼호읍,경상사고,0,0,2,0,차대차 - 추돌 - 주정차중,안전운전불이행,건조,맑음,단일로 - 기타,화물,남,71세,상해없음,승용,남,31세,경상
2013062600100451,2013년 6월 26일 17시,수요일,전라남도 광양시 옥곡면,경상사고,0,0,1,0,차대차 - 추돌 - 진행중,안전운전불이행,건조,맑음,교차로 - 교차로부근,승용,남,45세,상해없음,승용,여,37세,경상
2013062600100490,2013년 6월 26일 18시,수요일,전라남도 목포시 용해동,경상사고,0,0,1,0,차대사람 - 기타,안전운전불이행,건조,맑음,단일로 - 기타,기타불명,기타불명,기타불명,기타불명,보행자,남,9세,경상
2013062600100491,2013년 6월 26일 18시,수요일,전라남도 순천시 연향동,부상신고사고,0,0,0,1,차대사람 - 차도통행중,안전운전불이행,건조,맑음,단일로 - 기타,승용,기타불명,기타불명,기타불명,보행자,여,27세,부상신고
2013062600100492,2013년 6월 26일 18시,수요일,전라남도 영암군 군서면,중상사고,0,1,0,0,차량단독 - 공작물충돌,안전운전불이행,건조,맑음,단일로 - 기타,승용,여,33세,중상,,,,
2013062600100557,2013년 6월 26일 20시,수요일,전라남도 목포시 상동,경상사고,0,0,4,0,차대차 - 측면직각충돌,신호위반,습기,비,교차로 - 교차로안,승용,남,26세,경상,승용,남,26세,경상
2013062600100558,2013년 6월 26일 20시,수요일,전라남도 나주시 왕곡면,경상사고,0,0,5,0,차대차 - 측면직각충돌,신호위반,건조,맑음,교차로 - 교차로안,승용,남,67세,경상,승용,남,32세,경상
2013062600100602,2013년 6월 26일 21시,수요일,전라남도 순천시 장천동,중상사고,0,1,0,0,차대차 - 측면직각충돌,안전운전불이행,건조,맑음,단일로 - 기타,원동기,여,47세,상해없음,자전거,남,25세,중상
2013062600100603,2013년 6월 26일 21시,수요일,전라남도 해남군 해남읍,경상사고,0,0,3,0,차대차 - 추돌 - 진행중,안전운전불이행,건조,맑음,단일로 - 기타,화물,남,49세,상해없음,화물,남,20세,경상
2013062600100659,2013년 6월 26일 23시,수요일,전라남도 순천시 조례동,부상신고사고,0,0,0,1,차대차 - 기타,안전운전불이행,건조,맑음,교차로 - 교차로안,원동기,남,18세,부상신고,화물,남,56세,상해없음
2013062700100009,2013년 6월 27일 00시,목요일,전라남도 장흥군 장동면,중상사고,0,3,1,0,차량단독 - 도로외이탈 - 기타,안전운전불이행,건조,맑음,단일로 - 기타,승용,남,34세,상해없음,,,,
2013062700100047,2013년 6월 27일 03시,목요일,전라남도 목포시 용해동,경상사고,0,0,1,0,차량단독 - 공작물충돌,안전운전불이행,건조,맑음,단일로 - 기타,승용,남,21세,경상,,,,
2013062700100060,2013년 6월 27일 05시,목요일,전라남도 목포시 상동,경상사고,0,0,1,0,차대차 - 기타,안전운전불이행,건조,맑음,교차로 - 교차로안,승용,남,20세,상해없음,승용,남,64세,경상
2013062700100068,2013년 6월 27일 06시,목요일,전라남도 여수시 화장동,경상사고,0,0,2,1,차대차 - 측면직각충돌,안전운전불이행,건조,맑음,단일로 - 기타,승용,남,53세,부상신고,승용,남,55세,경상
2013062700100139,2013년 6월 27일 09시,목요일,전라남도 보성군 보성읍,중상사고,0,1,1,0,차대차 - 측면직각충돌,직진우회전진행방해,건조,맑음,교차로 - 교차로안,승용,여,56세,중상,화물,남,54세,경상
2013062700100140,2013년 6월 27일 09시,목요일,전라남도 장성군 동화면,경상사고,0,0,1,0,차대차 - 측면직각충돌,신호위반,건조,맑음,교차로 - 교차로안,원동기,남,78세,상해없음,특수,남,54세,상해없음
2013062700100176,2013년 6월 27일 10시,목요일,전라남도 순천시 남정동,경상사고,0,0,1,0,차대차 - 측면직각충돌,불법유턴,건조,맑음,교차로 - 교차로안,화물,남,46세,상해없음,승용,남,57세,상해없음
2013062700100177,2013년 6월 27일 10시,목요일,전라남도 진도군 진도읍,중상사고,0,1,0,0,차대사람 - 기타,안전운전불이행,기타,기타,기타 - 기타,이륜,남,76세,기타불명,보행자,남,81세,중상
2013062700100195,2013년 6월 27일 11시,목요일,전라남도 목포시 상동,경상사고,0,0,2,0,차대차 - 기타,신호위반,건조,맑음,교차로 - 교차로안,승용,여,45세,상해없음,승용,남,54세,경상
2013062700100196,2013년 6월 27일 11시,목요일,전라남도 보성군 미력면,부상신고사고,0,0,0,1,차대차 - 추돌 - 주정차중,안전운전불이행,건조,맑음,교차로 - 교차로안,이륜,남,66세,부상신고,승용,여,46세,상해없음
2013062700100220,2013년 6월 27일 12시,목요일,전라남도 영광군 염산면,경상사고,0,0,1,0,차대차 - 측면직각충돌,직진우회전진행방해,건조,맑음,교차로 - 교차로안,승용,남,55세,상해없음,건설기계,남,44세,경상
2013062700100221,2013년 6월 27일 12시,목요일,전라남도 화순군 화순읍,중상사고,0,1,0,0,차대차 - 측면직각충돌,안전운전불이행,건조,맑음,단일로 - 기타,이륜,남,74세,중상,승용,남,57세,상해없음
2013062700100222,2013년 6월 27일 12시,목요일,전라남도 구례군 마산면,중상사고,0,1,0,0,차대차 - 측면직각충돌,직진우회전진행방해,건조,맑음,교차로 - 교차로안,승합,남,66세,상해없음,이륜,남,58세,중상
2013062700100253,2013년 6월 27일 13시,목요일,전라남도 나주시 대호동,경상사고,0,0,4,0,차대차 - 측면직각충돌,신호위반,건조,맑음,교차로 - 교차로안,승용,남,21세,경상,화물,여,39세,경상
2013062700100254,2013년 6월 27일 13시,목요일,전라남도 보성군 복내면,중상사고,0,1,1,0,차대차 - 측면직각충돌,교차로운행방법위반,건조,맑음,교차로 - 교차로안,승용,남,38세,상해없음,승용,여,40세,중상
2013062700100276,2013년 6월 27일 14시,목요일,전라남도 나주시 송월동,경상사고,0,0,2,0,차대차 - 측면직각충돌,중앙선침범,건조,맑음,단일로 - 기타,승용,남,65세,경상,승용,남,67세,경상
2013062700100277,2013년 6월 27일 14시,목요일,전라남도 고흥군 고흥읍,경상사고,0,0,1,0,차대사람 - 횡단중,보행자보호의무위반,건조,맑음,교차로 - 교차로안,승용,여,38세,상해없음,보행자,여,6세,경상
2013062700100305,2013년 6월 27일 15시,목요일,전라남도 목포시 용당동,경상사고,0,0,1,0,차대차 - 기타,안전운전불이행,건조,맑음,단일로 - 기타,승용,남,39세,상해없음,승용,남,32세,경상
2013062700100306,2013년 6월 27일 15시,목요일,전라남도 목포시 북교동,중상사고,0,1,0,0,차대사람 - 기타,안전운전불이행,건조,맑음,교차로 - 교차로안,승용,여,51세,상해없음,보행자,여,52세,중상
2013062700100307,2013년 6월 27일 15시,목요일,전라남도 여수시 관문동,부상신고사고,0,0,0,3,차대차 - 정면충돌,안전운전불이행,건조,맑음,교차로 - 교차로안,승용,남,35세,상해없음,승용,남,23세,부상신고
2013062700100332,2013년 6월 27일 16시,목요일,전라남도 순천시 매곡동,경상사고,0,0,1,0,차대차 - 기타,안전운전불이행,건조,맑음,교차로 - 교차로부근,승용,남,57세,상해없음,승합,남,60세,경상
2013062700100333,2013년 6월 27일 16시,목요일,전라남도 화순군 동복면,중상사고,0,1,0,0,차량단독 - 전도전복,안전운전불이행,건조,맑음,단일로 - 기타,농기계,남,68세,중상,,,,
2013062700100334,2013년 6월 27일 16시,목요일,전라남도 광양시 옥곡면,경상사고,0,0,2,0,차대차 - 기타,교차로운행방법위반,건조,흐림,교차로 - 교차로안,승용,남,54세,상해없음,화물,남,36세,경상
2013062700100372,2013년 6월 27일 17시,목요일,전라남도 목포시 상동,중상사고,0,1,0,0,차대사람 - 기타,안전운전불이행,건조,맑음,교차로 - 교차로부근,승용,남,28세,상해없음,보행자,여,13세,중상
2013062700100463,2013년 6월 27일 20시,목요일,전라남도 무안군 삼향읍,경상사고,0,0,1,0,차대사람 - 기타,안전운전불이행,건조,맑음,단일로 - 기타,기타불명,기타불명,기타불명,기타불명,보행자,남,13세,경상
2013062700100532,2013년 6월 27일 22시,목요일,전라남도 목포시 옥암동,중상사고,0,1,6,0,차대차 - 측면직각충돌,신호위반,건조,맑음,교차로 - 교차로안,승용,남,43세,상해없음,승합,남,44세,경상
2013062700100533,2013년 6월 27일 22시,목요일,전라남도 여수시 선원동,경상사고,0,0,1,2,차대차 - 추돌 - 진행중,안전운전불이행,건조,맑음,단일로 - 기타,승용,남,31세,상해없음,승용,남,43세,경상
2013062700100558,2013년 6월 27일 23시,목요일,전라남도 순천시 조례동,부상신고사고,0,0,0,1,차대사람 - 횡단중,안전운전불이행,건조,맑음,단일로 - 횡단보도부근,기타불명,기타불명,기타불명,기타불명,보행자,남,31세,부상신고
2013062800100018,2013년 6월 28일 00시,금요일,전라남도 광양시 도이동,경상사고,0,0,1,0,차대차 - 기타,교차로운행방법위반,건조,맑음,교차로 - 교차로안,화물,남,35세,상해없음,승용,남,35세,경상
2013062800100123,2013년 6월 28일 07시,금요일,전라남도 무안군 해제면,경상사고,0,0,1,0,차량단독 - 공작물충돌,안전운전불이행,건조,맑음,단일로 - 교량,승용,남,60세,경상,,,,
2013062800100158,2013년 6월 28일 08시,금요일,전라남도 광양시 성황동,중상사고,0,1,1,0,차대차 - 측면직각충돌,신호위반,건조,맑음,교차로 - 교차로안,승용,남,35세,중상,승용,여,28세,경상
2013062800100211,2013년 6월 28일 10시,금요일,전라남도 목포시 용당동,경상사고,0,0,1,0,차대차 - 기타,안전운전불이행,건조,맑음,교차로 - 교차로부근,승합,남,72세,상해없음,승용,남,60세,상해없음
2013062800100268,2013년 6월 28일 12시,금요일,전라남도 구례군 구례읍,중상사고,0,1,0,0,차대차 - 측면직각충돌,안전운전불이행,건조,맑음,교차로 - 교차로부근,승용,남,68세,상해없음,이륜,남,71세,중상
2013062800100297,2013년 6월 28일 13시,금요일,전라남도 진도군 진도읍,경상사고,0,0,1,0,차대사람 - 횡단중,안전운전불이행,건조,맑음,단일로 - 기타,승용,여,36세,상해없음,보행자,여,54세,경상
2013062800100298,2013년 6월 28일 13시,금요일,전라남도 광양시 도이동,중상사고,0,1,1,0,차대차 - 측면직각충돌,안전운전불이행,건조,맑음,미분류 - 미분류,특수,남,46세,경상,특수,남,45세,중상
2013062800100328,2013년 6월 28일 14시,금요일,전라남도 여수시 국동,경상사고,0,0,1,0,차대사람 - 기타,안전운전불이행,건조,맑음,단일로 - 기타,승용,남,56세,상해없음,보행자,남,40세,경상
2013062800100405,2013년 6월 28일 16시,금요일,전라남도 목포시 용해동,중상사고,0,1,0,0,차대차 - 기타,안전운전불이행,건조,맑음,단일로 - 기타,승합,남,59세,상해없음,승용,남,66세,상해없음
2013062800100406,2013년 6월 28일 16시,금요일,전라남도 해남군 송지면,중상사고,0,1,0,0,차대차 - 기타,안전운전불이행,건조,맑음,단일로 - 기타,승합,남,62세,상해없음,농기계,남,72세,중상
2013062800100454,2013년 6월 28일 17시,금요일,전라남도 함평군 월야면,경상사고,0,0,1,0,차량단독 - 기타,기타,건조,맑음,단일로 - 기타,승합,남,55세,상해없음,,,,
2013062800100455,2013년 6월 28일 17시,금요일,전라남도 진도군 진도읍,중상사고,0,1,0,0,차대사람 - 길가장자리구역통행중,안전운전불이행,건조,맑음,교차로 - 교차로부근,건설기계,남,42세,상해없음,보행자,여,73세,중상
2013062800100456,2013년 6월 28일 17시,금요일,전라남도 구례군 구례읍,경상사고,0,0,1,0,차대사람 - 길가장자리구역통행중,안전운전불이행,건조,맑음,단일로 - 기타,화물,남,62세,기타불명,보행자,남,53세,경상
2013062800100488,2013년 6월 28일 18시,금요일,전라남도 여수시 여서동,중상사고,0,1,0,0,차대사람 - 횡단중,보행자보호의무위반,건조,맑음,단일로 - 횡단보도상,승합,남,61세,상해없음,보행자,남,10세,중상
2013062800100551,2013년 6월 28일 20시,금요일,전라남도 목포시 산정동,경상사고,0,0,1,0,차대차 - 기타,신호위반,건조,흐림,교차로 - 교차로안,승용,남,54세,상해없음,승용,남,47세,경상
2013062800100552,2013년 6월 28일 20시,금요일,전라남도 순천시 조례동,경상사고,0,0,1,0,차대차 - 측면직각충돌,신호위반,건조,맑음,교차로 - 교차로안,승용,여,47세,상해없음,승용,남,27세,경상
2013062800100587,2013년 6월 28일 21시,금요일,전라남도 목포시 옥암동,경상사고,0,0,1,0,차대차 - 기타,기타,건조,맑음,기타 - 기타,승용,남,32세,상해없음,승용,여,38세,경상
2013062800100588,2013년 6월 28일 21시,금요일,전라남도 해남군 산이면,중상사고,0,1,0,0,차대차 - 기타,직진우회전진행방해,건조,맑음,교차로 - 교차로안,화물,남,57세,상해없음,승합,남,55세,중상
2013062800100648,2013년 6월 28일 23시,금요일,전라남도 순천시 용당동,경상사고,0,0,1,0,차대차 - 측면직각충돌,안전운전불이행,건조,맑음,단일로 - 기타,승용,남,18세,상해없음,이륜,남,19세,경상
2013062900100051,2013년 6월 29일 02시,토요일,전라남도 여수시 학동,경상사고,0,0,2,0,차대차 - 측면직각충돌,안전운전불이행,건조,맑음,단일로 - 기타,승용,남,36세,상해없음,승용,남,26세,경상
2013062900100109,2013년 6월 29일 06시,토요일,전라남도 목포시 상동,경상사고,0,0,1,0,차대차 - 기타,중앙선침범,건조,맑음,교차로 - 교차로안,승용,남,23세,상해없음,승용,남,38세,경상
2013062900100110,2013년 6월 29일 06시,토요일,전라남도 영암군 삼호읍,경상사고,0,0,2,0,차대차 - 측면직각충돌,신호위반,건조,맑음,교차로 - 교차로안,승용,남,31세,경상,승용,남,59세,경상
2013062900100126,2013년 6월 29일 07시,토요일,전라남도 여수시 국동,경상사고,0,0,1,0,차대차 - 기타,안전운전불이행,건조,맑음,교차로 - 교차로안,원동기,남,61세,경상,승용,남,54세,상해없음
2013062900100152,2013년 6월 29일 08시,토요일,전라남도 순천시 풍덕동,경상사고,0,0,2,0,차대차 - 기타,신호위반,건조,맑음,교차로 - 교차로안,승용,남,59세,기타불명,승용,여,53세,경상
2013062900100176,2013년 6월 29일 09시,토요일,전라남도 목포시 용당동,경상사고,0,0,1,0,차대사람 - 길가장자리구역통행중,안전운전불이행,건조,맑음,단일로 - 기타,승용,남,61세,기타불명,보행자,여,68세,경상
2013062900100177,2013년 6월 29일 09시,토요일,전라남도 곡성군 겸면,경상사고,0,0,2,0,차대차 - 기타,중앙선침범,건조,맑음,단일로 - 기타,화물,남,50세,상해없음,원동기,남,72세,경상
2013062900100200,2013년 6월 29일 10시,토요일,전라남도 목포시 용해동,경상사고,0,0,1,0,차대차 - 기타,안전거리미확보,건조,맑음,교차로 - 교차로부근,승용,남,39세,상해없음,화물,남,50세,경상
2013062900100201,2013년 6월 29일 10시,토요일,전라남도 해남군 문내면,부상신고사고,0,0,0,1,차량단독 - 공작물충돌,기타,건조,맑음,기타 - 기타,승용,남,78세,부상신고,,,,
2013062900100202,2013년 6월 29일 10시,토요일,전라남도 곡성군 옥과면,중상사고,0,1,0,0,차대사람 - 기타,안전운전불이행,건조,맑음,교차로 - 교차로부근,승용,여,42세,상해없음,보행자,여,83세,중상
2013062900100203,2013년 6월 29일 10시,토요일,전라남도 곡성군 삼기면,중상사고,0,1,1,0,차량단독 - 공작물충돌,안전운전불이행,건조,맑음,단일로 - 기타,승용,남,31세,경상,,,,
2013062900100228,2013년 6월 29일 11시,토요일,전라남도 목포시 용당동,경상사고,0,0,1,0,차대차 - 기타,신호위반,건조,맑음,교차로 - 교차로부근,승용,남,60세,상해없음,자전거,여,21세,경상
2013062900100268,2013년 6월 29일 12시,토요일,전라남도 영암군 영암읍,경상사고,0,0,1,0,차량단독 - 공작물충돌,안전운전불이행,건조,맑음,단일로 - 기타,화물,남,22세,경상,,,,
2013062900100269,2013년 6월 29일 12시,토요일,전라남도 담양군 담양읍,경상사고,0,0,2,0,차대사람 - 길가장자리구역통행중,안전운전불이행,건조,맑음,단일로 - 기타,화물,남,60세,상해없음,보행자,남,49세,경상
2013062900100313,2013년 6월 29일 13시,토요일,전라남도 장성군 진원면,중상사고,0,2,1,0,차대차 - 측면직각충돌,교차로운행방법위반,건조,맑음,교차로 - 교차로안,건설기계,남,48세,상해없음,승용,여,40세,중상
2013062900100352,2013년 6월 29일 14시,토요일,전라남도 목포시 산정동,경상사고,0,0,1,0,차대차 - 기타,안전거리미확보,건조,맑음,단일로 - 기타,승용,여,63세,기타불명,승용,남,44세,경상
2013062900100377,2013년 6월 29일 15시,토요일,전라남도 영암군 군서면,중상사고,0,3,1,0,차량단독 - 전도전복,안전운전불이행,건조,맑음,단일로 - 기타,승용,여,47세,경상,,,,
2013062900100415,2013년 6월 29일 16시,토요일,전라남도 고흥군 고흥읍,경상사고,0,0,2,0,차량단독 - 전도전복,안전운전불이행,건조,맑음,단일로 - 기타,승용,여,29세,상해없음,,,,
2013062900100416,2013년 6월 29일 16시,토요일,전라남도 화순군 능주면,경상사고,0,0,4,0,차대차 - 측면직각충돌,안전운전불이행,건조,맑음,단일로 - 기타,화물,여,43세,경상,승합,남,43세,경상
2013062900100417,2013년 6월 29일 16시,토요일,전라남도 장성군 진원면,경상사고,0,0,2,0,차대차 - 기타,직진우회전진행방해,건조,맑음,교차로 - 교차로안,승용,남,33세,상해없음,승용,여,46세,경상
2013062900100460,2013년 6월 29일 17시,토요일,전라남도 여수시 신월동,경상사고,0,0,1,0,차대사람 - 보도통행중,안전운전불이행,건조,맑음,단일로 - 기타,승용,남,35세,상해없음,보행자,여,82세,경상
2013062900100461,2013년 6월 29일 17시,토요일,전라남도 순천시 조례동,경상사고,0,0,3,0,차대차 - 추돌 - 주정차중,안전운전불이행,건조,맑음,교차로 - 교차로부근,승용,남,44세,상해없음,승용,남,33세,경상
2013062900100462,2013년 6월 29일 17시,토요일,전라남도 나주시 다도면,경상사고,0,0,1,0,차대차 - 기타,중앙선침범,건조,맑음,단일로 - 기타,승용,남,32세,상해없음,건설기계,남,29세,경상
2013062900100463,2013년 6월 29일 17시,토요일,전라남도 화순군 이양면,중상사고,0,1,4,0,차대차 - 측면직각충돌,교차로운행방법위반,건조,맑음,교차로 - 교차로안,승합,남,57세,상해없음,승용,남,34세,경상
2013062900100503,2013년 6월 29일 18시,토요일,전라남도 곡성군 곡성읍,중상사고,0,1,0,0,차대차 - 기타,안전운전불이행,건조,맑음,단일로 - 기타,승용,여,49세,상해없음,원동기,남,78세,중상
2013062900100537,2013년 6월 29일 19시,토요일,전라남도 여수시 학동,경상사고,0,0,1,0,차대차 - 추돌 - 진행중,교차로운행방법위반,건조,맑음,단일로 - 기타,승용,남,62세,상해없음,승용,여,38세,경상
2013062900100578,2013년 6월 29일 20시,토요일,전라남도 순천시 조례동,경상사고,0,0,1,0,차대사람 - 기타,안전운전불이행,건조,맑음,교차로 - 교차로부근,기타불명,기타불명,기타불명,기타불명,보행자,남,51세,경상
2013062900100613,2013년 6월 29일 21시,토요일,전라남도 여수시 학동,경상사고,0,0,2,0,차대차 - 추돌 - 주정차중,안전운전불이행,건조,맑음,단일로 - 기타,승용,남,56세,상해없음,승용,남,30세,경상
2013062900100649,2013년 6월 29일 22시,토요일,전라남도 강진군 강진읍,경상사고,0,0,1,0,차대사람 - 기타,안전운전불이행,건조,맑음,단일로 - 기타,승용,남,26세,상해없음,보행자,남,30세,경상
2013062900100677,2013년 6월 29일 23시,토요일,전라남도 여수시 봉산동,중상사고,0,1,0,0,차대사람 - 기타,안전운전불이행,건조,흐림,단일로 - 기타,승용,남,62세,상해없음,보행자,남,38세,중상
2013063000100012,2013년 6월 30일 00시,일요일,전라남도 영암군 영암읍,중상사고,0,2,0,0,차량단독 - 기타,안전운전불이행,건조,맑음,단일로 - 기타,이륜,남,32세,중상,,,,
2013063000100030,2013년 6월 30일 01시,일요일,전라남도 여수시 문수동,경상사고,0,0,4,0,차대차 - 측면직각충돌,중앙선침범,건조,흐림,교차로 - 교차로안,승용,남,33세,상해없음,승용,남,46세,경상
2013063000100194,2013년 6월 30일 10시,일요일,전라남도 화순군 춘양면,경상사고,0,0,3,0,차대차 - 기타,신호위반,건조,맑음,단일로 - 기타,승용,여,42세,상해없음,승용,여,44세,경상
2013063000100211,2013년 6월 30일 11시,일요일,전라남도 목포시 복만동,중상사고,0,1,3,0,차대차 - 측면직각충돌,안전운전불이행,건조,맑음,교차로 - 교차로안,승용,남,37세,상해없음,화물,남,64세,경상
2013063000100212,2013년 6월 30일 11시,일요일,전라남도 순천시 조례동,중상사고,0,1,0,0,차대차 - 기타,안전운전불이행,건조,맑음,교차로 - 교차로부근,승용,남,54세,상해없음,자전거,남,25세,중상
2013063000100213,2013년 6월 30일 11시,일요일,전라남도 화순군 화순읍,경상사고,0,0,1,0,차대차 - 측면직각충돌,안전거리미확보,건조,맑음,단일로 - 기타,승용,여,40세,상해없음,승용,남,49세,상해없음
2013063000100322,2013년 6월 30일 15시,일요일,전라남도 순천시 조례동,경상사고,0,0,1,0,차대차 - 측면직각충돌,교차로운행방법위반,건조,맑음,교차로 - 교차로부근,승용,여,46세,상해없음,승용,남,64세,경상