사고번호,사고일시,요일,시군구,사고내용,사망자수,중상자수,경상자수,부상신고자수,사고유형,법규위반,노면상태,기상상태,도로형태,가해운전자 차종,가해운전자 성별,가해운전자 연령,가해운전자 상해정도,피해운전자 차종,피해운전자 성별,피해운전자 연령,피해운전자 상해정도
2013071000100403,2013년 7월 10일 18시,수요일,전라남도 무안군 삼향읍,중상사고,0,1,0,0,차대사람 - 기타,보행자보호의무위반,건조,맑음,교차로 - 교차로부근,승용,여,55세,상해없음,보행자,남,9세,중상
2013071000100433,2013년 7월 10일 19시,수요일,전라남도 목포시 호남동,경상사고,0,0,1,0,차대사람 - 횡단중,안전운전불이행,건조,맑음,교차로 - 교차로안,승용,여,47세,상해없음,보행자,남,60세,경상
2013071000100434,2013년 7월 10일 19시,수요일,전라남도 해남군 문내면,경상사고,0,0,7,0,차대차 - 측면직각충돌,중앙선침범,건조,맑음,단일로 - 기타,화물,남,70세,상해없음,승합,남,30세,경상
2013071000100435,2013년 7월 10일 19시,수요일,전라남도 장성군 장성읍,경상사고,0,0,1,0,차대사람 - 차도통행중,안전운전불이행,건조,맑음,단일로 - 기타,승용,남,45세,상해없음,보행자,남,40세,경상
2013071000100460,2013년 7월 10일 20시,수요일,전라남도 화순군 화순읍,중상사고,0,1,0,0,차대사람 - 차도통행중,안전운전불이행,건조,맑음,단일로 - 기타,원동기,남,16세,상해없음,보행자,남,73세,중상
2013071000100461,2013년 7월 10일 20시,수요일,전라남도 광양시 중동,경상사고,0,0,1,0,차대사람 - 길가장자리구역통행중,안전운전불이행,건조,맑음,단일로 - 기타,승용,남,52세,상해없음,보행자,남,54세,경상
2013071000100494,2013년 7월 10일 21시,수요일,전라남도 순천시 서면,경상사고,0,0,1,0,차대차 - 기타,안전거리미확보,건조,맑음,교차로 - 교차로부근,승용,남,42세,상해없음,승용,남,41세,경상
2013071100100013,2013년 7월 11일 00시,목요일,전라남도 여수시 신기동,중상사고,0,2,1,0,차대차 - 추돌 - 진행중,안전운전불이행,건조,맑음,단일로 - 기타,승용,남,46세,중상,승합,남,55세,중상
2013071100100014,2013년 7월 11일 00시,목요일,전라남도 순천시 용당동,경상사고,0,0,1,0,차대차 - 기타,직진우회전진행방해,건조,맑음,교차로 - 교차로안,승용,남,37세,상해없음,승용,남,26세,경상
2013071100100078,2013년 7월 11일 06시,목요일,전라남도 목포시 산정동,경상사고,0,0,2,0,차대차 - 측면직각충돌,안전운전불이행,건조,맑음,교차로 - 교차로안,승용,남,26세,상해없음,승용,여,40세,경상
2013071100100079,2013년 7월 11일 06시,목요일,전라남도 나주시 문평면,경상사고,0,0,1,0,차량단독 - 공작물충돌,안전운전불이행,건조,맑음,단일로 - 기타,승용,남,35세,경상,,,,
2013071100100154,2013년 7월 11일 09시,목요일,전라남도 나주시 송월동,경상사고,0,0,1,0,차대차 - 측면직각충돌,직진우회전진행방해,건조,맑음,교차로 - 교차로안,승용,남,54세,상해없음,승용,여,31세,경상
2013071100100213,2013년 7월 11일 12시,목요일,전라남도 순천시 별량면,경상사고,0,0,2,0,차대차 - 기타,안전운전불이행,건조,맑음,단일로 - 기타,승용,남,46세,상해없음,승용,남,61세,상해없음
2013071100100214,2013년 7월 11일 12시,목요일,전라남도 장흥군 관산읍,중상사고,0,4,0,0,차대차 - 정면충돌,중앙선침범,건조,맑음,단일로 - 기타,승용,남,29세,중상,화물,남,61세,중상
2013071100100259,2013년 7월 11일 14시,목요일,전라남도 순천시 해룡면,중상사고,0,1,0,0,차대차 - 측면직각충돌,안전운전불이행,건조,맑음,교차로 - 교차로안,승용,남,37세,상해없음,승용,여,51세,중상
2013071100100293,2013년 7월 11일 15시,목요일,전라남도 순천시 조례동,경상사고,0,0,2,0,차대차 - 기타,신호위반,건조,맑음,교차로 - 교차로안,승용,여,47세,경상,승용,남,53세,경상
2013071100100319,2013년 7월 11일 16시,목요일,전라남도 강진군 강진읍,경상사고,0,0,1,0,차대사람 - 횡단중,보행자보호의무위반,건조,맑음,단일로 - 기타,승용,여,32세,상해없음,보행자,여,51세,경상
2013071100100320,2013년 7월 11일 16시,목요일,전라남도 무안군 현경면,경상사고,0,0,1,0,차대차 - 추돌 - 진행중,안전운전불이행,건조,맑음,교차로 - 교차로부근,승용,남,68세,상해없음,승용,남,63세,경상
2013071100100350,2013년 7월 11일 17시,목요일,전라남도 여수시 교동,중상사고,0,1,0,0,차대사람 - 횡단중,보행자보호의무위반,건조,맑음,단일로 - 기타,화물,남,62세,상해없음,보행자,남,74세,중상
2013071100100351,2013년 7월 11일 17시,목요일,전라남도 순천시 낙안면,중상사고,0,1,0,0,차대차 - 기타,교차로운행방법위반,건조,맑음,교차로 - 교차로안,원동기,남,59세,중상,승용,남,34세,상해없음
2013071100100388,2013년 7월 11일 18시,목요일,전라남도 목포시 용당동,경상사고,0,0,1,0,차대차 - 측면직각충돌,중앙선침범,건조,맑음,교차로 - 교차로부근,승용,남,63세,상해없음,이륜,남,19세,경상
2013071100100389,2013년 7월 11일 18시,목요일,전라남도 순천시 서면,경상사고,0,0,2,0,차대차 - 기타,안전운전불이행,건조,맑음,교차로 - 교차로안,승용,여,46세,기타불명,승용,남,54세,경상
2013071100100390,2013년 7월 11일 18시,목요일,전라남도 고흥군 금산면,중상사고,0,1,0,0,차량단독 - 기타,안전운전불이행,건조,맑음,단일로 - 기타,원동기,남,47세,중상,,,,
2013071100100391,2013년 7월 11일 18시,목요일,전라남도 광양시 광양읍,경상사고,0,0,1,0,차대사람 - 차도통행중,안전운전불이행,기타,맑음,단일로 - 기타,이륜,남,73세,상해없음,보행자,여,31세,경상
2013071100100392,2013년 7월 11일 18시,목요일,전라남도 광양시 광양읍,경상사고,0,0,1,0,차대차 - 측면직각충돌,직진우회전진행방해,건조,맑음,교차로 - 교차로안,승용,남,38세,상해없음,승용,여,41세,경상
2013071100100428,2013년 7월 11일 19시,목요일,전라남도 신안군 지도읍,경상사고,0,0,1,0,차대차 - 측면직각충돌,직진우회전진행방해,건조,맑음,교차로 - 교차로안,이륜,남,70세,경상,화물,남,66세,상해없음
2013071100100456,2013년 7월 11일 20시,목요일,전라남도 고흥군 도양읍,사망사고,1,0,0,0,차대사람 - 기타,안전운전불이행,건조,맑음,단일로 - 기타,승용,남,26세,상해없음,보행자,남,49세,사망
2013071100100482,2013년 7월 11일 21시,목요일,전라남도 여수시 율촌면,중상사고,0,1,0,0,차대사람 - 횡단중,안전운전불이행,건조,맑음,교차로 - 교차로안,승용,남,33세,상해없음,보행자,여,66세,중상
2013071100100509,2013년 7월 11일 22시,목요일,전라남도 목포시 상동,경상사고,0,0,1,0,차대차 - 추돌 - 주정차중,안전운전불이행,건조,맑음,교차로 - 교차로부근,승용,여,34세,상해없음,승용,남,51세,경상
2013071100100510,2013년 7월 11일 22시,목요일,전라남도 고흥군 동강면,경상사고,0,0,1,0,차대차 - 측면직각충돌,안전운전불이행,건조,맑음,단일로 - 기타,화물,남,50세,상해없음,승용,남,29세,경상
2013071100100539,2013년 7월 11일 23시,목요일,전라남도 목포시 상동,중상사고,0,1,1,0,차대차 - 측면직각충돌,안전운전불이행,건조,맑음,교차로 - 교차로안,승용,남,56세,경상,승용,남,41세,중상
2013071100100540,2013년 7월 11일 23시,목요일,전라남도 순천시 풍덕동,경상사고,0,0,1,0,차대사람 - 기타,안전운전불이행,건조,맑음,단일로 - 기타,승용,여,27세,상해없음,보행자,남,49세,경상
2013071200100010,2013년 7월 12일 00시,금요일,전라남도 여수시 학동,경상사고,0,0,1,0,차대차 - 추돌 - 주정차중,안전운전불이행,건조,맑음,교차로 - 교차로부근,승용,남,32세,상해없음,승용,남,57세,경상
2013071200100011,2013년 7월 12일 00시,금요일,전라남도 광양시 금호동,중상사고,0,2,2,0,차대차 - 측면직각충돌,교차로운행방법위반,건조,맑음,교차로 - 교차로안,승용,남,25세,중상,승용,남,50세,경상
2013071200100030,2013년 7월 12일 01시,금요일,전라남도 순천시 조례동,경상사고,0,0,2,0,차대차 - 추돌 - 진행중,안전운전불이행,건조,맑음,교차로 - 교차로안,승용,남,28세,상해없음,승용,남,40세,경상
2013071200100054,2013년 7월 12일 04시,금요일,전라남도 여수시 신기동,경상사고,0,0,1,0,차대사람 - 횡단중,신호위반,건조,맑음,교차로 - 교차로안,화물,남,53세,상해없음,보행자,여,53세,경상
2013071200100063,2013년 7월 12일 05시,금요일,전라남도 영암군 군서면,사망사고,1,0,0,0,차량단독 - 도로외이탈 - 추락,안전운전불이행,건조,맑음,단일로 - 기타,승용,남,48세,사망,,,,
2013071200100103,2013년 7월 12일 07시,금요일,전라남도 여수시 봉산동,중상사고,0,1,0,0,차대차 - 기타,신호위반,건조,맑음,교차로 - 교차로안,승용,남,29세,상해없음,이륜,남,56세,중상
2013071200100104,2013년 7월 12일 07시,금요일,전라남도 여수시 교동,중상사고,0,1,0,0,차대사람 - 기타,안전운전불이행,건조,맑음,단일로 - 기타,자전거,여,55세,상해없음,보행자,여,89세,중상
2013071200100180,2013년 7월 12일 09시,금요일,전라남도 여수시 소호동,중상사고,0,1,1,0,차대차 - 측면직각충돌,교차로운행방법위반,건조,맑음,교차로 - 교차로안,승합,남,62세,상해없음,승용,남,64세,경상
2013071200100181,2013년 7월 12일 09시,금요일,전라남도 나주시 대호동,중상사고,0,1,3,0,차대차 - 추돌 - 주정차중,안전운전불이행,건조,맑음,교차로 - 교차로안,승용,여,44세,경상,승용,여,32세,중상
2013071200100182,2013년 7월 12일 09시,금요일,전라남도 무안군 일로읍,중상사고,0,1,0,0,차대차 - 정면충돌,안전운전불이행,건조,맑음,단일로 - 기타,승용,남,60세,상해없음,이륜,남,54세,중상
2013071200100183,2013년 7월 12일 09시,금요일,전라남도 진도군 진도읍,경상사고,0,0,1,0,차대사람 - 기타,안전운전불이행,기타,기타,기타 - 기타,승용,남,72세,상해없음,보행자,여,72세,경상
2013071200100202,2013년 7월 12일 10시,금요일,전라남도 순천시 서면,사망사고,1,0,0,0,차대차 - 측면직각충돌,신호위반,건조,맑음,교차로 - 교차로안,건설기계,남,42세,상해없음,이륜,남,81세,사망
2013071200100230,2013년 7월 12일 11시,금요일,전라남도 목포시 용해동,경상사고,0,0,1,0,차대차 - 기타,안전운전불이행,건조,맑음,교차로 - 교차로안,승용,남,43세,상해없음,승용,여,38세,경상
2013071200100231,2013년 7월 12일 11시,금요일,전라남도 순천시 석현동,중상사고,0,1,0,0,차대차 - 기타,안전운전불이행,건조,맑음,교차로 - 교차로부근,승합,남,44세,상해없음,원동기,남,79세,중상
2013071200100232,2013년 7월 12일 11시,금요일,전라남도 장흥군 장동면,중상사고,0,2,0,0,차량단독 - 도로외이탈 - 추락,안전운전불이행,건조,맑음,교차로 - 교차로안,화물,남,74세,상해없음,,,,
2013071200100263,2013년 7월 12일 12시,금요일,전라남도 목포시 산정동,경상사고,0,0,2,0,차대차 - 기타,신호위반,건조,맑음,교차로 - 교차로안,승용,남,59세,경상,화물,남,30세,경상
2013071200100264,2013년 7월 12일 12시,금요일,전라남도 화순군 청풍면,중상사고,0,4,1,0,차대차 - 정면충돌,중앙선침범,건조,맑음,단일로 - 기타,승용,남,53세,중상,승용,남,63세,중상
2013071200100295,2013년 7월 12일 13시,금요일,전라남도 완도군 노화읍,경상사고,0,0,1,0,차대차 - 추돌 - 진행중,안전운전불이행,건조,맑음,단일로 - 기타,승용,여,27세,상해없음,승용,남,69세,경상
2013071200100322,2013년 7월 12일 14시,금요일,전라남도 고흥군 도양읍,중상사고,0,1,0,0,차대차 - 측면직각충돌,안전운전불이행,건조,맑음,교차로 - 교차로안,화물,여,50세,상해없음,이륜,남,68세,중상
2013071200100323,2013년 7월 12일 14시,금요일,전라남도 담양군 담양읍,경상사고,0,0,1,0,차대차 - 측면직각충돌,안전운전불이행,건조,맑음,교차로 - 교차로안,승용,남,77세,상해없음,승용,남,55세,경상
2013071200100371,2013년 7월 12일 16시,금요일,전라남도 목포시 상동,경상사고,0,0,1,0,차대차 - 기타,안전운전불이행,건조,맑음,교차로 - 교차로안,자전거,남,11세,경상,승용,여,60세,상해없음
2013071200100372,2013년 7월 12일 16시,금요일,전라남도 해남군 문내면,경상사고,0,0,1,0,차대차 - 측면직각충돌,교차로운행방법위반,건조,맑음,교차로 - 교차로안,승합,남,53세,상해없음,승합,남,27세,경상
2013071200100402,2013년 7월 12일 17시,금요일,전라남도 순천시 풍덕동,경상사고,0,0,2,0,차대차 - 측면직각충돌,교차로운행방법위반,건조,맑음,교차로 - 교차로안,승용,남,51세,상해없음,승용,여,43세,경상
2013071200100403,2013년 7월 12일 17시,금요일,전라남도 광양시 진상면,중상사고,0,1,3,0,차량단독 - 기타,안전운전불이행,건조,맑음,단일로 - 기타,승합,남,59세,경상,,,,
2013071200100437,2013년 7월 12일 18시,금요일,전라남도 순천시 낙안면,중상사고,0,1,1,0,차대사람 - 기타,안전운전불이행,건조,맑음,기타 - 기타,승용,남,44세,상해없음,보행자,여,35세,상해없음
2013071200100438,2013년 7월 12일 18시,금요일,전라남도 순천시 장천동,중상사고,0,1,0,0,차대차 - 기타,안전운전불이행,건조,맑음,단일로 - 기타,승용,남,60세,상해없음,원동기,남,21세,중상
2013071200100439,2013년 7월 12일 18시,금요일,전라남도 영암군 삼호읍,경상사고,0,0,2,0,차대차 - 측면직각충돌,신호위반,건조,맑음,교차로 - 교차로안,승용,남,24세,경상,승용,여,27세,경상
2013071200100476,2013년 7월 12일 19시,금요일,전라남도 광양시 중동,경상사고,0,0,1,0,차대차 - 측면직각충돌,신호위반,건조,맑음,교차로 - 교차로안,승용,남,51세,기타불명,화물,여,41세,경상
2013071200100520,2013년 7월 12일 20시,금요일,전라남도 영암군 삼호읍,중상사고,0,1,1,0,차대차 - 측면직각충돌,신호위반,건조,맑음,교차로 - 교차로안,승용,남,52세,중상,승용,남,35세,경상
2013071200100565,2013년 7월 12일 21시,금요일,전라남도 여수시 여서동,중상사고,0,1,0,0,차대차 - 측면직각충돌,교차로운행방법위반,기타,맑음,교차로 - 교차로안,승용,남,44세,상해없음,원동기,남,18세,중상
2013071200100610,2013년 7월 12일 22시,금요일,전라남도 나주시 금계동,경상사고,0,0,1,0,차대차 - 측면직각충돌,안전운전불이행,건조,맑음,단일로 - 기타,승용,남,70세,상해없음,승용,남,52세,경상
2013071200100611,2013년 7월 12일 22시,금요일,전라남도 해남군 북일면,중상사고,0,1,0,1,차량단독 - 전도전복,안전운전불이행,건조,맑음,단일로 - 기타,이륜,남,51세,부상신고,,,,
2013071200100655,2013년 7월 12일 23시,금요일,전라남도 여수시 서교동,경상사고,0,0,5,0,차대차 - 측면직각충돌,신호위반,건조,맑음,교차로 - 교차로안,이륜,남,18세,상해없음,승용,남,28세,경상
2013071300100027,2013년 7월 13일 00시,토요일,전라남도 순천시 조례동,중상사고,0,1,0,0,차대사람 - 기타,안전운전불이행,건조,맑음,교차로 - 교차로안,승용,남,38세,상해없음,보행자,남,43세,중상
2013071300100124,2013년 7월 13일 03시,토요일,전라남도 순천시 조례동,중상사고,0,1,1,0,차대사람 - 차도통행중,안전운전불이행,건조,맑음,단일로 - 기타,승용,여,28세,상해없음,보행자,여,36세,중상
2013071300100139,2013년 7월 13일 04시,토요일,전라남도 순천시 해룡면,경상사고,0,0,1,0,차대차 - 기타,교차로운행방법위반,건조,맑음,교차로 - 교차로안,승용,여,38세,상해없음,승용,남,55세,경상
2013071300100153,2013년 7월 13일 05시,토요일,전라남도 무안군 청계면,중상사고,0,1,0,0,차량단독 - 도로외이탈 - 추락,안전운전불이행,건조,맑음,단일로 - 기타,화물,남,55세,중상,,,,
2013071300100188,2013년 7월 13일 07시,토요일,전라남도 목포시 상동,경상사고,0,0,1,0,차대차 - 추돌 - 주정차중,안전거리미확보,건조,맑음,단일로 - 기타,화물,남,47세,상해없음,승용,남,58세,경상
2013071300100189,2013년 7월 13일 07시,토요일,전라남도 목포시 산정동,중상사고,0,1,1,0,차대차 - 기타,신호위반,건조,맑음,교차로 - 교차로안,승용,남,76세,상해없음,승용,남,37세,경상
2013071300100190,2013년 7월 13일 07시,토요일,전라남도 화순군 화순읍,경상사고,0,0,2,0,차대차 - 추돌 - 주정차중,안전운전불이행,건조,맑음,교차로 - 교차로부근,화물,남,42세,상해없음,화물,남,47세,경상
2013071300100191,2013년 7월 13일 07시,토요일,전라남도 영암군 삼호읍,중상사고,0,1,0,0,차대차 - 측면직각충돌,신호위반,건조,맑음,교차로 - 교차로안,특수,남,49세,상해없음,승용,여,43세,중상
2013071300100233,2013년 7월 13일 09시,토요일,전라남도 영광군 영광읍,경상사고,0,0,1,0,차대차 - 측면직각충돌,중앙선침범,건조,맑음,단일로 - 기타,승용,남,44세,상해없음,승용,여,31세,경상
2013071300100234,2013년 7월 13일 09시,토요일,전라남도 광양시 광양읍,중상사고,0,1,0,0,차대차 - 측면직각충돌,중앙선침범,건조,맑음,단일로 - 횡단보도상,이륜,남,74세,중상,승용,여,45세,상해없음
2013071300100235,2013년 7월 13일 09시,토요일,전라남도 구례군 구례읍,중상사고,0,1,0,0,차대차 - 측면직각충돌,안전운전불이행,건조,맑음,교차로 - 교차로안,화물,남,45세,기타불명,원동기,여,65세,중상
2013071300100269,2013년 7월 13일 10시,토요일,전라남도 여수시 둔덕동,중상사고,0,1,0,0,차량단독 - 공작물충돌,안전운전불이행,건조,맑음,단일로 - 기타,승용,남,29세,상해없음,,,,
2013071300100270,2013년 7월 13일 10시,토요일,전라남도 나주시 삼영동,경상사고,0,0,1,0,차대차 - 기타,중앙선침범,건조,맑음,교차로 - 교차로부근,승용,여,32세,경상,화물,남,31세,상해없음
2013071300100271,2013년 7월 13일 10시,토요일,전라남도 영광군 홍농읍,중상사고,0,1,0,0,차대차 - 측면직각충돌,교차로운행방법위반,건조,맑음,교차로 - 교차로안,화물,남,47세,상해없음,원동기,남,75세,중상
2013071300100272,2013년 7월 13일 10시,토요일,전라남도 담양군 담양읍,사망사고,1,0,0,0,차대차 - 기타,안전운전불이행,건조,맑음,교차로 - 교차로안,승합,남,50세,상해없음,자전거,남,76세,사망
2013071300100273,2013년 7월 13일 10시,토요일,전라남도 진도군 군내면,경상사고,0,0,3,0,차대차 - 측면직각충돌,중앙선침범,건조,맑음,단일로 - 기타,승용,여,39세,경상,승용,여,29세,경상
2013071300100298,2013년 7월 13일 11시,토요일,전라남도 강진군 마량면,중상사고,0,1,0,0,차대차 - 측면직각충돌,안전운전불이행,건조,맑음,기타 - 기타,농기계,여,62세,중상,승합,남,46세,상해없음
2013071300100299,2013년 7월 13일 11시,토요일,전라남도 광양시 금호동,경상사고,0,0,1,0,차대차 - 측면직각충돌,교차로운행방법위반,건조,맑음,교차로 - 교차로안,승용,남,47세,상해없음,승용,여,26세,경상
2013071300100341,2013년 7월 13일 12시,토요일,전라남도 목포시 용당동,경상사고,0,0,2,0,차대차 - 추돌 - 진행중,안전운전불이행,건조,맑음,교차로 - 교차로부근,승용,남,43세,상해없음,승용,남,34세,경상
2013071300100342,2013년 7월 13일 12시,토요일,전라남도 나주시 남평읍,중상사고,0,1,0,0,차대차 - 기타,교차로운행방법위반,건조,맑음,교차로 - 교차로안,승용,남,26세,중상,화물,남,47세,상해없음
2013071300100377,2013년 7월 13일 13시,토요일,전라남도 여수시 주삼동,중상사고,0,1,0,0,차대차 - 추돌 - 주정차중,안전운전불이행,건조,맑음,단일로 - 기타,화물,남,63세,상해없음,원동기,남,48세,중상
2013071300100378,2013년 7월 13일 13시,토요일,전라남도 순천시 동외동,경상사고,0,0,2,0,차대차 - 기타,안전운전불이행,건조,맑음,교차로 - 교차로안,승용,여,50세,상해없음,승용,여,35세,경상
2013071300100418,2013년 7월 13일 14시,토요일,전라남도 보성군 웅치면,부상신고사고,0,0,0,1,차량단독 - 전도전복,기타,건조,맑음,단일로 - 기타,기타불명,남,74세,부상신고,,,,
2013071300100419,2013년 7월 13일 14시,토요일,전라남도 광양시 광양읍,경상사고,0,0,2,0,차대차 - 측면직각충돌,직진우회전진행방해,건조,맑음,교차로 - 교차로안,승용,남,51세,경상,승용,남,62세,상해없음
2013071300100420,2013년 7월 13일 14시,토요일,전라남도 광양시 옥곡면,경상사고,0,0,4,1,차대차 - 측면직각충돌,신호위반,건조,맑음,교차로 - 교차로안,승용,남,27세,부상신고,승용,남,44세,경상
2013071300100444,2013년 7월 13일 15시,토요일,전라남도 여수시 소라면,경상사고,0,0,2,0,차대차 - 기타,안전운전불이행,건조,맑음,단일로 - 기타,승용,여,40세,상해없음,화물,남,37세,경상
2013071300100477,2013년 7월 13일 16시,토요일,전라남도 영암군 덕진면,경상사고,0,0,6,0,차대차 - 측면직각충돌,직진우회전진행방해,건조,맑음,교차로 - 교차로안,승용,남,57세,경상,승용,남,53세,경상
2013071300100504,2013년 7월 13일 17시,토요일,전라남도 신안군 안좌면,경상사고,0,0,1,0,차대차 - 측면직각충돌,안전운전불이행,건조,맑음,교차로 - 교차로안,이륜,남,14세,경상,화물,남,63세,상해없음
2013071300100505,2013년 7월 13일 17시,토요일,전라남도 순천시 조례동,중상사고,0,2,0,0,차대차 - 측면직각충돌,중앙선침범,건조,맑음,단일로 - 기타,화물,남,45세,상해없음,승합,남,49세,상해없음
2013071300100506,2013년 7월 13일 17시,토요일,전라남도 나주시 남평읍,경상사고,0,0,3,0,차대차 - 측면직각충돌,직진우회전진행방해,건조,맑음,교차로 - 교차로안,승용,남,38세,상해없음,승용,여,56세,경상
2013071300100507,2013년 7월 13일 17시,토요일,전라남도 광양시 마동,중상사고,0,1,0,0,차대차 - 추돌 - 진행중,안전운전불이행,건조,맑음,단일로 - 기타,승용,여,44세,상해없음,이륜,남,59세,중상
2013071300100508,2013년 7월 13일 17시,토요일,전라남도 구례군 구례읍,중상사고,0,1,2,0,차대차 - 측면직각충돌,교차로운행방법위반,건조,맑음,교차로 - 교차로안,승용,여,37세,상해없음,화물,남,55세,상해없음
2013071300100532,2013년 7월 13일 18시,토요일,전라남도 목포시 석현동,경상사고,0,0,1,0,차대차 - 기타,안전운전불이행,건조,맑음,교차로 - 교차로부근,승용,남,49세,상해없음,승용,여,33세,경상
2013071300100533,2013년 7월 13일 18시,토요일,전라남도 여수시 돌산읍,부상신고사고,0,0,0,1,차량단독 - 공작물충돌,안전운전불이행,건조,맑음,교차로 - 교차로부근,승용,남,55세,부상신고,,,,
2013071300100534,2013년 7월 13일 18시,토요일,전라남도 나주시 봉황면,중상사고,0,1,0,0,차대사람 - 횡단중,안전운전불이행,건조,맑음,기타 - 기타,화물,남,46세,상해없음,보행자,여,70세,중상
2013071300100535,2013년 7월 13일 18시,토요일,전라남도 함평군 학교면,경상사고,0,0,1,0,차대차 - 측면직각충돌,안전거리미확보,건조,맑음,단일로 - 기타,건설기계,남,63세,상해없음,승용,남,31세,경상
2013071300100536,2013년 7월 13일 18시,토요일,전라남도 함평군 학교면,경상사고,0,0,5,0,차대차 - 추돌 - 진행중,안전운전불이행,건조,맑음,교차로 - 교차로안,승용,여,40세,경상,화물,남,52세,경상
2013071300100574,2013년 7월 13일 19시,토요일,전라남도 영광군 묘량면,경상사고,0,0,7,0,차대차 - 측면직각충돌,교차로운행방법위반,건조,맑음,교차로 - 교차로안,승용,여,58세,상해없음,승합,남,52세,경상
2013071300100602,2013년 7월 13일 20시,토요일,전라남도 목포시 용당동,경상사고,0,0,4,0,차대차 - 측면직각충돌,안전운전불이행,건조,맑음,교차로 - 교차로안,승용,남,28세,경상,승용,남,21세,경상
2013071300100603,2013년 7월 13일 20시,토요일,전라남도 강진군 군동면,경상사고,0,0,1,0,차대차 - 측면직각충돌,신호위반,건조,맑음,교차로 - 교차로안,승용,여,54세,상해없음,화물,남,40세,경상
2013071300100659,2013년 7월 13일 22시,토요일,전라남도 담양군 봉산면,중상사고,0,1,0,0,차대차 - 기타,안전운전불이행,건조,맑음,단일로 - 기타,승용,남,58세,상해없음,자전거,남,78세,중상
2013071400100019,2013년 7월 14일 00시,일요일,전라남도 광양시 진상면,경상사고,0,0,1,0,차량단독 - 공작물충돌,안전운전불이행,습기,맑음,교차로 - 교차로안,승용,남,30세,상해없음,,,,
2013071400100057,2013년 7월 14일 02시,일요일,전라남도 순천시 조곡동,경상사고,0,0,2,0,차대차 - 측면직각충돌,안전거리미확보,건조,맑음,단일로 - 기타,승용,남,22세,경상,승용,남,24세,경상
2013071400100069,2013년 7월 14일 03시,일요일,전라남도 완도군 신지면,경상사고,0,0,1,0,차대사람 - 기타,안전운전불이행,건조,맑음,단일로 - 기타,기타불명,기타불명,기타불명,기타불명,보행자,남,34세,경상
2013071400100190,2013년 7월 14일 11시,일요일,전라남도 목포시 옥암동,경상사고,0,0,1,0,차대차 - 기타,신호위반,건조,맑음,교차로 - 교차로안,화물,남,60세,상해없음,이륜,남,36세,경상
2013071400100204,2013년 7월 14일 12시,일요일,전라남도 고흥군 도화면,경상사고,0,0,1,0,차대차 - 기타,안전운전불이행,건조,맑음,교차로 - 교차로안,화물,남,62세,상해없음,자전거,남,11세,경상
2013071400100205,2013년 7월 14일 12시,일요일,전라남도 화순군 동면,경상사고,0,0,5,0,차대차 - 측면직각충돌,안전운전불이행,건조,맑음,단일로 - 기타,승용,여,49세,경상,승용,남,42세,경상
2013071400100206,2013년 7월 14일 12시,일요일,전라남도 담양군 담양읍,중상사고,0,2,3,0,차대차 - 측면직각충돌,안전운전불이행,건조,맑음,교차로 - 교차로안,승용,남,61세,경상,승용,남,57세,중상
2013071400100249,2013년 7월 14일 14시,일요일,전라남도 순천시 저전동,경상사고,0,0,2,0,차대차 - 기타,안전운전불이행,습기,맑음,교차로 - 교차로안,승용,남,28세,상해없음,승용,남,37세,경상
2013071400100250,2013년 7월 14일 14시,일요일,전라남도 장성군 진원면,경상사고,0,0,1,1,차대차 - 측면직각충돌,교차로운행방법위반,건조,맑음,교차로 - 교차로안,승용,여,43세,부상신고,승용,여,65세,경상
2013071400100283,2013년 7월 14일 15시,일요일,전라남도 무안군 삼향읍,중상사고,0,1,0,0,차대차 - 측면직각충돌,안전운전불이행,건조,맑음,교차로 - 교차로안,승용,여,44세,상해없음,이륜,남,18세,중상
2013071400100333,2013년 7월 14일 17시,일요일,전라남도 영암군 영암읍,중상사고,0,1,0,0,차대차 - 측면직각충돌,안전운전불이행,건조,맑음,단일로 - 기타,이륜,남,70세,중상,승합,남,61세,상해없음
2013071400100365,2013년 7월 14일 18시,일요일,전라남도 무안군 삼향읍,경상사고,0,0,1,0,차대차 - 추돌 - 진행중,안전운전불이행,건조,맑음,교차로 - 교차로부근,화물,남,52세,상해없음,승용,남,37세,경상
2013071400100390,2013년 7월 14일 19시,일요일,전라남도 나주시 중앙동,경상사고,0,0,2,0,차대차 - 측면직각충돌,안전운전불이행,건조,맑음,교차로 - 교차로안,원동기,남,19세,경상,승용,남,40세,상해없음
2013071400100391,2013년 7월 14일 19시,일요일,전라남도 함평군 함평읍,경상사고,0,0,1,0,차대차 - 측면직각충돌,직진우회전진행방해,습기,흐림,교차로 - 교차로안,승용,여,40세,경상,화물,남,45세,상해없음
2013071400100392,2013년 7월 14일 19시,일요일,전라남도 광양시 태인동,경상사고,0,0,1,0,차량단독 - 공작물충돌,안전운전불이행,건조,맑음,단일로 - 기타,승합,남,59세,경상,,,,
2013071400100443,2013년 7월 14일 21시,일요일,전라남도 장흥군 회진면,경상사고,0,0,1,0,차대사람 - 길가장자리구역통행중,안전운전불이행,건조,맑음,교차로 - 교차로부근,승합,남,43세,상해없음,보행자,여,60세,경상
2013071400100500,2013년 7월 14일 23시,일요일,전라남도 신안군 안좌면,중상사고,0,1,0,0,차량단독 - 기타,안전운전불이행,건조,맑음,단일로 - 기타,자전거,남,56세,중상,,,,