사고번호,사고일시,요일,시군구,사고내용,사망자수,중상자수,경상자수,부상신고자수,사고유형,법규위반,노면상태,기상상태,도로형태,가해운전자 차종,가해운전자 성별,가해운전자 연령,가해운전자 상해정도,피해운전자 차종,피해운전자 성별,피해운전자 연령,피해운전자 상해정도
2013071500100008,2013년 7월 15일 00시,월요일,전라남도 목포시 용당동,사망사고,1,0,0,0,차대사람 - 횡단중,안전운전불이행,건조,맑음,단일로 - 기타,승용,남,29세,상해없음,보행자,남,40세,사망
2013071500100077,2013년 7월 15일 07시,월요일,전라남도 여수시 신기동,경상사고,0,0,1,0,차대차 - 측면직각충돌,신호위반,건조,맑음,교차로 - 교차로안,승용,남,73세,상해없음,승용,남,52세,경상
2013071500100078,2013년 7월 15일 07시,월요일,전라남도 나주시 산포면,경상사고,0,0,3,0,차대차 - 측면직각충돌,교차로운행방법위반,건조,맑음,교차로 - 교차로안,승용,남,56세,경상,화물,남,37세,경상
2013071500100079,2013년 7월 15일 07시,월요일,전라남도 장흥군 부산면,중상사고,0,1,1,0,차대차 - 측면직각충돌,안전운전불이행,건조,맑음,단일로 - 기타,승합,남,61세,중상,화물,남,53세,경상
2013071500100080,2013년 7월 15일 07시,월요일,전라남도 광양시 금호동,경상사고,0,0,3,0,차대차 - 추돌 - 주정차중,안전운전불이행,건조,맑음,단일로 - 기타,건설기계,남,58세,상해없음,승용,남,49세,상해없음
2013071500100126,2013년 7월 15일 08시,월요일,전라남도 순천시 조곡동,중상사고,0,1,0,0,차대사람 - 횡단중,안전운전불이행,건조,맑음,단일로 - 기타,승합,남,52세,상해없음,보행자,남,83세,중상
2013071500100127,2013년 7월 15일 08시,월요일,전라남도 나주시 대호동,경상사고,0,0,1,0,차대사람 - 횡단중,안전운전불이행,건조,맑음,교차로 - 교차로안,승용,여,22세,상해없음,보행자,남,22세,경상
2013071500100128,2013년 7월 15일 08시,월요일,전라남도 해남군 화원면,경상사고,0,0,4,0,차대차 - 추돌 - 진행중,안전운전불이행,건조,맑음,교차로 - 교차로부근,화물,남,57세,상해없음,승용,남,60세,경상
2013071500100187,2013년 7월 15일 10시,월요일,전라남도 해남군 해남읍,경상사고,0,0,2,0,차대차 - 측면직각충돌,안전거리미확보,건조,맑음,단일로 - 기타,화물,남,74세,경상,승용,여,53세,경상
2013071500100188,2013년 7월 15일 10시,월요일,전라남도 화순군 화순읍,경상사고,0,0,1,0,차대차 - 측면직각충돌,안전운전불이행,건조,맑음,교차로 - 교차로부근,승용,남,43세,상해없음,승용,남,54세,경상
2013071500100215,2013년 7월 15일 11시,월요일,전라남도 순천시 조곡동,사망사고,1,0,0,0,차대차 - 기타,안전운전불이행,건조,맑음,교차로 - 교차로안,건설기계,남,53세,상해없음,자전거,남,84세,사망
2013071500100242,2013년 7월 15일 12시,월요일,전라남도 고흥군 풍양면,중상사고,0,1,0,0,차대사람 - 기타,안전운전불이행,건조,맑음,단일로 - 기타,특수,남,57세,상해없음,보행자,남,78세,중상
2013071500100243,2013년 7월 15일 12시,월요일,전라남도 해남군 삼산면,경상사고,0,0,1,0,차대차 - 측면직각충돌,교차로운행방법위반,건조,맑음,교차로 - 교차로안,승용,남,65세,상해없음,승용,남,24세,경상
2013071500100244,2013년 7월 15일 12시,월요일,전라남도 무안군 무안읍,중상사고,0,1,1,0,차대차 - 측면직각충돌,안전운전불이행,건조,맑음,교차로 - 교차로안,화물,남,53세,상해없음,승용,남,40세,경상
2013071500100290,2013년 7월 15일 14시,월요일,전라남도 목포시 상동,경상사고,0,0,2,0,차대차 - 추돌 - 주정차중,안전운전불이행,건조,맑음,교차로 - 교차로부근,승용,남,71세,상해없음,승용,남,31세,경상
2013071500100291,2013년 7월 15일 14시,월요일,전라남도 여수시 미평동,경상사고,0,0,1,0,차대차 - 측면직각충돌,안전운전불이행,건조,맑음,단일로 - 기타,화물,남,66세,상해없음,승합,여,47세,경상
2013071500100318,2013년 7월 15일 15시,월요일,전라남도 나주시 금천면,경상사고,0,0,1,0,차대차 - 측면직각충돌,직진우회전진행방해,건조,맑음,교차로 - 교차로안,승용,여,58세,경상,건설기계,남,41세,상해없음
2013071500100347,2013년 7월 15일 16시,월요일,전라남도 목포시 옥암동,경상사고,0,0,1,0,차대차 - 추돌 - 진행중,안전운전불이행,건조,맑음,단일로 - 기타,건설기계,남,58세,상해없음,승용,여,27세,경상
2013071500100348,2013년 7월 15일 16시,월요일,전라남도 여수시 소호동,경상사고,0,0,2,0,차대차 - 추돌 - 주정차중,안전운전불이행,건조,맑음,단일로 - 기타,승용,여,41세,상해없음,승용,여,41세,경상
2013071500100349,2013년 7월 15일 16시,월요일,전라남도 여수시 율촌면,중상사고,0,1,1,0,차대차 - 측면직각충돌,교차로운행방법위반,건조,맑음,교차로 - 교차로안,특수,남,52세,상해없음,승용,남,53세,경상
2013071500100350,2013년 7월 15일 16시,월요일,전라남도 화순군 동복면,경상사고,0,0,3,0,차대차 - 측면직각충돌,중앙선침범,건조,맑음,단일로 - 기타,화물,남,52세,상해없음,승용,남,32세,경상
2013071500100388,2013년 7월 15일 17시,월요일,전라남도 나주시 산포면,경상사고,0,0,2,0,차대차 - 측면직각충돌,직진우회전진행방해,건조,맑음,교차로 - 교차로안,승용,남,63세,경상,화물,남,48세,경상
2013071500100389,2013년 7월 15일 17시,월요일,전라남도 화순군 화순읍,부상신고사고,0,0,0,1,차대사람 - 기타,안전운전불이행,건조,맑음,교차로 - 교차로안,승용,남,38세,상해없음,보행자,남,5세,부상신고
2013071500100459,2013년 7월 15일 19시,월요일,전라남도 순천시 남정동,경상사고,0,0,4,0,차대차 - 기타,안전운전불이행,건조,맑음,단일로 - 기타,화물,남,55세,상해없음,승용,남,56세,경상
2013071500100497,2013년 7월 15일 20시,월요일,전라남도 강진군 강진읍,경상사고,0,0,1,0,차대사람 - 길가장자리구역통행중,안전운전불이행,건조,흐림,단일로 - 기타,이륜,남,61세,상해없음,보행자,여,39세,경상
2013071500100523,2013년 7월 15일 21시,월요일,전라남도 해남군 산이면,경상사고,0,0,2,0,차대차 - 기타,중앙선침범,건조,맑음,단일로 - 기타,승용,남,44세,상해없음,농기계,남,83세,경상
2013071500100550,2013년 7월 15일 22시,월요일,전라남도 나주시 남평읍,경상사고,0,0,1,0,차대차 - 측면직각충돌,직진우회전진행방해,건조,맑음,교차로 - 교차로안,원동기,남,20세,경상,승용,남,55세,상해없음
2013071500100551,2013년 7월 15일 22시,월요일,전라남도 광양시 금호동,경상사고,0,0,1,0,차대차 - 추돌 - 주정차중,안전운전불이행,건조,맑음,교차로 - 교차로부근,승용,남,37세,상해없음,승용,여,42세,상해없음
2013071600100015,2013년 7월 16일 00시,화요일,전라남도 목포시 용당동,경상사고,0,0,1,0,차대차 - 기타,안전운전불이행,건조,기타,단일로 - 기타,승용,남,37세,상해없음,승용,남,57세,경상
2013071600100070,2013년 7월 16일 06시,화요일,전라남도 순천시 별량면,중상사고,0,1,1,0,차대차 - 추돌 - 진행중,안전운전불이행,건조,맑음,단일로 - 기타,승용,남,21세,상해없음,화물,남,67세,경상
2013071600100090,2013년 7월 16일 07시,화요일,전라남도 고흥군 남양면,중상사고,0,1,0,0,차대차 - 기타,안전운전불이행,건조,맑음,단일로 - 기타,원동기,남,78세,중상,승합,여,54세,상해없음
2013071600100091,2013년 7월 16일 07시,화요일,전라남도 해남군 황산면,경상사고,0,0,2,0,차대차 - 추돌 - 진행중,안전운전불이행,건조,맑음,단일로 - 기타,승용,남,34세,상해없음,승용,남,54세,경상
2013071600100092,2013년 7월 16일 07시,화요일,전라남도 영암군 신북면,사망사고,1,0,0,0,차량단독 - 도로외이탈 - 추락,안전운전불이행,건조,맑음,단일로 - 기타,농기계,남,81세,사망,,,,
2013071600100129,2013년 7월 16일 08시,화요일,전라남도 목포시 산정동,중상사고,0,1,0,0,차대차 - 기타,안전운전불이행,건조,기타,교차로 - 교차로부근,승용,여,38세,상해없음,자전거,남,82세,중상
2013071600100130,2013년 7월 16일 08시,화요일,전라남도 여수시 소라면,경상사고,0,0,2,0,차대차 - 측면직각충돌,신호위반,건조,맑음,교차로 - 교차로안,건설기계,남,42세,상해없음,화물,남,43세,경상
2013071600100131,2013년 7월 16일 08시,화요일,전라남도 여수시 율촌면,경상사고,0,0,1,0,차대차 - 측면직각충돌,기타,건조,맑음,교차로 - 교차로안,원동기,남,67세,경상,승용,남,27세,상해없음
2013071600100132,2013년 7월 16일 08시,화요일,전라남도 영암군 삼호읍,경상사고,0,0,2,0,차대차 - 기타,직진우회전진행방해,건조,맑음,교차로 - 교차로안,승용,남,27세,경상,승용,여,38세,경상
2013071600100195,2013년 7월 16일 10시,화요일,전라남도 순천시 별량면,중상사고,0,1,10,0,차대차 - 추돌 - 주정차중,안전운전불이행,건조,맑음,교차로 - 교차로부근,승용,남,61세,중상,승합,남,37세,경상
2013071600100196,2013년 7월 16일 10시,화요일,전라남도 영암군 학산면,경상사고,0,0,2,0,차대차 - 기타,안전운전불이행,건조,맑음,단일로 - 기타,화물,남,61세,상해없음,승용,남,41세,경상
2013071600100197,2013년 7월 16일 10시,화요일,전라남도 무안군 현경면,경상사고,0,0,1,0,차대차 - 추돌 - 주정차중,안전운전불이행,건조,맑음,교차로 - 교차로부근,승합,남,43세,상해없음,화물,남,43세,경상
2013071600100198,2013년 7월 16일 10시,화요일,전라남도 구례군 토지면,부상신고사고,0,0,0,1,차대차 - 측면직각충돌,직진우회전진행방해,건조,맑음,교차로 - 교차로안,승용,여,32세,상해없음,승용,여,61세,부상신고
2013071600100245,2013년 7월 16일 12시,화요일,전라남도 해남군 해남읍,중상사고,0,1,0,0,차대사람 - 기타,안전운전불이행,건조,맑음,단일로 - 기타,승용,여,43세,상해없음,보행자,여,61세,중상
2013071600100269,2013년 7월 16일 13시,화요일,전라남도 목포시 상동,경상사고,0,0,1,0,차대차 - 추돌 - 진행중,안전거리미확보,건조,맑음,교차로 - 교차로부근,승용,남,59세,상해없음,승용,남,40세,경상
2013071600100270,2013년 7월 16일 13시,화요일,전라남도 목포시 상동,경상사고,0,0,2,0,차대차 - 기타,안전거리미확보,건조,맑음,단일로 - 기타,승용,남,78세,상해없음,화물,남,52세,경상
2013071600100271,2013년 7월 16일 13시,화요일,전라남도 순천시 해룡면,경상사고,0,0,2,0,차대차 - 기타,차로위반,건조,맑음,단일로 - 기타,화물,남,68세,상해없음,승용,여,66세,경상
2013071600100307,2013년 7월 16일 14시,화요일,전라남도 담양군 고서면,경상사고,0,0,1,0,차대차 - 추돌 - 진행중,안전거리미확보,건조,맑음,단일로 - 기타,승용,남,48세,상해없음,승용,여,42세,경상
2013071600100336,2013년 7월 16일 15시,화요일,전라남도 여수시 교동,사망사고,1,0,0,0,차대사람 - 횡단중,안전운전불이행,건조,맑음,교차로 - 교차로안,화물,남,54세,상해없음,보행자,남,74세,사망
2013071600100337,2013년 7월 16일 15시,화요일,전라남도 해남군 문내면,경상사고,0,0,1,0,차량단독 - 전도전복,안전운전불이행,건조,맑음,단일로 - 기타,원동기,남,69세,경상,,,,
2013071600100338,2013년 7월 16일 15시,화요일,전라남도 장성군 동화면,경상사고,0,0,1,0,차대차 - 측면직각충돌,교차로운행방법위반,건조,맑음,교차로 - 교차로안,승용,남,60세,경상,승용,남,66세,상해없음
2013071600100339,2013년 7월 16일 15시,화요일,전라남도 강진군 대구면,중상사고,0,1,0,0,차대사람 - 차도통행중,안전운전불이행,건조,맑음,교차로 - 교차로부근,건설기계,남,57세,상해없음,보행자,여,85세,중상
2013071600100371,2013년 7월 16일 16시,화요일,전라남도 목포시 금동1가,경상사고,0,0,1,0,차대사람 - 기타,안전운전불이행,건조,맑음,교차로 - 교차로안,화물,남,24세,상해없음,보행자,여,13세,경상
2013071600100372,2013년 7월 16일 16시,화요일,전라남도 순천시 주암면,중상사고,0,1,1,0,차대차 - 정면충돌,중앙선침범,건조,맑음,단일로 - 기타,승용,남,53세,중상,건설기계,남,53세,경상
2013071600100373,2013년 7월 16일 16시,화요일,전라남도 영암군 덕진면,경상사고,0,0,2,0,차대차 - 추돌 - 진행중,안전거리미확보,건조,맑음,단일로 - 기타,승용,남,30세,경상,화물,남,47세,경상
2013071600100398,2013년 7월 16일 17시,화요일,전라남도 목포시 대양동,중상사고,0,1,0,0,차대사람 - 기타,안전운전불이행,건조,맑음,단일로 - 기타,화물,남,21세,상해없음,보행자,여,80세,중상
2013071600100399,2013년 7월 16일 17시,화요일,전라남도 담양군 담양읍,중상사고,0,1,0,0,차대차 - 추돌 - 주정차중,안전운전불이행,건조,맑음,단일로 - 기타,승용,남,45세,중상,건설기계,남,36세,상해없음
2013071600100433,2013년 7월 16일 18시,화요일,전라남도 순천시 연향동,중상사고,0,1,1,0,차대차 - 측면직각충돌,신호위반,건조,맑음,교차로 - 교차로안,승용,남,45세,상해없음,승용,남,29세,경상
2013071600100434,2013년 7월 16일 18시,화요일,전라남도 순천시 황전면,부상신고사고,0,0,0,1,차대차 - 기타,안전운전불이행,건조,맑음,단일로 - 기타,원동기,남,62세,부상신고,화물,남,64세,기타불명
2013071600100435,2013년 7월 16일 18시,화요일,전라남도 담양군 담양읍,중상사고,0,1,0,0,차량단독 - 기타,안전운전불이행,건조,맑음,단일로 - 기타,자전거,남,72세,중상,,,,
2013071600100465,2013년 7월 16일 19시,화요일,전라남도 순천시 저전동,경상사고,0,0,1,0,차대사람 - 기타,안전운전불이행,건조,맑음,단일로 - 기타,승용,남,73세,상해없음,보행자,남,34세,경상
2013071600100466,2013년 7월 16일 19시,화요일,전라남도 무안군 현경면,부상신고사고,0,0,0,1,차량단독 - 전도전복,안전운전불이행,기타,맑음,단일로 - 기타,이륜,남,63세,부상신고,,,,
2013071600100495,2013년 7월 16일 20시,화요일,전라남도 순천시 연향동,경상사고,0,0,1,0,차대사람 - 기타,안전운전불이행,건조,맑음,단일로 - 기타,기타불명,기타불명,기타불명,기타불명,보행자,남,31세,경상
2013071600100521,2013년 7월 16일 21시,화요일,전라남도 여수시 여천동,경상사고,0,0,1,0,차대차 - 기타,안전운전불이행,건조,맑음,단일로 - 기타,화물,남,60세,상해없음,승용,남,54세,경상
2013071600100522,2013년 7월 16일 21시,화요일,전라남도 해남군 해남읍,경상사고,0,0,1,0,차대차 - 기타,안전운전불이행,건조,맑음,단일로 - 기타,화물,남,44세,상해없음,승용,남,41세,경상
2013071600100558,2013년 7월 16일 22시,화요일,전라남도 화순군 도곡면,경상사고,0,0,2,0,차대차 - 측면직각충돌,안전운전불이행,건조,맑음,교차로 - 교차로안,승용,남,47세,상해없음,승용,남,26세,경상
2013071600100592,2013년 7월 16일 23시,화요일,전라남도 여수시 여서동,경상사고,0,0,2,0,차대차 - 추돌 - 주정차중,안전운전불이행,건조,맑음,교차로 - 교차로부근,승용,남,39세,상해없음,승용,남,41세,경상
2013071600100593,2013년 7월 16일 23시,화요일,전라남도 광양시 광양읍,경상사고,0,0,1,0,차대차 - 추돌 - 진행중,안전운전불이행,건조,맑음,교차로 - 교차로부근,승용,남,63세,상해없음,승용,남,23세,경상
2013071700100070,2013년 7월 17일 04시,수요일,전라남도 영암군 삼호읍,중상사고,0,2,0,0,차대차 - 측면직각충돌,신호위반,건조,맑음,교차로 - 교차로안,승용,남,65세,중상,승용,남,20세,상해없음
2013071700100085,2013년 7월 17일 06시,수요일,전라남도 무안군 청계면,경상사고,0,0,1,0,차대차 - 측면직각충돌,신호위반,건조,맑음,교차로 - 교차로안,화물,남,67세,상해없음,화물,남,59세,경상
2013071700100086,2013년 7월 17일 06시,수요일,전라남도 진도군 군내면,경상사고,0,0,1,0,차량단독 - 전도전복,안전운전불이행,건조,맑음,단일로 - 기타,승용,남,22세,경상,,,,
2013071700100140,2013년 7월 17일 08시,수요일,전라남도 여수시 주삼동,중상사고,0,1,0,0,차대차 - 측면직각충돌,안전운전불이행,건조,맑음,단일로 - 교량,승용,남,58세,상해없음,이륜,남,63세,중상
2013071700100177,2013년 7월 17일 09시,수요일,전라남도 목포시 용해동,중상사고,0,1,4,1,차대차 - 추돌 - 주정차중,안전운전불이행,건조,맑음,단일로 - 기타,승합,남,69세,상해없음,화물,남,43세,경상
2013071700100178,2013년 7월 17일 09시,수요일,전라남도 목포시 석현동,경상사고,0,0,1,0,차대차 - 기타,안전운전불이행,건조,맑음,단일로 - 기타,승용,남,28세,상해없음,승용,여,44세,경상
2013071700100179,2013년 7월 17일 09시,수요일,전라남도 순천시 연향동,경상사고,0,0,1,0,차대차 - 기타,중앙선침범,건조,맑음,단일로 - 기타,승용,여,56세,상해없음,승용,남,56세,경상
2013071700100248,2013년 7월 17일 12시,수요일,전라남도 나주시 금천면,경상사고,0,0,4,0,차대차 - 기타,안전운전불이행,건조,맑음,교차로 - 교차로부근,화물,남,41세,경상,화물,남,44세,경상
2013071700100249,2013년 7월 17일 12시,수요일,전라남도 영암군 영암읍,경상사고,0,0,3,0,차대차 - 추돌 - 진행중,안전운전불이행,건조,맑음,단일로 - 기타,승용,남,27세,상해없음,화물,남,53세,경상
2013071700100284,2013년 7월 17일 13시,수요일,전라남도 여수시 학동,경상사고,0,0,1,0,차대차 - 측면직각충돌,교차로운행방법위반,건조,맑음,교차로 - 교차로안,승합,남,65세,상해없음,승용,남,36세,경상
2013071700100285,2013년 7월 17일 13시,수요일,전라남도 담양군 담양읍,중상사고,0,1,1,0,차대차 - 측면직각충돌,교차로운행방법위반,건조,흐림,교차로 - 교차로안,원동기,남,70세,경상,승용,여,29세,상해없음
2013071700100344,2013년 7월 17일 15시,수요일,전라남도 고흥군 대서면,사망사고,1,0,0,0,차대차 - 기타,안전운전불이행,건조,맑음,교차로 - 교차로부근,화물,여,58세,상해없음,자전거,남,77세,사망
2013071700100345,2013년 7월 17일 15시,수요일,전라남도 화순군 화순읍,경상사고,0,0,1,0,차량단독 - 전도전복,안전운전불이행,건조,맑음,단일로 - 기타,화물,남,52세,경상,,,,
2013071700100346,2013년 7월 17일 15시,수요일,전라남도 무안군 무안읍,중상사고,0,1,0,0,차대차 - 추돌 - 주정차중,안전운전불이행,건조,맑음,단일로 - 기타,이륜,남,49세,중상,승용,남,39세,기타불명
2013071700100347,2013년 7월 17일 15시,수요일,전라남도 무안군 청계면,경상사고,0,0,1,0,차대차 - 측면직각충돌,안전운전불이행,건조,맑음,단일로 - 기타,화물,남,46세,경상,승용,남,26세,상해없음
2013071700100394,2013년 7월 17일 16시,수요일,전라남도 목포시 석현동,사망사고,1,0,0,0,차대사람 - 기타,안전운전불이행,건조,맑음,단일로 - 기타,승용,남,49세,상해없음,보행자,남,46세,사망
2013071700100395,2013년 7월 17일 16시,수요일,전라남도 여수시 봉강동,경상사고,0,0,1,0,차대차 - 측면직각충돌,중앙선침범,건조,맑음,단일로 - 기타,화물,남,57세,상해없음,승용,여,32세,경상
2013071700100396,2013년 7월 17일 16시,수요일,전라남도 순천시 조례동,경상사고,0,0,2,0,차대차 - 기타,안전운전불이행,건조,맑음,교차로 - 교차로안,승용,여,47세,상해없음,승용,남,61세,경상
2013071700100397,2013년 7월 17일 16시,수요일,전라남도 순천시 풍덕동,경상사고,0,0,1,0,차대사람 - 기타,안전운전불이행,건조,맑음,단일로 - 기타,화물,여,57세,상해없음,보행자,남,54세,경상
2013071700100398,2013년 7월 17일 16시,수요일,전라남도 곡성군 옥과면,경상사고,0,0,1,0,차대차 - 기타,안전운전불이행,건조,맑음,단일로 - 기타,화물,남,44세,상해없음,자전거,여,70세,경상
2013071700100399,2013년 7월 17일 16시,수요일,전라남도 광양시 광양읍,경상사고,0,0,2,0,차대차 - 기타,안전운전불이행,건조,맑음,교차로 - 교차로안,승용,남,49세,경상,승용,여,60세,경상
2013071700100470,2013년 7월 17일 18시,수요일,전라남도 순천시 연향동,부상신고사고,0,0,0,1,차대사람 - 횡단중,안전운전불이행,건조,맑음,단일로 - 기타,기타불명,기타불명,기타불명,기타불명,보행자,여,13세,부상신고
2013071700100471,2013년 7월 17일 18시,수요일,전라남도 나주시 송촌동,중상사고,0,1,0,0,차량단독 - 기타,안전운전불이행,건조,맑음,단일로 - 기타,원동기,남,74세,중상,,,,
2013071700100473,2013년 7월 17일 18시,수요일,전라남도 보성군 보성읍,중상사고,0,1,0,0,차대차 - 측면직각충돌,안전운전불이행,건조,맑음,단일로 - 기타,승용,여,54세,상해없음,자전거,남,27세,중상
2013071700100511,2013년 7월 17일 19시,수요일,전라남도 순천시 연향동,중상사고,0,1,0,0,차대차 - 기타,안전운전불이행,건조,맑음,교차로 - 교차로부근,승용,남,29세,상해없음,원동기,남,19세,중상
2013071700100512,2013년 7월 17일 19시,수요일,전라남도 나주시 산포면,사망사고,1,0,0,0,차대사람 - 기타,안전운전불이행,건조,맑음,교차로 - 교차로부근,화물,남,66세,상해없음,보행자,남,70세,사망
2013071700100513,2013년 7월 17일 19시,수요일,전라남도 해남군 현산면,경상사고,0,0,1,0,차량단독 - 도로외이탈 - 기타,안전운전불이행,건조,맑음,교차로 - 교차로안,승용,남,66세,경상,,,,
2013071700100514,2013년 7월 17일 19시,수요일,전라남도 보성군 조성면,중상사고,0,1,0,1,차량단독 - 공작물충돌,안전운전불이행,건조,맑음,단일로 - 기타,원동기,남,68세,부상신고,,,,
2013071700100515,2013년 7월 17일 19시,수요일,전라남도 강진군 도암면,사망사고,1,0,0,0,차량단독 - 공작물충돌,안전운전불이행,건조,맑음,교차로 - 교차로안,이륜,남,70세,사망,,,,
2013071700100546,2013년 7월 17일 20시,수요일,전라남도 순천시 해룡면,경상사고,0,0,1,0,차대사람 - 기타,안전운전불이행,건조,맑음,단일로 - 기타,기타불명,기타불명,기타불명,기타불명,보행자,남,6세,경상
2013071700100585,2013년 7월 17일 21시,수요일,전라남도 목포시 산정동,경상사고,0,0,1,0,차대사람 - 횡단중,안전운전불이행,건조,맑음,단일로 - 횡단보도상,승용,남,54세,상해없음,보행자,여,15세,경상
2013071700100586,2013년 7월 17일 21시,수요일,전라남도 보성군 득량면,중상사고,0,1,0,0,차대차 - 측면직각충돌,중앙선침범,건조,맑음,단일로 - 기타,승합,남,46세,상해없음,원동기,남,51세,중상
2013071800100111,2013년 7월 18일 06시,목요일,전라남도 장성군 황룡면,경상사고,0,0,1,0,차량단독 - 전도전복,안전운전불이행,건조,맑음,단일로 - 기타,승용,남,48세,상해없음,,,,
2013071800100112,2013년 7월 18일 06시,목요일,전라남도 강진군 작천면,중상사고,0,1,0,0,차대차 - 측면직각충돌,직진우회전진행방해,건조,맑음,교차로 - 교차로안,이륜,남,62세,중상,화물,남,62세,상해없음
2013071800100131,2013년 7월 18일 07시,목요일,전라남도 순천시 조례동,경상사고,0,0,1,0,차대차 - 측면직각충돌,안전운전불이행,건조,맑음,교차로 - 교차로안,승용,남,53세,상해없음,승용,남,31세,경상
2013071800100132,2013년 7월 18일 07시,목요일,전라남도 나주시 다시면,중상사고,0,3,3,0,차대차 - 기타,안전운전불이행,건조,맑음,교차로 - 교차로안,승용,남,30세,중상,승용,남,30세,경상
2013071800100133,2013년 7월 18일 07시,목요일,전라남도 고흥군 동강면,경상사고,0,0,2,0,차대차 - 측면직각충돌,안전운전불이행,건조,맑음,단일로 - 기타,화물,남,68세,상해없음,이륜,남,78세,경상
2013071800100134,2013년 7월 18일 07시,목요일,전라남도 광양시 중동,중상사고,0,1,1,0,차대차 - 측면직각충돌,교차로운행방법위반,건조,맑음,교차로 - 교차로안,승용,남,23세,경상,승용,여,41세,중상
2013071800100163,2013년 7월 18일 08시,목요일,전라남도 순천시 연향동,경상사고,0,0,1,0,차대차 - 측면직각충돌,안전운전불이행,건조,맑음,교차로 - 교차로안,승합,남,48세,상해없음,승용,남,41세,경상
2013071800100164,2013년 7월 18일 08시,목요일,전라남도 순천시 조례동,경상사고,0,0,1,0,차대차 - 측면직각충돌,직진우회전진행방해,건조,맑음,교차로 - 교차로안,승용,남,43세,경상,승용,남,54세,상해없음
2013071800100165,2013년 7월 18일 08시,목요일,전라남도 영암군 서호면,경상사고,0,0,1,0,차대차 - 추돌 - 진행중,안전운전불이행,건조,맑음,단일로 - 기타,승용,남,54세,상해없음,농기계,남,75세,경상
2013071800100191,2013년 7월 18일 09시,목요일,전라남도 영광군 영광읍,중상사고,0,1,0,0,차대차 - 기타,중앙선침범,건조,맑음,단일로 - 기타,승용,여,38세,상해없음,화물,남,67세,중상
2013071800100229,2013년 7월 18일 11시,목요일,전라남도 완도군 금일읍,중상사고,0,1,0,0,차대사람 - 차도통행중,안전운전불이행,건조,맑음,단일로 - 기타,화물,남,70세,상해없음,보행자,남,71세,중상
2013071800100230,2013년 7월 18일 11시,목요일,전라남도 구례군 마산면,경상사고,0,0,5,1,차대차 - 측면직각충돌,안전거리미확보,건조,맑음,단일로 - 기타,승용,남,19세,부상신고,화물,남,47세,경상
2013071800100266,2013년 7월 18일 13시,목요일,전라남도 여수시 남산동,중상사고,0,1,0,0,차대사람 - 횡단중,보행자보호의무위반,건조,맑음,교차로 - 교차로안,승용,남,56세,상해없음,보행자,여,59세,중상
2013071800100294,2013년 7월 18일 14시,목요일,전라남도 해남군 산이면,경상사고,0,0,2,1,차대차 - 측면직각충돌,안전운전불이행,건조,맑음,교차로 - 교차로안,이륜,남,72세,부상신고,화물,여,42세,경상
2013071800100326,2013년 7월 18일 15시,목요일,전라남도 무안군 무안읍,경상사고,0,0,3,0,차대차 - 측면직각충돌,직진우회전진행방해,건조,맑음,교차로 - 교차로안,승용,남,68세,경상,승용,남,30세,경상
2013071800100327,2013년 7월 18일 15시,목요일,전라남도 광양시 도이동,경상사고,0,0,1,0,차대차 - 측면직각충돌,안전운전불이행,건조,맑음,단일로 - 기타,특수,남,52세,상해없음,특수,남,60세,경상
2013071800100356,2013년 7월 18일 16시,목요일,전라남도 목포시 산정동,경상사고,0,0,1,0,차대사람 - 기타,안전운전불이행,건조,맑음,단일로 - 횡단보도부근,승용,남,56세,상해없음,보행자,남,6세,경상
2013071800100402,2013년 7월 18일 17시,목요일,전라남도 목포시 옥암동,경상사고,0,0,1,1,차대차 - 기타,신호위반,건조,맑음,교차로 - 교차로안,승용,남,49세,부상신고,승용,여,59세,경상
2013071800100403,2013년 7월 18일 17시,목요일,전라남도 순천시 조례동,중상사고,0,1,0,0,차대사람 - 기타,안전운전불이행,건조,맑음,단일로 - 기타,승용,여,30세,상해없음,보행자,여,5세,중상
2013071800100404,2013년 7월 18일 17시,목요일,전라남도 구례군 용방면,경상사고,0,0,3,0,차대차 - 기타,안전운전불이행,건조,맑음,단일로 - 기타,승용,여,30세,상해없음,승용,여,39세,경상
2013071800100448,2013년 7월 18일 18시,목요일,전라남도 목포시 산정동,경상사고,0,0,2,0,차대차 - 기타,안전운전불이행,건조,맑음,교차로 - 교차로안,승용,남,36세,상해없음,승용,남,52세,경상
2013071800100449,2013년 7월 18일 18시,목요일,전라남도 순천시 장천동,중상사고,0,1,0,0,차대차 - 측면직각충돌,직진우회전진행방해,건조,맑음,교차로 - 교차로안,이륜,남,58세,중상,승용,여,38세,상해없음
2013071800100450,2013년 7월 18일 18시,목요일,전라남도 무안군 현경면,경상사고,0,0,2,0,차대차 - 측면직각충돌,교차로운행방법위반,건조,맑음,교차로 - 교차로부근,승용,남,30세,경상,승용,남,65세,경상
2013071800100485,2013년 7월 18일 19시,목요일,전라남도 순천시 남정동,중상사고,0,1,2,0,차대차 - 측면직각충돌,직진우회전진행방해,건조,맑음,교차로 - 교차로안,승용,여,43세,경상,승용,남,66세,경상