사고번호,사고일시,요일,시군구,사고내용,사망자수,중상자수,경상자수,부상신고자수,사고유형,법규위반,노면상태,기상상태,도로형태,가해운전자 차종,가해운전자 성별,가해운전자 연령,가해운전자 상해정도,피해운전자 차종,피해운전자 성별,피해운전자 연령,피해운전자 상해정도
2013071800100486,2013년 7월 18일 19시,목요일,전라남도 영암군 학산면,경상사고,0,0,1,0,차대차 - 측면직각충돌,신호위반,건조,맑음,교차로 - 교차로안,승합,남,39세,상해없음,승용,여,41세,경상
2013071800100487,2013년 7월 18일 19시,목요일,전라남도 광양시 광양읍,경상사고,0,0,1,0,차대차 - 기타,안전운전불이행,건조,맑음,기타 - 기타,승용,남,33세,상해없음,자전거,남,44세,경상
2013071800100521,2013년 7월 18일 20시,목요일,전라남도 보성군 보성읍,부상신고사고,0,0,0,1,차대사람 - 횡단중,기타,건조,맑음,단일로 - 기타,승용,남,30세,상해없음,보행자,남,2세,부상신고
2013071800100558,2013년 7월 18일 21시,목요일,전라남도 여수시 신월동,경상사고,0,0,1,0,차대차 - 기타,안전운전불이행,건조,맑음,단일로 - 기타,승용,여,29세,상해없음,승용,남,65세,경상
2013071800100600,2013년 7월 18일 22시,목요일,전라남도 목포시 산정동,경상사고,0,0,1,0,차대차 - 기타,안전운전불이행,건조,맑음,교차로 - 교차로안,화물,남,23세,상해없음,승용,남,45세,경상
2013071900100039,2013년 7월 19일 01시,금요일,전라남도 목포시 상동,경상사고,0,0,1,0,차대차 - 추돌 - 주정차중,안전운전불이행,건조,맑음,단일로 - 기타,이륜,남,16세,경상,승용,남,47세,기타불명
2013071900100040,2013년 7월 19일 01시,금요일,전라남도 광양시 광양읍,경상사고,0,0,3,0,차대차 - 측면직각충돌,직진우회전진행방해,건조,맑음,교차로 - 교차로안,승용,남,47세,경상,승용,남,41세,경상
2013071900100075,2013년 7월 19일 05시,금요일,전라남도 영암군 시종면,경상사고,0,0,1,0,차대차 - 추돌 - 주정차중,안전운전불이행,건조,맑음,단일로 - 기타,화물,남,38세,경상,화물,남,57세,상해없음
2013071900100085,2013년 7월 19일 06시,금요일,전라남도 고흥군 동일면,사망사고,1,2,0,0,차대차 - 추돌 - 진행중,안전운전불이행,건조,맑음,단일로 - 기타,승용,남,65세,상해없음,농기계,남,67세,중상
2013071900100105,2013년 7월 19일 07시,금요일,전라남도 장흥군 관산읍,경상사고,0,0,1,0,차대차 - 추돌 - 진행중,안전운전불이행,건조,맑음,교차로 - 교차로부근,승용,여,35세,상해없음,원동기,남,77세,경상
2013071900100133,2013년 7월 19일 08시,금요일,전라남도 장성군 장성읍,경상사고,0,0,1,0,차대사람 - 횡단중,보행자보호의무위반,건조,맑음,교차로 - 교차로안,건설기계,남,43세,상해없음,보행자,남,13세,경상
2013071900100170,2013년 7월 19일 09시,금요일,전라남도 영암군 삼호읍,경상사고,0,0,1,0,차량단독 - 전도전복,안전운전불이행,건조,맑음,단일로 - 기타,화물,남,73세,경상,,,,
2013071900100171,2013년 7월 19일 09시,금요일,전라남도 광양시 중동,중상사고,0,1,2,0,차대차 - 추돌 - 진행중,안전운전불이행,건조,맑음,교차로 - 교차로부근,승용,여,32세,중상,승용,남,37세,경상
2013071900100194,2013년 7월 19일 10시,금요일,전라남도 여수시 미평동,경상사고,0,0,2,0,차대차 - 측면직각충돌,차로위반,건조,맑음,단일로 - 기타,승합,여,58세,상해없음,승합,남,65세,경상
2013071900100195,2013년 7월 19일 10시,금요일,전라남도 영암군 영암읍,중상사고,0,2,3,0,차대차 - 측면직각충돌,직진우회전진행방해,건조,맑음,교차로 - 교차로안,승용,여,38세,중상,승용,남,48세,경상
2013071900100286,2013년 7월 19일 13시,금요일,전라남도 나주시 산포면,경상사고,0,0,2,0,차대차 - 추돌 - 주정차중,안전운전불이행,건조,맑음,교차로 - 교차로안,승용,남,48세,상해없음,승용,여,49세,경상
2013071900100287,2013년 7월 19일 13시,금요일,전라남도 해남군 해남읍,중상사고,0,1,0,0,차대차 - 측면직각충돌,안전운전불이행,건조,맑음,교차로 - 교차로안,승용,남,27세,상해없음,이륜,남,73세,중상
2013071900100288,2013년 7월 19일 13시,금요일,전라남도 광양시 옥룡면,중상사고,0,1,0,0,차대사람 - 기타,안전운전불이행,건조,맑음,단일로 - 기타,화물,남,69세,상해없음,보행자,여,41세,중상
2013071900100355,2013년 7월 19일 15시,금요일,전라남도 순천시 조례동,경상사고,0,0,2,0,차량단독 - 공작물충돌,안전운전불이행,건조,맑음,단일로 - 기타,승용,남,28세,경상,,,,
2013071900100416,2013년 7월 19일 17시,금요일,전라남도 여수시 신기동,중상사고,0,1,0,0,차대차 - 측면직각충돌,안전운전불이행,건조,맑음,단일로 - 기타,승용,남,53세,상해없음,화물,남,49세,중상
2013071900100417,2013년 7월 19일 17시,금요일,전라남도 보성군 벌교읍,중상사고,0,1,0,0,차대사람 - 기타,기타,건조,맑음,단일로 - 기타,승용,남,50세,상해없음,보행자,남,51세,중상
2013071900100418,2013년 7월 19일 17시,금요일,전라남도 영광군 대마면,사망사고,1,0,0,0,차대차 - 측면직각충돌,교차로운행방법위반,건조,맑음,교차로 - 교차로안,원동기,여,50세,사망,화물,남,51세,상해없음
2013071900100419,2013년 7월 19일 17시,금요일,전라남도 강진군 도암면,중상사고,0,1,0,0,차대차 - 측면직각충돌,직진우회전진행방해,건조,맑음,교차로 - 교차로부근,원동기,남,66세,중상,승합,남,64세,상해없음
2013071900100420,2013년 7월 19일 17시,금요일,전라남도 광양시 금호동,중상사고,0,2,3,0,차대차 - 정면충돌,중앙선침범,건조,맑음,단일로 - 기타,승용,남,53세,상해없음,승용,남,38세,경상
2013071900100478,2013년 7월 19일 18시,금요일,전라남도 영암군 삼호읍,경상사고,0,0,1,0,차대차 - 기타,안전거리미확보,건조,맑음,교차로 - 교차로부근,승용,남,58세,상해없음,승용,남,31세,경상
2013071900100516,2013년 7월 19일 19시,금요일,전라남도 고흥군 고흥읍,경상사고,0,0,2,0,차대차 - 측면직각충돌,교차로운행방법위반,건조,맑음,교차로 - 교차로안,승용,남,45세,경상,승용,남,32세,경상
2013071900100517,2013년 7월 19일 19시,금요일,전라남도 영암군 군서면,경상사고,0,0,1,0,차대차 - 기타,안전운전불이행,건조,맑음,단일로 - 기타,이륜,남,76세,경상,화물,남,68세,상해없음
2013071900100518,2013년 7월 19일 19시,금요일,전라남도 진도군 고군면,경상사고,0,0,2,0,차대차 - 측면직각충돌,교차로운행방법위반,건조,맑음,교차로 - 교차로안,화물,남,38세,상해없음,승용,여,50세,경상
2013071900100548,2013년 7월 19일 20시,금요일,전라남도 목포시 상동,경상사고,0,0,1,0,차대차 - 정면충돌,신호위반,건조,맑음,교차로 - 교차로안,승용,남,25세,상해없음,승용,남,54세,경상
2013071900100549,2013년 7월 19일 20시,금요일,전라남도 목포시 용당동,중상사고,0,1,0,0,차대사람 - 횡단중,보행자보호의무위반,건조,맑음,단일로 - 횡단보도상,승용,남,53세,상해없음,보행자,여,65세,중상
2013071900100591,2013년 7월 19일 21시,금요일,전라남도 목포시 용당동,중상사고,0,1,0,0,차대사람 - 횡단중,보행자보호의무위반,건조,맑음,교차로 - 교차로부근,승용,남,41세,상해없음,보행자,남,70세,중상
2013071900100650,2013년 7월 19일 23시,금요일,전라남도 순천시 조례동,경상사고,0,0,1,0,차대차 - 추돌 - 진행중,안전운전불이행,건조,맑음,교차로 - 교차로부근,승용,남,28세,상해없음,승용,남,37세,경상
2013072000100019,2013년 7월 20일 00시,토요일,전라남도 목포시 상동,경상사고,0,0,1,0,차대사람 - 횡단중,안전운전불이행,건조,맑음,단일로 - 횡단보도부근,승용,남,31세,상해없음,보행자,남,35세,경상
2013072000100020,2013년 7월 20일 00시,토요일,전라남도 화순군 동면,부상신고사고,0,0,0,1,차량단독 - 도로외이탈 - 추락,안전운전불이행,건조,흐림,단일로 - 기타,승용,남,48세,부상신고,,,,
2013072000100021,2013년 7월 20일 00시,토요일,전라남도 장성군 장성읍,경상사고,0,0,1,0,차량단독 - 도로외이탈 - 기타,안전운전불이행,건조,맑음,단일로 - 기타,승용,남,59세,경상,,,,
2013072000100053,2013년 7월 20일 01시,토요일,전라남도 여수시 여서동,경상사고,0,0,1,0,차대차 - 측면직각충돌,안전운전불이행,건조,맑음,단일로 - 기타,승용,남,40세,상해없음,승합,남,63세,상해없음
2013072000100100,2013년 7월 20일 04시,토요일,전라남도 목포시 석현동,경상사고,0,0,3,0,차대차 - 측면직각충돌,신호위반,건조,맑음,교차로 - 교차로안,승용,남,24세,경상,승용,남,38세,경상
2013072000100101,2013년 7월 20일 04시,토요일,전라남도 순천시 조곡동,중상사고,0,1,0,0,차대사람 - 횡단중,안전운전불이행,건조,맑음,단일로 - 기타,승용,남,38세,상해없음,보행자,남,59세,중상
2013072000100118,2013년 7월 20일 05시,토요일,전라남도 여수시 웅천동,중상사고,0,1,2,0,차대차 - 정면충돌,안전운전불이행,건조,맑음,교차로 - 교차로부근,승용,남,46세,상해없음,승합,남,57세,경상
2013072000100119,2013년 7월 20일 05시,토요일,전라남도 순천시 별량면,경상사고,0,0,1,0,차량단독 - 공작물충돌,안전운전불이행,건조,맑음,단일로 - 기타,화물,남,64세,경상,,,,
2013072000100144,2013년 7월 20일 06시,토요일,전라남도 장흥군 부산면,경상사고,0,0,2,0,차대차 - 추돌 - 진행중,안전운전불이행,건조,맑음,단일로 - 기타,승용,여,32세,경상,화물,남,50세,상해없음
2013072000100160,2013년 7월 20일 07시,토요일,전라남도 순천시 석현동,중상사고,0,1,0,0,차대차 - 측면직각충돌,안전거리미확보,건조,맑음,단일로 - 기타,건설기계,남,56세,상해없음,이륜,남,65세,중상
2013072000100195,2013년 7월 20일 09시,토요일,전라남도 장흥군 대덕읍,중상사고,0,1,0,0,차량단독 - 공작물충돌,안전운전불이행,건조,맑음,단일로 - 기타,화물,남,70세,중상,,,,
2013072000100196,2013년 7월 20일 09시,토요일,전라남도 함평군 손불면,중상사고,0,1,2,0,차대차 - 측면직각충돌,중앙선침범,건조,맑음,단일로 - 기타,승용,남,69세,중상,승용,남,49세,기타불명
2013072000100221,2013년 7월 20일 10시,토요일,전라남도 여수시 서교동,경상사고,0,0,1,0,차대사람 - 횡단중,신호위반,건조,맑음,단일로 - 횡단보도상,승용,여,37세,상해없음,보행자,여,90세 이상,경상
2013072000100222,2013년 7월 20일 10시,토요일,전라남도 영광군 법성면,사망사고,1,0,0,0,차량단독 - 기타,안전운전불이행,건조,맑음,교차로 - 교차로안,이륜,남,76세,사망,,,,
2013072000100223,2013년 7월 20일 10시,토요일,전라남도 담양군 담양읍,중상사고,0,2,2,0,차대차 - 추돌 - 진행중,안전운전불이행,건조,흐림,단일로 - 기타,승용,여,39세,중상,화물,남,65세,경상
2013072000100253,2013년 7월 20일 11시,토요일,전라남도 영광군 영광읍,경상사고,0,0,2,0,차대차 - 측면직각충돌,직진우회전진행방해,건조,맑음,교차로 - 교차로안,승용,남,32세,상해없음,승용,남,74세,경상
2013072000100291,2013년 7월 20일 12시,토요일,전라남도 고흥군 남양면,경상사고,0,0,1,0,차량단독 - 도로외이탈 - 기타,안전운전불이행,건조,맑음,단일로 - 기타,화물,남,70세,상해없음,,,,
2013072000100292,2013년 7월 20일 12시,토요일,전라남도 곡성군 옥과면,중상사고,0,2,0,0,차대차 - 기타,교차로운행방법위반,건조,맑음,교차로 - 교차로안,원동기,남,71세,중상,승용,남,38세,상해없음
2013072000100331,2013년 7월 20일 13시,토요일,전라남도 해남군 송지면,경상사고,0,0,5,1,차대차 - 추돌 - 진행중,안전운전불이행,건조,맑음,교차로 - 교차로안,승용,여,33세,부상신고,승용,남,70세,경상
2013072000100332,2013년 7월 20일 13시,토요일,전라남도 화순군 화순읍,중상사고,0,1,0,0,차대사람 - 차도통행중,안전운전불이행,건조,맑음,단일로 - 기타,원동기,남,42세,상해없음,보행자,남,46세,중상
2013072000100367,2013년 7월 20일 14시,토요일,전라남도 보성군 회천면,사망사고,1,2,3,0,차대차 - 측면직각충돌,교차로운행방법위반,건조,맑음,교차로 - 교차로안,승용,남,49세,경상,화물,남,55세,경상
2013072000100368,2013년 7월 20일 14시,토요일,전라남도 완도군 완도읍,부상신고사고,0,0,0,1,차대차 - 추돌 - 진행중,교차로운행방법위반,건조,맑음,교차로 - 교차로안,이륜,남,64세,부상신고,화물,남,68세,상해없음
2013072000100369,2013년 7월 20일 14시,토요일,전라남도 구례군 구례읍,중상사고,0,3,0,0,차대차 - 측면직각충돌,교차로운행방법위반,건조,맑음,교차로 - 교차로안,화물,남,51세,상해없음,승용,남,55세,중상
2013072000100412,2013년 7월 20일 15시,토요일,전라남도 함평군 해보면,경상사고,0,0,1,0,차량단독 - 도로외이탈 - 추락,안전운전불이행,건조,맑음,단일로 - 기타,농기계,남,78세,상해없음,,,,
2013072000100413,2013년 7월 20일 15시,토요일,전라남도 완도군 완도읍,경상사고,0,0,2,0,차대차 - 추돌 - 주정차중,안전운전불이행,건조,맑음,단일로 - 기타,승용,남,67세,기타불명,승용,남,54세,경상
2013072000100436,2013년 7월 20일 16시,토요일,전라남도 여수시 봉계동,중상사고,0,1,0,0,차대차 - 측면직각충돌,교차로운행방법위반,건조,맑음,교차로 - 교차로안,건설기계,남,47세,상해없음,승용,남,46세,중상
2013072000100437,2013년 7월 20일 16시,토요일,전라남도 장흥군 관산읍,중상사고,0,1,2,0,차대차 - 측면직각충돌,교차로운행방법위반,건조,맑음,교차로 - 교차로안,승용,여,41세,경상,승용,남,53세,경상
2013072000100438,2013년 7월 20일 16시,토요일,전라남도 해남군 해남읍,사망사고,1,2,2,0,차대차 - 측면직각충돌,기타,건조,맑음,교차로 - 교차로안,화물,남,66세,사망,화물,남,54세,경상
2013072000100439,2013년 7월 20일 16시,토요일,전라남도 보성군 미력면,중상사고,0,2,0,0,차대차 - 추돌 - 진행중,안전운전불이행,건조,맑음,단일로 - 기타,화물,남,54세,상해없음,승용,남,63세,중상
2013072000100440,2013년 7월 20일 16시,토요일,전라남도 영광군 홍농읍,부상신고사고,0,0,0,1,차대차 - 기타,안전운전불이행,건조,맑음,단일로 - 기타,농기계,남,55세,부상신고,승합,남,37세,상해없음
2013072000100468,2013년 7월 20일 17시,토요일,전라남도 순천시 대룡동,경상사고,0,0,5,0,차대차 - 기타,안전거리미확보,건조,맑음,단일로 - 기타,승용,여,27세,상해없음,승용,남,29세,경상
2013072000100469,2013년 7월 20일 17시,토요일,전라남도 담양군 월산면,부상신고사고,0,0,0,1,차량단독 - 도로외이탈 - 기타,안전운전불이행,건조,맑음,교차로 - 교차로부근,원동기,남,83세,부상신고,,,,
2013072000100470,2013년 7월 20일 17시,토요일,전라남도 무안군 무안읍,경상사고,0,0,1,0,차대차 - 기타,직진우회전진행방해,건조,맑음,교차로 - 교차로안,농기계,남,53세,경상,화물,남,34세,상해없음
2013072000100500,2013년 7월 20일 18시,토요일,전라남도 장흥군 유치면,경상사고,0,0,2,0,차대차 - 추돌 - 진행중,안전운전불이행,건조,맑음,단일로 - 기타,승용,남,47세,경상,승용,남,30세,경상
2013072000100501,2013년 7월 20일 18시,토요일,전라남도 보성군 벌교읍,중상사고,0,1,0,0,차대차 - 측면직각충돌,직진우회전진행방해,건조,맑음,교차로 - 교차로안,승용,남,30세,상해없음,이륜,남,59세,중상
2013072000100531,2013년 7월 20일 19시,토요일,전라남도 나주시 금성동,사망사고,1,0,0,0,차대차 - 측면직각충돌,신호위반,건조,맑음,교차로 - 교차로안,원동기,남,33세,사망,승용,남,25세,상해없음
2013072000100532,2013년 7월 20일 19시,토요일,전라남도 고흥군 도양읍,경상사고,0,0,1,0,차대차 - 기타,안전운전불이행,건조,맑음,교차로 - 교차로부근,승용,남,30세,상해없음,원동기,남,71세,경상
2013072000100560,2013년 7월 20일 20시,토요일,전라남도 나주시 성북동,경상사고,0,0,1,0,차대차 - 측면직각충돌,중앙선침범,건조,맑음,교차로 - 교차로안,승용,기타불명,기타불명,기타불명,승용,여,59세,경상
2013072000100608,2013년 7월 20일 22시,토요일,전라남도 나주시 남내동,경상사고,0,0,1,0,차대차 - 기타,안전운전불이행,건조,맑음,단일로 - 기타,승용,기타불명,기타불명,기타불명,원동기,남,23세,경상
2013072000100609,2013년 7월 20일 22시,토요일,전라남도 담양군 창평면,경상사고,0,0,1,0,차대사람 - 기타,안전운전불이행,건조,맑음,단일로 - 기타,승용,남,32세,상해없음,보행자,남,34세,경상
2013072100100006,2013년 7월 21일 00시,일요일,전라남도 진도군 군내면,중상사고,0,2,2,0,차대차 - 정면충돌,중앙선침범,건조,맑음,단일로 - 교량,승용,남,42세,상해없음,승용,여,51세,중상
2013072100100064,2013년 7월 21일 03시,일요일,전라남도 목포시 용해동,중상사고,0,1,0,0,차대사람 - 기타,안전운전불이행,건조,맑음,교차로 - 교차로부근,승용,여,57세,상해없음,보행자,남,60세,중상
2013072100100065,2013년 7월 21일 03시,일요일,전라남도 순천시 조례동,경상사고,0,0,2,0,차대차 - 기타,안전운전불이행,건조,맑음,단일로 - 기타,승용,남,58세,상해없음,승용,여,38세,상해없음
2013072100100093,2013년 7월 21일 05시,일요일,전라남도 여수시 율촌면,사망사고,1,0,0,0,차량단독 - 전도전복,교차로운행방법위반,건조,맑음,교차로 - 교차로안,승용,남,38세,사망,,,,
2013072100100118,2013년 7월 21일 07시,일요일,전라남도 구례군 마산면,중상사고,0,1,0,0,차대차 - 기타,안전운전불이행,건조,맑음,단일로 - 기타,이륜,남,78세,상해없음,원동기,남,39세,중상
2013072100100149,2013년 7월 21일 09시,일요일,전라남도 목포시 산정동,중상사고,0,1,0,0,차대차 - 기타,차로위반,건조,맑음,단일로 - 기타,화물,여,49세,상해없음,이륜,남,55세,중상
2013072100100150,2013년 7월 21일 09시,일요일,전라남도 장흥군 용산면,중상사고,0,1,0,0,차량단독 - 도로외이탈 - 기타,안전운전불이행,건조,맑음,단일로 - 기타,화물,남,63세,중상,,,,
2013072100100179,2013년 7월 21일 11시,일요일,전라남도 곡성군 오산면,경상사고,0,0,3,0,차대차 - 기타,안전운전불이행,습기,비,단일로 - 기타,승용,여,50세,상해없음,화물,남,29세,경상
2013072100100199,2013년 7월 21일 12시,일요일,전라남도 장흥군 안양면,중상사고,0,1,0,0,차대사람 - 횡단중,안전운전불이행,건조,맑음,단일로 - 기타,화물,남,52세,상해없음,보행자,남,4세,중상
2013072100100200,2013년 7월 21일 12시,일요일,전라남도 무안군 삼향읍,중상사고,0,1,4,0,차대차 - 측면직각충돌,안전운전불이행,건조,맑음,교차로 - 교차로안,승용,남,36세,경상,승용,남,44세,경상
2013072100100225,2013년 7월 21일 13시,일요일,전라남도 광양시 봉강면,중상사고,0,1,0,0,차대차 - 기타,안전운전불이행,건조,흐림,단일로 - 횡단보도상,승용,여,42세,상해없음,자전거,남,59세,중상
2013072100100303,2013년 7월 21일 16시,일요일,전라남도 여수시 미평동,경상사고,0,0,1,0,차대차 - 추돌 - 주정차중,안전운전불이행,건조,맑음,단일로 - 기타,승용,남,47세,상해없음,승용,남,45세,상해없음
2013072100100304,2013년 7월 21일 16시,일요일,전라남도 순천시 해룡면,경상사고,0,0,2,0,차대차 - 기타,안전운전불이행,건조,맑음,단일로 - 기타,화물,남,47세,상해없음,승용,남,36세,경상
2013072100100362,2013년 7월 21일 18시,일요일,전라남도 여수시 연등동,경상사고,0,0,1,0,차대사람 - 기타,안전운전불이행,건조,맑음,교차로 - 교차로부근,화물,남,62세,상해없음,보행자,남,62세,경상
2013072100100363,2013년 7월 21일 18시,일요일,전라남도 함평군 월야면,중상사고,0,1,0,0,차대차 - 측면직각충돌,안전운전불이행,건조,맑음,교차로 - 교차로안,승용,여,31세,상해없음,원동기,남,54세,중상
2013072100100364,2013년 7월 21일 18시,일요일,전라남도 무안군 삼향읍,경상사고,0,0,3,0,차대차 - 추돌 - 주정차중,안전운전불이행,건조,맑음,교차로 - 교차로부근,승용,남,62세,상해없음,승용,여,47세,경상
2013072100100419,2013년 7월 21일 20시,일요일,전라남도 목포시 용당동,중상사고,0,1,0,0,차대차 - 측면직각충돌,신호위반,건조,맑음,교차로 - 교차로안,화물,남,46세,상해없음,이륜,남,21세,중상
2013072100100420,2013년 7월 21일 20시,일요일,전라남도 영광군 영광읍,중상사고,0,1,0,0,차대사람 - 횡단중,안전운전불이행,건조,맑음,단일로 - 기타,승용,남,30세,상해없음,보행자,여,73세,중상
2013072100100444,2013년 7월 21일 21시,일요일,전라남도 광양시 중군동,경상사고,0,0,1,0,차대차 - 측면직각충돌,안전거리미확보,건조,맑음,단일로 - 기타,승용,남,47세,상해없음,승용,여,42세,경상
2013072100100469,2013년 7월 21일 22시,일요일,전라남도 나주시 노안면,경상사고,0,0,1,0,차량단독 - 기타,안전운전불이행,건조,맑음,단일로 - 기타,원동기,남,27세,경상,,,,
2013072100100470,2013년 7월 21일 22시,일요일,전라남도 광양시 중동,중상사고,0,1,0,0,차대차 - 측면직각충돌,신호위반,건조,맑음,교차로 - 교차로안,이륜,남,18세,중상,승용,남,25세,상해없음
2013072200100004,2013년 7월 22일 00시,월요일,전라남도 여수시 평여동,사망사고,1,0,0,0,차대사람 - 기타,안전운전불이행,건조,맑음,단일로 - 기타,승용,남,52세,상해없음,보행자,여,60세,사망
2013072200100034,2013년 7월 22일 04시,월요일,전라남도 순천시 풍덕동,중상사고,0,1,1,0,차대차 - 추돌 - 주정차중,안전운전불이행,건조,맑음,교차로 - 교차로부근,승용,남,30세,상해없음,화물,남,68세,기타불명
2013072200100035,2013년 7월 22일 04시,월요일,전라남도 무안군 무안읍,부상신고사고,0,0,0,1,차량단독 - 도로외이탈 - 추락,안전운전불이행,건조,맑음,단일로 - 기타,이륜,남,49세,부상신고,,,,
2013072200100082,2013년 7월 22일 07시,월요일,전라남도 여수시 돌산읍,경상사고,0,0,2,1,차대차 - 추돌 - 진행중,안전운전불이행,건조,맑음,단일로 - 기타,승용,여,43세,상해없음,승용,남,68세,경상
2013072200100083,2013년 7월 22일 07시,월요일,전라남도 광양시 광양읍,경상사고,0,0,1,0,차량단독 - 기타,안전운전불이행,건조,맑음,교차로 - 교차로안,승합,남,29세,상해없음,,,,
2013072200100143,2013년 7월 22일 09시,월요일,전라남도 목포시 동명동,경상사고,0,0,1,0,차대차 - 기타,신호위반,건조,맑음,단일로 - 기타,승용,남,50세,상해없음,이륜,남,19세,경상
2013072200100144,2013년 7월 22일 09시,월요일,전라남도 광양시 마동,경상사고,0,0,1,0,차대차 - 측면직각충돌,교차로운행방법위반,건조,맑음,교차로 - 교차로안,승용,남,61세,상해없음,승용,여,43세,경상
2013072200100207,2013년 7월 22일 11시,월요일,전라남도 장흥군 장흥읍,경상사고,0,0,2,0,차대차 - 측면직각충돌,교차로운행방법위반,건조,맑음,교차로 - 교차로안,승용,남,37세,상해없음,화물,남,54세,경상
2013072200100235,2013년 7월 22일 12시,월요일,전라남도 담양군 무정면,사망사고,1,2,0,0,차대차 - 정면충돌,중앙선침범,건조,맑음,단일로 - 기타,화물,남,70세,사망,화물,남,56세,중상
2013072200100280,2013년 7월 22일 13시,월요일,전라남도 영암군 신북면,중상사고,0,1,0,0,차대사람 - 횡단중,안전운전불이행,건조,맑음,단일로 - 기타,화물,남,53세,상해없음,보행자,남,77세,중상
2013072200100315,2013년 7월 22일 14시,월요일,전라남도 순천시 덕암동,중상사고,0,1,0,0,차대사람 - 횡단중,안전운전불이행,건조,맑음,단일로 - 기타,화물,남,45세,상해없음,보행자,여,29세,중상
2013072200100316,2013년 7월 22일 14시,월요일,전라남도 영암군 시종면,경상사고,0,0,3,0,차대차 - 측면직각충돌,중앙선침범,건조,맑음,단일로 - 기타,화물,남,57세,경상,승용,여,41세,경상
2013072200100317,2013년 7월 22일 14시,월요일,전라남도 영암군 시종면,중상사고,0,1,0,0,차대차 - 추돌 - 진행중,안전운전불이행,건조,맑음,단일로 - 기타,승용,여,39세,상해없음,이륜,여,69세,중상
2013072200100318,2013년 7월 22일 14시,월요일,전라남도 장성군 장성읍,경상사고,0,0,6,0,차대차 - 기타,안전운전불이행,건조,맑음,단일로 - 기타,승용,여,47세,상해없음,승용,여,49세,경상
2013072200100319,2013년 7월 22일 14시,월요일,전라남도 진도군 의신면,중상사고,0,1,0,0,차대차 - 기타,안전운전불이행,건조,맑음,단일로 - 기타,승용,남,42세,상해없음,화물,남,49세,중상
2013072200100344,2013년 7월 22일 15시,월요일,전라남도 목포시 석현동,경상사고,0,0,1,0,차대차 - 측면직각충돌,신호위반,건조,맑음,단일로 - 기타,화물,남,71세,상해없음,승용,남,26세,경상
2013072200100376,2013년 7월 22일 16시,월요일,전라남도 장성군 남면,경상사고,0,0,1,0,차대차 - 측면직각충돌,중앙선침범,건조,맑음,단일로 - 기타,승용,남,54세,상해없음,농기계,남,65세,경상
2013072200100398,2013년 7월 22일 17시,월요일,전라남도 영광군 영광읍,중상사고,0,1,0,0,차대사람 - 횡단중,안전운전불이행,건조,맑음,단일로 - 횡단보도부근,승용,남,19세,상해없음,보행자,여,78세,중상
2013072200100399,2013년 7월 22일 17시,월요일,전라남도 함평군 함평읍,경상사고,0,0,1,0,차대사람 - 길가장자리구역통행중,안전운전불이행,건조,맑음,단일로 - 기타,농기계,남,71세,상해없음,보행자,남,52세,상해없음
2013072200100444,2013년 7월 22일 18시,월요일,전라남도 신안군 신의면,중상사고,0,1,0,0,차대차 - 정면충돌,중앙선침범,건조,맑음,단일로 - 기타,화물,남,53세,상해없음,승용,남,30세,상해없음
2013072200100445,2013년 7월 22일 18시,월요일,전라남도 순천시 풍덕동,경상사고,0,0,1,0,차대사람 - 기타,안전운전불이행,건조,맑음,단일로 - 기타,화물,기타불명,기타불명,기타불명,보행자,여,47세,경상
2013072200100475,2013년 7월 22일 19시,월요일,전라남도 강진군 도암면,중상사고,0,1,1,0,차량단독 - 공작물충돌,안전운전불이행,건조,맑음,교차로 - 교차로안,승용,남,47세,상해없음,,,,
2013072200100476,2013년 7월 22일 19시,월요일,전라남도 무안군 운남면,중상사고,0,1,1,1,차대차 - 측면직각충돌,안전운전불이행,건조,맑음,교차로 - 교차로안,승용,남,67세,부상신고,승용,여,48세,경상
2013072200100507,2013년 7월 22일 20시,월요일,전라남도 순천시 조례동,중상사고,0,1,0,0,차대차 - 기타,직진우회전진행방해,건조,맑음,교차로 - 교차로안,승용,남,37세,상해없음,원동기,남,51세,중상
2013072200100538,2013년 7월 22일 21시,월요일,전라남도 목포시 옥암동,경상사고,0,0,1,0,차대차 - 기타,신호위반,건조,흐림,교차로 - 교차로안,승용,여,40세,상해없음,승용,여,35세,경상
2013072200100539,2013년 7월 22일 21시,월요일,전라남도 나주시 남평읍,경상사고,0,0,2,0,차대차 - 추돌 - 진행중,안전운전불이행,건조,맑음,단일로 - 기타,승용,남,28세,상해없음,승용,남,30세,경상
2013072200100540,2013년 7월 22일 21시,월요일,전라남도 해남군 해남읍,중상사고,0,1,0,0,차량단독 - 도로외이탈 - 기타,안전운전불이행,건조,맑음,단일로 - 기타,승용,여,38세,중상,,,,
2013072200100562,2013년 7월 22일 22시,월요일,전라남도 강진군 강진읍,경상사고,0,0,1,0,차대차 - 추돌 - 주정차중,안전운전불이행,건조,맑음,단일로 - 기타,자전거,남,53세,경상,승용,여,52세,상해없음
2013072200100587,2013년 7월 22일 23시,월요일,전라남도 영암군 삼호읍,경상사고,0,0,1,0,차대차 - 측면직각충돌,신호위반,건조,맑음,교차로 - 교차로안,승용,남,28세,상해없음,승용,남,31세,경상
2013072300100016,2013년 7월 23일 00시,화요일,전라남도 목포시 용당동,경상사고,0,0,1,0,차대사람 - 기타,안전운전불이행,건조,흐림,단일로 - 기타,승용,여,57세,상해없음,보행자,남,43세,경상