사고번호,사고일시,요일,시군구,사고내용,사망자수,중상자수,경상자수,부상신고자수,사고유형,법규위반,노면상태,기상상태,도로형태,가해운전자 차종,가해운전자 성별,가해운전자 연령,가해운전자 상해정도,피해운전자 차종,피해운전자 성별,피해운전자 연령,피해운전자 상해정도
2013072700100434,2013년 7월 27일 17시,토요일,전라남도 무안군 일로읍,경상사고,0,0,2,0,차대차 - 측면직각충돌,안전운전불이행,건조,맑음,교차로 - 교차로부근,승합,여,40세,경상,승용,남,25세,상해없음
2013072700100473,2013년 7월 27일 18시,토요일,전라남도 담양군 담양읍,경상사고,0,0,1,0,차대차 - 측면직각충돌,신호위반,건조,맑음,단일로 - 기타,승용,여,43세,상해없음,원동기,남,60세,경상
2013072700100510,2013년 7월 27일 19시,토요일,전라남도 목포시 옥암동,경상사고,0,0,1,0,차대차 - 추돌 - 진행중,안전운전불이행,건조,흐림,단일로 - 기타,승용,여,52세,상해없음,자전거,남,32세,경상
2013072700100511,2013년 7월 27일 19시,토요일,전라남도 여수시 학동,경상사고,0,0,1,0,차대차 - 측면직각충돌,차로위반,건조,맑음,단일로 - 기타,승용,남,62세,상해없음,승용,여,40세,경상
2013072700100512,2013년 7월 27일 19시,토요일,전라남도 장흥군 장흥읍,중상사고,0,1,0,0,차대사람 - 기타,안전운전불이행,건조,맑음,단일로 - 기타,원동기,남,64세,상해없음,보행자,여,15세,중상
2013072700100540,2013년 7월 27일 20시,토요일,전라남도 순천시 교량동,경상사고,0,0,1,0,차대차 - 측면직각충돌,중앙선침범,건조,맑음,교차로 - 교차로안,승용,남,51세,상해없음,승합,남,51세,경상
2013072700100573,2013년 7월 27일 21시,토요일,전라남도 목포시 산정동,경상사고,0,0,2,0,차대차 - 측면직각충돌,신호위반,건조,맑음,교차로 - 교차로안,승용,남,41세,상해없음,승용,남,24세,경상
2013072700100574,2013년 7월 27일 21시,토요일,전라남도 여수시 소라면,중상사고,0,1,1,0,차대차 - 측면직각충돌,중앙선침범,건조,맑음,단일로 - 기타,승용,남,30세,상해없음,화물,여,50세,중상
2013072700100575,2013년 7월 27일 21시,토요일,전라남도 무안군 삼향읍,사망사고,1,0,0,0,차대사람 - 횡단중,기타,건조,맑음,단일로 - 기타,승용,남,42세,상해없음,보행자,여,80세,사망
2013072700100613,2013년 7월 27일 22시,토요일,전라남도 목포시 용당동,부상신고사고,0,0,0,1,차대사람 - 기타,안전운전불이행,건조,맑음,단일로 - 기타,자전거,남,40세,상해없음,보행자,여,62세,부상신고
2013072700100614,2013년 7월 27일 22시,토요일,전라남도 목포시 산정동,중상사고,0,1,1,0,차대차 - 측면직각충돌,신호위반,건조,맑음,교차로 - 교차로안,승합,남,30세,상해없음,승용,남,44세,중상
2013072700100615,2013년 7월 27일 22시,토요일,전라남도 여수시 웅천동,중상사고,0,2,0,0,차대차 - 측면직각충돌,교차로운행방법위반,건조,맑음,교차로 - 교차로안,승용,남,42세,상해없음,이륜,남,24세,중상
2013072700100616,2013년 7월 27일 22시,토요일,전라남도 완도군 완도읍,경상사고,0,0,1,0,차대차 - 추돌 - 진행중,안전운전불이행,건조,맑음,단일로 - 기타,승용,남,54세,상해없음,승용,남,57세,경상
2013072800100013,2013년 7월 28일 00시,일요일,전라남도 목포시 축복동3가,경상사고,0,0,1,0,차대차 - 측면직각충돌,직진우회전진행방해,건조,맑음,교차로 - 교차로안,승용,남,53세,상해없음,승용,남,68세,상해없음
2013072800100156,2013년 7월 28일 09시,일요일,전라남도 해남군 해남읍,중상사고,0,1,3,0,차대차 - 측면직각충돌,직진우회전진행방해,건조,맑음,교차로 - 교차로안,승용,남,69세,경상,승합,남,43세,중상
2013072800100198,2013년 7월 28일 11시,일요일,전라남도 여수시 수정동,경상사고,0,0,1,0,차대차 - 추돌 - 진행중,안전운전불이행,건조,맑음,교차로 - 교차로안,기타불명,기타불명,기타불명,기타불명,승합,남,38세,상해없음
2013072800100246,2013년 7월 28일 13시,일요일,전라남도 함평군 함평읍,경상사고,0,0,1,0,차대차 - 측면직각충돌,안전운전불이행,건조,맑음,단일로 - 기타,이륜,남,36세,경상,화물,남,45세,상해없음
2013072800100270,2013년 7월 28일 14시,일요일,전라남도 해남군 북평면,중상사고,0,3,0,0,차량단독 - 공작물충돌,안전운전불이행,건조,맑음,단일로 - 기타,승용,남,56세,상해없음,,,,
2013072800100297,2013년 7월 28일 15시,일요일,전라남도 순천시 해룡면,중상사고,0,1,0,0,차대사람 - 기타,안전운전불이행,건조,맑음,기타 - 기타,승용,남,49세,상해없음,보행자,여,86세,중상
2013072800100323,2013년 7월 28일 16시,일요일,전라남도 담양군 담양읍,경상사고,0,0,1,0,차대사람 - 기타,안전운전불이행,건조,맑음,단일로 - 기타,자전거,남,14세,상해없음,보행자,여,62세,경상
2013072800100324,2013년 7월 28일 16시,일요일,전라남도 진도군 군내면,경상사고,0,0,1,0,차량단독 - 도로외이탈 - 기타,안전운전불이행,건조,맑음,단일로 - 기타,승용,남,29세,경상,,,,
2013072800100346,2013년 7월 28일 17시,일요일,전라남도 순천시 가곡동,경상사고,0,0,2,0,차대차 - 측면직각충돌,안전운전불이행,건조,맑음,교차로 - 교차로부근,승용,여,25세,상해없음,승용,여,53세,경상
2013072800100347,2013년 7월 28일 17시,일요일,전라남도 무안군 삼향읍,중상사고,0,1,2,0,차대차 - 측면직각충돌,안전운전불이행,건조,맑음,교차로 - 교차로안,승용,남,21세,경상,승합,남,55세,경상
2013072800100348,2013년 7월 28일 17시,일요일,전라남도 무안군 몽탄면,경상사고,0,0,1,0,차대차 - 측면직각충돌,안전운전불이행,건조,맑음,교차로 - 교차로안,화물,남,22세,상해없음,승용,남,36세,경상
2013072800100367,2013년 7월 28일 18시,일요일,전라남도 함평군 신광면,경상사고,0,0,1,0,차량단독 - 도로외이탈 - 추락,안전운전불이행,건조,맑음,단일로 - 기타,승용,남,63세,경상,,,,
2013072800100392,2013년 7월 28일 19시,일요일,전라남도 담양군 창평면,중상사고,0,1,0,0,차대사람 - 기타,안전운전불이행,건조,흐림,단일로 - 기타,승용,남,45세,상해없음,보행자,남,53세,중상
2013072800100413,2013년 7월 28일 20시,일요일,전라남도 여수시 여서동,경상사고,0,0,1,0,차대사람 - 기타,안전거리미확보,건조,맑음,단일로 - 기타,승용,여,24세,상해없음,보행자,남,37세,경상
2013072800100414,2013년 7월 28일 20시,일요일,전라남도 순천시 조례동,경상사고,0,0,1,0,차대차 - 기타,직진우회전진행방해,건조,맑음,교차로 - 교차로안,승용,남,44세,상해없음,자전거,남,29세,경상
2013072800100445,2013년 7월 28일 21시,일요일,전라남도 무안군 삼향읍,경상사고,0,0,3,0,차대차 - 측면직각충돌,직진우회전진행방해,건조,맑음,교차로 - 교차로안,승용,여,37세,경상,승용,남,22세,경상
2013072800100461,2013년 7월 28일 22시,일요일,전라남도 순천시 해룡면,사망사고,1,2,1,0,차대차 - 기타,안전운전불이행,건조,맑음,단일로 - 기타,승용,남,58세,경상,승용,남,50세,사망
2013072800100476,2013년 7월 28일 23시,일요일,전라남도 여수시 학동,중상사고,0,1,0,0,차대차 - 측면직각충돌,신호위반,건조,맑음,교차로 - 교차로안,승용,남,34세,상해없음,승용,남,40세,중상
2013072900100019,2013년 7월 29일 01시,월요일,전라남도 보성군 보성읍,중상사고,0,1,0,0,차대차 - 추돌 - 주정차중,안전운전불이행,건조,맑음,단일로 - 기타,이륜,남,21세,중상,승용,남,50세,기타불명
2013072900100029,2013년 7월 29일 03시,월요일,전라남도 보성군 회천면,중상사고,0,1,0,0,차대차 - 추돌 - 주정차중,안전운전불이행,건조,맑음,단일로 - 기타,승용,남,27세,중상,화물,남,78세,기타불명
2013072900100040,2013년 7월 29일 05시,월요일,전라남도 광양시 광양읍,부상신고사고,0,0,0,1,차대차 - 측면직각충돌,안전운전불이행,건조,맑음,단일로 - 기타,승용,남,18세,부상신고,승용,남,52세,기타불명
2013072900100068,2013년 7월 29일 07시,월요일,전라남도 순천시 덕월동,중상사고,0,1,1,0,차대차 - 기타,신호위반,건조,맑음,교차로 - 교차로안,이륜,남,73세,중상,화물,남,39세,상해없음
2013072900100087,2013년 7월 29일 08시,월요일,전라남도 강진군 칠량면,경상사고,0,0,1,0,차대차 - 측면직각충돌,중앙선침범,습기,비,단일로 - 기타,화물,남,58세,상해없음,승용,여,36세,경상
2013072900100115,2013년 7월 29일 09시,월요일,전라남도 순천시 조례동,중상사고,0,1,0,0,차대사람 - 기타,안전운전불이행,건조,맑음,단일로 - 기타,승합,남,64세,상해없음,보행자,여,65세,중상
2013072900100139,2013년 7월 29일 10시,월요일,전라남도 나주시 왕곡면,경상사고,0,0,1,0,차대차 - 추돌 - 주정차중,안전거리미확보,습기,비,교차로 - 교차로부근,화물,남,51세,상해없음,승용,남,66세,경상
2013072900100140,2013년 7월 29일 10시,월요일,전라남도 보성군 보성읍,경상사고,0,0,1,0,차대차 - 측면직각충돌,안전운전불이행,습기,흐림,교차로 - 교차로안,화물,남,58세,상해없음,승용,남,41세,경상
2013072900100141,2013년 7월 29일 10시,월요일,전라남도 광양시 옥곡면,중상사고,0,1,0,0,차대차 - 측면직각충돌,직진우회전진행방해,건조,맑음,교차로 - 교차로안,농기계,남,76세,상해없음,이륜,남,67세,중상
2013072900100142,2013년 7월 29일 10시,월요일,전라남도 광양시 다압면,경상사고,0,0,1,0,차대차 - 측면직각충돌,안전운전불이행,건조,맑음,단일로 - 기타,승용,남,38세,상해없음,이륜,남,75세,경상
2013072900100157,2013년 7월 29일 11시,월요일,전라남도 고흥군 고흥읍,중상사고,0,1,0,0,차대차 - 기타,안전운전불이행,건조,맑음,교차로 - 교차로안,승용,남,49세,상해없음,이륜,남,73세,중상
2013072900100158,2013년 7월 29일 11시,월요일,전라남도 장성군 남면,경상사고,0,0,2,0,차대차 - 추돌 - 주정차중,안전운전불이행,습기,비,교차로 - 교차로부근,화물,남,62세,상해없음,승용,남,61세,상해없음
2013072900100159,2013년 7월 29일 11시,월요일,전라남도 광양시 마동,경상사고,0,0,4,0,차대차 - 측면직각충돌,교차로운행방법위반,건조,맑음,교차로 - 교차로안,승합,남,26세,경상,승합,남,41세,경상
2013072900100180,2013년 7월 29일 12시,월요일,전라남도 여수시 광무동,경상사고,0,0,1,0,차대사람 - 횡단중,안전운전불이행,건조,맑음,교차로 - 교차로부근,승용,여,48세,상해없음,보행자,여,83세,경상
2013072900100181,2013년 7월 29일 12시,월요일,전라남도 강진군 군동면,중상사고,0,2,2,0,차대차 - 측면직각충돌,신호위반,습기,흐림,교차로 - 교차로안,승용,남,39세,상해없음,승용,남,32세,경상
2013072900100203,2013년 7월 29일 13시,월요일,전라남도 나주시 이창동,경상사고,0,0,1,0,차대차 - 기타,안전운전불이행,건조,흐림,교차로 - 교차로부근,화물,남,48세,상해없음,원동기,여,39세,경상
2013072900100204,2013년 7월 29일 13시,월요일,전라남도 고흥군 풍양면,중상사고,0,1,0,0,차량단독 - 공작물충돌,안전운전불이행,건조,맑음,단일로 - 기타,승용,남,62세,상해없음,,,,
2013072900100236,2013년 7월 29일 14시,월요일,전라남도 여수시 선원동,경상사고,0,0,1,0,차대차 - 기타,안전운전불이행,건조,맑음,교차로 - 교차로부근,이륜,남,48세,상해없음,화물,남,24세,경상
2013072900100237,2013년 7월 29일 14시,월요일,전라남도 강진군 대구면,경상사고,0,0,1,0,차대차 - 측면직각충돌,안전운전불이행,습기,맑음,단일로 - 기타,화물,남,43세,상해없음,승용,남,70세,상해없음
2013072900100238,2013년 7월 29일 14시,월요일,전라남도 순천시 주암면,경상사고,0,0,3,0,차대차 - 추돌 - 진행중,안전운전불이행,건조,흐림,단일로 - 기타,승용,남,26세,상해없음,승용,남,22세,경상
2013072900100271,2013년 7월 29일 15시,월요일,전라남도 고흥군 고흥읍,중상사고,0,1,0,0,차대사람 - 기타,신호위반,건조,맑음,교차로 - 교차로안,승용,남,71세,상해없음,보행자,남,8세,중상
2013072900100272,2013년 7월 29일 15시,월요일,전라남도 해남군 송지면,중상사고,0,3,1,0,차량단독 - 도로외이탈 - 기타,안전운전불이행,건조,맑음,단일로 - 기타,화물,남,77세,경상,,,,
2013072900100316,2013년 7월 29일 16시,월요일,전라남도 영암군 영암읍,중상사고,0,1,0,0,차대사람 - 횡단중,안전운전불이행,건조,맑음,교차로 - 교차로안,화물,남,45세,상해없음,보행자,남,7세,중상
2013072900100345,2013년 7월 29일 17시,월요일,전라남도 영암군 삼호읍,경상사고,0,0,4,0,차대차 - 추돌 - 주정차중,안전운전불이행,건조,맑음,단일로 - 기타,승합,남,30세,경상,승용,남,55세,경상
2013072900100346,2013년 7월 29일 17시,월요일,전라남도 순천시 황전면,경상사고,0,0,2,0,차대차 - 측면직각충돌,안전운전불이행,습기,흐림,단일로 - 기타,승용,남,31세,상해없음,승용,남,47세,경상
2013072900100377,2013년 7월 29일 18시,월요일,전라남도 목포시 호남동,중상사고,0,1,0,0,차대차 - 기타,안전운전불이행,건조,맑음,단일로 - 기타,기타불명,기타불명,기타불명,기타불명,자전거,기타불명,기타불명,기타불명
2013072900100378,2013년 7월 29일 18시,월요일,전라남도 여수시 여서동,경상사고,0,0,1,0,차대차 - 추돌 - 진행중,교차로운행방법위반,건조,맑음,교차로 - 교차로안,승합,남,39세,상해없음,승용,여,48세,경상
2013072900100379,2013년 7월 29일 18시,월요일,전라남도 영암군 도포면,사망사고,1,0,0,0,차량단독 - 기타,안전운전불이행,건조,맑음,단일로 - 기타,화물,남,58세,사망,,,,
2013072900100380,2013년 7월 29일 18시,월요일,전라남도 담양군 금성면,경상사고,0,0,1,0,차대차 - 측면직각충돌,교차로운행방법위반,건조,맑음,교차로 - 교차로안,승용,남,67세,상해없음,승용,여,49세,경상
2013072900100381,2013년 7월 29일 18시,월요일,전라남도 무안군 청계면,경상사고,0,0,1,0,차대차 - 측면직각충돌,안전거리미확보,건조,맑음,교차로 - 교차로부근,이륜,남,81세,경상,화물,남,59세,상해없음
2013072900100414,2013년 7월 29일 19시,월요일,전라남도 순천시 중앙동,경상사고,0,0,1,0,차대차 - 측면직각충돌,안전운전불이행,건조,맑음,단일로 - 횡단보도상,승용,여,26세,상해없음,자전거,남,10세,경상
2013072900100415,2013년 7월 29일 19시,월요일,전라남도 해남군 산이면,중상사고,0,1,3,0,차대차 - 추돌 - 진행중,안전운전불이행,건조,맑음,단일로 - 기타,승용,남,28세,상해없음,승용,남,43세,경상
2013072900100416,2013년 7월 29일 19시,월요일,전라남도 광양시 광양읍,경상사고,0,0,1,0,차대차 - 추돌 - 주정차중,안전운전불이행,건조,맑음,단일로 - 기타,승용,기타불명,기타불명,기타불명,승용,남,28세,경상
2013072900100448,2013년 7월 29일 20시,월요일,전라남도 나주시 세지면,경상사고,0,0,1,0,차대차 - 기타,중앙선침범,건조,맑음,단일로 - 기타,화물,남,53세,상해없음,승용,여,42세,경상
2013072900100473,2013년 7월 29일 21시,월요일,전라남도 순천시 조례동,경상사고,0,0,1,0,차대사람 - 횡단중,보행자보호의무위반,건조,맑음,교차로 - 교차로부근,승용,여,55세,상해없음,보행자,여,15세,경상
2013072900100474,2013년 7월 29일 21시,월요일,전라남도 광양시 마동,경상사고,0,0,1,0,차량단독 - 전도전복,안전운전불이행,건조,맑음,단일로 - 기타,승용,남,20세,상해없음,,,,
2013072900100525,2013년 7월 29일 23시,월요일,전라남도 목포시 상동,경상사고,0,0,1,0,차대차 - 측면직각충돌,교차로운행방법위반,건조,맑음,교차로 - 교차로안,기타불명,기타불명,기타불명,기타불명,승용,남,32세,경상
2013072900100526,2013년 7월 29일 23시,월요일,전라남도 광양시 중동,경상사고,0,0,1,0,차대차 - 측면직각충돌,안전거리미확보,건조,맑음,단일로 - 기타,승용,남,62세,상해없음,승용,남,32세,경상
2013073000100035,2013년 7월 30일 02시,화요일,전라남도 여수시 여서동,경상사고,0,0,1,0,차대사람 - 기타,안전운전불이행,건조,맑음,교차로 - 교차로부근,승용,남,60세,상해없음,보행자,남,39세,경상
2013073000100036,2013년 7월 30일 02시,화요일,전라남도 순천시 연향동,경상사고,0,0,1,0,차대차 - 기타,안전운전불이행,건조,맑음,교차로 - 교차로부근,승용,남,30세,상해없음,승용,여,40세,경상
2013073000100048,2013년 7월 30일 04시,화요일,전라남도 순천시 조례동,경상사고,0,0,1,0,차대차 - 기타,안전운전불이행,습기,흐림,교차로 - 교차로안,승용,여,65세,경상,승용,여,44세,상해없음
2013073000100076,2013년 7월 30일 07시,화요일,전라남도 여수시 선원동,경상사고,0,0,1,0,차대차 - 측면직각충돌,중앙선침범,건조,맑음,단일로 - 기타,화물,남,45세,상해없음,승용,남,28세,경상
2013073000100123,2013년 7월 30일 09시,화요일,전라남도 광양시 광양읍,부상신고사고,0,0,0,1,차대차 - 추돌 - 주정차중,안전운전불이행,건조,맑음,교차로 - 교차로부근,승용,남,55세,상해없음,승용,여,27세,부상신고
2013073000100153,2013년 7월 30일 10시,화요일,전라남도 장흥군 대덕읍,중상사고,0,1,1,0,차대차 - 측면직각충돌,교차로운행방법위반,건조,맑음,교차로 - 교차로안,승용,남,69세,상해없음,원동기,남,77세,경상
2013073000100154,2013년 7월 30일 10시,화요일,전라남도 함평군 신광면,사망사고,1,0,0,0,차대차 - 측면직각충돌,안전운전불이행,건조,맑음,단일로 - 기타,화물,남,65세,상해없음,이륜,여,69세,사망
2013073000100155,2013년 7월 30일 10시,화요일,전라남도 구례군 구례읍,경상사고,0,0,1,0,차대차 - 기타,안전운전불이행,건조,맑음,교차로 - 교차로안,승합,여,37세,상해없음,승합,남,30세,경상
2013073000100189,2013년 7월 30일 11시,화요일,전라남도 순천시 덕암동,중상사고,0,1,0,0,차대차 - 추돌 - 진행중,안전거리미확보,건조,흐림,교차로 - 교차로안,승용,남,50세,상해없음,승용,남,72세,상해없음
2013073000100190,2013년 7월 30일 11시,화요일,전라남도 나주시 공산면,중상사고,0,1,0,0,차대차 - 기타,안전운전불이행,건조,맑음,단일로 - 기타,원동기,남,76세,중상,화물,남,65세,상해없음
2013073000100191,2013년 7월 30일 11시,화요일,전라남도 광양시 광양읍,경상사고,0,0,1,0,차대차 - 기타,안전운전불이행,건조,맑음,교차로 - 교차로부근,기타불명,기타불명,기타불명,기타불명,승합,남,61세,상해없음
2013073000100217,2013년 7월 30일 12시,화요일,전라남도 순천시 서면,경상사고,0,0,2,0,차대차 - 추돌 - 진행중,안전거리미확보,건조,맑음,기타 - 기타,화물,남,32세,상해없음,승합,남,62세,경상
2013073000100218,2013년 7월 30일 12시,화요일,전라남도 고흥군 도양읍,중상사고,0,1,0,0,차대차 - 기타,안전운전불이행,건조,맑음,단일로 - 기타,승용,남,54세,상해없음,자전거,남,9세,중상
2013073000100256,2013년 7월 30일 13시,화요일,전라남도 장흥군 관산읍,중상사고,0,2,11,0,차대차 - 정면충돌,중앙선침범,건조,맑음,교차로 - 교차로부근,승용,남,77세,경상,승용,여,40세,경상
2013073000100293,2013년 7월 30일 14시,화요일,전라남도 진도군 군내면,중상사고,0,1,0,0,차대차 - 기타,안전운전불이행,기타,맑음,단일로 - 교량,화물,남,49세,상해없음,화물,남,28세,중상
2013073000100323,2013년 7월 30일 15시,화요일,전라남도 곡성군 옥과면,중상사고,0,1,0,0,차대차 - 기타,안전운전불이행,건조,맑음,교차로 - 교차로안,승용,여,55세,상해없음,이륜,남,81세,중상
2013073000100357,2013년 7월 30일 16시,화요일,전라남도 장흥군 장흥읍,경상사고,0,0,1,0,차대차 - 측면직각충돌,안전운전불이행,건조,맑음,단일로 - 기타,승용,남,57세,상해없음,원동기,남,52세,경상
2013073000100358,2013년 7월 30일 16시,화요일,전라남도 고흥군 도덕면,중상사고,0,1,0,0,차대차 - 기타,안전운전불이행,건조,맑음,단일로 - 기타,이륜,여,62세,중상,화물,남,50세,상해없음
2013073000100359,2013년 7월 30일 16시,화요일,전라남도 영광군 백수읍,중상사고,0,4,0,0,차량단독 - 공작물충돌,안전운전불이행,건조,맑음,단일로 - 기타,승용,여,54세,중상,,,,
2013073000100406,2013년 7월 30일 17시,화요일,전라남도 나주시 중앙동,경상사고,0,0,1,0,차대차 - 추돌 - 주정차중,안전운전불이행,건조,맑음,단일로 - 기타,승용,여,42세,상해없음,승용,여,39세,경상
2013073000100447,2013년 7월 30일 18시,화요일,전라남도 화순군 화순읍,경상사고,0,0,2,0,차대차 - 추돌 - 진행중,차로위반,건조,맑음,단일로 - 기타,승용,여,53세,상해없음,승용,여,49세,상해없음
2013073000100448,2013년 7월 30일 18시,화요일,전라남도 영암군 군서면,중상사고,0,1,0,0,차대차 - 측면직각충돌,직진우회전진행방해,건조,맑음,교차로 - 교차로안,화물,남,54세,상해없음,승용,남,68세,중상
2013073000100449,2013년 7월 30일 18시,화요일,전라남도 광양시 중동,경상사고,0,0,1,0,차대차 - 추돌 - 주정차중,안전운전불이행,건조,맑음,교차로 - 교차로부근,화물,남,50세,상해없음,승용,남,25세,경상
2013073000100450,2013년 7월 30일 18시,화요일,전라남도 광양시 광양읍,중상사고,0,1,0,0,차대차 - 측면직각충돌,교차로운행방법위반,건조,맑음,교차로 - 교차로안,승용,남,52세,상해없음,자전거,남,74세,중상
2013073000100451,2013년 7월 30일 18시,화요일,전라남도 구례군 구례읍,중상사고,0,2,0,0,차대차 - 측면직각충돌,신호위반,건조,맑음,교차로 - 교차로안,승용,남,41세,상해없음,승용,남,31세,중상
2013073000100480,2013년 7월 30일 19시,화요일,전라남도 무안군 몽탄면,경상사고,0,0,1,0,차대차 - 추돌 - 진행중,안전운전불이행,건조,맑음,단일로 - 기타,승합,남,33세,상해없음,화물,남,58세,경상
2013073000100481,2013년 7월 30일 19시,화요일,전라남도 여수시 국동,부상신고사고,0,0,0,1,차대차 - 정면충돌,중앙선침범,건조,맑음,교차로 - 교차로부근,승용,여,63세,상해없음,이륜,남,44세,부상신고
2013073000100482,2013년 7월 30일 19시,화요일,전라남도 순천시 남정동,중상사고,0,2,0,0,차대차 - 측면직각충돌,안전운전불이행,건조,맑음,교차로 - 교차로안,승용,남,43세,상해없음,이륜,남,57세,중상
2013073000100483,2013년 7월 30일 19시,화요일,전라남도 해남군 북일면,경상사고,0,0,1,0,차대차 - 측면직각충돌,교차로운행방법위반,건조,맑음,교차로 - 교차로안,농기계,남,77세,경상,화물,여,49세,상해없음
2013073000100513,2013년 7월 30일 20시,화요일,전라남도 해남군 해남읍,중상사고,0,2,0,0,차대차 - 추돌 - 진행중,안전운전불이행,건조,맑음,단일로 - 기타,화물,남,46세,상해없음,승합,남,37세,상해없음
2013073000100554,2013년 7월 30일 21시,화요일,전라남도 순천시 연향동,중상사고,0,1,1,0,차대차 - 측면직각충돌,안전운전불이행,건조,맑음,교차로 - 교차로안,승용,남,26세,상해없음,화물,남,55세,경상
2013073000100555,2013년 7월 30일 21시,화요일,전라남도 영암군 덕진면,경상사고,0,0,1,0,차량단독 - 전도전복,안전운전불이행,건조,맑음,단일로 - 기타,승용,남,41세,경상,,,,
2013073000100588,2013년 7월 30일 22시,화요일,전라남도 목포시 상동,경상사고,0,0,1,0,차대차 - 기타,중앙선침범,건조,맑음,교차로 - 교차로부근,승용,남,52세,상해없음,승용,남,55세,상해없음
2013073000100589,2013년 7월 30일 22시,화요일,전라남도 여수시 관문동,사망사고,1,0,0,0,차대사람 - 횡단중,안전운전불이행,건조,맑음,단일로 - 기타,승용,남,23세,상해없음,보행자,여,82세,사망
2013073100100019,2013년 7월 31일 00시,수요일,전라남도 광양시 금호동,중상사고,0,1,0,0,차량단독 - 공작물충돌,안전운전불이행,건조,맑음,단일로 - 기타,화물,남,50세,중상,,,,
2013073100100135,2013년 7월 31일 08시,수요일,전라남도 순천시 조곡동,경상사고,0,0,1,0,차대차 - 측면직각충돌,신호위반,건조,맑음,교차로 - 교차로안,승합,남,60세,상해없음,승용,여,51세,경상
2013073100100136,2013년 7월 31일 08시,수요일,전라남도 진도군 진도읍,경상사고,0,0,1,0,차대차 - 기타,안전운전불이행,기타,맑음,교차로 - 교차로안,승용,남,26세,상해없음,승용,여,36세,경상
2013073100100162,2013년 7월 31일 09시,수요일,전라남도 순천시 조례동,경상사고,0,0,1,0,차대차 - 추돌 - 주정차중,안전운전불이행,건조,맑음,단일로 - 기타,화물,남,30세,상해없음,승용,여,49세,경상
2013073100100163,2013년 7월 31일 09시,수요일,전라남도 순천시 서면,사망사고,1,0,0,0,차량단독 - 기타,안전운전불이행,건조,맑음,교차로 - 교차로부근,원동기,남,80세,사망,,,,
2013073100100186,2013년 7월 31일 10시,수요일,전라남도 곡성군 삼기면,중상사고,0,1,0,0,차량단독 - 도로외이탈 - 기타,안전운전불이행,습기,흐림,단일로 - 기타,건설기계,남,43세,중상,,,,
2013073100100223,2013년 7월 31일 11시,수요일,전라남도 영광군 영광읍,경상사고,0,0,1,0,차대차 - 측면직각충돌,교차로운행방법위반,건조,맑음,교차로 - 교차로안,승용,남,53세,상해없음,승용,여,41세,경상
2013073100100224,2013년 7월 31일 11시,수요일,전라남도 담양군 봉산면,중상사고,0,1,0,0,차대사람 - 기타,안전운전불이행,건조,흐림,교차로 - 교차로안,승용,남,56세,상해없음,보행자,여,69세,중상
2013073100100249,2013년 7월 31일 12시,수요일,전라남도 순천시 조례동,경상사고,0,0,1,0,차대차 - 추돌 - 진행중,안전운전불이행,습기,비,교차로 - 교차로부근,이륜,남,82세,경상,승용,남,71세,상해없음
2013073100100250,2013년 7월 31일 12시,수요일,전라남도 순천시 해룡면,경상사고,0,0,3,0,차대차 - 기타,안전운전불이행,건조,맑음,교차로 - 교차로안,승용,남,46세,상해없음,승용,남,54세,경상
2013073100100251,2013년 7월 31일 12시,수요일,전라남도 순천시 연향동,중상사고,0,1,1,0,차대차 - 추돌 - 진행중,신호위반,건조,맑음,교차로 - 교차로안,승용,남,44세,상해없음,이륜,남,71세,중상
2013073100100252,2013년 7월 31일 12시,수요일,전라남도 해남군 산이면,경상사고,0,0,5,0,차대차 - 기타,교차로운행방법위반,건조,맑음,단일로 - 기타,화물,남,45세,상해없음,승용,남,41세,경상
2013073100100253,2013년 7월 31일 12시,수요일,전라남도 해남군 해남읍,중상사고,0,1,3,0,차대차 - 기타,중앙선침범,건조,맑음,단일로 - 기타,화물,남,68세,상해없음,승용,남,24세,경상
2013073100100254,2013년 7월 31일 12시,수요일,전라남도 완도군 완도읍,경상사고,0,0,6,0,차대차 - 측면직각충돌,안전운전불이행,건조,맑음,교차로 - 교차로안,승용,남,58세,상해없음,승용,여,35세,경상
2013073100100255,2013년 7월 31일 12시,수요일,전라남도 광양시 광영동,중상사고,0,1,0,0,차대차 - 측면직각충돌,신호위반,건조,맑음,교차로 - 교차로안,승용,남,70세,상해없음,화물,남,61세,상해없음
2013073100100256,2013년 7월 31일 12시,수요일,전라남도 구례군 마산면,경상사고,0,0,1,0,차대차 - 추돌 - 진행중,기타,건조,맑음,단일로 - 기타,이륜,남,71세,경상,승용,남,43세,상해없음
2013073100100290,2013년 7월 31일 13시,수요일,전라남도 광양시 광양읍,부상신고사고,0,0,0,1,차대차 - 정면충돌,중앙선침범,건조,맑음,단일로 - 기타,자전거,남,70세,부상신고,승용,남,62세,상해없음
2013073100100330,2013년 7월 31일 14시,수요일,전라남도 목포시 산정동,경상사고,0,0,2,0,차대차 - 측면직각충돌,신호위반,건조,맑음,교차로 - 교차로안,승용,남,66세,상해없음,화물,남,25세,경상
2013073100100331,2013년 7월 31일 14시,수요일,전라남도 영암군 영암읍,중상사고,0,1,0,0,차대사람 - 보도통행중,신호위반,건조,맑음,단일로 - 기타,기타불명,기타불명,기타불명,기타불명,보행자,남,58세,중상