사고번호,사고일시,요일,시군구,사고내용,사망자수,중상자수,경상자수,부상신고자수,사고유형,법규위반,노면상태,기상상태,도로형태,가해운전자 차종,가해운전자 성별,가해운전자 연령,가해운전자 상해정도,피해운전자 차종,피해운전자 성별,피해운전자 연령,피해운전자 상해정도
2013073100100356,2013년 7월 31일 15시,수요일,전라남도 여수시 중흥동,중상사고,0,2,1,0,차대차 - 측면직각충돌,교차로운행방법위반,건조,맑음,교차로 - 교차로안,승용,남,36세,상해없음,승합,남,38세,경상
2013073100100357,2013년 7월 31일 15시,수요일,전라남도 순천시 해룡면,경상사고,0,0,1,0,차대차 - 추돌 - 진행중,중앙선침범,건조,맑음,단일로 - 기타,승용,여,43세,상해없음,승용,여,48세,경상
2013073100100358,2013년 7월 31일 15시,수요일,전라남도 장흥군 장흥읍,사망사고,1,0,0,0,차량단독 - 공작물충돌,안전운전불이행,건조,맑음,단일로 - 기타,승용,남,71세,사망,,,,
2013073100100359,2013년 7월 31일 15시,수요일,전라남도 해남군 북일면,경상사고,0,0,2,0,차량단독 - 도로외이탈 - 기타,안전운전불이행,건조,맑음,단일로 - 기타,승용,남,33세,경상,,,,
2013073100100360,2013년 7월 31일 15시,수요일,전라남도 영암군 삼호읍,경상사고,0,0,6,0,차대차 - 추돌 - 진행중,안전운전불이행,건조,맑음,단일로 - 기타,승용,남,48세,경상,승용,여,35세,경상
2013073100100393,2013년 7월 31일 16시,수요일,전라남도 순천시 서면,중상사고,0,1,0,0,차대차 - 추돌 - 진행중,신호위반,건조,맑음,교차로 - 교차로안,승용,남,41세,상해없음,이륜,남,28세,중상
2013073100100394,2013년 7월 31일 16시,수요일,전라남도 해남군 송지면,경상사고,0,0,1,0,차대차 - 기타,안전운전불이행,건조,맑음,단일로 - 기타,화물,남,38세,상해없음,승용,남,54세,상해없음
2013073100100395,2013년 7월 31일 16시,수요일,전라남도 광양시 광양읍,중상사고,0,1,0,0,차대차 - 추돌 - 진행중,안전운전불이행,건조,맑음,단일로 - 기타,화물,남,52세,중상,화물,남,44세,상해없음
2013073100100426,2013년 7월 31일 17시,수요일,전라남도 장흥군 유치면,중상사고,0,1,2,0,차량단독 - 도로외이탈 - 추락,안전운전불이행,건조,맑음,단일로 - 기타,승용,남,27세,경상,,,,
2013073100100489,2013년 7월 31일 19시,수요일,전라남도 목포시 산정동,경상사고,0,0,1,0,차대차 - 기타,교차로운행방법위반,건조,맑음,교차로 - 교차로안,승용,남,69세,상해없음,자전거,여,49세,경상
2013073100100490,2013년 7월 31일 19시,수요일,전라남도 구례군 산동면,중상사고,0,3,2,0,차대차 - 추돌 - 진행중,과속,건조,맑음,단일로 - 터널,화물,남,57세,경상,승용,남,38세,중상
2013073100100542,2013년 7월 31일 21시,수요일,전라남도 여수시 소라면,경상사고,0,0,1,0,차대차 - 추돌 - 진행중,안전운전불이행,건조,맑음,단일로 - 기타,승용,남,47세,상해없음,승용,남,57세,상해없음
2013073100100577,2013년 7월 31일 22시,수요일,전라남도 여수시 만흥동,경상사고,0,0,1,0,차대사람 - 기타,안전운전불이행,건조,맑음,단일로 - 기타,승용,남,47세,상해없음,보행자,남,15세,경상
2013073100100578,2013년 7월 31일 22시,수요일,전라남도 광양시 중동,경상사고,0,0,1,0,차대사람 - 횡단중,안전운전불이행,건조,맑음,교차로 - 교차로부근,승용,남,47세,상해없음,보행자,여,50세,경상
2013073100100618,2013년 7월 31일 23시,수요일,전라남도 순천시 해룡면,경상사고,0,0,3,0,차대차 - 기타,직진우회전진행방해,건조,맑음,교차로 - 교차로안,승용,여,45세,상해없음,승용,남,53세,상해없음
2013073100100619,2013년 7월 31일 23시,수요일,전라남도 해남군 산이면,사망사고,1,0,0,0,차량단독 - 기타,안전운전불이행,건조,맑음,단일로 - 기타,원동기,남,34세,사망,,,,
2013080100100012,2013년 8월 1일 00시,목요일,전라남도 화순군 화순읍,경상사고,0,0,1,0,차대차 - 측면직각충돌,안전운전불이행,건조,맑음,단일로 - 기타,원동기,남,17세,경상,승용,남,49세,상해없음
2013080100100076,2013년 8월 1일 05시,목요일,전라남도 해남군 옥천면,중상사고,0,1,0,0,차대차 - 기타,안전운전불이행,건조,맑음,단일로 - 기타,화물,남,70세,상해없음,자전거,남,71세,중상
2013080100100158,2013년 8월 1일 09시,목요일,전라남도 순천시 가곡동,중상사고,0,1,3,0,차대차 - 측면직각충돌,신호위반,건조,맑음,교차로 - 교차로안,승합,남,45세,상해없음,승용,남,28세,경상
2013080100100159,2013년 8월 1일 09시,목요일,전라남도 순천시 해룡면,중상사고,0,1,0,0,차대차 - 측면직각충돌,교차로운행방법위반,건조,맑음,교차로 - 교차로안,화물,남,59세,상해없음,이륜,남,51세,중상
2013080100100160,2013년 8월 1일 09시,목요일,전라남도 영암군 도포면,경상사고,0,0,1,0,차대차 - 측면직각충돌,중앙선침범,건조,맑음,단일로 - 기타,승용,남,67세,상해없음,승용,여,52세,경상
2013080100100226,2013년 8월 1일 11시,목요일,전라남도 순천시 연향동,경상사고,0,0,2,0,차대차 - 기타,안전운전불이행,건조,맑음,단일로 - 횡단보도부근,승용,여,40세,경상,승합,남,57세,상해없음
2013080100100258,2013년 8월 1일 12시,목요일,전라남도 해남군 해남읍,경상사고,0,0,3,0,차대차 - 기타,교차로운행방법위반,건조,맑음,교차로 - 교차로안,화물,남,63세,상해없음,승용,남,37세,경상
2013080100100259,2013년 8월 1일 12시,목요일,전라남도 곡성군 곡성읍,경상사고,0,0,3,0,차대차 - 기타,안전운전불이행,건조,맑음,교차로 - 교차로부근,화물,남,48세,상해없음,승용,남,43세,경상
2013080100100285,2013년 8월 1일 13시,목요일,전라남도 광양시 다압면,중상사고,0,1,0,0,차대차 - 추돌 - 진행중,안전운전불이행,건조,맑음,단일로 - 기타,승용,남,62세,상해없음,농기계,남,75세,중상
2013080100100304,2013년 8월 1일 14시,목요일,전라남도 여수시 학동,중상사고,0,1,0,0,차대사람 - 횡단중,신호위반,건조,맑음,단일로 - 기타,승용,남,28세,상해없음,보행자,여,72세,중상
2013080100100305,2013년 8월 1일 14시,목요일,전라남도 나주시 성북동,중상사고,0,1,0,0,차대사람 - 횡단중,안전운전불이행,건조,맑음,교차로 - 교차로안,화물,남,45세,상해없음,보행자,여,74세,중상
2013080100100306,2013년 8월 1일 14시,목요일,전라남도 장흥군 장흥읍,경상사고,0,0,1,0,차대차 - 추돌 - 진행중,안전운전불이행,건조,맑음,단일로 - 기타,화물,남,65세,상해없음,화물,남,32세,상해없음
2013080100100345,2013년 8월 1일 15시,목요일,전라남도 목포시 상동,경상사고,0,0,1,0,차대차 - 측면직각충돌,중앙선침범,건조,맑음,단일로 - 기타,승용,남,68세,상해없음,승용,남,37세,상해없음
2013080100100346,2013년 8월 1일 15시,목요일,전라남도 순천시 석현동,중상사고,0,1,0,0,차대사람 - 횡단중,보행자보호의무위반,건조,맑음,단일로 - 횡단보도상,승용,남,69세,상해없음,보행자,남,75세,중상
2013080100100347,2013년 8월 1일 15시,목요일,전라남도 해남군 화원면,중상사고,0,1,0,0,차대차 - 기타,안전운전불이행,건조,맑음,단일로 - 기타,건설기계,남,54세,상해없음,원동기,남,61세,중상
2013080100100348,2013년 8월 1일 15시,목요일,전라남도 해남군 옥천면,중상사고,0,1,1,0,차대차 - 기타,차로위반,건조,맑음,단일로 - 기타,승용,남,52세,상해없음,승용,남,27세,경상
2013080100100375,2013년 8월 1일 16시,목요일,전라남도 목포시 상동,경상사고,0,0,1,0,차대사람 - 기타,안전운전불이행,건조,맑음,단일로 - 기타,승용,여,38세,상해없음,보행자,여,85세,경상
2013080100100376,2013년 8월 1일 16시,목요일,전라남도 목포시 용당동,경상사고,0,0,1,0,차대차 - 추돌 - 주정차중,안전운전불이행,건조,맑음,단일로 - 기타,승용,남,43세,상해없음,승용,남,54세,경상
2013080100100377,2013년 8월 1일 16시,목요일,전라남도 보성군 웅치면,경상사고,0,0,1,0,차대차 - 정면충돌,안전운전불이행,건조,맑음,단일로 - 기타,승용,남,46세,상해없음,화물,남,48세,경상
2013080100100378,2013년 8월 1일 16시,목요일,전라남도 함평군 대동면,중상사고,0,1,1,0,차대차 - 정면충돌,중앙선침범,건조,맑음,단일로 - 기타,화물,남,38세,상해없음,이륜,남,70세,중상
2013080100100451,2013년 8월 1일 18시,목요일,전라남도 장흥군 장흥읍,경상사고,0,0,6,0,차대차 - 추돌 - 진행중,안전운전불이행,건조,맑음,단일로 - 기타,화물,남,70세,상해없음,화물,남,35세,경상
2013080100100452,2013년 8월 1일 18시,목요일,전라남도 광양시 중동,경상사고,0,0,2,0,차대차 - 측면직각충돌,교차로운행방법위반,건조,맑음,교차로 - 교차로안,승용,여,43세,경상,승용,남,50세,경상
2013080100100485,2013년 8월 1일 19시,목요일,전라남도 영광군 영광읍,경상사고,0,0,1,0,차대차 - 측면직각충돌,안전운전불이행,건조,맑음,교차로 - 교차로안,이륜,남,78세,상해없음,승용,여,23세,상해없음
2013080100100576,2013년 8월 1일 22시,목요일,전라남도 목포시 용당동,중상사고,0,1,0,0,차대사람 - 기타,안전운전불이행,건조,맑음,단일로 - 기타,승용,남,56세,상해없음,보행자,남,58세,중상
2013080100100577,2013년 8월 1일 22시,목요일,전라남도 영암군 서호면,경상사고,0,0,4,0,차대차 - 정면충돌,중앙선침범,건조,맑음,단일로 - 기타,승용,남,54세,경상,승용,남,48세,경상
2013080200100049,2013년 8월 2일 03시,금요일,전라남도 완도군 노화읍,중상사고,0,2,0,0,차대차 - 추돌 - 진행중,안전거리미확보,건조,맑음,단일로 - 기타,승용,남,20세,상해없음,농기계,남,71세,중상
2013080200100056,2013년 8월 2일 04시,금요일,전라남도 고흥군 고흥읍,경상사고,0,0,1,0,차량단독 - 공작물충돌,안전운전불이행,건조,맑음,단일로 - 기타,원동기,여,43세,경상,,,,
2013080200100069,2013년 8월 2일 05시,금요일,전라남도 순천시 황전면,중상사고,0,1,0,0,차대사람 - 횡단중,안전운전불이행,건조,맑음,단일로 - 기타,화물,여,63세,상해없음,보행자,여,64세,중상
2013080200100115,2013년 8월 2일 09시,금요일,전라남도 목포시 상동,경상사고,0,0,2,0,차대차 - 기타,신호위반,건조,맑음,교차로 - 교차로안,승용,여,41세,상해없음,승용,남,33세,경상
2013080200100116,2013년 8월 2일 09시,금요일,전라남도 순천시 인제동,중상사고,0,1,0,0,차대차 - 기타,중앙선침범,건조,맑음,단일로 - 횡단보도상,자전거,남,77세,중상,승용,남,52세,상해없음
2013080200100117,2013년 8월 2일 09시,금요일,전라남도 순천시 매곡동,중상사고,0,1,0,0,차대차 - 기타,안전운전불이행,건조,맑음,교차로 - 교차로안,승용,여,57세,상해없음,자전거,남,73세,중상
2013080200100118,2013년 8월 2일 09시,금요일,전라남도 영암군 군서면,중상사고,0,1,0,0,차대차 - 기타,직진우회전진행방해,건조,맑음,교차로 - 교차로안,화물,남,66세,상해없음,자전거,남,66세,중상
2013080200100119,2013년 8월 2일 09시,금요일,전라남도 완도군 완도읍,중상사고,0,1,0,0,차대차 - 측면직각충돌,안전거리미확보,건조,맑음,단일로 - 기타,승용,여,23세,상해없음,화물,여,28세,상해없음
2013080200100142,2013년 8월 2일 10시,금요일,전라남도 고흥군 도양읍,중상사고,0,1,2,1,차대차 - 기타,교차로운행방법위반,건조,맑음,교차로 - 교차로안,승용,여,40세,중상,승용,남,40세,상해없음
2013080200100169,2013년 8월 2일 11시,금요일,전라남도 여수시 학동,중상사고,0,1,0,0,차대사람 - 차도통행중,안전운전불이행,건조,맑음,단일로 - 기타,승용,남,34세,상해없음,보행자,여,57세,중상
2013080200100170,2013년 8월 2일 11시,금요일,전라남도 영암군 덕진면,사망사고,1,0,0,0,차량단독 - 공작물충돌,안전운전불이행,건조,맑음,단일로 - 기타,승용,남,68세,사망,,,,
2013080200100171,2013년 8월 2일 11시,금요일,전라남도 영암군 영암읍,중상사고,0,1,0,0,차대차 - 기타,차로위반,건조,맑음,단일로 - 기타,이륜,남,61세,중상,승용,여,68세,상해없음
2013080200100172,2013년 8월 2일 11시,금요일,전라남도 곡성군 오곡면,경상사고,0,0,5,0,차대차 - 기타,중앙선침범,건조,맑음,단일로 - 기타,화물,남,40세,상해없음,승용,여,39세,경상
2013080200100173,2013년 8월 2일 11시,금요일,전라남도 진도군 진도읍,경상사고,0,0,1,0,차대차 - 기타,안전운전불이행,기타,맑음,교차로 - 교차로안,승용,남,31세,상해없음,승용,남,55세,경상
2013080200100204,2013년 8월 2일 12시,금요일,전라남도 여수시 만흥동,경상사고,0,0,2,0,차대사람 - 기타,안전운전불이행,건조,맑음,단일로 - 기타,승용,남,38세,상해없음,보행자,여,27세,경상
2013080200100205,2013년 8월 2일 12시,금요일,전라남도 화순군 화순읍,사망사고,1,0,0,0,차대차 - 측면직각충돌,교차로운행방법위반,건조,맑음,교차로 - 교차로안,승용,남,71세,상해없음,원동기,남,82세,사망
2013080200100242,2013년 8월 2일 13시,금요일,전라남도 광양시 광양읍,경상사고,0,0,2,0,차대차 - 측면직각충돌,교차로운행방법위반,건조,맑음,교차로 - 교차로안,승용,여,65세,경상,승용,여,49세,경상
2013080200100270,2013년 8월 2일 14시,금요일,전라남도 여수시 돌산읍,경상사고,0,0,3,0,차대차 - 기타,안전운전불이행,건조,맑음,단일로 - 기타,승용,남,37세,상해없음,승용,남,42세,경상
2013080200100271,2013년 8월 2일 14시,금요일,전라남도 고흥군 포두면,부상신고사고,0,0,0,1,차량단독 - 전도전복,기타,건조,맑음,단일로 - 기타,화물,남,66세,부상신고,,,,
2013080200100272,2013년 8월 2일 14시,금요일,전라남도 강진군 대구면,중상사고,0,1,7,0,차대차 - 추돌 - 주정차중,안전운전불이행,건조,맑음,단일로 - 기타,승용,여,60세,경상,승용,여,30세,경상
2013080200100306,2013년 8월 2일 15시,금요일,전라남도 해남군 송지면,경상사고,0,0,1,0,차대사람 - 횡단중,안전운전불이행,건조,맑음,단일로 - 기타,승용,남,55세,상해없음,보행자,남,6세,경상
2013080200100334,2013년 8월 2일 16시,금요일,전라남도 보성군 보성읍,경상사고,0,0,2,0,차대차 - 측면직각충돌,직진우회전진행방해,건조,맑음,교차로 - 교차로안,승용,여,55세,경상,화물,남,47세,경상
2013080200100335,2013년 8월 2일 16시,금요일,전라남도 화순군 화순읍,경상사고,0,0,1,0,차대차 - 측면직각충돌,기타,건조,맑음,단일로 - 기타,승용,남,29세,상해없음,화물,남,54세,상해없음
2013080200100336,2013년 8월 2일 16시,금요일,전라남도 강진군 강진읍,중상사고,0,1,0,0,차대사람 - 차도통행중,안전운전불이행,건조,맑음,교차로 - 교차로부근,화물,남,21세,상해없음,보행자,여,78세,중상
2013080200100372,2013년 8월 2일 17시,금요일,전라남도 목포시 용해동,경상사고,0,0,1,0,차대차 - 기타,안전운전불이행,건조,맑음,기타 - 기타,승용,남,25세,상해없음,자전거,남,29세,경상
2013080200100373,2013년 8월 2일 17시,금요일,전라남도 광양시 광양읍,중상사고,0,1,3,0,차대차 - 측면직각충돌,교차로운행방법위반,건조,맑음,교차로 - 교차로안,승용,남,54세,경상,승용,남,57세,경상
2013080200100405,2013년 8월 2일 18시,금요일,전라남도 목포시 상락동1가,경상사고,0,0,1,0,차대차 - 기타,직진우회전진행방해,건조,맑음,교차로 - 교차로안,승용,남,72세,상해없음,승용,여,48세,경상
2013080200100406,2013년 8월 2일 18시,금요일,전라남도 순천시 연향동,경상사고,0,0,3,0,차대차 - 측면직각충돌,직진우회전진행방해,건조,맑음,기타 - 기타,승용,남,64세,경상,승용,남,37세,상해없음
2013080200100407,2013년 8월 2일 18시,금요일,전라남도 해남군 해남읍,중상사고,0,2,0,1,차대차 - 추돌 - 진행중,안전운전불이행,건조,맑음,교차로 - 교차로부근,승용,남,45세,부상신고,승용,남,77세,중상
2013080200100439,2013년 8월 2일 19시,금요일,전라남도 순천시 서면,경상사고,0,0,2,0,차대차 - 기타,중앙선침범,건조,맑음,단일로 - 기타,승용,남,29세,상해없음,승용,여,54세,경상
2013080200100440,2013년 8월 2일 19시,금요일,전라남도 화순군 화순읍,경상사고,0,0,1,0,차량단독 - 공작물충돌,안전운전불이행,건조,맑음,단일로 - 기타,승용,남,59세,경상,,,,
2013080200100441,2013년 8월 2일 19시,금요일,전라남도 강진군 병영면,중상사고,0,1,0,0,차대사람 - 길가장자리구역통행중,안전운전불이행,건조,맑음,단일로 - 기타,승용,여,41세,상해없음,보행자,남,72세,중상
2013080200100442,2013년 8월 2일 19시,금요일,전라남도 광양시 광양읍,중상사고,0,3,1,0,차대차 - 측면직각충돌,중앙선침범,건조,맑음,교차로 - 교차로부근,승용,남,26세,상해없음,승용,남,34세,중상
2013080200100464,2013년 8월 2일 20시,금요일,전라남도 순천시 연향동,중상사고,0,1,0,0,차대사람 - 횡단중,보행자보호의무위반,건조,맑음,단일로 - 횡단보도상,승용,여,52세,상해없음,보행자,여,18세,중상
2013080200100465,2013년 8월 2일 20시,금요일,전라남도 광양시 광양읍,경상사고,0,0,1,1,차대차 - 측면직각충돌,직진우회전진행방해,건조,맑음,교차로 - 교차로안,승용,여,29세,부상신고,화물,여,54세,경상
2013080200100504,2013년 8월 2일 21시,금요일,전라남도 목포시 용당동,경상사고,0,0,3,0,차대차 - 추돌 - 진행중,안전거리미확보,건조,맑음,교차로 - 교차로부근,승용,여,50세,경상,승용,남,47세,경상
2013080200100505,2013년 8월 2일 21시,금요일,전라남도 목포시 산정동,경상사고,0,0,1,0,차대사람 - 차도통행중,안전운전불이행,건조,맑음,단일로 - 기타,승용,남,32세,상해없음,보행자,남,51세,경상
2013080200100506,2013년 8월 2일 21시,금요일,전라남도 여수시 남산동,경상사고,0,0,2,0,차대차 - 추돌 - 주정차중,안전운전불이행,건조,맑음,단일로 - 교량,승용,남,42세,상해없음,승용,남,31세,경상
2013080200100538,2013년 8월 2일 22시,금요일,전라남도 목포시 상동,경상사고,0,0,3,0,차대차 - 측면직각충돌,직진우회전진행방해,건조,맑음,교차로 - 교차로안,승용,남,51세,경상,승용,남,35세,경상
2013080200100560,2013년 8월 2일 23시,금요일,전라남도 목포시 죽교동,경상사고,0,0,2,0,차대차 - 측면직각충돌,직진우회전진행방해,건조,맑음,교차로 - 교차로안,승용,남,45세,경상,승용,남,58세,경상
2013080200100561,2013년 8월 2일 23시,금요일,전라남도 순천시 조례동,경상사고,0,0,1,0,차대차 - 측면직각충돌,중앙선침범,건조,맑음,단일로 - 기타,승용,남,45세,상해없음,원동기,남,20세,경상
2013080200100562,2013년 8월 2일 23시,금요일,전라남도 영암군 삼호읍,경상사고,0,0,3,0,차대차 - 측면직각충돌,교차로운행방법위반,건조,맑음,교차로 - 교차로안,승용,남,46세,경상,승용,남,38세,경상
2013080200100563,2013년 8월 2일 23시,금요일,전라남도 광양시 광영동,경상사고,0,0,1,0,차대차 - 측면직각충돌,안전거리미확보,건조,맑음,단일로 - 기타,승용,남,50세,상해없음,승합,남,47세,경상
2013080300100048,2013년 8월 3일 02시,토요일,전라남도 목포시 옥암동,경상사고,0,0,5,0,차대차 - 측면직각충돌,직진우회전진행방해,건조,맑음,교차로 - 교차로안,승용,여,24세,경상,승용,남,55세,경상
2013080300100049,2013년 8월 3일 02시,토요일,전라남도 완도군 금일읍,사망사고,1,0,0,0,차량단독 - 기타,안전운전불이행,건조,맑음,교차로 - 교차로부근,화물,남,27세,상해없음,,,,
2013080300100063,2013년 8월 3일 03시,토요일,전라남도 목포시 상동,경상사고,0,0,2,0,차대차 - 기타,안전운전불이행,건조,맑음,교차로 - 교차로부근,승용,남,48세,상해없음,승용,남,27세,경상
2013080300100075,2013년 8월 3일 04시,토요일,전라남도 무안군 삼향읍,중상사고,0,1,0,0,차량단독 - 공작물충돌,안전운전불이행,건조,맑음,단일로 - 기타,승용,남,29세,중상,,,,
2013080300100090,2013년 8월 3일 05시,토요일,전라남도 담양군 용면,중상사고,0,1,0,0,차량단독 - 기타,기타,건조,맑음,교차로 - 교차로부근,화물,남,50세,상해없음,,,,
2013080300100116,2013년 8월 3일 07시,토요일,전라남도 광양시 광양읍,중상사고,0,1,0,0,차대차 - 측면직각충돌,직진우회전진행방해,건조,맑음,교차로 - 교차로안,이륜,남,71세,중상,승용,여,24세,상해없음
2013080300100131,2013년 8월 3일 08시,토요일,전라남도 목포시 산정동,중상사고,0,1,0,0,차대차 - 측면직각충돌,중앙선침범,건조,흐림,단일로 - 기타,이륜,남,76세,중상,승용,여,23세,상해없음
2013080300100157,2013년 8월 3일 09시,토요일,전라남도 광양시 광양읍,중상사고,0,1,6,0,차대차 - 정면충돌,중앙선침범,건조,맑음,단일로 - 기타,승합,여,36세,경상,승용,남,45세,경상
2013080300100188,2013년 8월 3일 10시,토요일,전라남도 해남군 화원면,경상사고,0,0,2,0,차대차 - 기타,안전거리미확보,건조,맑음,단일로 - 기타,농기계,남,71세,기타불명,승합,남,50세,상해없음
2013080300100211,2013년 8월 3일 11시,토요일,전라남도 보성군 벌교읍,경상사고,0,0,1,0,차대차 - 측면직각충돌,안전운전불이행,건조,맑음,교차로 - 교차로안,승용,남,30세,상해없음,이륜,남,82세,경상
2013080300100242,2013년 8월 3일 12시,토요일,전라남도 신안군 자은면,경상사고,0,0,1,0,차량단독 - 도로외이탈 - 추락,안전운전불이행,건조,맑음,단일로 - 기타,이륜,남,16세,경상,,,,
2013080300100243,2013년 8월 3일 12시,토요일,전라남도 나주시 성북동,부상신고사고,0,0,0,1,차대차 - 기타,안전운전불이행,습기,비,단일로 - 기타,원동기,남,61세,부상신고,승용,남,38세,상해없음
2013080300100244,2013년 8월 3일 12시,토요일,전라남도 고흥군 포두면,중상사고,0,1,0,0,차대차 - 정면충돌,안전운전불이행,건조,맑음,단일로 - 기타,이륜,남,61세,중상,승용,남,44세,상해없음
2013080300100285,2013년 8월 3일 13시,토요일,전라남도 순천시 대대동,경상사고,0,0,1,0,차대차 - 측면직각충돌,안전운전불이행,건조,맑음,교차로 - 교차로부근,화물,남,54세,상해없음,화물,여,58세,상해없음
2013080300100286,2013년 8월 3일 13시,토요일,전라남도 광양시 광양읍,중상사고,0,1,0,0,차대차 - 정면충돌,안전운전불이행,건조,맑음,교차로 - 교차로안,화물,여,53세,상해없음,자전거,남,19세,중상
2013080300100324,2013년 8월 3일 14시,토요일,전라남도 장성군 장성읍,중상사고,0,2,0,0,차대차 - 기타,안전운전불이행,습기,비,단일로 - 기타,승용,여,32세,중상,화물,남,44세,중상
2013080300100394,2013년 8월 3일 16시,토요일,전라남도 목포시 상동,경상사고,0,0,1,0,차대차 - 측면직각충돌,차로위반,건조,맑음,단일로 - 기타,승용,남,45세,상해없음,승용,남,54세,경상
2013080300100395,2013년 8월 3일 16시,토요일,전라남도 여수시 충무동,중상사고,0,1,0,0,차대사람 - 횡단중,보행자보호의무위반,건조,맑음,단일로 - 횡단보도상,화물,남,52세,상해없음,보행자,남,70세,중상
2013080300100396,2013년 8월 3일 16시,토요일,전라남도 광양시 광양읍,경상사고,0,0,2,0,차대차 - 측면직각충돌,직진우회전진행방해,건조,맑음,교차로 - 교차로안,승용,남,28세,경상,승용,남,60세,상해없음
2013080300100429,2013년 8월 3일 17시,토요일,전라남도 목포시 옥암동,경상사고,0,0,1,0,차대차 - 기타,안전운전불이행,건조,맑음,단일로 - 기타,이륜,남,17세,경상,승합,남,61세,상해없음
2013080300100430,2013년 8월 3일 17시,토요일,전라남도 나주시 왕곡면,경상사고,0,0,4,0,차대차 - 측면직각충돌,안전거리미확보,건조,맑음,단일로 - 기타,승용,남,45세,상해없음,승용,여,35세,경상
2013080300100478,2013년 8월 3일 18시,토요일,전라남도 목포시 호남동,중상사고,0,1,0,0,차대사람 - 횡단중,안전운전불이행,건조,맑음,단일로 - 횡단보도상,승용,여,28세,상해없음,보행자,여,53세,중상
2013080300100479,2013년 8월 3일 18시,토요일,전라남도 강진군 작천면,경상사고,0,0,2,0,차량단독 - 공작물충돌,안전운전불이행,건조,맑음,단일로 - 기타,승용,남,62세,경상,,,,
2013080300100510,2013년 8월 3일 19시,토요일,전라남도 나주시 왕곡면,경상사고,0,0,3,2,차대차 - 기타,안전운전불이행,건조,맑음,단일로 - 기타,승용,남,50세,부상신고,화물,여,50세,경상
2013080300100575,2013년 8월 3일 21시,토요일,전라남도 나주시 산포면,경상사고,0,0,3,1,차량단독 - 전도전복,안전운전불이행,건조,맑음,교차로 - 교차로부근,승용,남,51세,부상신고,,,,
2013080300100576,2013년 8월 3일 21시,토요일,전라남도 영광군 백수읍,중상사고,0,1,0,0,차량단독 - 공작물충돌,안전운전불이행,건조,맑음,단일로 - 기타,승합,남,48세,상해없음,,,,
2013080300100638,2013년 8월 3일 23시,토요일,전라남도 여수시 돌산읍,경상사고,0,0,1,0,차대차 - 추돌 - 진행중,안전운전불이행,건조,맑음,단일로 - 교량,승용,남,50세,상해없음,승용,남,34세,경상
2013080400100047,2013년 8월 4일 04시,일요일,전라남도 목포시 옥암동,경상사고,0,0,1,0,차대차 - 측면직각충돌,안전거리미확보,건조,맑음,교차로 - 교차로부근,승용,남,21세,상해없음,승용,남,45세,경상
2013080400100070,2013년 8월 4일 06시,일요일,전라남도 장흥군 안양면,중상사고,0,1,1,0,차량단독 - 공작물충돌,안전운전불이행,건조,맑음,단일로 - 기타,원동기,남,17세,상해없음,,,,
2013080400100106,2013년 8월 4일 09시,일요일,전라남도 여수시 고소동,중상사고,0,1,0,1,차대사람 - 차도통행중,안전운전불이행,건조,맑음,교차로 - 교차로안,이륜,남,66세,부상신고,보행자,남,6세,중상
2013080400100132,2013년 8월 4일 10시,일요일,전라남도 목포시 상동,경상사고,0,0,1,0,차대차 - 추돌 - 주정차중,안전운전불이행,건조,맑음,교차로 - 교차로부근,승용,남,57세,상해없음,화물,남,50세,경상
2013080400100133,2013년 8월 4일 10시,일요일,전라남도 여수시 미평동,중상사고,0,1,0,0,차대사람 - 기타,안전운전불이행,습기,비,교차로 - 교차로안,승용,남,54세,상해없음,보행자,여,44세,중상
2013080400100134,2013년 8월 4일 10시,일요일,전라남도 순천시 연향동,경상사고,0,0,1,0,차대차 - 측면직각충돌,안전운전불이행,건조,맑음,교차로 - 교차로안,승용,남,44세,상해없음,자전거,남,22세,경상
2013080400100135,2013년 8월 4일 10시,일요일,전라남도 순천시 서면,경상사고,0,0,1,0,차량단독 - 도로외이탈 - 기타,안전운전불이행,건조,맑음,단일로 - 기타,이륜,남,80세,경상,,,,
2013080400100136,2013년 8월 4일 10시,일요일,전라남도 화순군 화순읍,경상사고,0,0,2,0,차대차 - 기타,안전운전불이행,건조,맑음,단일로 - 기타,승용,여,66세,상해없음,승합,남,70세,경상
2013080400100160,2013년 8월 4일 11시,일요일,전라남도 광양시 마동,경상사고,0,0,3,0,차대차 - 추돌 - 주정차중,안전운전불이행,습기,흐림,교차로 - 교차로부근,승용,남,29세,상해없음,승용,여,47세,경상
2013080400100179,2013년 8월 4일 12시,일요일,전라남도 무안군 청계면,사망사고,1,0,0,0,차량단독 - 전도전복,안전운전불이행,건조,맑음,단일로 - 교량,이륜,남,73세,상해없음,,,,
2013080400100180,2013년 8월 4일 12시,일요일,전라남도 구례군 토지면,중상사고,0,2,8,0,차대사람 - 기타,안전운전불이행,건조,맑음,단일로 - 기타,승용,남,45세,상해없음,보행자,남,57세,경상
2013080400100202,2013년 8월 4일 13시,일요일,전라남도 목포시 상동,경상사고,0,0,1,0,차대차 - 기타,안전운전불이행,건조,기타,단일로 - 기타,승용,남,53세,상해없음,원동기,남,16세,경상
2013080400100203,2013년 8월 4일 13시,일요일,전라남도 고흥군 남양면,중상사고,0,7,0,0,차대차 - 정면충돌,중앙선침범,건조,맑음,단일로 - 기타,승용,여,52세,중상,승합,남,54세,중상
2013080400100237,2013년 8월 4일 14시,일요일,전라남도 순천시 풍덕동,경상사고,0,0,1,0,차대사람 - 기타,안전운전불이행,건조,맑음,교차로 - 교차로안,승용,남,54세,상해없음,보행자,여,63세,경상