사고번호,사고일시,요일,시군구,사고내용,사망자수,중상자수,경상자수,부상신고자수,사고유형,법규위반,노면상태,기상상태,도로형태,가해운전자 차종,가해운전자 성별,가해운전자 연령,가해운전자 상해정도,피해운전자 차종,피해운전자 성별,피해운전자 연령,피해운전자 상해정도
2013080800100440,2013년 8월 8일 18시,목요일,전라남도 고흥군 대서면,사망사고,1,0,0,0,차대사람 - 기타,안전운전불이행,건조,맑음,단일로 - 기타,승용,남,62세,상해없음,보행자,여,83세,사망
2013080800100484,2013년 8월 8일 19시,목요일,전라남도 장성군 남면,중상사고,0,1,7,0,차대차 - 정면충돌,중앙선침범,건조,맑음,단일로 - 기타,승용,남,65세,경상,승합,남,48세,경상
2013080800100485,2013년 8월 8일 19시,목요일,전라남도 진도군 임회면,중상사고,0,4,1,0,차대차 - 정면충돌,안전운전불이행,기타,기타,단일로 - 기타,화물,남,50세,중상,승용,남,23세,중상
2013080800100518,2013년 8월 8일 20시,목요일,전라남도 목포시 호남동,중상사고,0,1,0,0,차대차 - 기타,안전거리미확보,건조,맑음,단일로 - 기타,승용,남,39세,상해없음,이륜,남,17세,중상
2013080800100519,2013년 8월 8일 20시,목요일,전라남도 여수시 여서동,중상사고,0,1,0,0,차대사람 - 횡단중,보행자보호의무위반,건조,맑음,단일로 - 기타,승용,여,43세,상해없음,보행자,여,55세,중상
2013080800100583,2013년 8월 8일 22시,목요일,전라남도 목포시 용당동,중상사고,0,1,2,0,차대차 - 기타,안전거리미확보,건조,맑음,교차로 - 교차로안,승용,남,38세,경상,승용,남,36세,경상
2013080800100584,2013년 8월 8일 22시,목요일,전라남도 여수시 선원동,중상사고,0,1,0,0,차대사람 - 횡단중,보행자보호의무위반,건조,맑음,단일로 - 횡단보도상,승용,남,65세,상해없음,보행자,남,45세,중상
2013080900100015,2013년 8월 9일 00시,금요일,전라남도 여수시 문수동,경상사고,0,0,3,0,차대차 - 측면직각충돌,직진우회전진행방해,건조,맑음,교차로 - 교차로안,승용,남,53세,상해없음,승용,남,35세,경상
2013080900100063,2013년 8월 9일 05시,금요일,전라남도 무안군 현경면,부상신고사고,0,0,0,1,차량단독 - 공작물충돌,안전운전불이행,건조,맑음,단일로 - 기타,화물,남,32세,부상신고,,,,
2013080900100088,2013년 8월 9일 07시,금요일,전라남도 영암군 삼호읍,중상사고,0,2,1,0,차대차 - 정면충돌,중앙선침범,건조,맑음,단일로 - 기타,승용,남,51세,상해없음,승용,남,66세,중상
2013080900100112,2013년 8월 9일 08시,금요일,전라남도 나주시 이창동,경상사고,0,0,7,0,차대차 - 기타,안전거리미확보,건조,맑음,교차로 - 교차로부근,승용,남,66세,경상,승용,남,66세,경상
2013080900100113,2013년 8월 9일 08시,금요일,전라남도 영암군 군서면,경상사고,0,0,1,0,차대사람 - 기타,안전운전불이행,건조,맑음,단일로 - 기타,이륜,남,73세,경상,보행자,남,61세,상해없음
2013080900100114,2013년 8월 9일 08시,금요일,전라남도 담양군 대전면,경상사고,0,0,3,0,차대차 - 측면직각충돌,교차로운행방법위반,건조,맑음,교차로 - 교차로안,승용,여,47세,상해없음,승용,남,70세,경상
2013080900100144,2013년 8월 9일 09시,금요일,전라남도 목포시 용당동,경상사고,0,0,2,0,차대차 - 측면직각충돌,안전운전불이행,건조,맑음,단일로 - 기타,승용,여,49세,경상,승용,여,37세,경상
2013080900100145,2013년 8월 9일 09시,금요일,전라남도 목포시 옥암동,경상사고,0,0,1,0,차대차 - 측면직각충돌,차로위반,건조,맑음,교차로 - 교차로부근,건설기계,남,42세,상해없음,승용,남,46세,상해없음
2013080900100146,2013년 8월 9일 09시,금요일,전라남도 장흥군 장흥읍,사망사고,1,0,0,0,차량단독 - 공작물충돌,안전운전불이행,건조,맑음,단일로 - 기타,화물,남,50세,사망,,,,
2013080900100147,2013년 8월 9일 09시,금요일,전라남도 광양시 금호동,중상사고,0,1,0,0,차대사람 - 기타,안전운전불이행,건조,맑음,기타 - 기타,건설기계,남,35세,상해없음,보행자,남,37세,중상
2013080900100202,2013년 8월 9일 11시,금요일,전라남도 순천시 승주읍,경상사고,0,0,1,0,차대차 - 추돌 - 주정차중,안전운전불이행,건조,맑음,교차로 - 교차로안,화물,남,52세,상해없음,승용,남,59세,경상
2013080900100203,2013년 8월 9일 11시,금요일,전라남도 무안군 망운면,경상사고,0,0,2,0,차대차 - 측면직각충돌,중앙선침범,건조,맑음,단일로 - 기타,화물,남,83세,상해없음,이륜,남,67세,경상
2013080900100239,2013년 8월 9일 12시,금요일,전라남도 여수시 화양면,경상사고,0,0,1,0,차대차 - 측면직각충돌,중앙선침범,건조,맑음,교차로 - 교차로부근,승용,남,43세,상해없음,승용,남,58세,상해없음
2013080900100240,2013년 8월 9일 12시,금요일,전라남도 해남군 송지면,경상사고,0,0,1,0,차대차 - 측면직각충돌,안전운전불이행,건조,맑음,단일로 - 기타,화물,남,31세,상해없음,승합,여,49세,경상
2013080900100271,2013년 8월 9일 13시,금요일,전라남도 해남군 문내면,중상사고,0,1,0,0,차대차 - 기타,교차로운행방법위반,건조,맑음,교차로 - 교차로안,원동기,남,72세,중상,승용,남,57세,상해없음
2013080900100301,2013년 8월 9일 14시,금요일,전라남도 여수시 중앙동,중상사고,0,1,0,0,차대사람 - 횡단중,보행자보호의무위반,건조,맑음,단일로 - 횡단보도상,승용,남,20세,상해없음,보행자,남,73세,중상
2013080900100302,2013년 8월 9일 14시,금요일,전라남도 장성군 장성읍,경상사고,0,0,1,0,차대차 - 측면직각충돌,안전운전불이행,건조,맑음,단일로 - 기타,승용,남,36세,상해없음,승용,여,54세,경상
2013080900100338,2013년 8월 9일 15시,금요일,전라남도 영광군 영광읍,경상사고,0,0,1,0,차대차 - 측면직각충돌,교차로운행방법위반,건조,맑음,교차로 - 교차로안,승용,여,47세,상해없음,원동기,남,78세,경상
2013080900100373,2013년 8월 9일 16시,금요일,전라남도 무안군 삼향읍,경상사고,0,0,3,0,차대차 - 측면직각충돌,안전운전불이행,건조,맑음,단일로 - 기타,승용,남,53세,상해없음,승용,여,42세,경상
2013080900100449,2013년 8월 9일 18시,금요일,전라남도 목포시 옥암동,경상사고,0,0,1,0,차대차 - 측면직각충돌,안전운전불이행,건조,맑음,단일로 - 기타,승용,남,57세,상해없음,화물,남,48세,경상
2013080900100450,2013년 8월 9일 18시,금요일,전라남도 순천시 동외동,경상사고,0,0,1,0,차대차 - 기타,교차로운행방법위반,건조,맑음,교차로 - 교차로안,화물,남,52세,상해없음,승용,남,47세,상해없음
2013080900100451,2013년 8월 9일 18시,금요일,전라남도 나주시 이창동,중상사고,0,1,0,0,차대차 - 측면직각충돌,직진우회전진행방해,건조,맑음,교차로 - 교차로안,원동기,여,61세,중상,화물,남,71세,상해없음
2013080900100534,2013년 8월 9일 20시,금요일,전라남도 목포시 산정동,경상사고,0,0,1,0,차대사람 - 기타,안전운전불이행,건조,맑음,단일로 - 기타,승용,남,62세,상해없음,보행자,남,50세,경상
2013080900100535,2013년 8월 9일 20시,금요일,전라남도 여수시 신월동,경상사고,0,0,2,0,차대차 - 기타,중앙선침범,건조,맑음,단일로 - 기타,승용,남,36세,상해없음,승용,남,37세,상해없음
2013080900100568,2013년 8월 9일 21시,금요일,전라남도 순천시 연향동,경상사고,0,0,1,0,차대차 - 추돌 - 진행중,안전운전불이행,건조,맑음,교차로 - 교차로안,승용,기타불명,기타불명,기타불명,승용,남,59세,경상
2013080900100596,2013년 8월 9일 22시,금요일,전라남도 광양시 광양읍,중상사고,0,1,0,0,차대사람 - 횡단중,신호위반,건조,맑음,단일로 - 횡단보도상,승용,남,35세,상해없음,보행자,여,29세,중상
2013081000100066,2013년 8월 10일 02시,토요일,전라남도 광양시 마동,경상사고,0,0,1,0,차대사람 - 기타,안전운전불이행,건조,맑음,교차로 - 교차로안,승용,남,61세,상해없음,보행자,남,30세,경상
2013081000100130,2013년 8월 10일 06시,토요일,전라남도 장흥군 용산면,사망사고,1,0,0,0,차량단독 - 전도전복,안전운전불이행,건조,맑음,단일로 - 기타,승용,남,35세,사망,,,,
2013081000100131,2013년 8월 10일 06시,토요일,전라남도 무안군 삼향읍,경상사고,0,0,1,1,차대차 - 측면직각충돌,안전운전불이행,건조,맑음,교차로 - 교차로안,승용,남,43세,부상신고,승용,남,40세,경상
2013081000100173,2013년 8월 10일 08시,토요일,전라남도 순천시 조례동,중상사고,0,1,1,0,차량단독 - 공작물충돌,안전운전불이행,건조,맑음,단일로 - 기타,승용,남,31세,경상,,,,
2013081000100174,2013년 8월 10일 08시,토요일,전라남도 해남군 마산면,부상신고사고,0,0,0,1,차대차 - 기타,안전운전불이행,건조,맑음,교차로 - 교차로안,화물,남,44세,부상신고,건설기계,남,42세,상해없음
2013081000100192,2013년 8월 10일 09시,토요일,전라남도 무안군 무안읍,경상사고,0,0,1,0,차대차 - 측면직각충돌,직진우회전진행방해,건조,맑음,교차로 - 교차로안,승용,남,28세,경상,승용,남,33세,상해없음
2013081000100193,2013년 8월 10일 09시,토요일,전라남도 광양시 광영동,중상사고,0,3,0,0,차대차 - 추돌 - 진행중,안전운전불이행,건조,맑음,단일로 - 기타,승용,남,34세,상해없음,승용,여,55세,중상
2013081000100244,2013년 8월 10일 11시,토요일,전라남도 여수시 율촌면,중상사고,0,1,2,0,차대차 - 측면직각충돌,교차로운행방법위반,건조,맑음,교차로 - 교차로안,화물,남,55세,상해없음,건설기계,남,56세,상해없음
2013081000100245,2013년 8월 10일 11시,토요일,전라남도 순천시 장천동,경상사고,0,0,1,0,차대차 - 추돌 - 진행중,교차로운행방법위반,건조,맑음,교차로 - 교차로안,승용,남,60세,상해없음,이륜,남,71세,경상
2013081000100246,2013년 8월 10일 11시,토요일,전라남도 순천시 연향동,경상사고,0,0,4,0,차대차 - 측면직각충돌,교차로운행방법위반,건조,맑음,교차로 - 교차로안,승용,남,57세,경상,승용,남,57세,경상
2013081000100247,2013년 8월 10일 11시,토요일,전라남도 고흥군 두원면,경상사고,0,0,4,0,차량단독 - 도로외이탈 - 기타,안전운전불이행,건조,맑음,단일로 - 기타,승용,여,35세,경상,,,,
2013081000100309,2013년 8월 10일 13시,토요일,전라남도 순천시 조례동,경상사고,0,0,1,0,차대사람 - 기타,안전운전불이행,건조,맑음,단일로 - 기타,승용,남,26세,상해없음,보행자,남,9세,경상
2013081000100310,2013년 8월 10일 13시,토요일,전라남도 순천시 연향동,중상사고,0,1,0,0,차대사람 - 기타,안전운전불이행,건조,맑음,단일로 - 기타,승용,여,33세,상해없음,보행자,여,82세,중상
2013081000100311,2013년 8월 10일 13시,토요일,전라남도 해남군 문내면,중상사고,0,1,2,0,차대차 - 정면충돌,중앙선침범,건조,맑음,단일로 - 기타,승용,남,51세,상해없음,화물,남,41세,중상
2013081000100312,2013년 8월 10일 13시,토요일,전라남도 광양시 중동,부상신고사고,0,0,0,1,차대차 - 추돌 - 진행중,기타,건조,맑음,교차로 - 교차로부근,이륜,남,16세,부상신고,승용,남,46세,상해없음
2013081000100390,2013년 8월 10일 15시,토요일,전라남도 광양시 금호동,경상사고,0,0,1,0,차대차 - 추돌 - 진행중,안전거리미확보,건조,맑음,단일로 - 교량,승용,남,30세,상해없음,승용,남,40세,상해없음
2013081000100391,2013년 8월 10일 15시,토요일,전라남도 광양시 옥룡면,중상사고,0,1,0,0,차대차 - 추돌 - 진행중,안전운전불이행,건조,맑음,교차로 - 교차로부근,승용,남,44세,상해없음,자전거,남,55세,중상
2013081000100419,2013년 8월 10일 16시,토요일,전라남도 해남군 삼산면,경상사고,0,0,2,1,차대차 - 측면직각충돌,교차로운행방법위반,건조,맑음,교차로 - 교차로안,승용,여,29세,부상신고,승용,남,68세,경상
2013081000100495,2013년 8월 10일 18시,토요일,전라남도 무안군 몽탄면,경상사고,0,0,2,0,차대차 - 측면직각충돌,차로위반,건조,맑음,단일로 - 기타,기타불명,기타불명,기타불명,기타불명,승용,여,26세,경상
2013081000100530,2013년 8월 10일 19시,토요일,전라남도 장흥군 장동면,중상사고,0,1,0,0,차대차 - 기타,안전운전불이행,건조,맑음,단일로 - 기타,승용,남,35세,중상,승용,남,55세,상해없음
2013081000100531,2013년 8월 10일 19시,토요일,전라남도 고흥군 도덕면,중상사고,0,1,3,0,차량단독 - 기타,안전운전불이행,건조,맑음,단일로 - 기타,화물,남,47세,중상,,,,
2013081000100532,2013년 8월 10일 19시,토요일,전라남도 보성군 벌교읍,경상사고,0,0,1,0,차대사람 - 길가장자리구역통행중,안전운전불이행,건조,맑음,단일로 - 기타,승용,남,59세,상해없음,보행자,여,50세,경상
2013081000100533,2013년 8월 10일 19시,토요일,전라남도 광양시 옥룡면,경상사고,0,0,1,0,차대사람 - 기타,안전운전불이행,건조,맑음,단일로 - 기타,화물,남,43세,상해없음,보행자,남,52세,경상
2013081000100556,2013년 8월 10일 20시,토요일,전라남도 강진군 군동면,경상사고,0,0,1,0,차대차 - 측면직각충돌,직진우회전진행방해,건조,맑음,교차로 - 교차로안,특수,남,45세,상해없음,이륜,남,48세,경상
2013081000100592,2013년 8월 10일 21시,토요일,전라남도 나주시 왕곡면,경상사고,0,0,5,0,차량단독 - 기타,안전운전불이행,건조,기타,단일로 - 기타,승용,여,24세,경상,,,,
2013081000100593,2013년 8월 10일 21시,토요일,전라남도 곡성군 곡성읍,경상사고,0,0,1,0,차량단독 - 공작물충돌,안전운전불이행,건조,맑음,단일로 - 기타,화물,남,48세,경상,,,,
2013081000100621,2013년 8월 10일 22시,토요일,전라남도 목포시 산정동,중상사고,0,1,1,0,차대사람 - 횡단중,신호위반,건조,맑음,교차로 - 교차로부근,승합,남,52세,상해없음,보행자,남,49세,경상
2013081000100622,2013년 8월 10일 22시,토요일,전라남도 광양시 금호동,경상사고,0,0,3,0,차대차 - 기타,기타,건조,맑음,단일로 - 기타,화물,남,37세,상해없음,승용,남,55세,경상
2013081100100040,2013년 8월 11일 02시,일요일,전라남도 목포시 달동,경상사고,0,0,1,0,차량단독 - 공작물충돌,안전운전불이행,건조,맑음,단일로 - 기타,승용,남,28세,경상,,,,
2013081100100041,2013년 8월 11일 02시,일요일,전라남도 목포시 호남동,경상사고,0,0,1,0,차대사람 - 기타,안전운전불이행,건조,맑음,단일로 - 기타,승용,남,23세,상해없음,보행자,남,33세,경상
2013081100100082,2013년 8월 11일 06시,일요일,전라남도 목포시 산정동,경상사고,0,0,1,0,차대차 - 측면직각충돌,중앙선침범,건조,맑음,교차로 - 교차로부근,화물,남,53세,상해없음,승용,남,58세,경상
2013081100100104,2013년 8월 11일 08시,일요일,전라남도 목포시 산정동,중상사고,0,1,0,0,차대차 - 측면직각충돌,신호위반,건조,맑음,교차로 - 교차로안,승용,남,63세,상해없음,승용,남,62세,중상
2013081100100105,2013년 8월 11일 08시,일요일,전라남도 화순군 능주면,경상사고,0,0,2,0,차대차 - 측면직각충돌,안전운전불이행,건조,맑음,단일로 - 기타,원동기,남,72세,상해없음,원동기,남,65세,경상
2013081100100106,2013년 8월 11일 08시,일요일,전라남도 함평군 대동면,중상사고,0,1,0,0,차대사람 - 길가장자리구역통행중,안전운전불이행,건조,맑음,단일로 - 기타,승용,여,53세,상해없음,보행자,여,73세,중상
2013081100100107,2013년 8월 11일 08시,일요일,전라남도 광양시 옥룡면,중상사고,0,1,2,1,차대차 - 측면직각충돌,직진우회전진행방해,건조,맑음,교차로 - 교차로안,승용,남,68세,부상신고,승용,남,60세,상해없음
2013081100100118,2013년 8월 11일 09시,일요일,전라남도 여수시 소호동,중상사고,0,1,0,0,차대차 - 측면직각충돌,안전거리미확보,건조,맑음,단일로 - 기타,승용,남,42세,상해없음,승용,남,40세,중상
2013081100100119,2013년 8월 11일 09시,일요일,전라남도 장성군 북이면,경상사고,0,0,1,0,차대차 - 측면직각충돌,안전운전불이행,건조,맑음,교차로 - 교차로안,승용,남,56세,상해없음,이륜,여,59세,경상
2013081100100120,2013년 8월 11일 09시,일요일,전라남도 장성군 삼서면,경상사고,0,0,2,0,차대차 - 기타,안전운전불이행,건조,맑음,단일로 - 기타,화물,남,65세,상해없음,승용,남,48세,경상
2013081100100121,2013년 8월 11일 09시,일요일,전라남도 장성군 삼계면,중상사고,0,1,0,0,차대차 - 추돌 - 진행중,안전운전불이행,건조,맑음,단일로 - 기타,원동기,남,75세,중상,승용,남,42세,상해없음
2013081100100162,2013년 8월 11일 11시,일요일,전라남도 무안군 망운면,경상사고,0,0,1,0,차대차 - 정면충돌,중앙선침범,건조,맑음,미분류 - 미분류,화물,남,32세,상해없음,승용,여,38세,경상
2013081100100176,2013년 8월 11일 12시,일요일,전라남도 순천시 풍덕동,중상사고,0,1,1,0,차대차 - 기타,직진우회전진행방해,건조,맑음,교차로 - 교차로안,승용,남,72세,상해없음,승용,여,54세,경상
2013081100100228,2013년 8월 11일 14시,일요일,전라남도 완도군 완도읍,중상사고,0,1,0,0,차대사람 - 기타,안전운전불이행,건조,맑음,단일로 - 기타,승용,여,58세,상해없음,보행자,여,61세,중상
2013081100100253,2013년 8월 11일 15시,일요일,전라남도 순천시 조례동,경상사고,0,0,3,0,차대차 - 추돌 - 주정차중,안전거리미확보,건조,맑음,교차로 - 교차로부근,승용,남,25세,상해없음,승용,여,49세,경상
2013081100100254,2013년 8월 11일 15시,일요일,전라남도 고흥군 도덕면,중상사고,0,3,0,0,차량단독 - 도로외이탈 - 기타,안전운전불이행,건조,맑음,단일로 - 기타,화물,남,90세 이상,중상,,,,
2013081100100255,2013년 8월 11일 15시,일요일,전라남도 함평군 해보면,경상사고,0,0,1,0,차대차 - 측면직각충돌,안전거리미확보,건조,맑음,단일로 - 기타,승용,남,19세,상해없음,승용,남,36세,경상
2013081100100286,2013년 8월 11일 16시,일요일,전라남도 나주시 진포동,경상사고,0,0,1,0,차대차 - 기타,안전운전불이행,건조,맑음,교차로 - 교차로안,원동기,남,64세,경상,승용,여,37세,상해없음
2013081100100287,2013년 8월 11일 16시,일요일,전라남도 담양군 고서면,중상사고,0,2,1,0,차대차 - 추돌 - 주정차중,안전운전불이행,건조,맑음,단일로 - 기타,승용,남,33세,상해없음,승용,남,54세,중상
2013081100100288,2013년 8월 11일 16시,일요일,전라남도 구례군 구례읍,중상사고,0,2,0,1,차대차 - 측면직각충돌,직진우회전진행방해,건조,맑음,교차로 - 교차로안,승용,남,48세,부상신고,승용,남,55세,중상
2013081100100348,2013년 8월 11일 18시,일요일,전라남도 장흥군 장흥읍,중상사고,0,2,4,0,차대차 - 추돌 - 주정차중,안전운전불이행,건조,맑음,교차로 - 교차로부근,승용,남,15세,상해없음,승용,남,56세,상해없음
2013081100100375,2013년 8월 11일 19시,일요일,전라남도 여수시 삼산면,중상사고,0,1,0,1,차량단독 - 도로외이탈 - 추락,안전운전불이행,건조,맑음,단일로 - 기타,원동기,남,35세,부상신고,,,,
2013081100100376,2013년 8월 11일 19시,일요일,전라남도 구례군 토지면,경상사고,0,0,1,0,차대차 - 측면직각충돌,직진우회전진행방해,건조,맑음,교차로 - 교차로안,화물,남,57세,상해없음,화물,남,52세,상해없음
2013081100100404,2013년 8월 11일 20시,일요일,전라남도 순천시 조례동,경상사고,0,0,4,0,차대차 - 추돌 - 진행중,안전운전불이행,건조,맑음,교차로 - 교차로안,승용,여,52세,경상,승용,여,48세,경상
2013081100100405,2013년 8월 11일 20시,일요일,전라남도 강진군 군동면,경상사고,0,0,1,0,차량단독 - 전도전복,안전운전불이행,건조,맑음,단일로 - 기타,승용,남,24세,경상,,,,
2013081100100430,2013년 8월 11일 21시,일요일,전라남도 여수시 교동,중상사고,0,1,1,0,차대차 - 측면직각충돌,안전운전불이행,건조,맑음,단일로 - 기타,승용,남,52세,상해없음,승용,남,34세,중상
2013081100100460,2013년 8월 11일 22시,일요일,전라남도 목포시 옥암동,경상사고,0,0,1,0,차대차 - 측면직각충돌,신호위반,건조,맑음,교차로 - 교차로안,승용,여,46세,상해없음,승용,남,38세,경상
2013081200100020,2013년 8월 12일 01시,월요일,전라남도 순천시 조곡동,경상사고,0,0,1,0,차량단독 - 기타,안전운전불이행,건조,맑음,단일로 - 기타,승용,남,42세,상해없음,,,,
2013081200100062,2013년 8월 12일 06시,월요일,전라남도 장흥군 대덕읍,사망사고,1,0,0,1,차대차 - 추돌 - 진행중,안전운전불이행,건조,맑음,단일로 - 기타,승용,남,46세,부상신고,농기계,남,65세,사망
2013081200100078,2013년 8월 12일 07시,월요일,전라남도 목포시 상동,경상사고,0,0,1,0,차대차 - 측면직각충돌,직진우회전진행방해,건조,맑음,교차로 - 교차로안,승용,남,27세,상해없음,승용,남,62세,경상
2013081200100079,2013년 8월 12일 07시,월요일,전라남도 여수시 문수동,경상사고,0,0,1,0,차대차 - 정면충돌,중앙선침범,건조,맑음,단일로 - 기타,승용,남,27세,상해없음,화물,남,52세,경상
2013081200100080,2013년 8월 12일 07시,월요일,전라남도 순천시 남정동,경상사고,0,0,1,0,차대차 - 측면직각충돌,교차로운행방법위반,건조,맑음,교차로 - 교차로안,승용,남,33세,상해없음,자전거,남,73세,경상
2013081200100136,2013년 8월 12일 09시,월요일,전라남도 목포시 용해동,경상사고,0,0,1,0,차대사람 - 보도통행중,안전운전불이행,건조,맑음,교차로 - 교차로부근,승용,남,41세,상해없음,보행자,남,36세,경상
2013081200100137,2013년 8월 12일 09시,월요일,전라남도 해남군 해남읍,경상사고,0,0,1,0,차대차 - 측면직각충돌,안전운전불이행,건조,맑음,단일로 - 기타,화물,남,51세,상해없음,승용,여,31세,경상
2013081200100174,2013년 8월 12일 10시,월요일,전라남도 목포시 남교동,경상사고,0,0,1,0,차대차 - 추돌 - 진행중,안전운전불이행,건조,맑음,교차로 - 교차로안,승용,남,24세,경상,승용,남,52세,상해없음
2013081200100175,2013년 8월 12일 10시,월요일,전라남도 여수시 여서동,경상사고,0,0,1,0,차대차 - 측면직각충돌,안전운전불이행,건조,맑음,단일로 - 기타,승용,남,57세,상해없음,이륜,남,53세,경상
2013081200100204,2013년 8월 12일 11시,월요일,전라남도 목포시 산정동,중상사고,0,1,0,0,차대차 - 추돌 - 진행중,안전운전불이행,건조,맑음,교차로 - 교차로안,이륜,남,56세,중상,승용,남,32세,상해없음
2013081200100205,2013년 8월 12일 11시,월요일,전라남도 해남군 해남읍,경상사고,0,0,3,0,차대차 - 측면직각충돌,안전거리미확보,건조,맑음,단일로 - 기타,승용,여,48세,경상,승합,남,47세,경상
2013081200100206,2013년 8월 12일 11시,월요일,전라남도 보성군 복내면,경상사고,0,0,4,0,차대차 - 정면충돌,안전운전불이행,건조,맑음,단일로 - 기타,화물,남,64세,경상,화물,남,53세,상해없음
2013081200100207,2013년 8월 12일 11시,월요일,전라남도 영암군 덕진면,경상사고,0,0,2,0,차대차 - 측면직각충돌,교차로운행방법위반,건조,맑음,교차로 - 교차로안,화물,남,50세,경상,화물,남,43세,경상
2013081200100208,2013년 8월 12일 11시,월요일,전라남도 장성군 북하면,중상사고,0,1,0,0,차대차 - 추돌 - 진행중,안전운전불이행,건조,맑음,교차로 - 교차로안,승용,여,57세,상해없음,이륜,남,65세,중상
2013081200100238,2013년 8월 12일 12시,월요일,전라남도 순천시 가곡동,중상사고,0,1,2,0,차대차 - 측면직각충돌,신호위반,건조,맑음,교차로 - 교차로부근,승용,남,62세,경상,승용,여,50세,경상
2013081200100239,2013년 8월 12일 12시,월요일,전라남도 영광군 영광읍,경상사고,0,0,1,0,차대사람 - 기타,안전운전불이행,건조,맑음,단일로 - 기타,승용,남,63세,상해없음,보행자,남,32세,경상
2013081200100270,2013년 8월 12일 13시,월요일,전라남도 장흥군 장흥읍,중상사고,0,4,2,0,차대차 - 측면직각충돌,안전운전불이행,건조,맑음,교차로 - 교차로안,화물,남,47세,경상,화물,남,55세,경상
2013081200100271,2013년 8월 12일 13시,월요일,전라남도 완도군 노화읍,경상사고,0,0,1,0,차대사람 - 차도통행중,안전운전불이행,건조,맑음,단일로 - 기타,승용,남,71세,상해없음,보행자,남,43세,경상
2013081200100301,2013년 8월 12일 14시,월요일,전라남도 장흥군 안양면,경상사고,0,0,4,0,차대차 - 측면직각충돌,안전운전불이행,건조,맑음,단일로 - 기타,승용,여,56세,상해없음,승용,남,82세,경상
2013081200100302,2013년 8월 12일 14시,월요일,전라남도 함평군 함평읍,경상사고,0,0,2,0,차대차 - 정면충돌,중앙선침범,건조,맑음,단일로 - 기타,승용,남,64세,상해없음,승용,여,60세,경상
2013081200100341,2013년 8월 12일 15시,월요일,전라남도 순천시 상사면,중상사고,0,1,0,0,차대사람 - 기타,안전운전불이행,건조,맑음,단일로 - 기타,화물,남,46세,상해없음,보행자,여,41세,중상
2013081200100342,2013년 8월 12일 15시,월요일,전라남도 보성군 보성읍,경상사고,0,0,2,0,차대차 - 측면직각충돌,교차로운행방법위반,건조,맑음,교차로 - 교차로안,승용,여,54세,경상,화물,남,21세,경상
2013081200100343,2013년 8월 12일 15시,월요일,전라남도 담양군 담양읍,경상사고,0,0,6,0,차대차 - 측면직각충돌,안전운전불이행,건조,맑음,단일로 - 기타,승용,남,18세,경상,승용,남,63세,경상
2013081200100378,2013년 8월 12일 16시,월요일,전라남도 진도군 군내면,사망사고,1,0,1,0,차대차 - 정면충돌,중앙선침범,건조,맑음,단일로 - 기타,화물,남,65세,사망,승합,남,59세,상해없음
2013081200100415,2013년 8월 12일 17시,월요일,전라남도 목포시 용당동,경상사고,0,0,1,0,차대차 - 추돌 - 진행중,안전운전불이행,건조,맑음,교차로 - 교차로부근,화물,남,50세,상해없음,이륜,남,18세,경상
2013081200100466,2013년 8월 12일 18시,월요일,전라남도 목포시 산정동,중상사고,0,1,0,0,차대사람 - 차도통행중,안전운전불이행,건조,맑음,단일로 - 기타,승용,남,56세,상해없음,보행자,여,12세,중상
2013081200100467,2013년 8월 12일 18시,월요일,전라남도 순천시 조례동,중상사고,0,1,0,0,차대사람 - 횡단중,안전운전불이행,건조,맑음,단일로 - 기타,승용,여,22세,상해없음,보행자,남,7세,중상
2013081200100468,2013년 8월 12일 18시,월요일,전라남도 담양군 대전면,경상사고,0,0,2,0,차대차 - 측면직각충돌,안전운전불이행,건조,맑음,단일로 - 기타,승용,여,35세,상해없음,승용,여,47세,경상
2013081200100572,2013년 8월 12일 21시,월요일,전라남도 목포시 옥암동,경상사고,0,0,1,1,차대차 - 정면충돌,중앙선침범,건조,맑음,교차로 - 교차로부근,기타불명,기타불명,기타불명,기타불명,승용,남,52세,경상
2013081200100573,2013년 8월 12일 21시,월요일,전라남도 여수시 봉강동,사망사고,1,0,0,0,차대사람 - 차도통행중,안전운전불이행,건조,맑음,단일로 - 기타,승용,남,45세,상해없음,보행자,남,66세,사망
2013081200100601,2013년 8월 12일 22시,월요일,전라남도 순천시 연향동,경상사고,0,0,1,0,차대차 - 측면직각충돌,중앙선침범,건조,기타,기타 - 기타,승용,여,49세,상해없음,원동기,남,19세,경상
2013081300100018,2013년 8월 13일 00시,화요일,전라남도 목포시 옥암동,경상사고,0,0,3,0,차대차 - 기타,직진우회전진행방해,건조,맑음,교차로 - 교차로안,승용,남,64세,경상,승용,남,23세,경상
2013081300100069,2013년 8월 13일 06시,화요일,전라남도 화순군 능주면,경상사고,0,0,1,0,차대사람 - 기타,안전운전불이행,건조,맑음,교차로 - 교차로부근,이륜,남,72세,상해없음,보행자,여,76세,경상
2013081300100115,2013년 8월 13일 08시,화요일,전라남도 나주시 산포면,경상사고,0,0,5,0,차대차 - 정면충돌,중앙선침범,건조,맑음,기타 - 기타,승용,여,58세,경상,승용,남,55세,경상
2013081300100116,2013년 8월 13일 08시,화요일,전라남도 고흥군 과역면,경상사고,0,0,1,0,차대차 - 기타,안전운전불이행,건조,맑음,단일로 - 기타,화물,남,63세,상해없음,농기계,남,52세,경상