사고번호,사고일시,요일,시군구,사고내용,사망자수,중상자수,경상자수,부상신고자수,사고유형,법규위반,노면상태,기상상태,도로형태,가해운전자 차종,가해운전자 성별,가해운전자 연령,가해운전자 상해정도,피해운전자 차종,피해운전자 성별,피해운전자 연령,피해운전자 상해정도
2013081300100141,2013년 8월 13일 09시,화요일,전라남도 목포시 옥암동,중상사고,0,1,0,0,차대사람 - 횡단중,안전운전불이행,건조,맑음,단일로 - 기타,승용,여,53세,상해없음,보행자,여,73세,중상
2013081300100142,2013년 8월 13일 09시,화요일,전라남도 해남군 문내면,경상사고,0,0,1,0,차대차 - 기타,차로위반,건조,맑음,단일로 - 기타,화물,남,55세,상해없음,승용,여,42세,경상
2013081300100180,2013년 8월 13일 10시,화요일,전라남도 여수시 서교동,부상신고사고,0,0,0,1,차대차 - 추돌 - 주정차중,안전운전불이행,건조,맑음,교차로 - 교차로부근,승용,여,25세,상해없음,승용,남,32세,상해없음
2013081300100181,2013년 8월 13일 10시,화요일,전라남도 순천시 행동,중상사고,0,1,0,0,차대사람 - 횡단중,보행자보호의무위반,건조,맑음,단일로 - 횡단보도상,이륜,남,75세,상해없음,보행자,여,74세,중상
2013081300100182,2013년 8월 13일 10시,화요일,전라남도 고흥군 도화면,중상사고,0,1,0,0,차대사람 - 기타,안전운전불이행,건조,맑음,단일로 - 기타,승용,남,25세,상해없음,보행자,남,89세,중상
2013081300100183,2013년 8월 13일 10시,화요일,전라남도 영암군 시종면,중상사고,0,1,0,0,차대차 - 측면직각충돌,안전운전불이행,건조,맑음,단일로 - 기타,이륜,여,66세,중상,화물,남,68세,상해없음
2013081300100206,2013년 8월 13일 11시,화요일,전라남도 장흥군 장흥읍,경상사고,0,0,2,0,차대차 - 측면직각충돌,교차로운행방법위반,건조,맑음,교차로 - 교차로안,승용,여,57세,상해없음,원동기,남,83세,경상
2013081300100267,2013년 8월 13일 13시,화요일,전라남도 여수시 주삼동,중상사고,0,2,0,0,차대차 - 추돌 - 주정차중,안전운전불이행,건조,맑음,교차로 - 교차로부근,승용,남,46세,상해없음,승용,여,46세,중상
2013081300100268,2013년 8월 13일 13시,화요일,전라남도 나주시 산포면,중상사고,0,1,1,0,차량단독 - 도로외이탈 - 기타,안전운전불이행,건조,맑음,단일로 - 기타,화물,남,65세,경상,,,,
2013081300100269,2013년 8월 13일 13시,화요일,전라남도 해남군 화산면,중상사고,0,2,1,0,차대차 - 정면충돌,중앙선침범,건조,맑음,단일로 - 기타,승용,여,43세,중상,승용,남,45세,경상
2013081300100270,2013년 8월 13일 13시,화요일,전라남도 강진군 성전면,경상사고,0,0,4,0,차대차 - 추돌 - 진행중,안전운전불이행,건조,맑음,교차로 - 교차로안,화물,남,36세,상해없음,승용,여,60세,경상
2013081300100271,2013년 8월 13일 13시,화요일,전라남도 강진군 도암면,중상사고,0,1,1,0,차량단독 - 도로외이탈 - 기타,안전운전불이행,건조,맑음,단일로 - 기타,승용,여,27세,상해없음,,,,
2013081300100316,2013년 8월 13일 14시,화요일,전라남도 목포시 산정동,중상사고,0,1,0,0,차대차 - 기타,안전거리미확보,건조,맑음,단일로 - 기타,이륜,남,77세,중상,승용,여,41세,상해없음
2013081300100317,2013년 8월 13일 14시,화요일,전라남도 영광군 법성면,경상사고,0,0,1,0,차대차 - 추돌 - 진행중,안전운전불이행,건조,맑음,단일로 - 기타,승용,남,72세,상해없음,승용,남,56세,경상
2013081300100318,2013년 8월 13일 14시,화요일,전라남도 광양시 광양읍,중상사고,0,1,0,0,차대차 - 추돌 - 주정차중,안전운전불이행,건조,맑음,단일로 - 기타,화물,남,36세,중상,승합,남,60세,기타불명
2013081300100360,2013년 8월 13일 15시,화요일,전라남도 목포시 용당동,경상사고,0,0,2,0,차대차 - 기타,교차로운행방법위반,건조,맑음,교차로 - 교차로안,승용,남,59세,경상,승용,남,64세,경상
2013081300100361,2013년 8월 13일 15시,화요일,전라남도 순천시 풍덕동,중상사고,0,1,0,0,차대차 - 기타,교차로운행방법위반,건조,맑음,교차로 - 교차로안,화물,남,67세,상해없음,자전거,남,70세,중상
2013081300100395,2013년 8월 13일 16시,화요일,전라남도 여수시 공화동,경상사고,0,0,1,0,차량단독 - 기타,안전운전불이행,건조,맑음,단일로 - 기타,승합,남,43세,상해없음,,,,
2013081300100396,2013년 8월 13일 16시,화요일,전라남도 무안군 일로읍,중상사고,0,1,0,0,차대차 - 기타,안전운전불이행,건조,맑음,교차로 - 교차로부근,화물,남,61세,상해없음,이륜,남,72세,중상
2013081300100440,2013년 8월 13일 17시,화요일,전라남도 나주시 다시면,경상사고,0,0,1,0,차대차 - 기타,안전운전불이행,건조,맑음,단일로 - 기타,원동기,남,56세,경상,화물,여,63세,기타불명
2013081300100479,2013년 8월 13일 18시,화요일,전라남도 여수시 화장동,경상사고,0,0,1,0,차대차 - 측면직각충돌,안전운전불이행,건조,맑음,단일로 - 기타,승용,남,61세,상해없음,승용,여,24세,경상
2013081300100510,2013년 8월 13일 19시,화요일,전라남도 해남군 마산면,중상사고,0,1,0,0,차대사람 - 횡단중,안전운전불이행,건조,맑음,단일로 - 기타,승용,남,41세,상해없음,보행자,여,73세,중상
2013081300100544,2013년 8월 13일 20시,화요일,전라남도 순천시 용당동,중상사고,0,1,0,0,차대사람 - 기타,안전운전불이행,건조,맑음,단일로 - 횡단보도부근,승용,남,26세,상해없음,보행자,여,45세,중상
2013081300100545,2013년 8월 13일 20시,화요일,전라남도 영광군 영광읍,중상사고,0,1,0,0,차대사람 - 횡단중,안전운전불이행,건조,맑음,단일로 - 기타,승용,남,36세,상해없음,보행자,여,44세,중상
2013081300100546,2013년 8월 13일 20시,화요일,전라남도 영암군 학산면,중상사고,0,1,0,0,차량단독 - 기타,안전운전불이행,건조,맑음,교차로 - 교차로부근,승용,남,55세,중상,,,,
2013081300100579,2013년 8월 13일 21시,화요일,전라남도 순천시 해룡면,경상사고,0,0,1,0,차대차 - 기타,안전운전불이행,건조,맑음,교차로 - 교차로안,기타불명,기타불명,기타불명,기타불명,승용,남,37세,경상
2013081300100609,2013년 8월 13일 22시,화요일,전라남도 순천시 조례동,경상사고,0,0,2,0,차대차 - 기타,신호위반,건조,맑음,교차로 - 교차로안,승용,남,31세,상해없음,승용,여,57세,경상
2013081300100637,2013년 8월 13일 23시,화요일,전라남도 구례군 마산면,경상사고,0,0,1,0,차대차 - 추돌 - 주정차중,안전운전불이행,건조,맑음,단일로 - 기타,승용,남,44세,상해없음,승용,남,48세,경상
2013081400100025,2013년 8월 14일 01시,수요일,전라남도 순천시 연향동,중상사고,0,1,1,0,차대사람 - 횡단중,안전운전불이행,건조,맑음,단일로 - 기타,승용,남,41세,상해없음,보행자,남,18세,중상
2013081400100072,2013년 8월 14일 06시,수요일,전라남도 영암군 삼호읍,중상사고,0,1,0,0,차대차 - 기타,안전운전불이행,건조,맑음,단일로 - 기타,승용,남,68세,상해없음,자전거,여,58세,중상
2013081400100073,2013년 8월 14일 06시,수요일,전라남도 광양시 도이동,중상사고,0,1,1,0,차대차 - 측면직각충돌,신호위반,건조,맑음,교차로 - 교차로안,승용,남,33세,중상,승용,남,41세,경상
2013081400100117,2013년 8월 14일 08시,수요일,전라남도 목포시 석현동,중상사고,0,1,0,0,차대차 - 기타,안전운전불이행,건조,기타,단일로 - 기타,원동기,남,61세,중상,승용,여,25세,상해없음
2013081400100118,2013년 8월 14일 08시,수요일,전라남도 나주시 삼영동,경상사고,0,0,2,1,차대차 - 추돌 - 진행중,안전거리미확보,건조,맑음,교차로 - 교차로안,승용,남,33세,상해없음,승용,남,38세,경상
2013081400100142,2013년 8월 14일 09시,수요일,전라남도 목포시 산정동,경상사고,0,0,2,0,차대차 - 측면직각충돌,안전운전불이행,건조,맑음,단일로 - 기타,승용,남,36세,상해없음,승용,여,24세,경상
2013081400100143,2013년 8월 14일 09시,수요일,전라남도 담양군 고서면,경상사고,0,0,2,0,차대차 - 측면직각충돌,안전거리미확보,건조,맑음,단일로 - 기타,화물,남,60세,경상,화물,남,37세,경상
2013081400100144,2013년 8월 14일 09시,수요일,전라남도 무안군 무안읍,경상사고,0,0,1,0,차대차 - 측면직각충돌,직진우회전진행방해,건조,맑음,교차로 - 교차로안,이륜,남,81세,경상,화물,남,40세,상해없음
2013081400100145,2013년 8월 14일 09시,수요일,전라남도 구례군 구례읍,경상사고,0,0,1,0,차대차 - 기타,직진우회전진행방해,건조,맑음,교차로 - 교차로안,승용,남,51세,기타불명,자전거,남,20세,경상
2013081400100176,2013년 8월 14일 10시,수요일,전라남도 목포시 옥암동,경상사고,0,0,1,0,차대차 - 측면직각충돌,신호위반,건조,맑음,교차로 - 교차로안,승용,남,33세,상해없음,승용,여,52세,경상
2013081400100177,2013년 8월 14일 10시,수요일,전라남도 여수시 국동,중상사고,0,1,0,0,차량단독 - 기타,안전운전불이행,건조,맑음,단일로 - 기타,원동기,남,83세,중상,,,,
2013081400100178,2013년 8월 14일 10시,수요일,전라남도 순천시 별량면,경상사고,0,0,1,0,차대차 - 측면직각충돌,안전운전불이행,건조,맑음,교차로 - 교차로안,승용,남,77세,기타불명,이륜,남,72세,경상
2013081400100204,2013년 8월 14일 11시,수요일,전라남도 나주시 왕곡면,경상사고,0,0,1,0,차대차 - 측면직각충돌,신호위반,건조,맑음,교차로 - 교차로안,승합,남,53세,상해없음,화물,남,57세,경상
2013081400100205,2013년 8월 14일 11시,수요일,전라남도 보성군 미력면,중상사고,0,3,2,0,차대차 - 추돌 - 진행중,안전거리미확보,건조,맑음,단일로 - 기타,승용,남,54세,상해없음,승용,여,43세,중상
2013081400100226,2013년 8월 14일 12시,수요일,전라남도 여수시 신월동,중상사고,0,1,0,0,차대차 - 기타,신호위반,건조,맑음,교차로 - 교차로안,원동기,남,65세,중상,승용,남,50세,상해없음
2013081400100259,2013년 8월 14일 13시,수요일,전라남도 순천시 금곡동,경상사고,0,0,3,0,차대차 - 기타,보행자보호의무위반,건조,맑음,단일로 - 횡단보도상,승용,남,30세,상해없음,승용,남,41세,경상
2013081400100260,2013년 8월 14일 13시,수요일,전라남도 나주시 세지면,경상사고,0,0,2,0,차대차 - 측면직각충돌,신호위반,건조,맑음,교차로 - 교차로안,화물,남,28세,상해없음,승용,여,56세,경상
2013081400100280,2013년 8월 14일 14시,수요일,전라남도 신안군 안좌면,경상사고,0,0,1,0,차대차 - 추돌 - 진행중,안전운전불이행,건조,맑음,교차로 - 교차로부근,승용,남,68세,상해없음,화물,남,46세,상해없음
2013081400100281,2013년 8월 14일 14시,수요일,전라남도 목포시 용당동,경상사고,0,0,1,0,차대차 - 측면직각충돌,안전운전불이행,건조,맑음,단일로 - 기타,승용,남,16세,상해없음,승용,여,34세,경상
2013081400100322,2013년 8월 14일 15시,수요일,전라남도 영광군 불갑면,중상사고,0,1,3,0,차대차 - 추돌 - 진행중,안전운전불이행,건조,맑음,단일로 - 기타,화물,남,69세,경상,승용,여,28세,경상
2013081400100356,2013년 8월 14일 16시,수요일,전라남도 여수시 둔덕동,부상신고사고,0,0,0,1,차대차 - 기타,신호위반,건조,맑음,교차로 - 교차로안,이륜,남,32세,부상신고,승용,남,47세,상해없음
2013081400100432,2013년 8월 14일 18시,수요일,전라남도 해남군 해남읍,경상사고,0,0,2,1,차대차 - 측면직각충돌,직진우회전진행방해,건조,맑음,교차로 - 교차로안,승용,여,33세,부상신고,승용,여,39세,경상
2013081400100433,2013년 8월 14일 18시,수요일,전라남도 광양시 금호동,경상사고,0,0,2,1,차대차 - 추돌 - 주정차중,안전운전불이행,건조,맑음,단일로 - 기타,승용,남,43세,부상신고,승용,여,64세,경상
2013081400100468,2013년 8월 14일 19시,수요일,전라남도 장성군 황룡면,경상사고,0,0,1,0,차대차 - 측면직각충돌,신호위반,건조,맑음,교차로 - 교차로안,승용,남,21세,상해없음,승용,남,31세,경상
2013081400100507,2013년 8월 14일 20시,수요일,전라남도 여수시 여서동,중상사고,0,1,0,0,차대차 - 기타,안전거리미확보,건조,맑음,단일로 - 기타,이륜,남,43세,중상,승용,남,28세,상해없음
2013081400100508,2013년 8월 14일 20시,수요일,전라남도 순천시 해룡면,경상사고,0,0,3,0,차대차 - 기타,차로위반,건조,맑음,단일로 - 기타,승용,여,45세,상해없음,승용,남,28세,경상
2013081400100509,2013년 8월 14일 20시,수요일,전라남도 담양군 담양읍,경상사고,0,0,3,0,차대차 - 측면직각충돌,직진우회전진행방해,건조,맑음,교차로 - 교차로안,승용,남,54세,경상,승용,남,21세,경상
2013081400100550,2013년 8월 14일 21시,수요일,전라남도 목포시 남교동,경상사고,0,0,1,0,차대차 - 기타,중앙선침범,건조,기타,단일로 - 기타,승용,남,51세,상해없음,원동기,남,53세,경상
2013081400100551,2013년 8월 14일 21시,수요일,전라남도 여수시 봉산동,중상사고,0,1,4,0,차대차 - 기타,신호위반,건조,맑음,교차로 - 교차로안,승용,남,54세,상해없음,승용,남,20세,경상
2013081400100574,2013년 8월 14일 22시,수요일,전라남도 목포시 산정동,중상사고,0,1,0,0,차대사람 - 기타,안전운전불이행,건조,기타,단일로 - 기타,승용,남,40세,상해없음,보행자,남,54세,중상
2013081500100019,2013년 8월 15일 00시,목요일,전라남도 영암군 삼호읍,중상사고,0,3,0,0,차대차 - 정면충돌,중앙선침범,건조,맑음,단일로 - 기타,승용,여,50세,중상,화물,남,58세,중상
2013081500100073,2013년 8월 15일 03시,목요일,전라남도 진도군 임회면,경상사고,0,0,1,0,차대차 - 측면직각충돌,안전운전불이행,기타,기타,교차로 - 교차로안,승용,여,33세,상해없음,화물,남,48세,경상
2013081500100109,2013년 8월 15일 06시,목요일,전라남도 해남군 해남읍,중상사고,0,1,0,0,차대사람 - 횡단중,안전운전불이행,건조,맑음,교차로 - 교차로부근,승용,남,69세,상해없음,보행자,여,63세,중상
2013081500100126,2013년 8월 15일 07시,목요일,전라남도 완도군 고금면,중상사고,0,1,0,0,차대차 - 추돌 - 진행중,안전거리미확보,건조,맑음,단일로 - 기타,승용,남,52세,상해없음,농기계,남,81세,중상
2013081500100172,2013년 8월 15일 09시,목요일,전라남도 곡성군 옥과면,경상사고,0,0,1,0,차대차 - 기타,안전운전불이행,건조,맑음,기타 - 기타,이륜,남,48세,상해없음,승용,남,28세,경상
2013081500100194,2013년 8월 15일 10시,목요일,전라남도 영광군 군서면,경상사고,0,0,1,0,차대사람 - 기타,안전운전불이행,건조,맑음,단일로 - 기타,승용,남,46세,상해없음,보행자,남,51세,경상
2013081500100195,2013년 8월 15일 10시,목요일,전라남도 영암군 삼호읍,경상사고,0,0,3,0,차대차 - 기타,신호위반,건조,맑음,교차로 - 교차로안,화물,남,42세,상해없음,승용,남,40세,경상
2013081500100227,2013년 8월 15일 11시,목요일,전라남도 순천시 조례동,경상사고,0,0,1,0,차대차 - 기타,안전운전불이행,건조,맑음,교차로 - 교차로안,원동기,남,50세,경상,승합,남,40세,상해없음
2013081500100228,2013년 8월 15일 11시,목요일,전라남도 구례군 산동면,경상사고,0,0,1,0,차량단독 - 전도전복,안전운전불이행,건조,맑음,단일로 - 기타,농기계,남,75세,경상,,,,
2013081500100254,2013년 8월 15일 12시,목요일,전라남도 보성군 벌교읍,중상사고,0,1,0,0,차대차 - 측면직각충돌,안전운전불이행,건조,맑음,단일로 - 기타,이륜,남,67세,중상,승용,남,36세,상해없음
2013081500100335,2013년 8월 15일 15시,목요일,전라남도 순천시 조례동,경상사고,0,0,1,0,차대차 - 측면직각충돌,신호위반,건조,맑음,교차로 - 교차로안,이륜,기타불명,기타불명,기타불명,승용,남,58세,경상
2013081500100336,2013년 8월 15일 15시,목요일,전라남도 영암군 삼호읍,중상사고,0,1,0,0,차량단독 - 기타,안전운전불이행,건조,맑음,교차로 - 교차로안,승용,남,45세,중상,,,,
2013081500100337,2013년 8월 15일 15시,목요일,전라남도 영암군 삼호읍,경상사고,0,0,1,0,차대차 - 기타,기타,건조,맑음,교차로 - 교차로안,승용,남,36세,경상,승용,남,37세,상해없음
2013081500100373,2013년 8월 15일 16시,목요일,전라남도 장흥군 장흥읍,경상사고,0,0,1,0,차대차 - 기타,안전운전불이행,건조,맑음,단일로 - 기타,승용,남,37세,상해없음,자전거,남,52세,경상
2013081500100374,2013년 8월 15일 16시,목요일,전라남도 강진군 도암면,경상사고,0,0,2,0,차대차 - 정면충돌,안전운전불이행,건조,맑음,단일로 - 기타,승용,남,55세,경상,화물,남,30세,경상
2013081500100411,2013년 8월 15일 17시,목요일,전라남도 나주시 공산면,경상사고,0,0,1,0,차량단독 - 공작물충돌,안전운전불이행,건조,맑음,단일로 - 기타,화물,남,68세,경상,,,,
2013081500100412,2013년 8월 15일 17시,목요일,전라남도 영암군 학산면,사망사고,1,3,0,0,차량단독 - 전도전복,안전운전불이행,건조,맑음,단일로 - 기타,승용,여,56세,중상,,,,
2013081500100413,2013년 8월 15일 17시,목요일,전라남도 장성군 동화면,중상사고,0,1,0,0,차대차 - 측면직각충돌,교차로운행방법위반,건조,맑음,교차로 - 교차로안,승용,남,69세,상해없음,이륜,남,69세,중상
2013081500100444,2013년 8월 15일 18시,목요일,전라남도 목포시 상동,중상사고,0,1,0,0,차대차 - 측면직각충돌,안전운전불이행,건조,맑음,교차로 - 교차로안,승용,남,48세,기타불명,승용,여,24세,중상
2013081500100445,2013년 8월 15일 18시,목요일,전라남도 장성군 동화면,경상사고,0,0,1,0,차대사람 - 횡단중,안전운전불이행,건조,맑음,단일로 - 기타,화물,남,41세,상해없음,보행자,남,46세,경상
2013081500100474,2013년 8월 15일 19시,목요일,전라남도 순천시 풍덕동,부상신고사고,0,0,0,1,차대사람 - 기타,안전운전불이행,기타,맑음,단일로 - 기타,자전거,남,58세,상해없음,보행자,여,1세,부상신고
2013081500100499,2013년 8월 15일 20시,목요일,전라남도 여수시 신기동,경상사고,0,0,1,0,차대사람 - 횡단중,보행자보호의무위반,건조,맑음,단일로 - 횡단보도상,승용,여,43세,상해없음,보행자,남,31세,경상
2013081500100543,2013년 8월 15일 22시,목요일,전라남도 순천시 조례동,중상사고,0,1,0,0,차대사람 - 기타,안전운전불이행,건조,맑음,기타 - 기타,승합,남,31세,상해없음,보행자,남,14세,중상
2013081600100064,2013년 8월 16일 06시,금요일,전라남도 고흥군 점암면,중상사고,0,1,0,0,차대차 - 기타,교차로운행방법위반,건조,맑음,교차로 - 교차로안,농기계,남,55세,상해없음,건설기계,남,40세,중상
2013081600100065,2013년 8월 16일 06시,금요일,전라남도 광양시 금호동,경상사고,0,0,2,0,차대차 - 측면직각충돌,안전운전불이행,건조,맑음,교차로 - 교차로안,승용,여,46세,상해없음,승용,남,53세,경상
2013081600100085,2013년 8월 16일 07시,금요일,전라남도 여수시 교동,경상사고,0,0,1,0,차대차 - 기타,안전운전불이행,건조,맑음,교차로 - 교차로부근,원동기,남,58세,경상,승합,여,54세,상해없음
2013081600100086,2013년 8월 16일 07시,금요일,전라남도 해남군 화원면,경상사고,0,0,2,1,차대차 - 측면직각충돌,안전운전불이행,건조,맑음,교차로 - 교차로안,승용,남,50세,부상신고,승용,남,33세,경상
2013081600100103,2013년 8월 16일 08시,금요일,전라남도 나주시 과원동,경상사고,0,0,3,0,차대차 - 추돌 - 주정차중,안전운전불이행,건조,맑음,단일로 - 기타,화물,남,42세,경상,건설기계,남,56세,경상
2013081600100104,2013년 8월 16일 08시,금요일,전라남도 해남군 해남읍,경상사고,0,0,1,0,차대사람 - 기타,안전운전불이행,건조,맑음,단일로 - 기타,승용,남,33세,상해없음,보행자,남,25세,경상
2013081600100105,2013년 8월 16일 08시,금요일,전라남도 영암군 삼호읍,경상사고,0,0,3,0,차대차 - 추돌 - 주정차중,안전운전불이행,건조,맑음,교차로 - 교차로안,특수,남,28세,상해없음,승용,여,29세,경상
2013081600100106,2013년 8월 16일 08시,금요일,전라남도 장성군 동화면,경상사고,0,0,1,0,차대차 - 측면직각충돌,안전운전불이행,건조,맑음,단일로 - 기타,승용,남,52세,상해없음,승용,여,34세,경상
2013081600100141,2013년 8월 16일 09시,금요일,전라남도 해남군 해남읍,경상사고,0,0,1,0,차대차 - 측면직각충돌,교차로운행방법위반,건조,맑음,교차로 - 교차로안,화물,남,59세,상해없음,이륜,남,70세,경상
2013081600100142,2013년 8월 16일 09시,금요일,전라남도 무안군 일로읍,사망사고,1,0,1,0,차대차 - 측면직각충돌,안전운전불이행,건조,맑음,교차로 - 교차로안,화물,남,52세,상해없음,이륜,남,73세,경상
2013081600100176,2013년 8월 16일 10시,금요일,전라남도 완도군 청산면,중상사고,0,4,1,0,차대사람 - 기타,안전운전불이행,건조,맑음,단일로 - 기타,승용,남,83세,상해없음,보행자,여,72세,중상
2013081600100177,2013년 8월 16일 10시,금요일,전라남도 구례군 구례읍,경상사고,0,0,1,0,차대차 - 측면직각충돌,교차로운행방법위반,건조,맑음,교차로 - 교차로안,승용,남,59세,상해없음,승용,남,60세,경상
2013081600100207,2013년 8월 16일 11시,금요일,전라남도 장흥군 장흥읍,경상사고,0,0,4,0,차대차 - 측면직각충돌,신호위반,건조,맑음,교차로 - 교차로안,승용,여,39세,경상,승용,여,50세,경상
2013081600100208,2013년 8월 16일 11시,금요일,전라남도 해남군 현산면,중상사고,0,1,1,0,차대차 - 측면직각충돌,교차로운행방법위반,건조,맑음,교차로 - 교차로안,화물,남,63세,경상,승용,남,62세,중상
2013081600100209,2013년 8월 16일 11시,금요일,전라남도 무안군 현경면,중상사고,0,3,1,0,차대차 - 추돌 - 주정차중,안전운전불이행,건조,맑음,단일로 - 기타,승용,남,67세,상해없음,화물,남,57세,중상
2013081600100268,2013년 8월 16일 13시,금요일,전라남도 나주시 성북동,경상사고,0,0,1,0,차대사람 - 기타,안전운전불이행,건조,맑음,단일로 - 기타,승용,여,39세,상해없음,보행자,남,10세,경상
2013081600100269,2013년 8월 16일 13시,금요일,전라남도 장흥군 장흥읍,경상사고,0,0,2,0,차대차 - 측면직각충돌,교차로운행방법위반,건조,맑음,교차로 - 교차로안,승용,여,52세,경상,화물,남,61세,경상
2013081600100308,2013년 8월 16일 14시,금요일,전라남도 여수시 학동,경상사고,0,0,1,0,차대차 - 기타,차로위반,건조,맑음,단일로 - 기타,승용,여,35세,상해없음,승용,여,61세,경상
2013081600100309,2013년 8월 16일 14시,금요일,전라남도 순천시 조례동,경상사고,0,0,1,0,차대차 - 기타,안전운전불이행,건조,맑음,단일로 - 기타,원동기,남,62세,경상,화물,남,48세,상해없음
2013081600100339,2013년 8월 16일 15시,금요일,전라남도 목포시 대양동,경상사고,0,0,2,0,차대차 - 측면직각충돌,안전거리미확보,건조,맑음,단일로 - 기타,승용,남,54세,경상,승용,남,28세,경상
2013081600100389,2013년 8월 16일 16시,금요일,전라남도 순천시 연향동,경상사고,0,0,2,0,차대차 - 측면직각충돌,중앙선침범,건조,맑음,단일로 - 기타,승용,여,29세,상해없음,승용,남,28세,경상
2013081600100427,2013년 8월 16일 17시,금요일,전라남도 곡성군 죽곡면,사망사고,1,0,0,0,차대차 - 기타,안전운전불이행,건조,맑음,교차로 - 교차로안,화물,남,52세,상해없음,이륜,여,75세,사망
2013081600100471,2013년 8월 16일 18시,금요일,전라남도 나주시 왕곡면,사망사고,1,0,0,0,차량단독 - 전도전복,안전운전불이행,건조,맑음,단일로 - 기타,농기계,남,55세,사망,,,,
2013081600100541,2013년 8월 16일 20시,금요일,전라남도 순천시 연향동,경상사고,0,0,2,0,차대차 - 기타,차로위반,건조,맑음,교차로 - 교차로안,승용,남,52세,상해없음,승용,남,38세,경상
2013081600100542,2013년 8월 16일 20시,금요일,전라남도 영암군 영암읍,중상사고,0,1,4,0,차대차 - 측면직각충돌,직진우회전진행방해,건조,맑음,교차로 - 교차로안,승용,남,33세,경상,승용,남,22세,경상
2013081700100012,2013년 8월 17일 00시,토요일,전라남도 순천시 조례동,경상사고,0,0,1,0,차대사람 - 기타,안전운전불이행,건조,맑음,단일로 - 기타,화물,남,63세,상해없음,보행자,남,25세,경상
2013081700100013,2013년 8월 17일 00시,토요일,전라남도 순천시 동외동,경상사고,0,0,1,0,차대차 - 추돌 - 진행중,안전거리미확보,건조,맑음,단일로 - 기타,화물,남,51세,상해없음,승용,남,55세,경상
2013081700100031,2013년 8월 17일 01시,토요일,전라남도 나주시 남평읍,경상사고,0,0,2,0,차대차 - 추돌 - 진행중,안전운전불이행,건조,맑음,단일로 - 기타,승용,기타불명,기타불명,기타불명,화물,남,47세,경상
2013081700100032,2013년 8월 17일 01시,토요일,전라남도 무안군 삼향읍,중상사고,0,1,1,0,차대차 - 기타,안전운전불이행,건조,맑음,단일로 - 기타,승용,남,28세,중상,승용,남,30세,경상
2013081700100114,2013년 8월 17일 07시,토요일,전라남도 영광군 영광읍,경상사고,0,0,1,1,차대차 - 측면직각충돌,안전운전불이행,건조,맑음,교차로 - 교차로안,이륜,남,72세,부상신고,승용,여,55세,경상
2013081700100130,2013년 8월 17일 08시,토요일,전라남도 보성군 벌교읍,중상사고,0,1,0,0,차대사람 - 횡단중,중앙선침범,건조,맑음,단일로 - 기타,화물,남,65세,상해없음,보행자,여,61세,중상
2013081700100131,2013년 8월 17일 08시,토요일,전라남도 무안군 해제면,부상신고사고,0,0,0,1,차량단독 - 전도전복,안전운전불이행,건조,맑음,단일로 - 기타,화물,남,32세,부상신고,,,,
2013081700100132,2013년 8월 17일 08시,토요일,전라남도 광양시 광양읍,경상사고,0,0,1,0,차대차 - 측면직각충돌,신호위반,건조,맑음,교차로 - 교차로안,승용,남,28세,상해없음,화물,남,39세,경상
2013081700100157,2013년 8월 17일 09시,토요일,전라남도 해남군 해남읍,경상사고,0,0,1,0,차대차 - 기타,중앙선침범,건조,맑음,단일로 - 기타,자전거,남,15세,경상,승용,남,73세,상해없음
2013081700100219,2013년 8월 17일 11시,토요일,전라남도 순천시 조례동,중상사고,0,1,0,0,차대차 - 기타,안전운전불이행,건조,맑음,교차로 - 교차로안,승용,남,40세,상해없음,승용,남,59세,중상
2013081700100244,2013년 8월 17일 12시,토요일,전라남도 해남군 해남읍,경상사고,0,0,2,0,차대사람 - 기타,안전운전불이행,건조,맑음,단일로 - 기타,이륜,여,71세,경상,보행자,여,73세,경상
2013081700100245,2013년 8월 17일 12시,토요일,전라남도 진도군 임회면,중상사고,0,1,10,0,차대차 - 기타,안전운전불이행,기타,기타,단일로 - 기타,승합,여,49세,상해없음,화물,남,51세,중상
2013081700100281,2013년 8월 17일 13시,토요일,전라남도 목포시 산정동,중상사고,0,2,3,0,차대차 - 기타,직진우회전진행방해,건조,맑음,교차로 - 교차로안,승용,여,33세,중상,원동기,남,46세,중상
2013081700100282,2013년 8월 17일 13시,토요일,전라남도 목포시 산정동,경상사고,0,0,1,0,차대차 - 기타,신호위반,건조,맑음,교차로 - 교차로안,화물,여,66세,상해없음,자전거,남,13세,경상
2013081700100283,2013년 8월 17일 13시,토요일,전라남도 여수시 소라면,경상사고,0,0,1,0,차대차 - 측면직각충돌,안전운전불이행,건조,맑음,단일로 - 기타,승용,남,44세,상해없음,이륜,남,52세,경상
2013081700100284,2013년 8월 17일 13시,토요일,전라남도 고흥군 동강면,부상신고사고,0,0,0,1,차대차 - 기타,직진우회전진행방해,건조,맑음,교차로 - 교차로안,이륜,남,65세,부상신고,승용,남,35세,상해없음
2013081700100312,2013년 8월 17일 14시,토요일,전라남도 함평군 학교면,경상사고,0,0,1,0,차량단독 - 도로외이탈 - 기타,안전운전불이행,건조,맑음,단일로 - 기타,화물,여,55세,경상,,,,