사고번호,사고일시,요일,시군구,사고내용,사망자수,중상자수,경상자수,부상신고자수,사고유형,법규위반,노면상태,기상상태,도로형태,가해운전자 차종,가해운전자 성별,가해운전자 연령,가해운전자 상해정도,피해운전자 차종,피해운전자 성별,피해운전자 연령,피해운전자 상해정도
2013082900100489,2013년 8월 29일 19시,목요일,전라남도 광양시 중동,경상사고,0,0,1,0,차대사람 - 차도통행중,안전운전불이행,습기,비,기타 - 기타,승용,여,46세,상해없음,보행자,여,13세,경상
2013082900100531,2013년 8월 29일 20시,목요일,전라남도 목포시 상동,중상사고,0,1,0,0,차대차 - 측면직각충돌,신호위반,습기,비,교차로 - 교차로안,승용,남,50세,상해없음,승용,남,32세,중상
2013082900100532,2013년 8월 29일 20시,목요일,전라남도 여수시 선원동,경상사고,0,0,1,0,차대차 - 추돌 - 주정차중,안전운전불이행,습기,비,교차로 - 교차로부근,승용,남,51세,상해없음,승용,여,45세,경상
2013082900100533,2013년 8월 29일 20시,목요일,전라남도 여수시 봉산동,중상사고,0,1,1,0,차대차 - 추돌 - 진행중,안전운전불이행,습기,비,단일로 - 기타,승용,남,29세,상해없음,승용,남,58세,중상
2013082900100534,2013년 8월 29일 20시,목요일,전라남도 강진군 성전면,경상사고,0,0,2,0,차대차 - 추돌 - 진행중,안전운전불이행,습기,비,기타 - 기타,승용,남,34세,상해없음,승용,남,27세,경상
2013082900100561,2013년 8월 29일 21시,목요일,전라남도 목포시 용당동,경상사고,0,0,1,0,차대사람 - 기타,신호위반,건조,기타,교차로 - 교차로안,승용,여,46세,상해없음,보행자,여,57세,경상
2013082900100562,2013년 8월 29일 21시,목요일,전라남도 여수시 신기동,경상사고,0,0,2,0,차대차 - 추돌 - 진행중,안전운전불이행,습기,비,교차로 - 교차로부근,승용,남,50세,상해없음,승용,남,33세,경상
2013082900100563,2013년 8월 29일 21시,목요일,전라남도 여수시 학동,중상사고,0,1,0,0,차대사람 - 기타,보행자보호의무위반,습기,비,단일로 - 횡단보도상,자전거,남,13세,상해없음,보행자,여,17세,중상
2013082900100564,2013년 8월 29일 21시,목요일,전라남도 화순군 능주면,중상사고,0,1,0,0,차대사람 - 길가장자리구역통행중,안전운전불이행,습기,비,단일로 - 기타,승용,남,50세,상해없음,보행자,남,48세,중상
2013082900100612,2013년 8월 29일 22시,목요일,전라남도 여수시 선원동,중상사고,0,1,0,0,차량단독 - 공작물충돌,안전운전불이행,습기,비,단일로 - 기타,화물,남,42세,중상,,,,
2013082900100613,2013년 8월 29일 22시,목요일,전라남도 여수시 여서동,경상사고,0,0,1,0,차대사람 - 횡단중,보행자보호의무위반,건조,맑음,교차로 - 교차로부근,승용,남,30세,상해없음,보행자,남,19세,경상
2013082900100644,2013년 8월 29일 23시,목요일,전라남도 목포시 용당동,경상사고,0,0,1,0,차대사람 - 기타,안전운전불이행,건조,맑음,단일로 - 기타,승용,남,36세,상해없음,보행자,남,41세,경상
2013082900100645,2013년 8월 29일 23시,목요일,전라남도 여수시 학동,경상사고,0,0,1,0,차대차 - 측면직각충돌,안전운전불이행,습기,비,교차로 - 교차로안,승용,남,48세,상해없음,승용,남,36세,경상
2013082900100646,2013년 8월 29일 23시,목요일,전라남도 순천시 연향동,경상사고,0,0,2,0,차대차 - 추돌 - 진행중,안전운전불이행,습기,비,단일로 - 기타,승용,남,49세,상해없음,승용,남,35세,경상
2013082900100647,2013년 8월 29일 23시,목요일,전라남도 구례군 구례읍,경상사고,0,0,1,0,차량단독 - 공작물충돌,안전운전불이행,습기,비,단일로 - 기타,승용,남,56세,경상,,,,
2013083000100025,2013년 8월 30일 01시,금요일,전라남도 고흥군 고흥읍,경상사고,0,0,1,0,차대차 - 기타,안전운전불이행,건조,맑음,단일로 - 기타,승용,남,23세,상해없음,승용,남,24세,경상
2013083000100044,2013년 8월 30일 02시,금요일,전라남도 고흥군 도양읍,중상사고,0,1,0,0,차량단독 - 기타,안전운전불이행,습기,비,단일로 - 기타,원동기,남,58세,중상,,,,
2013083000100091,2013년 8월 30일 06시,금요일,전라남도 여수시 오림동,중상사고,0,1,0,0,차대차 - 측면직각충돌,신호위반,습기,비,교차로 - 교차로안,승용,여,52세,상해없음,승용,여,48세,중상
2013083000100133,2013년 8월 30일 08시,금요일,전라남도 장흥군 장평면,경상사고,0,0,1,0,차대차 - 추돌 - 진행중,안전운전불이행,건조,맑음,단일로 - 기타,승용,여,59세,상해없음,화물,남,37세,경상
2013083000100134,2013년 8월 30일 08시,금요일,전라남도 해남군 송지면,경상사고,0,0,1,1,차대차 - 측면직각충돌,직진우회전진행방해,습기,비,교차로 - 교차로안,화물,남,64세,부상신고,특수,남,48세,경상
2013083000100171,2013년 8월 30일 09시,금요일,전라남도 목포시 용당동,경상사고,0,0,1,0,차대사람 - 차도통행중,안전운전불이행,습기,비,교차로 - 교차로부근,승용,남,37세,기타불명,보행자,여,55세,경상
2013083000100172,2013년 8월 30일 09시,금요일,전라남도 순천시 조례동,경상사고,0,0,1,0,차대차 - 기타,안전운전불이행,건조,맑음,단일로 - 기타,건설기계,남,47세,상해없음,화물,남,54세,상해없음
2013083000100173,2013년 8월 30일 09시,금요일,전라남도 보성군 문덕면,경상사고,0,0,2,0,차대차 - 측면직각충돌,직진우회전진행방해,습기,흐림,교차로 - 교차로안,승용,남,71세,상해없음,승용,여,52세,경상
2013083000100200,2013년 8월 30일 10시,금요일,전라남도 영광군 영광읍,경상사고,0,0,1,0,차대차 - 추돌 - 진행중,기타,건조,맑음,단일로 - 기타,화물,남,55세,상해없음,승합,여,36세,경상
2013083000100201,2013년 8월 30일 10시,금요일,전라남도 강진군 성전면,중상사고,0,1,0,0,차대차 - 기타,불법유턴,습기,맑음,단일로 - 기타,화물,남,48세,상해없음,화물,남,53세,중상
2013083000100226,2013년 8월 30일 11시,금요일,전라남도 나주시 교동,경상사고,0,0,4,0,차대차 - 측면직각충돌,안전거리미확보,건조,맑음,기타 - 기타,승용,남,54세,상해없음,승용,여,34세,경상
2013083000100227,2013년 8월 30일 11시,금요일,전라남도 영암군 삼호읍,중상사고,0,2,2,0,차대차 - 측면직각충돌,직진우회전진행방해,건조,맑음,교차로 - 교차로안,화물,남,33세,중상,화물,남,38세,경상
2013083000100260,2013년 8월 30일 12시,금요일,전라남도 순천시 남정동,경상사고,0,0,1,0,차대차 - 기타,안전운전불이행,건조,맑음,교차로 - 교차로안,승용,여,55세,상해없음,승용,남,64세,경상
2013083000100284,2013년 8월 30일 13시,금요일,전라남도 나주시 문평면,중상사고,0,1,1,0,차대차 - 측면직각충돌,교차로운행방법위반,건조,맑음,교차로 - 교차로안,화물,남,35세,상해없음,이륜,남,78세,경상
2013083000100285,2013년 8월 30일 13시,금요일,전라남도 광양시 광영동,경상사고,0,0,1,0,차대차 - 추돌 - 진행중,안전운전불이행,건조,맑음,단일로 - 기타,화물,남,52세,상해없음,승용,여,38세,경상
2013083000100314,2013년 8월 30일 14시,금요일,전라남도 나주시 산정동,중상사고,0,1,0,0,차대차 - 추돌 - 진행중,안전운전불이행,건조,맑음,교차로 - 교차로안,승합,남,42세,상해없음,이륜,남,74세,중상
2013083000100315,2013년 8월 30일 14시,금요일,전라남도 화순군 화순읍,경상사고,0,0,4,0,차대차 - 추돌 - 진행중,안전운전불이행,건조,맑음,단일로 - 기타,승용,남,37세,경상,이륜,남,18세,경상
2013083000100316,2013년 8월 30일 14시,금요일,전라남도 광양시 중동,중상사고,0,1,3,0,차대차 - 추돌 - 주정차중,안전운전불이행,건조,맑음,교차로 - 교차로부근,화물,남,57세,상해없음,승용,남,25세,중상
2013083000100342,2013년 8월 30일 15시,금요일,전라남도 신안군 비금면,중상사고,0,1,0,0,차량단독 - 공작물충돌,안전운전불이행,건조,맑음,단일로 - 기타,이륜,남,65세,중상,,,,
2013083000100343,2013년 8월 30일 15시,금요일,전라남도 보성군 벌교읍,중상사고,0,1,0,0,차대사람 - 기타,안전운전불이행,건조,맑음,교차로 - 교차로안,화물,남,74세,상해없음,보행자,남,55세,중상
2013083000100344,2013년 8월 30일 15시,금요일,전라남도 화순군 도암면,중상사고,0,1,1,0,차량단독 - 전도전복,안전운전불이행,건조,맑음,단일로 - 기타,화물,남,71세,경상,,,,
2013083000100380,2013년 8월 30일 16시,금요일,전라남도 목포시 용당동,중상사고,0,1,0,0,차대차 - 측면직각충돌,차로위반,건조,맑음,단일로 - 기타,자전거,남,59세,중상,승용,남,30세,상해없음
2013083000100381,2013년 8월 30일 16시,금요일,전라남도 나주시 공산면,경상사고,0,0,2,0,차대차 - 측면직각충돌,직진우회전진행방해,건조,맑음,교차로 - 교차로안,화물,남,59세,경상,화물,남,68세,경상
2013083000100382,2013년 8월 30일 16시,금요일,전라남도 담양군 담양읍,경상사고,0,0,1,0,차대차 - 기타,안전운전불이행,건조,맑음,교차로 - 교차로부근,기타불명,기타불명,기타불명,기타불명,자전거,남,18세,경상
2013083000100417,2013년 8월 30일 17시,금요일,전라남도 목포시 산정동,경상사고,0,0,1,0,차대차 - 추돌 - 주정차중,안전운전불이행,건조,맑음,교차로 - 교차로안,자전거,남,66세,경상,승용,여,45세,상해없음
2013083000100418,2013년 8월 30일 17시,금요일,전라남도 여수시 연등동,경상사고,0,0,2,0,차대차 - 추돌 - 진행중,안전운전불이행,건조,맑음,단일로 - 기타,승용,남,18세,상해없음,승용,여,38세,경상
2013083000100419,2013년 8월 30일 17시,금요일,전라남도 나주시 남평읍,사망사고,1,3,0,0,차량단독 - 공작물충돌,기타,건조,맑음,단일로 - 기타,승용,남,67세,중상,,,,
2013083000100420,2013년 8월 30일 17시,금요일,전라남도 광양시 광영동,경상사고,0,0,2,0,차대차 - 측면직각충돌,안전운전불이행,건조,맑음,교차로 - 교차로부근,승용,남,50세,상해없음,승용,남,25세,경상
2013083000100461,2013년 8월 30일 18시,금요일,전라남도 목포시 상동,경상사고,0,0,1,0,차대차 - 기타,안전운전불이행,건조,맑음,단일로 - 기타,승용,남,56세,상해없음,이륜,남,28세,경상
2013083000100462,2013년 8월 30일 18시,금요일,전라남도 여수시 교동,경상사고,0,0,1,0,차대사람 - 길가장자리구역통행중,안전운전불이행,건조,맑음,교차로 - 교차로부근,승용,여,37세,상해없음,보행자,여,66세,경상
2013083000100463,2013년 8월 30일 18시,금요일,전라남도 여수시 신기동,경상사고,0,0,1,0,차대차 - 추돌 - 진행중,안전운전불이행,건조,맑음,교차로 - 교차로부근,승용,남,59세,상해없음,이륜,남,33세,경상
2013083000100464,2013년 8월 30일 18시,금요일,전라남도 무안군 해제면,중상사고,0,1,0,0,차대사람 - 길가장자리구역통행중,안전운전불이행,건조,맑음,단일로 - 기타,승용,여,56세,상해없음,보행자,여,6세,중상
2013083000100502,2013년 8월 30일 19시,금요일,전라남도 순천시 연향동,중상사고,0,1,0,0,차대사람 - 기타,보행자보호의무위반,건조,맑음,단일로 - 횡단보도상,승용,여,39세,상해없음,보행자,여,6세,중상
2013083000100503,2013년 8월 30일 19시,금요일,전라남도 해남군 해남읍,경상사고,0,0,1,0,차대사람 - 기타,안전운전불이행,건조,맑음,단일로 - 기타,원동기,남,61세,상해없음,보행자,여,82세,경상
2013083000100504,2013년 8월 30일 19시,금요일,전라남도 화순군 도곡면,중상사고,0,1,0,0,차대사람 - 기타,안전운전불이행,건조,맑음,단일로 - 기타,화물,남,57세,상해없음,보행자,여,79세,중상
2013083000100505,2013년 8월 30일 19시,금요일,전라남도 강진군 강진읍,사망사고,1,0,0,0,차대사람 - 길가장자리구역통행중,안전운전불이행,건조,맑음,단일로 - 기타,승용,남,32세,상해없음,보행자,남,73세,사망
2013083000100536,2013년 8월 30일 20시,금요일,전라남도 목포시 산정동,중상사고,0,1,0,0,차대차 - 측면직각충돌,신호위반,건조,맑음,교차로 - 교차로안,승용,남,67세,상해없음,이륜,남,20세,중상
2013083000100575,2013년 8월 30일 21시,금요일,전라남도 목포시 죽교동,경상사고,0,0,1,0,차대차 - 추돌 - 진행중,안전운전불이행,건조,맑음,단일로 - 기타,승용,남,31세,기타불명,자전거,남,23세,경상
2013083000100610,2013년 8월 30일 22시,금요일,전라남도 담양군 담양읍,경상사고,0,0,2,0,차대차 - 측면직각충돌,중앙선침범,건조,맑음,단일로 - 기타,승용,여,25세,경상,승용,남,57세,경상
2013083100100044,2013년 8월 31일 01시,토요일,전라남도 순천시 해룡면,부상신고사고,0,0,0,1,차량단독 - 기타,기타,건조,맑음,단일로 - 기타,승용,남,29세,상해없음,,,,
2013083100100119,2013년 8월 31일 06시,토요일,전라남도 광양시 중동,부상신고사고,0,0,0,1,차대차 - 기타,안전운전불이행,건조,맑음,교차로 - 교차로부근,이륜,남,64세,부상신고,승용,남,53세,상해없음
2013083100100135,2013년 8월 31일 07시,토요일,전라남도 영암군 시종면,중상사고,0,1,2,0,차대차 - 측면직각충돌,안전운전불이행,건조,맑음,단일로 - 기타,승용,남,55세,경상,화물,남,29세,경상
2013083100100151,2013년 8월 31일 08시,토요일,전라남도 목포시 호남동,경상사고,0,0,2,0,차대차 - 측면직각충돌,안전운전불이행,건조,맑음,교차로 - 교차로안,승용,여,58세,경상,승용,남,42세,경상
2013083100100152,2013년 8월 31일 08시,토요일,전라남도 목포시 상동,중상사고,0,1,0,0,차대사람 - 기타,안전운전불이행,건조,맑음,교차로 - 교차로안,승합,남,53세,상해없음,보행자,여,66세,중상
2013083100100153,2013년 8월 31일 08시,토요일,전라남도 순천시 조곡동,경상사고,0,0,1,0,차대차 - 기타,교차로운행방법위반,건조,맑음,단일로 - 기타,승용,여,45세,상해없음,자전거,남,51세,경상
2013083100100154,2013년 8월 31일 08시,토요일,전라남도 고흥군 고흥읍,경상사고,0,0,1,0,차대차 - 기타,안전운전불이행,건조,맑음,기타 - 기타,승용,남,50세,상해없음,자전거,여,58세,경상
2013083100100155,2013년 8월 31일 08시,토요일,전라남도 강진군 성전면,중상사고,0,1,1,0,차대차 - 측면직각충돌,안전운전불이행,건조,맑음,교차로 - 교차로부근,이륜,여,69세,중상,화물,남,60세,상해없음
2013083100100180,2013년 8월 31일 09시,토요일,전라남도 순천시 서면,중상사고,0,1,0,0,차대사람 - 기타,안전운전불이행,건조,맑음,기타 - 기타,건설기계,남,48세,상해없음,보행자,남,42세,중상
2013083100100181,2013년 8월 31일 09시,토요일,전라남도 완도군 완도읍,경상사고,0,0,2,0,차대차 - 추돌 - 진행중,안전운전불이행,건조,맑음,교차로 - 교차로부근,승용,남,61세,상해없음,원동기,남,64세,경상
2013083100100334,2013년 8월 31일 14시,토요일,전라남도 장성군 북일면,경상사고,0,0,1,0,차대차 - 측면직각충돌,교차로운행방법위반,건조,맑음,교차로 - 교차로안,건설기계,남,51세,상해없음,승용,남,29세,경상
2013083100100419,2013년 8월 31일 16시,토요일,전라남도 곡성군 옥과면,경상사고,0,0,1,0,차대차 - 기타,안전거리미확보,건조,맑음,단일로 - 기타,원동기,남,30세,경상,승용,남,56세,상해없음
2013083100100451,2013년 8월 31일 17시,토요일,전라남도 담양군 봉산면,경상사고,0,0,1,0,차대차 - 측면직각충돌,교차로운행방법위반,건조,맑음,교차로 - 교차로안,승용,남,75세,상해없음,자전거,남,48세,경상
2013083100100452,2013년 8월 31일 17시,토요일,전라남도 광양시 도이동,경상사고,0,0,1,0,차대차 - 측면직각충돌,신호위반,건조,맑음,교차로 - 교차로안,화물,남,35세,상해없음,승용,남,37세,경상
2013083100100481,2013년 8월 31일 18시,토요일,전라남도 광양시 중동,경상사고,0,0,2,0,차대차 - 측면직각충돌,신호위반,건조,맑음,교차로 - 교차로안,기타불명,기타불명,기타불명,기타불명,승용,남,51세,경상
2013083100100510,2013년 8월 31일 19시,토요일,전라남도 순천시 조곡동,경상사고,0,0,2,0,차대차 - 추돌 - 주정차중,안전운전불이행,건조,맑음,교차로 - 교차로부근,승용,남,47세,상해없음,승용,남,42세,경상
2013083100100511,2013년 8월 31일 19시,토요일,전라남도 영광군 염산면,경상사고,0,0,2,0,차대차 - 추돌 - 진행중,안전운전불이행,건조,맑음,단일로 - 기타,화물,남,50세,상해없음,화물,남,68세,경상
2013083100100512,2013년 8월 31일 19시,토요일,전라남도 함평군 엄다면,경상사고,0,0,1,0,차대사람 - 기타,안전운전불이행,건조,맑음,교차로 - 교차로부근,화물,남,46세,상해없음,보행자,남,76세,경상
2013083100100513,2013년 8월 31일 19시,토요일,전라남도 함평군 함평읍,중상사고,0,1,0,0,차대차 - 측면직각충돌,안전운전불이행,건조,맑음,교차로 - 교차로부근,이륜,남,38세,중상,화물,남,66세,상해없음
2013083100100514,2013년 8월 31일 19시,토요일,전라남도 담양군 고서면,중상사고,0,1,0,0,차대차 - 추돌 - 진행중,안전운전불이행,건조,맑음,교차로 - 교차로부근,원동기,남,48세,중상,농기계,남,16세,상해없음
2013083100100547,2013년 8월 31일 20시,토요일,전라남도 여수시 둔덕동,사망사고,1,1,0,0,차대차 - 측면직각충돌,신호위반,건조,기타,교차로 - 교차로안,승용,남,66세,상해없음,이륜,남,30세,중상
2013083100100578,2013년 8월 31일 21시,토요일,전라남도 순천시 연향동,경상사고,0,0,1,0,차대차 - 기타,안전운전불이행,건조,맑음,단일로 - 기타,승용,여,50세,상해없음,승용,남,21세,경상
2013083100100637,2013년 8월 31일 23시,토요일,전라남도 순천시 남정동,경상사고,0,0,1,0,차대차 - 측면직각충돌,신호위반,건조,맑음,교차로 - 교차로안,화물,남,46세,상해없음,승용,남,27세,경상
2013090100100016,2013년 9월 1일 00시,일요일,전라남도 완도군 고금면,경상사고,0,0,1,0,차량단독 - 전도전복,안전운전불이행,건조,맑음,단일로 - 기타,승용,남,48세,경상,,,,
2013090100100094,2013년 9월 1일 06시,일요일,전라남도 고흥군 남양면,경상사고,0,0,1,0,차대차 - 측면직각충돌,중앙선침범,건조,맑음,단일로 - 기타,화물,남,58세,상해없음,승용,남,50세,경상
2013090100100095,2013년 9월 1일 06시,일요일,전라남도 구례군 구례읍,중상사고,0,1,0,0,차대사람 - 기타,안전운전불이행,건조,맑음,기타 - 기타,화물,남,52세,상해없음,보행자,여,90세,중상
2013090100100108,2013년 9월 1일 07시,일요일,전라남도 곡성군 겸면,경상사고,0,0,5,0,차대차 - 기타,신호위반,습기,안개,교차로 - 교차로안,승용,여,48세,경상,승용,남,56세,경상
2013090100100163,2013년 9월 1일 10시,일요일,전라남도 영광군 백수읍,중상사고,0,1,0,0,차대사람 - 기타,안전운전불이행,건조,맑음,교차로 - 교차로부근,화물,남,42세,상해없음,보행자,여,71세,중상
2013090100100187,2013년 9월 1일 11시,일요일,전라남도 여수시 학동,경상사고,0,0,1,0,차대사람 - 기타,안전운전불이행,건조,맑음,단일로 - 기타,승용,남,34세,상해없음,보행자,여,37세,경상
2013090100100211,2013년 9월 1일 12시,일요일,전라남도 보성군 벌교읍,중상사고,0,5,4,0,차대차 - 추돌 - 진행중,안전운전불이행,건조,맑음,단일로 - 터널,승용,남,51세,중상,건설기계,남,40세,상해없음
2013090100100212,2013년 9월 1일 12시,일요일,전라남도 화순군 동면,사망사고,1,0,0,0,차대차 - 기타,안전운전불이행,건조,맑음,단일로 - 기타,원동기,남,72세,사망,승합,남,46세,상해없음
2013090100100213,2013년 9월 1일 12시,일요일,전라남도 담양군 창평면,중상사고,0,1,0,0,차량단독 - 기타,기타,건조,맑음,단일로 - 기타,화물,남,49세,상해없음,,,,
2013090100100237,2013년 9월 1일 13시,일요일,전라남도 여수시 신기동,사망사고,1,0,0,0,차대사람 - 기타,안전운전불이행,건조,맑음,기타 - 기타,승용,여,43세,상해없음,보행자,남,1세,사망
2013090100100238,2013년 9월 1일 13시,일요일,전라남도 담양군 담양읍,경상사고,0,0,4,0,차대차 - 기타,안전운전불이행,건조,맑음,교차로 - 교차로안,화물,남,40세,상해없음,승용,남,30세,경상
2013090100100265,2013년 9월 1일 14시,일요일,전라남도 광양시 광양읍,경상사고,0,0,1,0,차량단독 - 전도전복,안전운전불이행,건조,맑음,단일로 - 기타,승용,남,76세,경상,,,,
2013090100100297,2013년 9월 1일 15시,일요일,전라남도 함평군 손불면,경상사고,0,0,1,0,차량단독 - 기타,안전운전불이행,건조,맑음,단일로 - 기타,원동기,남,48세,경상,,,,
2013090100100321,2013년 9월 1일 16시,일요일,전라남도 영암군 삼호읍,중상사고,0,1,0,0,차대차 - 측면직각충돌,직진우회전진행방해,건조,맑음,교차로 - 교차로안,원동기,남,57세,중상,승용,남,45세,상해없음
2013090100100349,2013년 9월 1일 17시,일요일,전라남도 구례군 토지면,경상사고,0,0,2,0,차대차 - 추돌 - 진행중,안전운전불이행,건조,맑음,단일로 - 기타,승합,남,55세,기타불명,승용,여,52세,경상
2013090100100380,2013년 9월 1일 18시,일요일,전라남도 화순군 도곡면,경상사고,0,0,3,0,차대차 - 측면직각충돌,신호위반,건조,맑음,교차로 - 교차로안,승용,남,53세,경상,승용,남,57세,경상
2013090100100407,2013년 9월 1일 19시,일요일,전라남도 여수시 신기동,경상사고,0,0,1,0,차대차 - 기타,신호위반,건조,맑음,교차로 - 교차로안,원동기,남,21세,경상,승용,남,44세,상해없음
2013090100100430,2013년 9월 1일 20시,일요일,전라남도 목포시 상동,중상사고,0,1,0,0,차대차 - 기타,안전운전불이행,건조,맑음,기타 - 기타,원동기,남,18세,중상,승용,여,59세,상해없음
2013090100100454,2013년 9월 1일 21시,일요일,전라남도 해남군 해남읍,중상사고,0,1,0,0,차대차 - 기타,안전운전불이행,건조,맑음,기타 - 기타,승용,여,32세,상해없음,화물,남,41세,중상
2013090100100455,2013년 9월 1일 21시,일요일,전라남도 보성군 벌교읍,중상사고,0,1,0,0,차대차 - 기타,안전운전불이행,건조,맑음,단일로 - 기타,승용,남,62세,상해없음,이륜,남,60세,중상
2013090100100470,2013년 9월 1일 22시,일요일,전라남도 목포시 옥암동,중상사고,0,1,0,0,차대차 - 기타,안전운전불이행,건조,맑음,기타 - 기타,승용,남,58세,상해없음,원동기,남,20세,중상
2013090100100491,2013년 9월 1일 23시,일요일,전라남도 영암군 신북면,중상사고,0,1,2,0,차대차 - 추돌 - 주정차중,안전운전불이행,건조,맑음,교차로 - 교차로부근,승합,남,45세,경상,화물,남,41세,경상
2013090200100006,2013년 9월 2일 00시,월요일,전라남도 장흥군 회진면,사망사고,1,0,1,0,차량단독 - 도로외이탈 - 추락,안전운전불이행,건조,맑음,단일로 - 기타,원동기,남,19세,사망,,,,
2013090200100014,2013년 9월 2일 01시,월요일,전라남도 담양군 창평면,중상사고,0,1,0,0,차대사람 - 기타,안전운전불이행,건조,흐림,단일로 - 기타,화물,남,47세,상해없음,보행자,남,47세,중상
2013090200100039,2013년 9월 2일 05시,월요일,전라남도 나주시 세지면,사망사고,1,0,0,0,차대사람 - 기타,안전운전불이행,건조,기타,단일로 - 기타,승용,남,50세,상해없음,보행자,여,83세,사망
2013090200100040,2013년 9월 2일 05시,월요일,전라남도 영광군 영광읍,중상사고,0,1,0,0,차대차 - 측면직각충돌,교차로운행방법위반,건조,맑음,교차로 - 교차로안,건설기계,남,42세,상해없음,승용,남,63세,중상
2013090200100055,2013년 9월 2일 06시,월요일,전라남도 신안군 압해읍,중상사고,0,1,1,0,차대사람 - 기타,안전운전불이행,건조,맑음,기타 - 기타,원동기,남,78세,경상,보행자,여,77세,중상
2013090200100087,2013년 9월 2일 07시,월요일,전라남도 함평군 해보면,경상사고,0,0,1,0,차대차 - 추돌 - 진행중,안전운전불이행,건조,맑음,단일로 - 터널,승용,여,32세,상해없음,승용,여,46세,경상
2013090200100088,2013년 9월 2일 07시,월요일,전라남도 영암군 삼호읍,경상사고,0,0,2,0,차대차 - 측면직각충돌,직진우회전진행방해,건조,맑음,교차로 - 교차로안,승용,남,30세,경상,승용,남,34세,경상
2013090200100089,2013년 9월 2일 07시,월요일,전라남도 강진군 군동면,중상사고,0,1,0,0,차대차 - 측면직각충돌,직진우회전진행방해,건조,맑음,교차로 - 교차로부근,농기계,남,74세,중상,화물,남,41세,상해없음
2013090200100133,2013년 9월 2일 08시,월요일,전라남도 장성군 북이면,사망사고,1,0,0,0,차량단독 - 공작물충돌,안전운전불이행,건조,맑음,단일로 - 기타,승용,남,60세,사망,,,,
2013090200100167,2013년 9월 2일 09시,월요일,전라남도 순천시 조례동,중상사고,0,1,1,0,차대차 - 기타,교차로운행방법위반,건조,맑음,교차로 - 교차로안,승용,남,50세,중상,승합,남,54세,상해없음
2013090200100199,2013년 9월 2일 10시,월요일,전라남도 여수시 덕충동,중상사고,0,1,0,0,차량단독 - 기타,안전운전불이행,건조,맑음,단일로 - 기타,승합,남,54세,상해없음,,,,
2013090200100200,2013년 9월 2일 10시,월요일,전라남도 무안군 현경면,경상사고,0,0,1,0,차대차 - 측면직각충돌,안전운전불이행,건조,맑음,단일로 - 기타,이륜,남,79세,경상,화물,남,50세,상해없음
2013090200100222,2013년 9월 2일 11시,월요일,전라남도 목포시 용해동,경상사고,0,0,3,0,차대차 - 측면직각충돌,안전운전불이행,건조,맑음,교차로 - 교차로안,승용,여,56세,경상,승용,남,34세,경상
2013090200100223,2013년 9월 2일 11시,월요일,전라남도 영광군 영광읍,사망사고,2,0,0,0,차대사람 - 길가장자리구역통행중,안전운전불이행,건조,맑음,단일로 - 기타,승용,남,32세,상해없음,보행자,여,9세,사망
2013090200100224,2013년 9월 2일 11시,월요일,전라남도 함평군 함평읍,경상사고,0,0,1,0,차대차 - 측면직각충돌,직진우회전진행방해,건조,맑음,교차로 - 교차로안,승용,남,40세,상해없음,원동기,여,52세,경상
2013090200100225,2013년 9월 2일 11시,월요일,전라남도 광양시 도이동,중상사고,0,1,0,0,차대차 - 추돌 - 진행중,신호위반,건조,맑음,교차로 - 교차로안,화물,남,56세,상해없음,승용,남,41세,중상
2013090200100266,2013년 9월 2일 12시,월요일,전라남도 순천시 덕암동,중상사고,0,1,0,0,차대차 - 측면직각충돌,직진우회전진행방해,건조,맑음,교차로 - 교차로안,승용,여,47세,상해없음,승용,남,47세,상해없음
2013090200100267,2013년 9월 2일 12시,월요일,전라남도 나주시 노안면,중상사고,0,1,0,0,차량단독 - 기타,안전운전불이행,건조,맑음,교차로 - 교차로부근,승합,남,46세,상해없음,,,,
2013090200100294,2013년 9월 2일 13시,월요일,전라남도 영암군 삼호읍,경상사고,0,0,1,0,차대차 - 측면직각충돌,직진우회전진행방해,건조,맑음,교차로 - 교차로안,화물,남,37세,상해없음,승용,남,49세,경상
2013090200100295,2013년 9월 2일 13시,월요일,전라남도 무안군 일로읍,경상사고,0,0,1,0,차대차 - 측면직각충돌,안전운전불이행,건조,맑음,교차로 - 교차로안,농기계,남,53세,경상,화물,남,50세,기타불명
2013090200100318,2013년 9월 2일 14시,월요일,전라남도 목포시 상동,경상사고,0,0,2,0,차대차 - 측면직각충돌,안전운전불이행,건조,맑음,교차로 - 교차로안,승용,여,32세,경상,화물,남,40세,경상
2013090200100319,2013년 9월 2일 14시,월요일,전라남도 순천시 별량면,경상사고,0,0,1,0,차량단독 - 공작물충돌,안전운전불이행,건조,맑음,교차로 - 교차로부근,승용,남,50세,경상,,,,
2013090200100320,2013년 9월 2일 14시,월요일,전라남도 나주시 금성동,경상사고,0,0,2,0,차대차 - 추돌 - 주정차중,안전운전불이행,건조,맑음,단일로 - 기타,승합,남,64세,상해없음,승용,남,36세,경상
2013090200100321,2013년 9월 2일 14시,월요일,전라남도 장성군 삼서면,경상사고,0,0,1,0,차대차 - 기타,안전운전불이행,건조,맑음,단일로 - 기타,화물,남,31세,상해없음,자전거,여,59세,경상
2013090200100322,2013년 9월 2일 14시,월요일,전라남도 진도군 진도읍,경상사고,0,0,3,0,차대차 - 추돌 - 진행중,안전운전불이행,건조,맑음,교차로 - 교차로안,화물,남,28세,경상,승용,남,41세,경상