사고번호,사고일시,요일,시군구,사고내용,사망자수,중상자수,경상자수,부상신고자수,사고유형,법규위반,노면상태,기상상태,도로형태,가해운전자 차종,가해운전자 성별,가해운전자 연령,가해운전자 상해정도,피해운전자 차종,피해운전자 성별,피해운전자 연령,피해운전자 상해정도
2013090200100362,2013년 9월 2일 15시,월요일,전라남도 순천시 서면,경상사고,0,0,3,0,차대차 - 추돌 - 주정차중,안전운전불이행,건조,맑음,단일로 - 기타,승합,여,44세,상해없음,승용,남,56세,경상
2013090200100363,2013년 9월 2일 15시,월요일,전라남도 나주시 다시면,경상사고,0,0,2,0,차대차 - 측면직각충돌,신호위반,건조,맑음,교차로 - 교차로안,승용,남,63세,상해없음,승용,남,52세,경상
2013090200100364,2013년 9월 2일 15시,월요일,전라남도 담양군 금성면,경상사고,0,0,1,0,차대차 - 측면직각충돌,교차로운행방법위반,건조,맑음,교차로 - 교차로안,화물,남,38세,상해없음,이륜,남,64세,경상
2013090200100400,2013년 9월 2일 16시,월요일,전라남도 목포시 상동,중상사고,0,1,4,0,차대차 - 측면직각충돌,신호위반,건조,맑음,교차로 - 교차로안,승용,여,34세,중상,승용,여,49세,경상
2013090200100401,2013년 9월 2일 16시,월요일,전라남도 나주시 세지면,사망사고,1,0,0,0,차량단독 - 공작물충돌,안전운전불이행,건조,맑음,교차로 - 교차로안,원동기,남,63세,사망,,,,
2013090200100402,2013년 9월 2일 16시,월요일,전라남도 담양군 담양읍,중상사고,0,1,0,0,차대차 - 기타,기타,건조,맑음,교차로 - 교차로안,이륜,남,78세,중상,이륜,남,76세,상해없음
2013090200100451,2013년 9월 2일 17시,월요일,전라남도 곡성군 곡성읍,경상사고,0,0,1,0,차대차 - 기타,안전운전불이행,건조,맑음,교차로 - 교차로안,화물,남,39세,상해없음,자전거,여,67세,경상
2013090200100452,2013년 9월 2일 17시,월요일,전라남도 진도군 진도읍,경상사고,0,0,1,0,차대차 - 기타,중앙선침범,건조,맑음,단일로 - 기타,이륜,여,55세,경상,승용,여,58세,상해없음
2013090200100492,2013년 9월 2일 18시,월요일,전라남도 여수시 학동,경상사고,0,0,1,0,차대차 - 기타,안전운전불이행,건조,맑음,단일로 - 기타,화물,남,61세,상해없음,승용,남,31세,경상
2013090200100493,2013년 9월 2일 18시,월요일,전라남도 해남군 화산면,부상신고사고,0,0,0,1,차량단독 - 도로외이탈 - 기타,안전운전불이행,건조,맑음,단일로 - 기타,화물,남,45세,부상신고,,,,
2013090200100494,2013년 9월 2일 18시,월요일,전라남도 화순군 화순읍,경상사고,0,0,4,0,차대차 - 추돌 - 진행중,안전운전불이행,건조,맑음,단일로 - 기타,승용,여,44세,상해없음,승용,남,35세,경상
2013090200100495,2013년 9월 2일 18시,월요일,전라남도 강진군 칠량면,경상사고,0,0,1,0,차대사람 - 횡단중,안전운전불이행,건조,맑음,단일로 - 기타,화물,남,66세,상해없음,보행자,여,9세,경상
2013090200100496,2013년 9월 2일 18시,월요일,전라남도 구례군 용방면,경상사고,0,0,1,0,차대차 - 기타,안전운전불이행,건조,맑음,단일로 - 기타,승용,남,34세,상해없음,원동기,남,77세,경상
2013090200100533,2013년 9월 2일 19시,월요일,전라남도 강진군 칠량면,사망사고,1,0,0,0,차량단독 - 도로외이탈 - 추락,안전운전불이행,건조,맑음,단일로 - 기타,승용,남,34세,사망,,,,
2013090200100534,2013년 9월 2일 19시,월요일,전라남도 강진군 강진읍,경상사고,0,0,2,0,차량단독 - 공작물충돌,안전운전불이행,건조,흐림,단일로 - 기타,승용,여,34세,경상,,,,
2013090200100535,2013년 9월 2일 19시,월요일,전라남도 광양시 태인동,경상사고,0,0,1,0,차대차 - 측면직각충돌,안전운전불이행,건조,맑음,단일로 - 기타,특수,남,54세,상해없음,승용,남,60세,경상
2013090200100572,2013년 9월 2일 20시,월요일,전라남도 여수시 학동,경상사고,0,0,1,0,차대차 - 측면직각충돌,안전운전불이행,건조,맑음,단일로 - 기타,승용,남,39세,상해없음,원동기,남,24세,경상
2013090200100619,2013년 9월 2일 22시,월요일,전라남도 광양시 중동,경상사고,0,0,1,0,차대차 - 정면충돌,불법유턴,건조,맑음,교차로 - 교차로부근,승용,남,28세,상해없음,이륜,남,19세,경상
2013090200100653,2013년 9월 2일 23시,월요일,전라남도 순천시 연향동,중상사고,0,1,0,0,차대사람 - 횡단중,신호위반,건조,맑음,교차로 - 교차로부근,화물,남,63세,상해없음,보행자,여,17세,중상
2013090300100022,2013년 9월 3일 01시,화요일,전라남도 순천시 조례동,경상사고,0,0,1,0,차대사람 - 기타,안전운전불이행,건조,맑음,단일로 - 기타,승용,남,47세,상해없음,보행자,남,19세,경상
2013090300100094,2013년 9월 3일 07시,화요일,전라남도 여수시 소라면,중상사고,0,1,0,0,차대차 - 측면직각충돌,중앙선침범,건조,맑음,단일로 - 기타,원동기,남,67세,중상,승용,남,45세,상해없음
2013090300100137,2013년 9월 3일 08시,화요일,전라남도 나주시 금천면,경상사고,0,0,2,0,차대차 - 측면직각충돌,신호위반,건조,맑음,교차로 - 교차로안,승용,여,50세,상해없음,승용,여,47세,경상
2013090300100138,2013년 9월 3일 08시,화요일,전라남도 광양시 광양읍,경상사고,0,0,1,0,차대차 - 측면직각충돌,직진우회전진행방해,건조,맑음,교차로 - 교차로안,승용,남,37세,경상,건설기계,남,45세,상해없음
2013090300100168,2013년 9월 3일 09시,화요일,전라남도 목포시 산정동,중상사고,0,1,0,0,차대차 - 기타,안전운전불이행,건조,기타,단일로 - 기타,이륜,남,31세,상해없음,자전거,남,73세,중상
2013090300100196,2013년 9월 3일 10시,화요일,전라남도 여수시 학동,경상사고,0,0,1,0,차대차 - 기타,안전운전불이행,건조,맑음,단일로 - 기타,승용,남,49세,상해없음,승용,여,37세,경상
2013090300100232,2013년 9월 3일 11시,화요일,전라남도 보성군 벌교읍,경상사고,0,0,3,0,차대차 - 추돌 - 주정차중,안전운전불이행,건조,흐림,단일로 - 기타,승용,여,51세,경상,화물,남,46세,경상
2013090300100254,2013년 9월 3일 12시,화요일,전라남도 순천시 연향동,중상사고,0,1,0,0,차대차 - 추돌 - 진행중,안전운전불이행,건조,맑음,교차로 - 교차로부근,이륜,남,59세,중상,승용,여,54세,상해없음
2013090300100291,2013년 9월 3일 13시,화요일,전라남도 목포시 상동,중상사고,0,1,0,0,차대차 - 기타,안전운전불이행,건조,기타,단일로 - 기타,원동기,남,71세,중상,화물,남,65세,상해없음
2013090300100355,2013년 9월 3일 15시,화요일,전라남도 해남군 해남읍,중상사고,0,1,1,0,차량단독 - 공작물충돌,안전운전불이행,건조,맑음,단일로 - 기타,승용,남,51세,경상,,,,
2013090300100356,2013년 9월 3일 15시,화요일,전라남도 완도군 소안면,사망사고,1,0,0,0,차량단독 - 전도전복,안전운전불이행,건조,맑음,단일로 - 기타,이륜,남,75세,사망,,,,
2013090300100391,2013년 9월 3일 16시,화요일,전라남도 순천시 풍덕동,중상사고,0,1,0,0,차대차 - 측면직각충돌,안전운전불이행,건조,맑음,단일로 - 기타,승용,남,52세,상해없음,원동기,남,83세,중상
2013090300100429,2013년 9월 3일 17시,화요일,전라남도 여수시 학동,경상사고,0,0,1,0,차대차 - 추돌 - 주정차중,안전거리미확보,건조,맑음,단일로 - 기타,승용,남,42세,상해없음,승용,남,43세,경상
2013090300100430,2013년 9월 3일 17시,화요일,전라남도 여수시 둔덕동,경상사고,0,0,3,0,차대차 - 측면직각충돌,직진우회전진행방해,건조,맑음,교차로 - 교차로부근,승용,남,64세,경상,승용,남,63세,경상
2013090300100431,2013년 9월 3일 17시,화요일,전라남도 화순군 화순읍,중상사고,0,1,0,0,차대사람 - 기타,안전운전불이행,건조,맑음,단일로 - 기타,승용,여,44세,상해없음,보행자,여,45세,중상
2013090300100467,2013년 9월 3일 18시,화요일,전라남도 여수시 여서동,경상사고,0,0,1,0,차대사람 - 횡단중,보행자보호의무위반,건조,맑음,단일로 - 기타,승용,남,23세,상해없음,보행자,여,32세,경상
2013090300100468,2013년 9월 3일 18시,화요일,전라남도 무안군 일로읍,중상사고,0,1,0,0,차대차 - 측면직각충돌,중앙선침범,건조,맑음,단일로 - 기타,화물,남,29세,상해없음,이륜,남,45세,중상
2013090300100516,2013년 9월 3일 19시,화요일,전라남도 순천시 생목동,경상사고,0,0,1,0,차대차 - 추돌 - 진행중,안전운전불이행,건조,맑음,교차로 - 교차로부근,승용,남,45세,기타불명,승용,여,56세,경상
2013090300100545,2013년 9월 3일 20시,화요일,전라남도 여수시 신기동,경상사고,0,0,1,0,차대차 - 측면직각충돌,차로위반,건조,맑음,교차로 - 교차로부근,승용,남,29세,상해없음,이륜,남,61세,경상
2013090300100546,2013년 9월 3일 20시,화요일,전라남도 장성군 진원면,중상사고,0,1,0,0,차대차 - 추돌 - 진행중,안전운전불이행,건조,맑음,단일로 - 기타,승용,남,38세,중상,화물,남,60세,상해없음
2013090300100565,2013년 9월 3일 21시,화요일,전라남도 여수시 교동,경상사고,0,0,1,0,차대차 - 측면직각충돌,안전운전불이행,습기,비,교차로 - 교차로안,승용,기타불명,기타불명,기타불명,승용,여,40세,경상
2013090300100566,2013년 9월 3일 21시,화요일,전라남도 영암군 삼호읍,경상사고,0,0,1,0,차대사람 - 횡단중,신호위반,건조,맑음,단일로 - 횡단보도상,승용,남,35세,상해없음,보행자,여,54세,경상
2013090300100590,2013년 9월 3일 22시,화요일,전라남도 영광군 홍농읍,경상사고,0,0,1,0,차대사람 - 길가장자리구역통행중,중앙선침범,건조,맑음,단일로 - 기타,원동기,남,69세,상해없음,보행자,여,75세,경상
2013090400100036,2013년 9월 4일 02시,수요일,전라남도 광양시 중동,경상사고,0,0,1,0,차대차 - 추돌 - 주정차중,안전운전불이행,건조,맑음,교차로 - 교차로부근,승용,남,23세,경상,특수,남,47세,기타불명
2013090400100039,2013년 9월 4일 03시,수요일,전라남도 순천시 석현동,중상사고,0,2,0,0,차량단독 - 공작물충돌,안전운전불이행,건조,맑음,단일로 - 기타,이륜,남,17세,중상,,,,
2013090400100100,2013년 9월 4일 07시,수요일,전라남도 목포시 연산동,부상신고사고,0,0,0,1,차대차 - 추돌 - 주정차중,안전운전불이행,건조,맑음,교차로 - 교차로부근,화물,남,48세,상해없음,승용,남,57세,부상신고
2013090400100101,2013년 9월 4일 07시,수요일,전라남도 영암군 삼호읍,중상사고,0,2,1,0,차대차 - 추돌 - 주정차중,안전운전불이행,건조,맑음,단일로 - 기타,승용,남,38세,경상,승용,남,51세,중상
2013090400100147,2013년 9월 4일 08시,수요일,전라남도 순천시 연향동,경상사고,0,0,2,0,차대차 - 기타,신호위반,건조,맑음,교차로 - 교차로안,원동기,남,19세,경상,승용,여,31세,상해없음
2013090400100148,2013년 9월 4일 08시,수요일,전라남도 고흥군 포두면,경상사고,0,0,1,0,차대차 - 기타,직진우회전진행방해,건조,맑음,교차로 - 교차로안,승용,여,42세,상해없음,농기계,남,50세,상해없음
2013090400100149,2013년 9월 4일 08시,수요일,전라남도 무안군 삼향읍,경상사고,0,0,2,0,차대차 - 추돌 - 주정차중,안전운전불이행,건조,맑음,교차로 - 교차로부근,승용,남,27세,상해없음,승용,여,43세,경상
2013090400100237,2013년 9월 4일 11시,수요일,전라남도 여수시 남산동,경상사고,0,0,3,0,차대차 - 추돌 - 진행중,안전거리미확보,건조,맑음,단일로 - 기타,승용,남,41세,상해없음,승용,여,48세,경상
2013090400100238,2013년 9월 4일 11시,수요일,전라남도 진도군 임회면,중상사고,0,1,1,0,차대차 - 기타,안전운전불이행,기타,맑음,단일로 - 기타,승용,남,41세,상해없음,승용,남,46세,경상
2013090400100263,2013년 9월 4일 12시,수요일,전라남도 보성군 득량면,중상사고,0,1,0,0,차대차 - 측면직각충돌,안전운전불이행,건조,맑음,교차로 - 교차로부근,승용,여,29세,상해없음,이륜,남,67세,중상
2013090400100264,2013년 9월 4일 12시,수요일,전라남도 무안군 해제면,중상사고,0,2,0,0,차대차 - 측면직각충돌,안전운전불이행,건조,맑음,교차로 - 교차로안,화물,남,56세,상해없음,화물,남,71세,중상
2013090400100265,2013년 9월 4일 12시,수요일,전라남도 구례군 마산면,중상사고,0,1,0,0,차대차 - 추돌 - 진행중,안전운전불이행,건조,맑음,단일로 - 기타,승합,남,49세,상해없음,원동기,여,55세,중상
2013090400100266,2013년 9월 4일 12시,수요일,전라남도 구례군 구례읍,중상사고,0,1,0,0,차대사람 - 기타,안전운전불이행,건조,맑음,기타 - 기타,화물,남,56세,상해없음,보행자,남,41세,중상
2013090400100293,2013년 9월 4일 13시,수요일,전라남도 장흥군 부산면,중상사고,0,2,0,0,차대차 - 측면직각충돌,안전운전불이행,건조,맑음,교차로 - 교차로안,화물,남,44세,상해없음,원동기,남,76세,중상
2013090400100294,2013년 9월 4일 13시,수요일,전라남도 해남군 송지면,경상사고,0,0,1,0,차대차 - 기타,교차로운행방법위반,건조,맑음,교차로 - 교차로안,농기계,남,52세,상해없음,승용,남,65세,경상
2013090400100332,2013년 9월 4일 14시,수요일,전라남도 순천시 장천동,경상사고,0,0,1,0,차대차 - 기타,안전운전불이행,건조,맑음,교차로 - 교차로안,승용,남,24세,상해없음,원동기,남,34세,경상
2013090400100333,2013년 9월 4일 14시,수요일,전라남도 나주시 왕곡면,경상사고,0,0,2,0,차량단독 - 기타,안전운전불이행,건조,맑음,단일로 - 기타,승용,남,18세,경상,,,,
2013090400100360,2013년 9월 4일 15시,수요일,전라남도 순천시 연향동,경상사고,0,0,1,0,차대차 - 측면직각충돌,직진우회전진행방해,건조,맑음,교차로 - 교차로안,승용,남,56세,상해없음,승합,남,54세,상해없음
2013090400100361,2013년 9월 4일 15시,수요일,전라남도 고흥군 동강면,사망사고,1,0,0,0,차량단독 - 공작물충돌,안전운전불이행,건조,맑음,단일로 - 기타,화물,남,43세,사망,,,,
2013090400100362,2013년 9월 4일 15시,수요일,전라남도 해남군 화산면,경상사고,0,0,1,0,차대차 - 기타,안전운전불이행,건조,맑음,단일로 - 기타,화물,남,41세,상해없음,이륜,남,73세,경상
2013090400100363,2013년 9월 4일 15시,수요일,전라남도 화순군 한천면,중상사고,0,1,0,0,차대차 - 측면직각충돌,교차로운행방법위반,건조,맑음,교차로 - 교차로안,화물,남,43세,상해없음,원동기,남,73세,중상
2013090400100400,2013년 9월 4일 16시,수요일,전라남도 영광군 영광읍,중상사고,0,1,1,0,차대차 - 기타,교차로운행방법위반,건조,맑음,교차로 - 교차로안,화물,남,49세,상해없음,화물,남,49세,경상
2013090400100425,2013년 9월 4일 17시,수요일,전라남도 목포시 옥암동,중상사고,0,1,1,0,차대차 - 기타,신호위반,건조,맑음,교차로 - 교차로안,승용,남,22세,경상,승합,남,61세,중상
2013090400100426,2013년 9월 4일 17시,수요일,전라남도 목포시 상동,경상사고,0,0,1,0,차대차 - 기타,안전운전불이행,건조,맑음,단일로 - 기타,기타불명,기타불명,기타불명,기타불명,승용,여,41세,경상
2013090400100427,2013년 9월 4일 17시,수요일,전라남도 고흥군 봉래면,중상사고,0,1,0,0,차대차 - 측면직각충돌,교차로운행방법위반,건조,맑음,교차로 - 교차로안,화물,남,36세,상해없음,승용,남,41세,중상
2013090400100465,2013년 9월 4일 18시,수요일,전라남도 순천시 조곡동,경상사고,0,0,1,0,차대차 - 기타,직진우회전진행방해,건조,맑음,교차로 - 교차로안,승용,여,45세,상해없음,자전거,여,8세,경상
2013090400100466,2013년 9월 4일 18시,수요일,전라남도 나주시 다시면,중상사고,0,1,1,0,차대차 - 기타,안전운전불이행,건조,맑음,단일로 - 횡단보도상,원동기,남,66세,중상,승용,여,52세,경상
2013090400100467,2013년 9월 4일 18시,수요일,전라남도 광양시 광양읍,중상사고,0,1,0,0,차대차 - 측면직각충돌,안전운전불이행,건조,맑음,교차로 - 교차로부근,승용,남,59세,상해없음,이륜,여,52세,중상
2013090400100500,2013년 9월 4일 19시,수요일,전라남도 장성군 남면,경상사고,0,0,1,0,차대차 - 측면직각충돌,안전운전불이행,건조,맑음,단일로 - 기타,화물,남,45세,상해없음,농기계,남,85세,경상
2013090400100501,2013년 9월 4일 19시,수요일,전라남도 완도군 군외면,중상사고,0,2,1,0,차대차 - 추돌 - 진행중,안전운전불이행,건조,맑음,단일로 - 기타,승용,남,54세,상해없음,화물,남,46세,경상
2013090400100574,2013년 9월 4일 21시,수요일,전라남도 영광군 영광읍,중상사고,0,1,1,0,차대사람 - 횡단중,보행자보호의무위반,건조,맑음,단일로 - 횡단보도상,승용,남,38세,상해없음,보행자,남,36세,경상
2013090500100013,2013년 9월 5일 00시,목요일,전라남도 장흥군 장흥읍,중상사고,0,2,1,0,차대차 - 측면직각충돌,신호위반,건조,맑음,교차로 - 교차로안,원동기,남,17세,중상,승용,남,22세,경상
2013090500100014,2013년 9월 5일 00시,목요일,전라남도 광양시 광영동,경상사고,0,0,1,0,차대차 - 추돌 - 주정차중,안전거리미확보,건조,맑음,단일로 - 기타,승용,여,27세,상해없음,승용,여,51세,경상
2013090500100050,2013년 9월 5일 04시,목요일,전라남도 여수시 미평동,경상사고,0,0,2,0,차대차 - 추돌 - 주정차중,중앙선침범,건조,맑음,단일로 - 기타,승합,남,24세,상해없음,승용,남,26세,기타불명
2013090500100080,2013년 9월 5일 06시,목요일,전라남도 목포시 산정동,경상사고,0,0,1,0,차대사람 - 기타,안전운전불이행,건조,맑음,단일로 - 기타,화물,남,45세,상해없음,보행자,여,51세,경상
2013090500100111,2013년 9월 5일 07시,목요일,전라남도 광양시 광양읍,중상사고,0,1,0,0,차대사람 - 횡단중,안전운전불이행,건조,맑음,단일로 - 기타,승용,남,64세,상해없음,보행자,여,61세,중상
2013090500100138,2013년 9월 5일 08시,목요일,전라남도 목포시 용해동,경상사고,0,0,1,0,차대사람 - 횡단중,안전운전불이행,건조,맑음,단일로 - 횡단보도상,승용,남,54세,상해없음,보행자,남,16세,경상
2013090500100139,2013년 9월 5일 08시,목요일,전라남도 여수시 신월동,중상사고,0,1,0,0,차대차 - 기타,차로위반,건조,맑음,단일로 - 기타,승용,남,66세,상해없음,승용,여,51세,중상
2013090500100189,2013년 9월 5일 10시,목요일,전라남도 함평군 함평읍,중상사고,0,1,0,0,차대차 - 정면충돌,중앙선침범,건조,맑음,단일로 - 기타,승용,여,39세,상해없음,원동기,남,49세,중상
2013090500100190,2013년 9월 5일 10시,목요일,전라남도 영암군 영암읍,경상사고,0,0,1,0,차대차 - 추돌 - 진행중,안전거리미확보,건조,맑음,단일로 - 기타,화물,남,38세,상해없음,승용,여,39세,경상
2013090500100234,2013년 9월 5일 12시,목요일,전라남도 고흥군 고흥읍,중상사고,0,1,0,0,차대차 - 추돌 - 주정차중,안전운전불이행,건조,맑음,단일로 - 기타,원동기,여,57세,중상,화물,남,52세,기타불명
2013090500100235,2013년 9월 5일 12시,목요일,전라남도 장성군 장성읍,경상사고,0,0,1,0,차대차 - 추돌 - 주정차중,안전운전불이행,건조,맑음,단일로 - 기타,승용,남,71세,상해없음,승용,여,62세,상해없음
2013090500100260,2013년 9월 5일 13시,목요일,전라남도 나주시 영산동,경상사고,0,0,3,0,차대차 - 기타,직진우회전진행방해,건조,맑음,교차로 - 교차로안,승용,여,42세,경상,승용,여,29세,경상
2013090500100286,2013년 9월 5일 14시,목요일,전라남도 목포시 산정동,중상사고,0,1,0,0,차대사람 - 기타,신호위반,건조,맑음,단일로 - 기타,화물,남,32세,상해없음,보행자,남,85세,중상
2013090500100287,2013년 9월 5일 14시,목요일,전라남도 나주시 이창동,중상사고,0,1,3,0,차대차 - 측면직각충돌,직진우회전진행방해,건조,맑음,교차로 - 교차로안,화물,남,72세,경상,화물,남,38세,경상
2013090500100375,2013년 9월 5일 17시,목요일,전라남도 나주시 남평읍,경상사고,0,0,1,0,차대차 - 측면직각충돌,직진우회전진행방해,건조,맑음,교차로 - 교차로안,화물,남,44세,상해없음,승용,여,43세,경상
2013090500100411,2013년 9월 5일 18시,목요일,전라남도 영광군 영광읍,경상사고,0,0,1,0,차대사람 - 횡단중,보행자보호의무위반,건조,맑음,단일로 - 횡단보도상,승용,여,42세,상해없음,보행자,여,54세,경상
2013090500100412,2013년 9월 5일 18시,목요일,전라남도 영암군 도포면,경상사고,0,0,1,0,차량단독 - 공작물충돌,안전운전불이행,건조,맑음,교차로 - 교차로부근,화물,남,73세,경상,,,,
2013090500100449,2013년 9월 5일 19시,목요일,전라남도 보성군 벌교읍,중상사고,0,1,0,0,차대사람 - 횡단중,안전운전불이행,건조,맑음,단일로 - 기타,이륜,남,65세,상해없음,보행자,여,81세,중상
2013090500100450,2013년 9월 5일 19시,목요일,전라남도 담양군 월산면,경상사고,0,0,1,0,차대차 - 추돌 - 진행중,안전운전불이행,건조,맑음,단일로 - 기타,승용,남,68세,상해없음,농기계,남,48세,경상
2013090500100451,2013년 9월 5일 19시,목요일,전라남도 광양시 광영동,중상사고,0,1,0,0,차대사람 - 기타,안전운전불이행,건조,맑음,교차로 - 교차로부근,승용,남,18세,상해없음,보행자,남,43세,중상
2013090500100520,2013년 9월 5일 21시,목요일,전라남도 목포시 석현동,경상사고,0,0,1,0,차대사람 - 차도통행중,안전운전불이행,건조,맑음,단일로 - 기타,승용,여,53세,상해없음,보행자,여,14세,경상
2013090500100546,2013년 9월 5일 22시,목요일,전라남도 영광군 영광읍,중상사고,0,1,0,0,차대차 - 기타,직진우회전진행방해,건조,맑음,교차로 - 교차로안,승용,남,25세,상해없음,이륜,남,22세,중상
2013090500100547,2013년 9월 5일 22시,목요일,전라남도 담양군 담양읍,경상사고,0,0,2,0,차대차 - 추돌 - 진행중,안전운전불이행,건조,맑음,단일로 - 기타,화물,남,48세,상해없음,승용,남,71세,경상
2013090500100571,2013년 9월 5일 23시,목요일,전라남도 순천시 조례동,경상사고,0,0,2,0,차대차 - 기타,안전운전불이행,건조,맑음,단일로 - 기타,승용,남,46세,상해없음,승용,남,51세,경상
2013090500100572,2013년 9월 5일 23시,목요일,전라남도 화순군 화순읍,경상사고,0,0,1,0,차대사람 - 횡단중,안전운전불이행,건조,맑음,단일로 - 기타,원동기,남,16세,상해없음,보행자,여,46세,경상
2013090500100573,2013년 9월 5일 23시,목요일,전라남도 광양시 중동,경상사고,0,0,2,0,차대차 - 측면직각충돌,직진우회전진행방해,건조,맑음,교차로 - 교차로안,승용,남,33세,경상,승용,여,45세,경상
2013090600100009,2013년 9월 6일 00시,금요일,전라남도 나주시 대호동,경상사고,0,0,1,0,차대차 - 정면충돌,중앙선침범,건조,맑음,교차로 - 교차로부근,승용,남,37세,상해없음,이륜,남,40세,경상
2013090600100037,2013년 9월 6일 02시,금요일,전라남도 곡성군 삼기면,경상사고,0,0,2,0,차대차 - 측면직각충돌,안전운전불이행,습기,비,기타 - 기타,승용,여,36세,상해없음,승용,남,37세,경상
2013090600100057,2013년 9월 6일 04시,금요일,전라남도 목포시 옥암동,경상사고,0,0,1,0,차대차 - 기타,신호위반,습기,맑음,단일로 - 기타,승용,남,53세,상해없음,승용,남,57세,경상
2013090600100068,2013년 9월 6일 05시,금요일,전라남도 광양시 광양읍,중상사고,0,1,0,0,차대사람 - 횡단중,보행자보호의무위반,습기,흐림,단일로 - 횡단보도상,승용,남,38세,상해없음,보행자,남,36세,중상
2013090600100079,2013년 9월 6일 06시,금요일,전라남도 무안군 삼향읍,경상사고,0,0,1,1,차대차 - 측면직각충돌,신호위반,습기,비,교차로 - 교차로안,승용,여,45세,부상신고,승용,남,31세,경상
2013090600100139,2013년 9월 6일 08시,금요일,전라남도 영암군 영암읍,경상사고,0,0,4,0,차대차 - 측면직각충돌,직진우회전진행방해,습기,흐림,교차로 - 교차로안,승용,여,43세,경상,승용,남,45세,경상
2013090600100204,2013년 9월 6일 10시,금요일,전라남도 광양시 성황동,경상사고,0,0,1,0,차량단독 - 공작물충돌,안전운전불이행,습기,비,단일로 - 기타,승용,여,39세,경상,,,,
2013090600100235,2013년 9월 6일 11시,금요일,전라남도 함평군 월야면,경상사고,0,0,1,0,차대차 - 정면충돌,신호위반,건조,맑음,단일로 - 기타,승용,남,69세,상해없음,화물,여,30세,경상
2013090600100236,2013년 9월 6일 11시,금요일,전라남도 영암군 삼호읍,경상사고,0,0,1,0,차대차 - 측면직각충돌,안전운전불이행,습기,비,단일로 - 기타,화물,남,41세,상해없음,화물,남,32세,경상
2013090600100237,2013년 9월 6일 11시,금요일,전라남도 광양시 진월면,중상사고,0,2,0,0,차대차 - 측면직각충돌,중앙선침범,습기,비,단일로 - 기타,승용,남,62세,상해없음,화물,남,63세,중상
2013090600100260,2013년 9월 6일 12시,금요일,전라남도 나주시 산포면,경상사고,0,0,2,0,차대차 - 측면직각충돌,차로위반,건조,맑음,기타 - 기타,화물,남,40세,상해없음,승용,여,56세,경상
2013090600100283,2013년 9월 6일 13시,금요일,전라남도 영암군 영암읍,중상사고,0,1,0,0,차대차 - 측면직각충돌,안전거리미확보,습기,비,단일로 - 기타,원동기,남,74세,중상,화물,남,34세,상해없음
2013090600100325,2013년 9월 6일 14시,금요일,전라남도 여수시 돌산읍,경상사고,0,0,1,0,차대차 - 기타,안전운전불이행,습기,비,단일로 - 기타,승용,남,62세,상해없음,승용,여,56세,경상
2013090600100326,2013년 9월 6일 14시,금요일,전라남도 여수시 화치동,중상사고,0,1,0,0,차대차 - 측면직각충돌,신호위반,습기,비,교차로 - 교차로안,화물,남,39세,상해없음,승용,남,49세,중상
2013090600100369,2013년 9월 6일 15시,금요일,전라남도 해남군 송지면,부상신고사고,0,0,0,1,차대차 - 기타,안전운전불이행,습기,비,단일로 - 기타,원동기,남,64세,부상신고,화물,남,51세,상해없음
2013090600100404,2013년 9월 6일 16시,금요일,전라남도 여수시 충무동,경상사고,0,0,1,0,차대사람 - 기타,안전운전불이행,건조,맑음,단일로 - 기타,승용,남,53세,상해없음,보행자,여,53세,경상
2013090600100405,2013년 9월 6일 16시,금요일,전라남도 해남군 현산면,경상사고,0,0,1,0,차대차 - 추돌 - 주정차중,안전운전불이행,습기,비,단일로 - 기타,승용,남,51세,상해없음,화물,남,54세,경상
2013090600100437,2013년 9월 6일 17시,금요일,전라남도 여수시 화장동,중상사고,0,1,0,0,차대차 - 측면직각충돌,교차로운행방법위반,습기,비,교차로 - 교차로안,승합,남,36세,상해없음,승용,여,50세,중상
2013090600100438,2013년 9월 6일 17시,금요일,전라남도 여수시 율촌면,부상신고사고,0,0,0,1,차량단독 - 공작물충돌,안전운전불이행,습기,비,단일로 - 기타,화물,남,26세,부상신고,,,,
2013090600100439,2013년 9월 6일 17시,금요일,전라남도 강진군 신전면,경상사고,0,0,1,0,차대차 - 측면직각충돌,직진우회전진행방해,습기,비,교차로 - 교차로안,농기계,남,73세,경상,승용,여,32세,상해없음
2013090600100440,2013년 9월 6일 17시,금요일,전라남도 무안군 청계면,중상사고,0,1,2,0,차량단독 - 도로외이탈 - 추락,안전운전불이행,습기,비,단일로 - 기타,승합,남,39세,중상,,,,
2013090600100576,2013년 9월 6일 20시,금요일,전라남도 무안군 무안읍,부상신고사고,0,0,0,1,차대차 - 측면직각충돌,안전운전불이행,습기,비,교차로 - 교차로안,원동기,남,29세,부상신고,승용,남,27세,상해없음
2013090600100577,2013년 9월 6일 20시,금요일,전라남도 광양시 광양읍,경상사고,0,0,2,0,차대차 - 정면충돌,직진우회전진행방해,습기,비,교차로 - 교차로안,승용,여,42세,경상,이륜,남,38세,상해없음
2013090600100615,2013년 9월 6일 21시,금요일,전라남도 목포시 남교동,경상사고,0,0,1,0,차대사람 - 차도통행중,안전운전불이행,습기,비,단일로 - 기타,승용,남,61세,상해없음,보행자,남,56세,경상
2013090600100616,2013년 9월 6일 21시,금요일,전라남도 목포시 상동,경상사고,0,0,1,0,차대차 - 측면직각충돌,안전운전불이행,습기,비,교차로 - 교차로부근,승용,남,44세,상해없음,승용,여,42세,경상