사고번호,사고일시,요일,시군구,사고내용,사망자수,중상자수,경상자수,부상신고자수,사고유형,법규위반,노면상태,기상상태,도로형태,가해운전자 차종,가해운전자 성별,가해운전자 연령,가해운전자 상해정도,피해운전자 차종,피해운전자 성별,피해운전자 연령,피해운전자 상해정도
2013090600100617,2013년 9월 6일 21시,금요일,전라남도 여수시 신기동,경상사고,0,0,1,0,차대차 - 측면직각충돌,불법유턴,습기,비,단일로 - 기타,승용,여,52세,상해없음,원동기,남,18세,경상
2013090600100618,2013년 9월 6일 21시,금요일,전라남도 순천시 연향동,중상사고,0,1,1,0,차대사람 - 횡단중,보행자보호의무위반,습기,비,교차로 - 교차로부근,화물,남,49세,상해없음,보행자,남,47세,중상
2013090600100619,2013년 9월 6일 21시,금요일,전라남도 순천시 조례동,경상사고,0,0,1,0,차대차 - 기타,교차로운행방법위반,건조,맑음,교차로 - 교차로부근,승용,여,55세,상해없음,승용,남,20세,경상
2013090600100657,2013년 9월 6일 22시,금요일,전라남도 목포시 상동,중상사고,0,2,0,0,차대사람 - 기타,보행자보호의무위반,습기,비,교차로 - 교차로부근,이륜,남,16세,중상,보행자,남,46세,중상
2013090600100658,2013년 9월 6일 22시,금요일,전라남도 순천시 조례동,경상사고,0,0,1,0,차대차 - 기타,안전운전불이행,습기,흐림,교차로 - 교차로안,승용,남,29세,상해없음,승용,남,20세,경상
2013090600100684,2013년 9월 6일 23시,금요일,전라남도 순천시 연향동,경상사고,0,0,2,0,차대차 - 측면직각충돌,교차로운행방법위반,습기,비,교차로 - 교차로안,승용,남,30세,기타불명,화물,남,31세,경상
2013090600100685,2013년 9월 6일 23시,금요일,전라남도 무안군 삼향읍,경상사고,0,0,2,0,차대차 - 측면직각충돌,안전운전불이행,건조,맑음,교차로 - 교차로안,승용,남,50세,상해없음,승용,남,25세,경상
2013090700100016,2013년 9월 7일 00시,토요일,전라남도 순천시 조례동,경상사고,0,0,1,0,차대사람 - 횡단중,안전운전불이행,습기,비,단일로 - 기타,이륜,남,24세,상해없음,보행자,여,51세,경상
2013090700100044,2013년 9월 7일 01시,토요일,전라남도 순천시 중앙동,경상사고,0,0,1,0,차대차 - 측면직각충돌,안전운전불이행,습기,비,교차로 - 교차로안,승용,기타불명,기타불명,기타불명,승용,남,54세,경상
2013090700100060,2013년 9월 7일 02시,토요일,전라남도 여수시 신기동,경상사고,0,0,2,0,차대차 - 기타,안전운전불이행,습기,비,단일로 - 기타,승용,남,31세,상해없음,승용,남,33세,경상
2013090700100061,2013년 9월 7일 02시,토요일,전라남도 순천시 연향동,사망사고,1,0,0,0,차대사람 - 횡단중,안전운전불이행,습기,흐림,단일로 - 기타,승용,남,38세,상해없음,보행자,여,49세,사망
2013090700100087,2013년 9월 7일 04시,토요일,전라남도 순천시 연향동,경상사고,0,0,1,0,차대차 - 기타,안전운전불이행,습기,비,교차로 - 교차로부근,승용,여,37세,상해없음,승용,남,40세,경상
2013090700100103,2013년 9월 7일 05시,토요일,전라남도 보성군 벌교읍,사망사고,1,0,0,0,차대사람 - 차도통행중,안전운전불이행,습기,흐림,단일로 - 기타,화물,남,70세,상해없음,보행자,여,75세,사망
2013090700100134,2013년 9월 7일 07시,토요일,전라남도 나주시 남평읍,경상사고,0,0,1,0,차대차 - 기타,기타,건조,맑음,교차로 - 교차로안,승합,남,53세,상해없음,자전거,여,67세,경상
2013090700100145,2013년 9월 7일 08시,토요일,전라남도 여수시 화장동,중상사고,0,1,1,0,차대차 - 측면직각충돌,신호위반,습기,비,교차로 - 교차로안,승용,남,51세,중상,승용,여,41세,경상
2013090700100173,2013년 9월 7일 09시,토요일,전라남도 목포시 연산동,경상사고,0,0,1,0,차대차 - 기타,안전운전불이행,건조,맑음,교차로 - 교차로부근,승용,여,39세,기타불명,승용,남,42세,경상
2013090700100174,2013년 9월 7일 09시,토요일,전라남도 나주시 금천면,경상사고,0,0,3,0,차대차 - 측면직각충돌,안전운전불이행,건조,맑음,교차로 - 교차로안,승용,남,45세,상해없음,승용,여,39세,경상
2013090700100175,2013년 9월 7일 09시,토요일,전라남도 진도군 진도읍,중상사고,0,1,0,0,차대사람 - 횡단중,안전운전불이행,기타,맑음,단일로 - 기타,화물,남,28세,상해없음,보행자,여,82세,중상
2013090700100206,2013년 9월 7일 10시,토요일,전라남도 영암군 영암읍,경상사고,0,0,1,0,차대차 - 추돌 - 진행중,직진우회전진행방해,건조,맑음,교차로 - 교차로부근,승용,여,41세,경상,원동기,남,50세,상해없음
2013090700100207,2013년 9월 7일 10시,토요일,전라남도 무안군 청계면,경상사고,0,0,2,0,차대차 - 추돌 - 진행중,중앙선침범,건조,맑음,교차로 - 교차로부근,화물,남,57세,경상,화물,남,63세,경상
2013090700100272,2013년 9월 7일 12시,토요일,전라남도 순천시 석현동,경상사고,0,0,1,0,차대차 - 추돌 - 진행중,안전운전불이행,건조,맑음,단일로 - 기타,승용,남,54세,상해없음,이륜,남,29세,경상
2013090700100273,2013년 9월 7일 12시,토요일,전라남도 진도군 군내면,경상사고,0,0,1,0,차대차 - 추돌 - 진행중,안전운전불이행,기타,기타,단일로 - 터널,승용,남,73세,상해없음,농기계,남,73세,상해없음
2013090700100314,2013년 9월 7일 13시,토요일,전라남도 목포시 용당동,중상사고,0,1,1,0,차대차 - 측면직각충돌,신호위반,건조,맑음,교차로 - 교차로안,승용,남,40세,상해없음,승용,여,54세,중상
2013090700100351,2013년 9월 7일 14시,토요일,전라남도 나주시 교동,중상사고,0,1,0,0,차대차 - 정면충돌,안전운전불이행,건조,맑음,단일로 - 기타,승용,남,74세,상해없음,이륜,남,38세,중상
2013090700100352,2013년 9월 7일 14시,토요일,전라남도 고흥군 금산면,중상사고,0,1,0,0,차대사람 - 기타,기타,건조,맑음,교차로 - 교차로부근,화물,남,34세,상해없음,보행자,남,63세,중상
2013090700100353,2013년 9월 7일 14시,토요일,전라남도 영광군 낙월면,중상사고,0,1,1,0,차대사람 - 기타,안전운전불이행,건조,맑음,기타 - 기타,화물,남,59세,상해없음,보행자,여,53세,경상
2013090700100388,2013년 9월 7일 15시,토요일,전라남도 나주시 남평읍,경상사고,0,0,1,0,차량단독 - 공작물충돌,안전운전불이행,건조,맑음,교차로 - 교차로안,승용,여,28세,경상,,,,
2013090700100389,2013년 9월 7일 15시,토요일,전라남도 함평군 함평읍,중상사고,0,1,0,0,차대차 - 추돌 - 진행중,안전거리미확보,건조,맑음,교차로 - 교차로부근,원동기,남,76세,중상,승용,남,37세,상해없음
2013090700100390,2013년 9월 7일 15시,토요일,전라남도 무안군 무안읍,경상사고,0,0,2,0,차대차 - 측면직각충돌,직진우회전진행방해,건조,맑음,교차로 - 교차로안,승용,여,36세,경상,승용,남,38세,경상
2013090700100426,2013년 9월 7일 16시,토요일,전라남도 나주시 송월동,경상사고,0,0,1,0,차대사람 - 횡단중,안전운전불이행,건조,맑음,교차로 - 교차로안,승용,남,44세,상해없음,보행자,여,30세,경상
2013090700100427,2013년 9월 7일 16시,토요일,전라남도 영광군 백수읍,경상사고,0,0,5,0,차대차 - 추돌 - 진행중,안전운전불이행,건조,맑음,교차로 - 교차로부근,승용,남,32세,경상,승합,남,48세,상해없음
2013090700100428,2013년 9월 7일 16시,토요일,전라남도 함평군 함평읍,경상사고,0,0,1,0,차대차 - 측면직각충돌,신호위반,건조,맑음,교차로 - 교차로안,승용,여,27세,상해없음,이륜,여,75세,경상
2013090700100462,2013년 9월 7일 17시,토요일,전라남도 강진군 강진읍,경상사고,0,0,1,0,차대차 - 측면직각충돌,직진우회전진행방해,건조,맑음,교차로 - 교차로안,승용,남,20세,상해없음,이륜,남,34세,경상
2013090700100500,2013년 9월 7일 18시,토요일,전라남도 여수시 여서동,경상사고,0,0,2,0,차대차 - 추돌 - 진행중,안전거리미확보,기타,흐림,단일로 - 기타,승용,남,24세,상해없음,승용,남,24세,상해없음
2013090700100537,2013년 9월 7일 19시,토요일,전라남도 고흥군 도양읍,경상사고,0,0,1,0,차대사람 - 기타,안전운전불이행,건조,맑음,교차로 - 교차로부근,승용,여,34세,상해없음,보행자,남,5세,경상
2013090700100538,2013년 9월 7일 19시,토요일,전라남도 담양군 담양읍,경상사고,0,0,1,0,차대차 - 측면직각충돌,차로위반,건조,맑음,단일로 - 터널,화물,남,36세,상해없음,승용,남,27세,경상
2013090700100575,2013년 9월 7일 20시,토요일,전라남도 순천시 풍덕동,경상사고,0,0,1,0,차대사람 - 횡단중,안전운전불이행,건조,맑음,단일로 - 기타,승용,남,60세,상해없음,보행자,여,51세,경상
2013090700100605,2013년 9월 7일 21시,토요일,전라남도 화순군 화순읍,중상사고,0,1,1,0,차대사람 - 횡단중,안전운전불이행,건조,맑음,단일로 - 기타,자전거,남,18세,중상,보행자,남,12세,경상
2013090700100606,2013년 9월 7일 21시,토요일,전라남도 영암군 삼호읍,중상사고,0,1,1,0,차대차 - 추돌 - 진행중,안전운전불이행,건조,맑음,단일로 - 기타,승용,남,33세,상해없음,승용,여,64세,경상
2013090700100607,2013년 9월 7일 21시,토요일,전라남도 완도군 고금면,중상사고,0,1,0,0,차량단독 - 공작물충돌,안전운전불이행,건조,맑음,단일로 - 기타,화물,남,59세,중상,,,,
2013090700100631,2013년 9월 7일 22시,토요일,전라남도 무안군 삼향읍,경상사고,0,0,1,0,차량단독 - 공작물충돌,안전운전불이행,건조,맑음,단일로 - 기타,화물,남,33세,경상,,,,
2013090800100051,2013년 9월 8일 02시,일요일,전라남도 광양시 광영동,중상사고,0,1,1,0,차대차 - 정면충돌,중앙선침범,건조,맑음,단일로 - 기타,승용,남,28세,중상,승용,남,24세,경상
2013090800100071,2013년 9월 8일 03시,일요일,전라남도 순천시 연향동,경상사고,0,0,1,0,차대사람 - 기타,안전운전불이행,건조,맑음,단일로 - 기타,승용,남,43세,상해없음,보행자,여,43세,경상
2013090800100146,2013년 9월 8일 08시,일요일,전라남도 강진군 강진읍,경상사고,0,0,1,0,차대차 - 측면직각충돌,직진우회전진행방해,건조,맑음,교차로 - 교차로안,승용,남,51세,상해없음,승용,남,52세,경상
2013090800100147,2013년 9월 8일 08시,일요일,전라남도 곡성군 입면,사망사고,1,0,0,0,차대차 - 기타,안전운전불이행,건조,맑음,교차로 - 교차로안,화물,남,49세,상해없음,자전거,남,84세,사망
2013090800100166,2013년 9월 8일 09시,일요일,전라남도 순천시 송광면,경상사고,0,0,1,0,차대차 - 측면직각충돌,안전운전불이행,건조,맑음,단일로 - 기타,승합,남,68세,상해없음,승합,남,54세,상해없음
2013090800100167,2013년 9월 8일 09시,일요일,전라남도 나주시 남평읍,경상사고,0,0,1,0,차대차 - 측면직각충돌,안전운전불이행,건조,맑음,교차로 - 교차로안,승용,남,33세,상해없음,승용,남,40세,경상
2013090800100189,2013년 9월 8일 10시,일요일,전라남도 무안군 삼향읍,경상사고,0,0,3,0,차대차 - 측면직각충돌,직진우회전진행방해,건조,맑음,교차로 - 교차로안,승용,여,74세,상해없음,승용,여,29세,경상
2013090800100210,2013년 9월 8일 11시,일요일,전라남도 영광군 염산면,경상사고,0,0,2,0,차대차 - 정면충돌,중앙선침범,건조,맑음,단일로 - 기타,승용,여,32세,상해없음,승용,남,71세,경상
2013090800100224,2013년 9월 8일 12시,일요일,전라남도 나주시 죽림동,경상사고,0,0,6,0,차대차 - 측면직각충돌,직진우회전진행방해,건조,맑음,교차로 - 교차로안,승용,남,70세,경상,승합,남,50세,경상
2013090800100225,2013년 9월 8일 12시,일요일,전라남도 해남군 해남읍,경상사고,0,0,1,0,차대사람 - 길가장자리구역통행중,안전운전불이행,건조,맑음,교차로 - 교차로안,승용,여,23세,상해없음,보행자,여,52세,경상
2013090800100226,2013년 9월 8일 12시,일요일,전라남도 장성군 황룡면,중상사고,0,1,2,0,차대차 - 측면직각충돌,교차로운행방법위반,건조,맑음,교차로 - 교차로안,승용,남,44세,상해없음,승용,여,21세,경상
2013090800100279,2013년 9월 8일 14시,일요일,전라남도 목포시 용해동,부상신고사고,0,0,0,1,차량단독 - 공작물충돌,안전운전불이행,건조,맑음,교차로 - 교차로부근,승용,여,36세,부상신고,,,,
2013090800100280,2013년 9월 8일 14시,일요일,전라남도 여수시 신기동,중상사고,0,1,0,0,차대사람 - 횡단중,안전운전불이행,건조,맑음,단일로 - 기타,승용,남,29세,상해없음,보행자,여,67세,중상
2013090800100306,2013년 9월 8일 15시,일요일,전라남도 목포시 대양동,경상사고,0,0,1,0,차대차 - 측면직각충돌,안전거리미확보,건조,맑음,단일로 - 기타,화물,남,59세,상해없음,특수,남,32세,경상
2013090800100374,2013년 9월 8일 17시,일요일,전라남도 장흥군 부산면,경상사고,0,0,1,0,차대사람 - 기타,안전운전불이행,건조,맑음,기타 - 기타,화물,남,48세,상해없음,보행자,남,30세,경상
2013090800100397,2013년 9월 8일 18시,일요일,전라남도 순천시 대룡동,경상사고,0,0,1,0,차대차 - 기타,안전운전불이행,건조,맑음,교차로 - 교차로안,승용,남,31세,상해없음,승용,여,52세,경상
2013090800100398,2013년 9월 8일 18시,일요일,전라남도 장성군 장성읍,경상사고,0,0,2,0,차대차 - 측면직각충돌,안전운전불이행,건조,맑음,교차로 - 교차로안,승용,여,39세,상해없음,승용,여,65세,경상
2013090800100436,2013년 9월 8일 19시,일요일,전라남도 목포시 연산동,중상사고,0,1,0,0,차대차 - 추돌 - 진행중,안전운전불이행,건조,맑음,교차로 - 교차로부근,승합,남,42세,상해없음,이륜,남,47세,중상
2013090800100501,2013년 9월 8일 21시,일요일,전라남도 나주시 성북동,경상사고,0,0,2,0,차대차 - 측면직각충돌,직진우회전진행방해,건조,맑음,교차로 - 교차로안,승합,남,65세,상해없음,승용,남,30세,경상
2013090900100043,2013년 9월 9일 05시,월요일,전라남도 목포시 산정동,중상사고,0,1,0,0,차대사람 - 기타,안전운전불이행,건조,맑음,교차로 - 교차로안,승합,남,45세,상해없음,보행자,남,59세,중상
2013090900100044,2013년 9월 9일 05시,월요일,전라남도 무안군 무안읍,중상사고,0,1,0,0,차대사람 - 길가장자리구역통행중,안전운전불이행,습기,안개,교차로 - 교차로안,화물,남,73세,상해없음,보행자,여,66세,중상
2013090900100053,2013년 9월 9일 06시,월요일,전라남도 완도군 보길면,중상사고,0,1,0,0,차량단독 - 기타,안전운전불이행,건조,맑음,단일로 - 기타,승용,남,58세,상해없음,,,,
2013090900100073,2013년 9월 9일 07시,월요일,전라남도 순천시 조례동,중상사고,0,1,0,0,차대차 - 기타,안전거리미확보,건조,맑음,단일로 - 기타,승용,남,47세,상해없음,승용,여,50세,중상
2013090900100107,2013년 9월 9일 08시,월요일,전라남도 목포시 옥암동,경상사고,0,0,3,0,차대차 - 측면직각충돌,안전운전불이행,건조,맑음,교차로 - 교차로안,화물,남,52세,상해없음,승용,남,40세,경상
2013090900100108,2013년 9월 9일 08시,월요일,전라남도 광양시 옥곡면,경상사고,0,0,3,0,차대차 - 측면직각충돌,교차로운행방법위반,건조,맑음,교차로 - 교차로안,화물,남,35세,경상,화물,남,55세,경상
2013090900100132,2013년 9월 9일 09시,월요일,전라남도 여수시 국동,경상사고,0,0,2,0,차대차 - 기타,안전운전불이행,건조,맑음,교차로 - 교차로안,건설기계,남,57세,상해없음,승용,남,27세,경상
2013090900100133,2013년 9월 9일 09시,월요일,전라남도 광양시 옥곡면,중상사고,0,1,0,0,차대사람 - 횡단중,안전운전불이행,건조,맑음,단일로 - 횡단보도부근,승용,남,29세,상해없음,보행자,여,65세,중상
2013090900100168,2013년 9월 9일 10시,월요일,전라남도 여수시 여서동,중상사고,0,1,2,0,차대차 - 측면직각충돌,중앙선침범,건조,맑음,교차로 - 교차로안,승용,여,55세,상해없음,승용,남,56세,경상
2013090900100169,2013년 9월 9일 10시,월요일,전라남도 순천시 조례동,중상사고,0,1,0,0,차대차 - 기타,안전운전불이행,건조,맑음,교차로 - 교차로안,자전거,남,83세,중상,화물,남,60세,상해없음
2013090900100213,2013년 9월 9일 12시,월요일,전라남도 여수시 율촌면,경상사고,0,0,2,0,차대차 - 기타,차로위반,건조,맑음,단일로 - 기타,승용,남,39세,상해없음,승용,남,53세,경상
2013090900100214,2013년 9월 9일 12시,월요일,전라남도 영암군 삼호읍,경상사고,0,0,1,0,차대차 - 측면직각충돌,안전운전불이행,건조,맑음,교차로 - 교차로부근,승용,여,53세,경상,이륜,남,33세,상해없음
2013090900100215,2013년 9월 9일 12시,월요일,전라남도 완도군 고금면,중상사고,0,1,1,0,차량단독 - 전도전복,안전운전불이행,건조,맑음,단일로 - 기타,이륜,남,24세,중상,,,,
2013090900100242,2013년 9월 9일 13시,월요일,전라남도 고흥군 고흥읍,중상사고,0,1,0,0,차대차 - 측면직각충돌,기타,건조,맑음,교차로 - 교차로안,화물,여,63세,상해없음,원동기,남,72세,중상
2013090900100268,2013년 9월 9일 14시,월요일,전라남도 해남군 북일면,경상사고,0,0,5,0,차대차 - 측면직각충돌,교차로운행방법위반,건조,맑음,교차로 - 교차로안,화물,남,49세,상해없음,승용,여,41세,경상
2013090900100269,2013년 9월 9일 14시,월요일,전라남도 무안군 무안읍,경상사고,0,0,1,0,차대사람 - 기타,안전운전불이행,건조,맑음,교차로 - 교차로안,승용,남,67세,상해없음,보행자,남,81세,경상
2013090900100301,2013년 9월 9일 15시,월요일,전라남도 여수시 충무동,부상신고사고,0,0,0,1,차대사람 - 기타,안전운전불이행,건조,맑음,단일로 - 기타,기타불명,기타불명,기타불명,기타불명,보행자,여,74세,부상신고
2013090900100342,2013년 9월 9일 16시,월요일,전라남도 신안군 팔금면,사망사고,1,0,0,0,차량단독 - 기타,안전운전불이행,건조,맑음,단일로 - 기타,이륜,남,68세,사망,,,,
2013090900100343,2013년 9월 9일 16시,월요일,전라남도 나주시 대호동,중상사고,0,1,1,0,차대차 - 기타,안전운전불이행,건조,맑음,교차로 - 교차로부근,승용,남,43세,상해없음,승용,남,39세,경상
2013090900100344,2013년 9월 9일 16시,월요일,전라남도 완도군 완도읍,경상사고,0,0,1,0,차대차 - 기타,안전운전불이행,건조,맑음,단일로 - 기타,자전거,남,14세,경상,승용,여,43세,상해없음
2013090900100375,2013년 9월 9일 17시,월요일,전라남도 나주시 운곡동,중상사고,0,1,0,0,차대차 - 기타,안전운전불이행,건조,맑음,교차로 - 교차로안,원동기,남,74세,중상,승용,남,60세,상해없음
2013090900100376,2013년 9월 9일 17시,월요일,전라남도 해남군 해남읍,경상사고,0,0,1,0,차대차 - 측면직각충돌,교차로운행방법위반,건조,맑음,교차로 - 교차로안,화물,남,70세,상해없음,원동기,남,87세,경상
2013090900100412,2013년 9월 9일 18시,월요일,전라남도 목포시 산정동,경상사고,0,0,1,0,차대사람 - 횡단중,보행자보호의무위반,건조,맑음,기타 - 기타,승용,여,42세,상해없음,보행자,남,20세,경상
2013090900100445,2013년 9월 9일 19시,월요일,전라남도 여수시 선원동,중상사고,0,1,0,0,차대차 - 정면충돌,안전운전불이행,건조,맑음,교차로 - 교차로안,승용,남,61세,상해없음,이륜,남,16세,중상
2013090900100446,2013년 9월 9일 19시,월요일,전라남도 순천시 연향동,경상사고,0,0,1,0,차대사람 - 기타,안전운전불이행,건조,맑음,단일로 - 기타,승용,남,50세,상해없음,보행자,여,46세,경상
2013090900100447,2013년 9월 9일 19시,월요일,전라남도 해남군 문내면,중상사고,0,2,1,0,차대차 - 측면직각충돌,신호위반,건조,맑음,교차로 - 교차로안,화물,남,50세,상해없음,승용,남,30세,경상
2013090900100475,2013년 9월 9일 20시,월요일,전라남도 영암군 삼호읍,중상사고,0,1,1,0,차대차 - 측면직각충돌,신호위반,건조,맑음,교차로 - 교차로안,승용,남,39세,상해없음,이륜,남,56세,경상
2013090900100476,2013년 9월 9일 20시,월요일,전라남도 무안군 해제면,중상사고,0,4,11,0,차대차 - 측면직각충돌,중앙선침범,건조,맑음,단일로 - 기타,승용,남,60세,상해없음,승합,남,64세,중상
2013090900100477,2013년 9월 9일 20시,월요일,전라남도 광양시 중동,중상사고,0,1,2,0,차대차 - 측면직각충돌,교차로운행방법위반,건조,맑음,교차로 - 교차로안,승용,여,45세,경상,승용,남,53세,경상
2013090900100550,2013년 9월 9일 22시,월요일,전라남도 무안군 청계면,부상신고사고,0,0,0,1,차대차 - 측면직각충돌,안전거리미확보,건조,맑음,교차로 - 교차로부근,승용,여,27세,상해없음,승용,여,53세,부상신고
2013090900100573,2013년 9월 9일 23시,월요일,전라남도 담양군 담양읍,경상사고,0,0,1,0,차대차 - 기타,안전운전불이행,건조,맑음,단일로 - 기타,승용,남,35세,상해없음,승용,남,27세,경상
2013091000100035,2013년 9월 10일 01시,화요일,전라남도 여수시 국동,경상사고,0,0,1,0,차대차 - 기타,차로위반,건조,맑음,단일로 - 기타,화물,남,60세,상해없음,승용,남,59세,경상
2013091000100060,2013년 9월 10일 03시,화요일,전라남도 여수시 신기동,경상사고,0,0,1,0,차대사람 - 횡단중,안전운전불이행,습기,흐림,교차로 - 교차로안,승용,남,50세,상해없음,보행자,남,59세,경상
2013091000100082,2013년 9월 10일 06시,화요일,전라남도 여수시 봉강동,중상사고,0,1,0,0,차대사람 - 기타,안전운전불이행,건조,맑음,단일로 - 기타,승용,남,26세,상해없음,보행자,여,71세,중상
2013091000100193,2013년 9월 10일 10시,화요일,전라남도 고흥군 포두면,중상사고,0,1,0,0,차대차 - 기타,안전운전불이행,건조,맑음,단일로 - 기타,화물,남,68세,상해없음,원동기,남,79세,중상
2013091000100214,2013년 9월 10일 11시,화요일,전라남도 나주시 토계동,경상사고,0,0,1,0,차대차 - 기타,안전운전불이행,건조,맑음,교차로 - 교차로부근,승용,여,66세,경상,건설기계,남,56세,상해없음
2013091000100215,2013년 9월 10일 11시,화요일,전라남도 나주시 세지면,중상사고,0,1,4,0,차대차 - 추돌 - 주정차중,안전운전불이행,건조,맑음,단일로 - 기타,화물,남,40세,경상,승용,여,42세,경상
2013091000100216,2013년 9월 10일 11시,화요일,전라남도 장흥군 관산읍,경상사고,0,0,1,0,차대차 - 측면직각충돌,중앙선침범,건조,맑음,단일로 - 기타,원동기,남,78세,상해없음,원동기,여,69세,경상
2013091000100217,2013년 9월 10일 11시,화요일,전라남도 영광군 영광읍,중상사고,0,1,0,0,차대차 - 기타,기타,건조,맑음,교차로 - 교차로안,화물,남,35세,상해없음,이륜,남,80세,중상
2013091000100218,2013년 9월 10일 11시,화요일,전라남도 완도군 고금면,중상사고,0,1,0,0,차대차 - 추돌 - 진행중,안전운전불이행,건조,맑음,교차로 - 교차로부근,화물,남,67세,상해없음,농기계,남,82세,중상
2013091000100256,2013년 9월 10일 13시,화요일,전라남도 영광군 영광읍,중상사고,0,1,0,0,차대차 - 기타,안전운전불이행,건조,맑음,단일로 - 기타,화물,남,31세,상해없음,승용,여,33세,중상
2013091000100275,2013년 9월 10일 14시,화요일,전라남도 보성군 회천면,경상사고,0,0,2,0,차량단독 - 공작물충돌,안전운전불이행,건조,맑음,단일로 - 기타,승용,남,48세,경상,,,,
2013091000100276,2013년 9월 10일 14시,화요일,전라남도 함평군 학교면,경상사고,0,0,2,0,차대차 - 측면직각충돌,안전운전불이행,건조,맑음,단일로 - 기타,화물,남,67세,경상,승용,여,33세,경상
2013091000100303,2013년 9월 10일 15시,화요일,전라남도 순천시 남내동,경상사고,0,0,1,0,차대사람 - 기타,안전운전불이행,건조,맑음,기타 - 기타,승용,남,40세,상해없음,보행자,여,23세,경상
2013091000100304,2013년 9월 10일 15시,화요일,전라남도 영암군 삼호읍,중상사고,0,1,0,0,차대차 - 기타,안전운전불이행,건조,맑음,교차로 - 교차로안,화물,남,43세,상해없음,원동기,남,58세,중상
2013091000100340,2013년 9월 10일 16시,화요일,전라남도 고흥군 포두면,부상신고사고,0,0,0,1,차량단독 - 전도전복,안전운전불이행,건조,맑음,단일로 - 기타,건설기계,남,38세,부상신고,,,,
2013091000100341,2013년 9월 10일 16시,화요일,전라남도 영광군 군서면,사망사고,1,0,0,0,차대사람 - 횡단중,안전운전불이행,건조,맑음,단일로 - 기타,화물,남,73세,상해없음,보행자,남,78세,사망
2013091000100473,2013년 9월 10일 19시,화요일,전라남도 목포시 상동,중상사고,0,2,0,0,차대차 - 기타,교차로운행방법위반,건조,흐림,교차로 - 교차로안,승용,남,49세,상해없음,원동기,남,70세,중상
2013091000100474,2013년 9월 10일 19시,화요일,전라남도 목포시 용당동,경상사고,0,0,1,0,차대사람 - 기타,신호위반,건조,맑음,교차로 - 교차로안,화물,남,58세,상해없음,보행자,여,44세,경상
2013091000100475,2013년 9월 10일 19시,화요일,전라남도 순천시 조례동,경상사고,0,0,1,0,차대차 - 정면충돌,안전운전불이행,건조,맑음,교차로 - 교차로안,자전거,남,21세,경상,승용,남,44세,상해없음
2013091000100476,2013년 9월 10일 19시,화요일,전라남도 순천시 매곡동,경상사고,0,0,1,0,차대사람 - 기타,안전운전불이행,건조,맑음,교차로 - 교차로부근,승용,여,43세,상해없음,보행자,여,69세,경상
2013091000100477,2013년 9월 10일 19시,화요일,전라남도 장성군 삼서면,사망사고,1,0,0,0,차대사람 - 기타,안전운전불이행,건조,흐림,단일로 - 기타,화물,남,60세,상해없음,보행자,여,60세,사망
2013091000100511,2013년 9월 10일 20시,화요일,전라남도 영광군 영광읍,중상사고,0,2,0,0,차대차 - 기타,신호위반,건조,맑음,교차로 - 교차로안,화물,남,24세,상해없음,승용,여,39세,중상
2013091000100613,2013년 9월 10일 22시,화요일,전라남도 목포시 상동,경상사고,0,0,6,0,차대차 - 기타,안전운전불이행,건조,흐림,단일로 - 기타,승용,남,28세,상해없음,승용,여,40세,경상
2013091000100614,2013년 9월 10일 22시,화요일,전라남도 순천시 조례동,부상신고사고,0,0,0,1,차대차 - 기타,안전운전불이행,건조,흐림,교차로 - 교차로부근,원동기,남,16세,부상신고,승용,남,42세,상해없음
2013091000100615,2013년 9월 10일 22시,화요일,전라남도 장흥군 장흥읍,경상사고,0,0,2,0,차대차 - 추돌 - 주정차중,안전운전불이행,건조,맑음,단일로 - 기타,승용,남,49세,상해없음,승용,남,35세,경상
2013091100100120,2013년 9월 11일 07시,수요일,전라남도 여수시 여천동,경상사고,0,0,1,0,차대차 - 추돌 - 주정차중,안전운전불이행,건조,맑음,교차로 - 교차로부근,화물,남,29세,상해없음,승용,남,29세,경상
2013091100100121,2013년 9월 11일 07시,수요일,전라남도 여수시 안산동,경상사고,0,0,1,0,차대차 - 측면직각충돌,안전운전불이행,건조,맑음,단일로 - 기타,승용,여,47세,상해없음,원동기,남,16세,경상
2013091100100122,2013년 9월 11일 07시,수요일,전라남도 화순군 화순읍,경상사고,0,0,4,0,차대차 - 측면직각충돌,차로위반,건조,맑음,단일로 - 기타,승용,남,57세,상해없음,승용,여,50세,경상
2013091100100154,2013년 9월 11일 08시,수요일,전라남도 나주시 이창동,중상사고,0,1,1,0,차대차 - 기타,직진우회전진행방해,습기,비,교차로 - 교차로안,승용,남,40세,경상,승용,여,47세,중상
2013091100100183,2013년 9월 11일 09시,수요일,전라남도 영광군 법성면,중상사고,0,1,1,0,차대차 - 측면직각충돌,교차로운행방법위반,건조,맑음,교차로 - 교차로안,승용,여,30세,상해없음,승용,남,41세,경상
2013091100100184,2013년 9월 11일 09시,수요일,전라남도 함평군 월야면,중상사고,0,1,0,0,차대차 - 측면직각충돌,안전거리미확보,습기,비,단일로 - 기타,건설기계,여,44세,상해없음,승용,여,46세,중상
2013091100100185,2013년 9월 11일 09시,수요일,전라남도 담양군 담양읍,경상사고,0,0,1,0,차대차 - 기타,안전운전불이행,습기,비,단일로 - 기타,승용,남,40세,상해없음,이륜,남,74세,경상