사고번호,사고일시,요일,시군구,사고내용,사망자수,중상자수,경상자수,부상신고자수,사고유형,법규위반,노면상태,기상상태,도로형태,가해운전자 차종,가해운전자 성별,가해운전자 연령,가해운전자 상해정도,피해운전자 차종,피해운전자 성별,피해운전자 연령,피해운전자 상해정도
2013091100100186,2013년 9월 11일 09시,수요일,전라남도 광양시 광양읍,중상사고,0,2,0,0,차대차 - 추돌 - 진행중,안전운전불이행,건조,맑음,교차로 - 교차로안,승용,남,28세,상해없음,승용,여,47세,중상
2013091100100214,2013년 9월 11일 10시,수요일,전라남도 광양시 광양읍,경상사고,0,0,1,0,차대차 - 측면직각충돌,직진우회전진행방해,건조,맑음,교차로 - 교차로안,승용,남,34세,상해없음,이륜,남,77세,상해없음
2013091100100238,2013년 9월 11일 11시,수요일,전라남도 목포시 용당동,경상사고,0,0,2,0,차대차 - 추돌 - 진행중,안전거리미확보,건조,맑음,교차로 - 교차로부근,화물,남,37세,경상,승용,남,39세,경상
2013091100100239,2013년 9월 11일 11시,수요일,전라남도 여수시 여서동,경상사고,0,0,1,0,차대차 - 기타,안전운전불이행,건조,맑음,교차로 - 교차로안,승용,여,39세,상해없음,승용,남,53세,경상
2013091100100240,2013년 9월 11일 11시,수요일,전라남도 함평군 월야면,경상사고,0,0,2,0,차대차 - 측면직각충돌,직진우회전진행방해,습기,흐림,교차로 - 교차로안,승용,남,63세,경상,화물,남,28세,경상
2013091100100259,2013년 9월 11일 12시,수요일,전라남도 목포시 용당동,중상사고,0,1,0,0,차대차 - 추돌 - 진행중,신호위반,건조,맑음,교차로 - 교차로안,승용,남,39세,상해없음,이륜,남,56세,중상
2013091100100260,2013년 9월 11일 12시,수요일,전라남도 순천시 조례동,중상사고,0,1,1,0,차대차 - 기타,교차로운행방법위반,건조,맑음,교차로 - 교차로안,승용,여,36세,경상,승용,여,53세,중상
2013091100100261,2013년 9월 11일 12시,수요일,전라남도 순천시 삼거동,중상사고,0,1,0,0,차대차 - 기타,안전운전불이행,건조,맑음,단일로 - 기타,자전거,남,39세,중상,승용,남,63세,상해없음
2013091100100281,2013년 9월 11일 13시,수요일,전라남도 순천시 남정동,경상사고,0,0,1,0,차대차 - 측면직각충돌,직진우회전진행방해,건조,맑음,교차로 - 교차로안,승용,여,53세,상해없음,자전거,남,76세,경상
2013091100100282,2013년 9월 11일 13시,수요일,전라남도 나주시 남평읍,경상사고,0,0,1,0,차대사람 - 횡단중,안전운전불이행,건조,맑음,교차로 - 교차로안,화물,남,53세,상해없음,보행자,여,75세,경상
2013091100100283,2013년 9월 11일 13시,수요일,전라남도 화순군 춘양면,경상사고,0,0,1,0,차대차 - 측면직각충돌,중앙선침범,건조,맑음,단일로 - 기타,화물,남,71세,상해없음,승용,여,45세,경상
2013091100100284,2013년 9월 11일 13시,수요일,전라남도 영암군 삼호읍,중상사고,0,1,2,0,차대차 - 측면직각충돌,직진우회전진행방해,건조,맑음,교차로 - 교차로안,승용,남,68세,경상,승용,남,46세,경상
2013091100100334,2013년 9월 11일 15시,수요일,전라남도 해남군 송지면,중상사고,0,1,0,0,차량단독 - 전도전복,안전운전불이행,습기,비,단일로 - 기타,화물,남,73세,상해없음,,,,
2013091100100335,2013년 9월 11일 15시,수요일,전라남도 함평군 함평읍,중상사고,0,1,0,0,차량단독 - 전도전복,안전운전불이행,건조,맑음,단일로 - 기타,화물,남,33세,중상,,,,
2013091100100400,2013년 9월 11일 17시,수요일,전라남도 여수시 학동,경상사고,0,0,2,0,차대차 - 추돌 - 주정차중,안전운전불이행,건조,맑음,단일로 - 기타,승용,남,57세,상해없음,승용,남,68세,경상
2013091100100401,2013년 9월 11일 17시,수요일,전라남도 영광군 영광읍,중상사고,0,1,0,0,차대사람 - 횡단중,안전운전불이행,건조,맑음,단일로 - 기타,승용,남,40세,상해없음,보행자,남,9세,중상
2013091100100431,2013년 9월 11일 18시,수요일,전라남도 여수시 문수동,경상사고,0,0,2,0,차대차 - 기타,안전거리미확보,건조,맑음,단일로 - 기타,승합,남,52세,상해없음,승합,남,48세,상해없음
2013091100100432,2013년 9월 11일 18시,수요일,전라남도 함평군 학교면,사망사고,1,0,1,0,차량단독 - 전도전복,안전운전불이행,건조,흐림,단일로 - 기타,농기계,남,76세,사망,,,,
2013091100100463,2013년 9월 11일 19시,수요일,전라남도 고흥군 도양읍,중상사고,0,1,0,0,차대사람 - 기타,안전운전불이행,건조,맑음,기타 - 기타,승용,남,59세,상해없음,보행자,여,70세,중상
2013091100100464,2013년 9월 11일 19시,수요일,전라남도 영암군 영암읍,중상사고,0,1,0,0,차량단독 - 공작물충돌,안전운전불이행,건조,맑음,단일로 - 기타,화물,남,56세,중상,,,,
2013091100100465,2013년 9월 11일 19시,수요일,전라남도 강진군 강진읍,경상사고,0,0,4,0,차대차 - 측면직각충돌,안전운전불이행,건조,맑음,교차로 - 교차로안,승용,여,22세,경상,승용,남,31세,경상
2013091100100495,2013년 9월 11일 20시,수요일,전라남도 완도군 신지면,경상사고,0,0,1,0,차량단독 - 전도전복,안전운전불이행,건조,맑음,단일로 - 기타,이륜,남,43세,경상,,,,
2013091100100527,2013년 9월 11일 21시,수요일,전라남도 여수시 여서동,경상사고,0,0,1,0,차대사람 - 횡단중,신호위반,건조,맑음,교차로 - 교차로부근,이륜,남,26세,상해없음,보행자,여,14세,경상
2013091100100528,2013년 9월 11일 21시,수요일,전라남도 영광군 홍농읍,중상사고,0,1,0,0,차대사람 - 기타,안전운전불이행,건조,맑음,단일로 - 기타,화물,남,60세,상해없음,보행자,남,46세,중상
2013091100100553,2013년 9월 11일 22시,수요일,전라남도 목포시 산정동,중상사고,0,1,0,0,차대사람 - 횡단중,안전운전불이행,건조,맑음,교차로 - 교차로부근,승용,여,42세,상해없음,보행자,여,76세,중상
2013091100100554,2013년 9월 11일 22시,수요일,전라남도 여수시 광무동,경상사고,0,0,1,0,차대사람 - 횡단중,안전운전불이행,건조,맑음,단일로 - 횡단보도상,승용,남,48세,상해없음,보행자,남,53세,경상
2013091200100011,2013년 9월 12일 00시,목요일,전라남도 여수시 여서동,부상신고사고,0,0,0,1,차대사람 - 길가장자리구역통행중,안전운전불이행,건조,맑음,단일로 - 기타,승용,남,40세,상해없음,보행자,남,33세,부상신고
2013091200100012,2013년 9월 12일 00시,목요일,전라남도 여수시 광무동,경상사고,0,0,1,0,차대차 - 측면직각충돌,신호위반,건조,맑음,교차로 - 교차로안,승용,남,25세,상해없음,승용,남,56세,경상
2013091200100051,2013년 9월 12일 04시,목요일,전라남도 순천시 서면,경상사고,0,0,1,0,차량단독 - 기타,안전운전불이행,습기,비,교차로 - 교차로안,승용,남,31세,경상,,,,
2013091200100062,2013년 9월 12일 05시,목요일,전라남도 목포시 산정동,사망사고,1,0,0,0,차대사람 - 횡단중,안전운전불이행,습기,비,교차로 - 교차로안,화물,여,58세,상해없음,보행자,여,72세,사망
2013091200100072,2013년 9월 12일 06시,목요일,전라남도 목포시 산정동,중상사고,0,1,0,0,차대사람 - 기타,안전운전불이행,습기,맑음,단일로 - 기타,화물,남,23세,상해없음,보행자,여,64세,중상
2013091200100097,2013년 9월 12일 07시,목요일,전라남도 진도군 진도읍,경상사고,0,0,1,0,차대사람 - 기타,안전운전불이행,건조,맑음,기타 - 기타,기타불명,기타불명,기타불명,기타불명,보행자,여,83세,경상
2013091200100128,2013년 9월 12일 08시,목요일,전라남도 신안군 압해읍,사망사고,1,1,0,0,차대차 - 정면충돌,중앙선침범,건조,흐림,단일로 - 기타,승용,여,46세,상해없음,이륜,남,70세,중상
2013091200100129,2013년 9월 12일 08시,목요일,전라남도 강진군 군동면,사망사고,1,0,0,0,차대차 - 측면직각충돌,직진우회전진행방해,습기,비,교차로 - 교차로안,이륜,남,86세,사망,승용,여,56세,상해없음
2013091200100159,2013년 9월 12일 09시,목요일,전라남도 광양시 옥곡면,사망사고,1,1,0,0,차대차 - 정면충돌,중앙선침범,건조,맑음,단일로 - 기타,승용,남,23세,사망,건설기계,남,58세,중상
2013091200100193,2013년 9월 12일 10시,목요일,전라남도 해남군 해남읍,중상사고,0,2,0,1,차대차 - 기타,안전운전불이행,건조,맑음,단일로 - 기타,화물,남,72세,부상신고,승용,남,39세,상해없음
2013091200100214,2013년 9월 12일 11시,목요일,전라남도 무안군 현경면,경상사고,0,0,2,0,차대차 - 추돌 - 진행중,안전운전불이행,건조,맑음,교차로 - 교차로부근,건설기계,남,39세,상해없음,승용,남,53세,경상
2013091200100239,2013년 9월 12일 12시,목요일,전라남도 고흥군 고흥읍,중상사고,0,1,2,0,차대차 - 측면직각충돌,안전운전불이행,건조,맑음,교차로 - 교차로안,승용,여,31세,상해없음,승용,남,59세,상해없음
2013091200100240,2013년 9월 12일 12시,목요일,전라남도 순천시 승주읍,경상사고,0,0,1,0,차대차 - 추돌 - 진행중,차로위반,건조,맑음,단일로 - 기타,승용,남,35세,상해없음,승용,남,30세,경상
2013091200100260,2013년 9월 12일 13시,목요일,전라남도 함평군 함평읍,중상사고,0,1,0,0,차대사람 - 횡단중,안전운전불이행,건조,흐림,교차로 - 교차로안,화물,남,52세,상해없음,보행자,여,75세,중상
2013091200100278,2013년 9월 12일 14시,목요일,전라남도 해남군 황산면,중상사고,0,1,0,1,차대차 - 측면직각충돌,직진우회전진행방해,건조,맑음,교차로 - 교차로안,승용,여,48세,부상신고,승용,여,56세,중상
2013091200100311,2013년 9월 12일 15시,목요일,전라남도 순천시 연향동,경상사고,0,0,1,0,차대차 - 추돌 - 진행중,차로위반,건조,맑음,단일로 - 기타,승합,남,72세,상해없음,승용,남,35세,경상
2013091200100312,2013년 9월 12일 15시,목요일,전라남도 영광군 법성면,경상사고,0,0,1,0,차대차 - 정면충돌,신호위반,건조,맑음,단일로 - 기타,승용,남,59세,상해없음,화물,남,35세,경상
2013091200100313,2013년 9월 12일 15시,목요일,전라남도 장성군 장성읍,부상신고사고,0,0,0,1,차량단독 - 전도전복,안전운전불이행,건조,맑음,단일로 - 기타,이륜,남,66세,부상신고,,,,
2013091200100314,2013년 9월 12일 15시,목요일,전라남도 무안군 무안읍,경상사고,0,0,4,0,차대차 - 측면직각충돌,직진우회전진행방해,건조,맑음,교차로 - 교차로안,화물,남,45세,경상,승용,여,44세,경상
2013091200100340,2013년 9월 12일 16시,목요일,전라남도 여수시 신기동,중상사고,0,1,0,0,차대사람 - 횡단중,신호위반,건조,맑음,단일로 - 기타,승용,여,30세,상해없음,보행자,여,6세,중상
2013091200100341,2013년 9월 12일 16시,목요일,전라남도 해남군 북일면,중상사고,0,1,0,0,차량단독 - 기타,안전운전불이행,건조,맑음,단일로 - 기타,원동기,남,60세,중상,,,,
2013091200100373,2013년 9월 12일 17시,목요일,전라남도 순천시 중앙동,중상사고,0,1,0,0,차대사람 - 보도통행중,보행자보호의무위반,건조,맑음,단일로 - 기타,승용,남,36세,상해없음,보행자,여,13세,중상
2013091200100374,2013년 9월 12일 17시,목요일,전라남도 순천시 연향동,경상사고,0,0,2,0,차대차 - 기타,안전운전불이행,건조,맑음,교차로 - 교차로부근,승용,여,50세,상해없음,승합,남,22세,경상
2013091200100408,2013년 9월 12일 18시,목요일,전라남도 화순군 도곡면,경상사고,0,0,1,0,차대사람 - 기타,안전운전불이행,건조,맑음,기타 - 기타,화물,남,51세,상해없음,보행자,남,57세,경상
2013091200100455,2013년 9월 12일 19시,목요일,전라남도 광양시 중동,중상사고,0,1,0,0,차대사람 - 횡단중,보행자보호의무위반,건조,맑음,단일로 - 횡단보도상,승용,남,18세,상해없음,보행자,여,41세,중상
2013091200100502,2013년 9월 12일 20시,목요일,전라남도 광양시 금호동,경상사고,0,0,1,0,차대차 - 추돌 - 진행중,안전거리미확보,건조,맑음,교차로 - 교차로안,승용,남,41세,상해없음,승용,여,35세,경상
2013091200100530,2013년 9월 12일 21시,목요일,전라남도 순천시 왕지동,경상사고,0,0,1,0,차대차 - 측면직각충돌,차로위반,건조,맑음,단일로 - 기타,승용,남,37세,상해없음,이륜,남,34세,경상
2013091200100531,2013년 9월 12일 21시,목요일,전라남도 광양시 광양읍,중상사고,0,1,1,0,차대차 - 측면직각충돌,직진우회전진행방해,건조,맑음,교차로 - 교차로안,승용,남,55세,중상,승용,남,39세,경상
2013091200100562,2013년 9월 12일 22시,목요일,전라남도 목포시 용당동,경상사고,0,0,1,0,차대차 - 추돌 - 주정차중,안전운전불이행,건조,맑음,단일로 - 기타,승용,남,34세,상해없음,승용,남,52세,경상
2013091200100563,2013년 9월 12일 22시,목요일,전라남도 무안군 무안읍,경상사고,0,0,1,0,차대차 - 추돌 - 진행중,안전운전불이행,건조,맑음,교차로 - 교차로부근,승용,남,57세,상해없음,승용,남,40세,경상
2013091300100020,2013년 9월 13일 00시,금요일,전라남도 나주시 삼영동,경상사고,0,0,3,0,차대차 - 측면직각충돌,신호위반,건조,맑음,교차로 - 교차로안,승용,남,45세,경상,승용,여,52세,경상
2013091300100049,2013년 9월 13일 01시,금요일,전라남도 목포시 상동,경상사고,0,0,1,0,차대차 - 기타,안전운전불이행,건조,맑음,교차로 - 교차로부근,승용,여,37세,상해없음,승용,남,31세,경상
2013091300100074,2013년 9월 13일 03시,금요일,전라남도 광양시 성황동,경상사고,0,0,1,0,차량단독 - 전도전복,안전운전불이행,건조,맑음,단일로 - 기타,승용,남,36세,경상,,,,
2013091300100090,2013년 9월 13일 04시,금요일,전라남도 영암군 서호면,중상사고,0,1,1,0,차대차 - 추돌 - 진행중,안전운전불이행,건조,맑음,단일로 - 기타,승용,남,43세,중상,농기계,남,67세,경상
2013091300100099,2013년 9월 13일 05시,금요일,전라남도 여수시 둔덕동,중상사고,0,1,1,0,차대차 - 측면직각충돌,신호위반,건조,맑음,교차로 - 교차로안,승용,남,65세,상해없음,이륜,남,15세,중상
2013091300100126,2013년 9월 13일 07시,금요일,전라남도 해남군 북평면,중상사고,0,1,0,1,차대차 - 측면직각충돌,신호위반,건조,맑음,교차로 - 교차로안,화물,남,67세,부상신고,승용,남,64세,중상
2013091300100128,2013년 9월 13일 07시,금요일,전라남도 담양군 대전면,중상사고,0,1,0,0,차대차 - 추돌 - 진행중,안전운전불이행,건조,흐림,교차로 - 교차로부근,화물,남,44세,상해없음,승용,남,43세,중상
2013091300100152,2013년 9월 13일 08시,금요일,전라남도 여수시 돌산읍,경상사고,0,0,1,0,차대차 - 측면직각충돌,안전운전불이행,건조,맑음,단일로 - 기타,승용,남,70세,상해없음,승용,남,65세,경상
2013091300100153,2013년 9월 13일 08시,금요일,전라남도 장흥군 관산읍,중상사고,0,1,0,0,차대차 - 측면직각충돌,안전운전불이행,건조,맑음,단일로 - 기타,원동기,남,75세,중상,농기계,남,54세,상해없음
2013091300100154,2013년 9월 13일 08시,금요일,전라남도 고흥군 고흥읍,중상사고,0,2,1,0,차대차 - 정면충돌,중앙선침범,건조,맑음,단일로 - 기타,승용,남,40세,중상,승용,남,41세,경상
2013091300100155,2013년 9월 13일 08시,금요일,전라남도 영광군 묘량면,경상사고,0,0,1,0,차대차 - 기타,안전운전불이행,건조,맑음,교차로 - 교차로안,승용,남,57세,경상,승용,여,30세,상해없음
2013091300100187,2013년 9월 13일 09시,금요일,전라남도 나주시 다시면,중상사고,0,1,0,0,차대차 - 기타,기타,건조,맑음,교차로 - 교차로안,화물,남,63세,상해없음,이륜,여,68세,중상
2013091300100188,2013년 9월 13일 09시,금요일,전라남도 해남군 문내면,부상신고사고,0,0,0,1,차대차 - 측면직각충돌,안전운전불이행,건조,맑음,단일로 - 기타,농기계,남,56세,부상신고,승용,남,50세,상해없음
2013091300100189,2013년 9월 13일 09시,금요일,전라남도 곡성군 곡성읍,중상사고,0,1,0,0,차대사람 - 기타,안전운전불이행,건조,흐림,교차로 - 교차로부근,승용,남,22세,상해없음,보행자,여,82세,중상
2013091300100190,2013년 9월 13일 09시,금요일,전라남도 광양시 태인동,중상사고,0,1,0,0,차대사람 - 기타,안전운전불이행,건조,맑음,기타 - 기타,승용,남,59세,상해없음,보행자,남,67세,중상
2013091300100212,2013년 9월 13일 10시,금요일,전라남도 순천시 해룡면,경상사고,0,0,3,0,차대차 - 측면직각충돌,안전운전불이행,건조,맑음,단일로 - 기타,화물,남,54세,경상,승용,남,65세,경상
2013091300100240,2013년 9월 13일 11시,금요일,전라남도 목포시 옥암동,경상사고,0,0,1,0,차대차 - 측면직각충돌,신호위반,건조,맑음,교차로 - 교차로부근,건설기계,남,72세,상해없음,승용,남,33세,경상
2013091300100241,2013년 9월 13일 11시,금요일,전라남도 목포시 상동,경상사고,0,0,1,0,차대차 - 정면충돌,안전운전불이행,기타,맑음,기타 - 기타,승용,남,41세,상해없음,승합,여,51세,경상
2013091300100242,2013년 9월 13일 11시,금요일,전라남도 순천시 덕암동,경상사고,0,0,3,0,차대차 - 측면직각충돌,기타,건조,맑음,교차로 - 교차로안,화물,남,45세,경상,승용,남,45세,경상
2013091300100243,2013년 9월 13일 11시,금요일,전라남도 진도군 의신면,중상사고,0,1,0,0,차대차 - 기타,안전운전불이행,기타,맑음,단일로 - 기타,승용,남,45세,상해없음,이륜,남,78세,중상
2013091300100308,2013년 9월 13일 13시,금요일,전라남도 목포시 상동,부상신고사고,0,0,0,1,차대사람 - 차도통행중,안전운전불이행,건조,맑음,단일로 - 기타,승용,남,29세,상해없음,보행자,여,14세,부상신고
2013091300100309,2013년 9월 13일 13시,금요일,전라남도 목포시 산정동,경상사고,0,0,1,0,차대차 - 기타,중앙선침범,건조,맑음,단일로 - 기타,이륜,남,20세,상해없음,승용,여,26세,경상
2013091300100310,2013년 9월 13일 13시,금요일,전라남도 나주시 이창동,경상사고,0,0,2,0,차대차 - 측면직각충돌,직진우회전진행방해,건조,맑음,교차로 - 교차로안,승용,남,45세,상해없음,화물,남,67세,경상
2013091300100343,2013년 9월 13일 14시,금요일,전라남도 장흥군 장흥읍,경상사고,0,0,1,0,차대차 - 추돌 - 진행중,안전운전불이행,건조,맑음,교차로 - 교차로부근,승용,남,30세,상해없음,화물,남,23세,경상
2013091300100344,2013년 9월 13일 14시,금요일,전라남도 화순군 화순읍,경상사고,0,0,1,0,차대차 - 측면직각충돌,신호위반,건조,맑음,교차로 - 교차로안,승용,남,53세,상해없음,승용,여,55세,경상
2013091300100371,2013년 9월 13일 15시,금요일,전라남도 목포시 용해동,경상사고,0,0,1,0,차대사람 - 기타,안전운전불이행,건조,맑음,기타 - 기타,승용,여,43세,상해없음,보행자,남,39세,경상
2013091300100372,2013년 9월 13일 15시,금요일,전라남도 여수시 소라면,경상사고,0,0,1,0,차대차 - 측면직각충돌,안전운전불이행,건조,맑음,교차로 - 교차로부근,자전거,남,11세,경상,승용,여,32세,상해없음
2013091300100373,2013년 9월 13일 15시,금요일,전라남도 순천시 조례동,경상사고,0,0,1,0,차대차 - 추돌 - 진행중,안전거리미확보,건조,맑음,교차로 - 교차로안,승용,남,24세,상해없음,화물,남,54세,경상
2013091300100406,2013년 9월 13일 16시,금요일,전라남도 무안군 해제면,사망사고,1,0,0,0,차량단독 - 도로외이탈 - 추락,안전운전불이행,건조,맑음,교차로 - 교차로부근,농기계,남,82세,사망,,,,
2013091300100407,2013년 9월 13일 16시,금요일,전라남도 광양시 중군동,경상사고,0,0,2,0,차대차 - 추돌 - 진행중,안전운전불이행,건조,맑음,교차로 - 교차로안,승용,여,49세,경상,화물,남,37세,경상
2013091300100446,2013년 9월 13일 17시,금요일,전라남도 목포시 연산동,경상사고,0,0,1,0,차대차 - 측면직각충돌,안전운전불이행,건조,맑음,교차로 - 교차로안,승용,남,57세,상해없음,승용,남,39세,경상
2013091300100447,2013년 9월 13일 17시,금요일,전라남도 목포시 산정동,경상사고,0,0,1,0,차대차 - 기타,안전운전불이행,건조,맑음,교차로 - 교차로부근,승용,남,54세,상해없음,승용,남,45세,경상
2013091300100448,2013년 9월 13일 17시,금요일,전라남도 순천시 해룡면,중상사고,0,1,5,0,차대차 - 추돌 - 진행중,안전거리미확보,건조,맑음,단일로 - 기타,화물,남,43세,중상,승용,남,34세,상해없음
2013091300100449,2013년 9월 13일 17시,금요일,전라남도 순천시 연향동,경상사고,0,0,1,0,차대사람 - 기타,안전운전불이행,건조,맑음,단일로 - 횡단보도부근,화물,남,40세,상해없음,보행자,여,54세,경상
2013091300100485,2013년 9월 13일 18시,금요일,전라남도 순천시 해룡면,경상사고,0,0,1,0,차대차 - 기타,안전운전불이행,건조,맑음,단일로 - 기타,승용,남,29세,상해없음,승용,남,30세,경상
2013091300100540,2013년 9월 13일 19시,금요일,전라남도 장성군 장성읍,중상사고,0,2,0,0,차대차 - 기타,교차로운행방법위반,건조,맑음,교차로 - 교차로안,자전거,남,79세,중상,이륜,남,76세,중상
2013091300100577,2013년 9월 13일 20시,금요일,전라남도 목포시 용해동,경상사고,0,0,1,0,차대사람 - 기타,안전운전불이행,건조,맑음,기타 - 기타,화물,남,51세,상해없음,보행자,남,52세,경상
2013091300100695,2013년 9월 13일 23시,금요일,전라남도 목포시 산정동,경상사고,0,0,2,0,차대차 - 기타,중앙선침범,건조,기타,단일로 - 기타,승용,남,31세,상해없음,특수,남,40세,경상
2013091400100022,2013년 9월 14일 00시,토요일,전라남도 영광군 대마면,경상사고,0,0,1,0,차대차 - 기타,안전운전불이행,건조,맑음,단일로 - 기타,기타불명,기타불명,기타불명,기타불명,승용,남,31세,경상
2013091400100023,2013년 9월 14일 00시,토요일,전라남도 목포시 상동,경상사고,0,0,6,0,차대차 - 기타,안전운전불이행,건조,기타,교차로 - 교차로안,승용,남,23세,상해없음,승합,남,47세,경상
2013091400100024,2013년 9월 14일 00시,토요일,전라남도 나주시 대호동,경상사고,0,0,1,0,차량단독 - 공작물충돌,안전운전불이행,습기,비,기타 - 기타,승용,여,29세,경상,,,,
2013091400100048,2013년 9월 14일 01시,토요일,전라남도 목포시 상동,중상사고,0,1,1,0,차대차 - 기타,교차로운행방법위반,건조,기타,교차로 - 교차로안,승용,남,19세,상해없음,승용,남,51세,경상
2013091400100049,2013년 9월 14일 01시,토요일,전라남도 순천시 조례동,경상사고,0,0,4,0,차대차 - 추돌 - 진행중,안전운전불이행,건조,맑음,교차로 - 교차로안,승용,남,32세,상해없음,승용,남,65세,경상
2013091400100050,2013년 9월 14일 01시,토요일,전라남도 해남군 황산면,중상사고,0,1,0,0,차량단독 - 도로외이탈 - 기타,안전운전불이행,건조,맑음,단일로 - 기타,승용,남,22세,중상,,,,
2013091400100077,2013년 9월 14일 02시,토요일,전라남도 목포시 용해동,경상사고,0,0,3,0,차대차 - 기타,안전운전불이행,기타,기타,교차로 - 교차로안,승용,남,42세,상해없음,승용,남,45세,경상
2013091400100078,2013년 9월 14일 02시,토요일,전라남도 목포시 옥암동,중상사고,0,1,0,0,차대사람 - 기타,안전운전불이행,건조,기타,단일로 - 기타,승용,남,55세,상해없음,보행자,남,28세,중상
2013091400100079,2013년 9월 14일 02시,토요일,전라남도 해남군 해남읍,경상사고,0,0,1,1,차대차 - 측면직각충돌,안전운전불이행,습기,흐림,교차로 - 교차로안,승용,남,21세,부상신고,승용,남,50세,경상
2013091400100080,2013년 9월 14일 02시,토요일,전라남도 영암군 삼호읍,경상사고,0,0,1,0,차량단독 - 기타,안전운전불이행,습기,비,단일로 - 기타,승용,남,44세,상해없음,,,,
2013091400100097,2013년 9월 14일 03시,토요일,전라남도 완도군 신지면,중상사고,0,1,0,0,차량단독 - 전도전복,안전운전불이행,건조,맑음,단일로 - 기타,승합,남,28세,중상,,,,
2013091400100135,2013년 9월 14일 05시,토요일,전라남도 목포시 상동,중상사고,0,1,1,0,차대사람 - 기타,안전운전불이행,습기,비,단일로 - 기타,승용,남,38세,경상,보행자,여,73세,중상
2013091400100180,2013년 9월 14일 08시,토요일,전라남도 광양시 황금동,경상사고,0,0,1,0,차대차 - 측면직각충돌,신호위반,습기,비,교차로 - 교차로안,승용,남,28세,경상,건설기계,남,58세,상해없음
2013091400100181,2013년 9월 14일 08시,토요일,전라남도 광양시 광양읍,경상사고,0,0,1,0,차대차 - 추돌 - 주정차중,안전거리미확보,건조,맑음,교차로 - 교차로부근,승용,남,31세,상해없음,승용,여,39세,경상
2013091400100234,2013년 9월 14일 10시,토요일,전라남도 순천시 조례동,경상사고,0,0,1,0,차대차 - 기타,안전운전불이행,습기,흐림,교차로 - 교차로부근,승용,남,51세,상해없음,승용,남,58세,경상
2013091400100235,2013년 9월 14일 10시,토요일,전라남도 순천시 연향동,중상사고,0,1,3,0,차대차 - 기타,안전운전불이행,건조,흐림,단일로 - 기타,승용,남,49세,상해없음,승용,여,33세,경상
2013091400100265,2013년 9월 14일 11시,토요일,전라남도 광양시 옥곡면,경상사고,0,0,1,0,차대사람 - 기타,안전운전불이행,건조,맑음,기타 - 기타,승용,남,56세,상해없음,보행자,여,43세,경상
2013091400100325,2013년 9월 14일 13시,토요일,전라남도 나주시 산정동,경상사고,0,0,4,0,차대차 - 측면직각충돌,신호위반,건조,맑음,교차로 - 교차로안,승용,여,35세,경상,승용,남,62세,경상
2013091400100326,2013년 9월 14일 13시,토요일,전라남도 고흥군 도양읍,경상사고,0,0,1,0,차대차 - 기타,교차로운행방법위반,건조,맑음,교차로 - 교차로안,화물,남,61세,상해없음,화물,남,70세,경상
2013091400100370,2013년 9월 14일 14시,토요일,전라남도 여수시 학동,경상사고,0,0,1,0,차대사람 - 횡단중,보행자보호의무위반,습기,흐림,단일로 - 기타,승용,남,37세,상해없음,보행자,여,77세,경상
2013091400100371,2013년 9월 14일 14시,토요일,전라남도 고흥군 고흥읍,경상사고,0,0,1,0,차대차 - 기타,안전운전불이행,습기,비,단일로 - 횡단보도상,승용,여,40세,상해없음,자전거,남,8세,경상
2013091400100372,2013년 9월 14일 14시,토요일,전라남도 곡성군 입면,사망사고,1,0,0,0,차대사람 - 횡단중,안전운전불이행,건조,맑음,기타 - 기타,승합,남,65세,상해없음,보행자,남,83세,사망
2013091400100373,2013년 9월 14일 14시,토요일,전라남도 광양시 옥곡면,경상사고,0,0,1,0,차대사람 - 기타,안전운전불이행,습기,비,기타 - 기타,승용,남,47세,상해없음,보행자,남,67세,경상
2013091400100412,2013년 9월 14일 15시,토요일,전라남도 나주시 다도면,경상사고,0,0,2,0,차대차 - 추돌 - 진행중,안전거리미확보,건조,맑음,교차로 - 교차로부근,승용,남,34세,상해없음,승용,여,34세,경상
2013091400100413,2013년 9월 14일 15시,토요일,전라남도 화순군 동복면,경상사고,0,0,1,0,차대차 - 측면직각충돌,안전운전불이행,건조,맑음,단일로 - 기타,승용,여,66세,상해없음,승합,남,53세,기타불명
2013091400100414,2013년 9월 14일 15시,토요일,전라남도 영암군 신북면,경상사고,0,0,2,0,차대차 - 추돌 - 주정차중,안전운전불이행,습기,맑음,교차로 - 교차로부근,화물,남,50세,상해없음,승용,여,51세,경상
2013091400100415,2013년 9월 14일 15시,토요일,전라남도 광양시 광양읍,중상사고,0,1,0,1,차량단독 - 공작물충돌,안전운전불이행,습기,비,단일로 - 기타,승용,남,32세,부상신고,,,,
2013091400100489,2013년 9월 14일 17시,토요일,전라남도 여수시 돌산읍,경상사고,0,0,1,0,차대차 - 측면직각충돌,교차로운행방법위반,건조,맑음,교차로 - 교차로안,승용,남,23세,상해없음,화물,남,41세,상해없음
2013091400100490,2013년 9월 14일 17시,토요일,전라남도 광양시 옥곡면,경상사고,0,0,4,0,차대차 - 측면직각충돌,안전운전불이행,습기,비,단일로 - 기타,화물,남,53세,상해없음,승용,남,34세,경상