사고번호,사고일시,요일,시군구,사고내용,사망자수,중상자수,경상자수,부상신고자수,사고유형,법규위반,노면상태,기상상태,도로형태,가해운전자 차종,가해운전자 성별,가해운전자 연령,가해운전자 상해정도,피해운전자 차종,피해운전자 성별,피해운전자 연령,피해운전자 상해정도
2013091400100524,2013년 9월 14일 18시,토요일,전라남도 신안군 안좌면,중상사고,0,1,0,0,차량단독 - 전도전복,안전운전불이행,건조,맑음,단일로 - 기타,자전거,남,61세,중상,,,,
2013091400100525,2013년 9월 14일 18시,토요일,전라남도 순천시 연향동,부상신고사고,0,0,0,1,차대사람 - 기타,안전운전불이행,건조,맑음,교차로 - 교차로안,기타불명,기타불명,기타불명,기타불명,보행자,여,41세,부상신고
2013091400100562,2013년 9월 14일 19시,토요일,전라남도 목포시 옥암동,경상사고,0,0,3,0,차대차 - 추돌 - 진행중,안전운전불이행,건조,맑음,단일로 - 기타,승용,여,52세,상해없음,승용,여,41세,경상
2013091400100563,2013년 9월 14일 19시,토요일,전라남도 고흥군 도양읍,경상사고,0,0,1,0,차대차 - 기타,안전거리미확보,건조,맑음,단일로 - 기타,승용,남,68세,상해없음,승용,남,31세,경상
2013091400100564,2013년 9월 14일 19시,토요일,전라남도 광양시 광양읍,중상사고,0,2,8,0,차대차 - 추돌 - 진행중,안전운전불이행,건조,맑음,교차로 - 교차로부근,승용,남,57세,상해없음,승용,여,34세,경상
2013091400100601,2013년 9월 14일 20시,토요일,전라남도 장흥군 장흥읍,경상사고,0,0,1,0,차량단독 - 도로외이탈 - 추락,안전운전불이행,건조,맑음,단일로 - 기타,화물,남,47세,경상,,,,
2013091400100602,2013년 9월 14일 20시,토요일,전라남도 광양시 광양읍,경상사고,0,0,1,0,차대사람 - 기타,안전운전불이행,건조,맑음,단일로 - 기타,승용,남,60세,상해없음,보행자,남,52세,경상
2013091400100603,2013년 9월 14일 20시,토요일,전라남도 광양시 중동,경상사고,0,0,3,0,차대차 - 측면직각충돌,안전운전불이행,건조,흐림,단일로 - 기타,승용,남,37세,상해없음,승용,남,26세,경상
2013091400100633,2013년 9월 14일 21시,토요일,전라남도 여수시 봉산동,경상사고,0,0,1,0,차대차 - 추돌 - 주정차중,안전운전불이행,건조,맑음,교차로 - 교차로부근,승용,남,19세,상해없음,승용,남,33세,경상
2013091400100634,2013년 9월 14일 21시,토요일,전라남도 순천시 남정동,중상사고,0,1,0,0,차대차 - 측면직각충돌,신호위반,건조,맑음,교차로 - 교차로안,승용,남,20세,상해없음,이륜,남,43세,중상
2013091400100699,2013년 9월 14일 23시,토요일,전라남도 여수시 문수동,경상사고,0,0,1,0,차대차 - 추돌 - 진행중,안전운전불이행,건조,맑음,단일로 - 기타,승용,남,43세,상해없음,승용,남,32세,경상
2013091500100012,2013년 9월 15일 00시,일요일,전라남도 광양시 도이동,중상사고,0,1,0,0,차대차 - 추돌 - 주정차중,안전운전불이행,건조,맑음,단일로 - 기타,승용,남,27세,중상,특수,남,49세,기타불명
2013091500100045,2013년 9월 15일 02시,일요일,전라남도 목포시 온금동,중상사고,0,1,3,0,차대차 - 측면직각충돌,안전운전불이행,건조,맑음,단일로 - 기타,승용,남,26세,상해없음,이륜,남,24세,중상
2013091500100046,2013년 9월 15일 02시,일요일,전라남도 순천시 조례동,경상사고,0,0,1,0,차대사람 - 기타,안전운전불이행,건조,맑음,단일로 - 기타,승용,남,20세,상해없음,보행자,남,25세,경상
2013091500100047,2013년 9월 15일 02시,일요일,전라남도 화순군 동면,중상사고,0,1,2,1,차대차 - 기타,안전운전불이행,건조,맑음,단일로 - 기타,승용,남,17세,상해없음,특수,남,53세,상해없음
2013091500100099,2013년 9월 15일 06시,일요일,전라남도 광양시 광양읍,경상사고,0,0,1,0,차대차 - 정면충돌,중앙선침범,건조,맑음,단일로 - 기타,승용,남,30세,상해없음,승용,여,23세,경상
2013091500100114,2013년 9월 15일 07시,일요일,전라남도 목포시 산정동,경상사고,0,0,1,0,차대차 - 추돌 - 진행중,안전운전불이행,건조,맑음,단일로 - 기타,승용,남,32세,상해없음,승용,남,52세,경상
2013091500100132,2013년 9월 15일 08시,일요일,전라남도 목포시 산정동,경상사고,0,0,3,0,차대차 - 측면직각충돌,중앙선침범,건조,맑음,교차로 - 교차로안,승용,남,60세,경상,승용,남,27세,경상
2013091500100165,2013년 9월 15일 10시,일요일,전라남도 화순군 북면,중상사고,0,1,1,0,차대차 - 기타,중앙선침범,건조,맑음,단일로 - 기타,승용,여,49세,경상,화물,남,71세,중상
2013091500100187,2013년 9월 15일 11시,일요일,전라남도 함평군 학교면,중상사고,0,1,0,0,차대차 - 측면직각충돌,안전거리미확보,건조,맑음,단일로 - 기타,원동기,남,73세,중상,이륜,남,43세,상해없음
2013091500100213,2013년 9월 15일 12시,일요일,전라남도 순천시 연향동,경상사고,0,0,5,0,차대차 - 추돌 - 진행중,안전운전불이행,건조,맑음,교차로 - 교차로부근,승용,남,32세,상해없음,승용,남,29세,경상
2013091500100307,2013년 9월 15일 15시,일요일,전라남도 나주시 노안면,중상사고,0,1,0,0,차량단독 - 도로외이탈 - 기타,안전운전불이행,건조,맑음,단일로 - 기타,원동기,남,72세,중상,,,,
2013091500100308,2013년 9월 15일 15시,일요일,전라남도 해남군 황산면,경상사고,0,0,3,0,차대차 - 기타,중앙선침범,건조,맑음,단일로 - 기타,화물,남,73세,상해없음,승용,남,49세,경상
2013091500100309,2013년 9월 15일 15시,일요일,전라남도 광양시 중동,경상사고,0,0,4,0,차대차 - 측면직각충돌,교차로운행방법위반,건조,맑음,교차로 - 교차로안,승용,남,18세,상해없음,승용,남,36세,경상
2013091500100424,2013년 9월 15일 18시,일요일,전라남도 화순군 화순읍,중상사고,0,1,0,0,차대차 - 측면직각충돌,안전거리미확보,건조,맑음,단일로 - 기타,승합,남,63세,기타불명,자전거,남,27세,중상
2013091500100486,2013년 9월 15일 20시,일요일,전라남도 담양군 대전면,경상사고,0,0,2,0,차대차 - 추돌 - 진행중,안전운전불이행,건조,맑음,단일로 - 기타,승용,남,47세,상해없음,승합,남,42세,경상
2013091500100551,2013년 9월 15일 23시,일요일,전라남도 광양시 성황동,경상사고,0,0,1,0,차량단독 - 공작물충돌,안전운전불이행,건조,맑음,단일로 - 기타,승용,남,54세,경상,,,,
2013091600100037,2013년 9월 16일 03시,월요일,전라남도 화순군 화순읍,경상사고,0,0,4,0,차대차 - 측면직각충돌,교차로운행방법위반,건조,맑음,교차로 - 교차로안,승용,남,49세,상해없음,승용,남,53세,경상
2013091600100104,2013년 9월 16일 07시,월요일,전라남도 여수시 중흥동,경상사고,0,0,1,0,차대차 - 추돌 - 진행중,안전운전불이행,건조,맑음,교차로 - 교차로안,화물,남,45세,상해없음,승용,남,31세,경상
2013091600100105,2013년 9월 16일 07시,월요일,전라남도 순천시 조례동,경상사고,0,0,1,1,차대차 - 기타,안전운전불이행,건조,맑음,교차로 - 교차로안,승용,남,50세,부상신고,승용,여,51세,경상
2013091600100106,2013년 9월 16일 07시,월요일,전라남도 나주시 산포면,경상사고,0,0,4,0,차대차 - 기타,안전운전불이행,건조,맑음,단일로 - 기타,화물,남,53세,상해없음,승용,남,55세,경상
2013091600100156,2013년 9월 16일 08시,월요일,전라남도 보성군 보성읍,경상사고,0,0,1,0,차대차 - 측면직각충돌,안전운전불이행,건조,맑음,교차로 - 교차로안,승용,여,51세,경상,화물,남,37세,상해없음
2013091600100157,2013년 9월 16일 08시,월요일,전라남도 무안군 운남면,경상사고,0,0,1,0,차대차 - 추돌 - 주정차중,안전운전불이행,건조,맑음,단일로 - 기타,이륜,남,71세,경상,승합,남,63세,상해없음
2013091600100194,2013년 9월 16일 09시,월요일,전라남도 함평군 함평읍,중상사고,0,1,2,0,차대차 - 측면직각충돌,신호위반,건조,맑음,교차로 - 교차로안,농기계,남,72세,중상,승용,남,59세,상해없음
2013091600100195,2013년 9월 16일 09시,월요일,전라남도 영암군 영암읍,경상사고,0,0,1,0,차대차 - 기타,안전운전불이행,건조,맑음,교차로 - 교차로안,농기계,남,72세,경상,승용,여,58세,상해없음
2013091600100196,2013년 9월 16일 09시,월요일,전라남도 무안군 현경면,부상신고사고,0,0,0,1,차량단독 - 기타,안전운전불이행,건조,맑음,단일로 - 기타,이륜,남,68세,부상신고,,,,
2013091600100239,2013년 9월 16일 10시,월요일,전라남도 순천시 상사면,사망사고,1,0,0,0,차량단독 - 기타,안전운전불이행,건조,맑음,단일로 - 기타,농기계,남,73세,사망,,,,
2013091600100240,2013년 9월 16일 10시,월요일,전라남도 강진군 대구면,경상사고,0,0,2,0,차대차 - 추돌 - 진행중,안전운전불이행,건조,맑음,단일로 - 기타,승용,남,53세,상해없음,승용,남,52세,경상
2013091600100241,2013년 9월 16일 10시,월요일,전라남도 광양시 중동,중상사고,0,1,1,0,차대차 - 측면직각충돌,안전운전불이행,건조,맑음,교차로 - 교차로안,승용,남,19세,경상,승용,여,37세,중상
2013091600100279,2013년 9월 16일 11시,월요일,전라남도 여수시 선원동,경상사고,0,0,2,0,차대차 - 측면직각충돌,교차로운행방법위반,건조,맑음,교차로 - 교차로안,승용,여,41세,상해없음,승용,남,27세,경상
2013091600100280,2013년 9월 16일 11시,월요일,전라남도 여수시 서교동,경상사고,0,0,1,0,차대사람 - 기타,안전운전불이행,건조,맑음,단일로 - 기타,승용,여,51세,기타불명,보행자,남,43세,경상
2013091600100281,2013년 9월 16일 11시,월요일,전라남도 순천시 왕지동,경상사고,0,0,1,0,차대사람 - 기타,안전운전불이행,건조,맑음,교차로 - 교차로안,승용,남,46세,상해없음,보행자,남,53세,경상
2013091600100307,2013년 9월 16일 12시,월요일,전라남도 여수시 신월동,경상사고,0,0,1,0,차대차 - 기타,안전운전불이행,건조,맑음,교차로 - 교차로부근,원동기,남,70세,경상,화물,남,39세,상해없음
2013091600100343,2013년 9월 16일 13시,월요일,전라남도 순천시 조례동,중상사고,0,1,2,0,차대차 - 추돌 - 주정차중,안전운전불이행,건조,맑음,단일로 - 기타,승용,남,59세,상해없음,승용,여,33세,중상
2013091600100381,2013년 9월 16일 14시,월요일,전라남도 나주시 삼영동,경상사고,0,0,1,0,차대차 - 기타,안전운전불이행,건조,맑음,교차로 - 교차로부근,이륜,남,27세,기타불명,원동기,남,17세,상해없음
2013091600100382,2013년 9월 16일 14시,월요일,전라남도 해남군 해남읍,경상사고,0,0,2,0,차대차 - 기타,교차로운행방법위반,건조,맑음,교차로 - 교차로안,화물,남,58세,상해없음,승용,여,40세,경상
2013091600100462,2013년 9월 16일 16시,월요일,전라남도 목포시 옥암동,사망사고,1,0,0,0,차대사람 - 기타,안전운전불이행,건조,맑음,기타 - 기타,승용,여,53세,상해없음,보행자,남,6세,사망
2013091600100463,2013년 9월 16일 16시,월요일,전라남도 여수시 웅천동,중상사고,0,1,0,0,차대차 - 추돌 - 진행중,안전거리미확보,건조,맑음,단일로 - 기타,화물,남,66세,상해없음,원동기,남,53세,중상
2013091600100464,2013년 9월 16일 16시,월요일,전라남도 순천시 석현동,사망사고,1,0,0,0,차대사람 - 길가장자리구역통행중,안전운전불이행,건조,맑음,단일로 - 기타,승용,여,57세,상해없음,보행자,남,90세,사망
2013091600100503,2013년 9월 16일 17시,월요일,전라남도 영암군 금정면,중상사고,0,1,1,0,차대차 - 기타,직진우회전진행방해,건조,맑음,교차로 - 교차로안,이륜,남,82세,중상,승용,여,41세,경상
2013091600100550,2013년 9월 16일 18시,월요일,전라남도 보성군 벌교읍,경상사고,0,0,1,0,차량단독 - 전도전복,과속,건조,맑음,단일로 - 기타,화물,남,64세,상해없음,,,,
2013091600100598,2013년 9월 16일 19시,월요일,전라남도 목포시 연산동,경상사고,0,0,2,0,차대차 - 기타,안전운전불이행,건조,맑음,기타 - 기타,승용,남,53세,상해없음,승용,여,30세,경상
2013091600100599,2013년 9월 16일 19시,월요일,전라남도 여수시 학동,경상사고,0,0,1,0,차대차 - 측면직각충돌,신호위반,건조,맑음,교차로 - 교차로안,승용,남,48세,상해없음,승용,남,48세,경상
2013091600100600,2013년 9월 16일 19시,월요일,전라남도 순천시 덕월동,중상사고,0,1,0,0,차대차 - 추돌 - 진행중,안전운전불이행,건조,맑음,단일로 - 기타,화물,남,41세,상해없음,승용,여,49세,중상
2013091600100601,2013년 9월 16일 19시,월요일,전라남도 나주시 이창동,경상사고,0,0,1,0,차대차 - 기타,안전운전불이행,건조,기타,교차로 - 교차로안,원동기,남,75세,경상,승용,여,53세,상해없음
2013091600100602,2013년 9월 16일 19시,월요일,전라남도 영광군 영광읍,중상사고,0,1,0,0,차대사람 - 기타,안전운전불이행,건조,맑음,단일로 - 기타,화물,남,26세,상해없음,보행자,여,65세,중상
2013091600100603,2013년 9월 16일 19시,월요일,전라남도 무안군 망운면,경상사고,0,0,3,0,차대차 - 측면직각충돌,안전운전불이행,건조,맑음,교차로 - 교차로안,승용,여,39세,경상,승용,남,56세,상해없음
2013091600100604,2013년 9월 16일 19시,월요일,전라남도 광양시 광양읍,경상사고,0,0,2,0,차대차 - 측면직각충돌,교차로운행방법위반,건조,맑음,교차로 - 교차로안,승용,여,41세,상해없음,승용,남,57세,상해없음
2013091600100681,2013년 9월 16일 21시,월요일,전라남도 광양시 중동,중상사고,0,1,0,0,차대사람 - 횡단중,보행자보호의무위반,건조,맑음,교차로 - 교차로부근,승용,남,50세,상해없음,보행자,남,57세,중상
2013091600100744,2013년 9월 16일 23시,월요일,전라남도 여수시 소호동,경상사고,0,0,3,0,차대차 - 추돌 - 진행중,안전운전불이행,건조,맑음,교차로 - 교차로안,승용,남,44세,상해없음,승용,남,23세,경상
2013091700100012,2013년 9월 17일 00시,화요일,전라남도 담양군 담양읍,경상사고,0,0,2,0,차대차 - 기타,직진우회전진행방해,건조,맑음,교차로 - 교차로안,승용,남,61세,경상,화물,남,48세,경상
2013091700100035,2013년 9월 17일 01시,화요일,전라남도 해남군 옥천면,경상사고,0,0,1,0,차량단독 - 공작물충돌,안전운전불이행,건조,맑음,단일로 - 기타,승용,남,27세,기타불명,,,,
2013091700100036,2013년 9월 17일 01시,화요일,전라남도 해남군 옥천면,부상신고사고,0,0,0,1,차량단독 - 기타,안전운전불이행,건조,맑음,단일로 - 기타,승용,남,41세,부상신고,,,,
2013091700100048,2013년 9월 17일 02시,화요일,전라남도 목포시 상동,경상사고,0,0,2,0,차대차 - 기타,안전운전불이행,건조,맑음,기타 - 기타,승용,남,26세,기타불명,승용,남,39세,경상
2013091700100108,2013년 9월 17일 07시,화요일,전라남도 영암군 영암읍,사망사고,1,0,0,0,차량단독 - 도로외이탈 - 추락,안전운전불이행,건조,맑음,단일로 - 기타,농기계,남,78세,사망,,,,
2013091700100143,2013년 9월 17일 08시,화요일,전라남도 여수시 봉산동,경상사고,0,0,1,0,차대차 - 기타,안전거리미확보,건조,맑음,단일로 - 기타,기타불명,기타불명,기타불명,기타불명,승합,남,46세,상해없음
2013091700100144,2013년 9월 17일 08시,화요일,전라남도 광양시 중동,경상사고,0,0,1,0,차대차 - 추돌 - 진행중,교차로운행방법위반,건조,맑음,교차로 - 교차로안,승용,남,45세,상해없음,승용,여,25세,경상
2013091700100145,2013년 9월 17일 08시,화요일,전라남도 광양시 중동,경상사고,0,0,1,0,차대사람 - 기타,안전운전불이행,건조,맑음,단일로 - 기타,승용,남,29세,상해없음,보행자,남,6세,경상
2013091700100191,2013년 9월 17일 09시,화요일,전라남도 여수시 율촌면,경상사고,0,0,1,0,차대차 - 추돌 - 진행중,안전거리미확보,건조,맑음,단일로 - 기타,화물,남,31세,상해없음,승용,남,38세,경상
2013091700100192,2013년 9월 17일 09시,화요일,전라남도 장흥군 장흥읍,중상사고,0,1,0,0,차대사람 - 보도통행중,안전운전불이행,건조,맑음,단일로 - 기타,승용,여,48세,상해없음,보행자,여,66세,중상
2013091700100255,2013년 9월 17일 11시,화요일,전라남도 여수시 충무동,경상사고,0,0,1,0,차대사람 - 기타,안전운전불이행,건조,맑음,단일로 - 기타,승용,여,36세,상해없음,보행자,여,60세,경상
2013091700100256,2013년 9월 17일 11시,화요일,전라남도 나주시 남평읍,경상사고,0,0,1,0,차대차 - 기타,안전운전불이행,건조,맑음,단일로 - 기타,승용,남,42세,상해없음,자전거,남,73세,경상
2013091700100257,2013년 9월 17일 11시,화요일,전라남도 무안군 현경면,중상사고,0,2,0,0,차대차 - 측면직각충돌,중앙선침범,건조,맑음,단일로 - 기타,승용,남,66세,상해없음,이륜,남,75세,중상
2013091700100285,2013년 9월 17일 12시,화요일,전라남도 여수시 신월동,경상사고,0,0,2,0,차대차 - 기타,신호위반,건조,맑음,교차로 - 교차로안,승용,남,49세,상해없음,승용,남,65세,경상
2013091700100286,2013년 9월 17일 12시,화요일,전라남도 장성군 남면,경상사고,0,0,2,0,차대차 - 기타,교차로운행방법위반,건조,맑음,교차로 - 교차로안,승용,여,54세,상해없음,화물,남,67세,경상
2013091700100287,2013년 9월 17일 12시,화요일,전라남도 무안군 일로읍,경상사고,0,0,1,0,차대차 - 추돌 - 진행중,안전운전불이행,건조,맑음,교차로 - 교차로안,승합,여,47세,상해없음,자전거,남,68세,경상
2013091700100313,2013년 9월 17일 13시,화요일,전라남도 목포시 대안동,경상사고,0,0,1,0,차대사람 - 차도통행중,안전운전불이행,건조,맑음,단일로 - 기타,승용,여,28세,상해없음,보행자,여,33세,경상
2013091700100353,2013년 9월 17일 14시,화요일,전라남도 순천시 서면,경상사고,0,0,2,0,차대차 - 기타,안전운전불이행,건조,맑음,교차로 - 교차로부근,승용,여,48세,상해없음,승용,남,29세,경상
2013091700100354,2013년 9월 17일 14시,화요일,전라남도 장흥군 장흥읍,경상사고,0,0,1,0,차대차 - 추돌 - 진행중,안전운전불이행,건조,맑음,단일로 - 기타,승용,여,54세,상해없음,승용,남,38세,경상
2013091700100355,2013년 9월 17일 14시,화요일,전라남도 화순군 화순읍,중상사고,0,1,0,0,차대차 - 측면직각충돌,안전운전불이행,건조,맑음,단일로 - 기타,원동기,남,66세,중상,승용,남,47세,상해없음
2013091700100395,2013년 9월 17일 15시,화요일,전라남도 순천시 연향동,경상사고,0,0,1,0,차대차 - 측면직각충돌,신호위반,건조,맑음,교차로 - 교차로안,승합,남,63세,상해없음,승용,남,47세,상해없음
2013091700100396,2013년 9월 17일 15시,화요일,전라남도 나주시 다시면,경상사고,0,0,1,0,차대차 - 측면직각충돌,안전운전불이행,건조,맑음,단일로 - 기타,화물,남,57세,상해없음,원동기,남,63세,경상
2013091700100397,2013년 9월 17일 15시,화요일,전라남도 고흥군 도양읍,중상사고,0,1,1,0,차대차 - 측면직각충돌,교차로운행방법위반,건조,맑음,교차로 - 교차로안,승용,남,52세,경상,승용,여,36세,중상
2013091700100398,2013년 9월 17일 15시,화요일,전라남도 무안군 청계면,중상사고,0,1,0,0,차대사람 - 기타,안전운전불이행,건조,맑음,단일로 - 기타,승합,여,37세,상해없음,보행자,남,73세,중상
2013091700100399,2013년 9월 17일 15시,화요일,전라남도 무안군 삼향읍,경상사고,0,0,1,0,차대사람 - 횡단중,보행자보호의무위반,건조,맑음,교차로 - 교차로부근,승용,여,38세,상해없음,보행자,여,18세,경상
2013091700100443,2013년 9월 17일 16시,화요일,전라남도 목포시 죽교동,경상사고,0,0,11,0,차대차 - 추돌 - 주정차중,안전운전불이행,건조,맑음,단일로 - 기타,승용,남,37세,상해없음,승용,남,46세,경상
2013091700100444,2013년 9월 17일 16시,화요일,전라남도 순천시 석현동,부상신고사고,0,0,0,1,차대차 - 추돌 - 진행중,안전운전불이행,건조,맑음,교차로 - 교차로부근,이륜,남,53세,부상신고,승용,남,52세,상해없음
2013091700100445,2013년 9월 17일 16시,화요일,전라남도 나주시 남평읍,경상사고,0,0,1,0,차대차 - 기타,안전운전불이행,건조,맑음,단일로 - 기타,승용,기타불명,기타불명,기타불명,자전거,남,37세,경상
2013091700100446,2013년 9월 17일 16시,화요일,전라남도 화순군 화순읍,경상사고,0,0,1,0,차대사람 - 기타,보행자보호의무위반,건조,맑음,단일로 - 기타,승용,남,19세,상해없음,보행자,남,10세,경상
2013091700100447,2013년 9월 17일 16시,화요일,전라남도 담양군 용면,경상사고,0,0,2,0,차대차 - 추돌 - 주정차중,안전운전불이행,건조,맑음,단일로 - 기타,화물,남,61세,상해없음,승용,남,30세,경상
2013091700100503,2013년 9월 17일 17시,화요일,전라남도 순천시 연향동,경상사고,0,0,1,0,차대차 - 측면직각충돌,차로위반,건조,맑음,단일로 - 기타,승용,남,68세,상해없음,승용,남,66세,경상
2013091700100504,2013년 9월 17일 17시,화요일,전라남도 순천시 조례동,경상사고,0,0,2,0,차대차 - 기타,안전운전불이행,건조,맑음,교차로 - 교차로안,승용,남,41세,상해없음,승용,남,58세,경상
2013091700100505,2013년 9월 17일 17시,화요일,전라남도 영암군 영암읍,경상사고,0,0,1,0,차대차 - 측면직각충돌,중앙선침범,건조,맑음,교차로 - 교차로부근,승용,남,53세,상해없음,승용,여,33세,경상
2013091700100506,2013년 9월 17일 17시,화요일,전라남도 강진군 강진읍,경상사고,0,0,3,0,차대차 - 측면직각충돌,교차로운행방법위반,건조,맑음,교차로 - 교차로안,화물,남,45세,경상,승용,여,37세,경상
2013091700100507,2013년 9월 17일 17시,화요일,전라남도 광양시 중동,경상사고,0,0,1,0,차대차 - 추돌 - 주정차중,안전거리미확보,건조,맑음,교차로 - 교차로안,승용,남,46세,상해없음,승용,남,30세,경상
2013091700100547,2013년 9월 17일 18시,화요일,전라남도 목포시 보광동1가,경상사고,0,0,1,0,차대사람 - 길가장자리구역통행중,안전운전불이행,건조,맑음,교차로 - 교차로안,승용,남,63세,상해없음,보행자,여,66세,경상
2013091700100548,2013년 9월 17일 18시,화요일,전라남도 순천시 장천동,중상사고,0,1,0,0,차대차 - 기타,신호위반,건조,맑음,교차로 - 교차로안,승용,남,56세,상해없음,승용,여,54세,중상
2013091700100549,2013년 9월 17일 18시,화요일,전라남도 장성군 삼계면,중상사고,0,2,0,0,차대차 - 기타,안전운전불이행,건조,맑음,단일로 - 기타,화물,남,31세,상해없음,화물,남,64세,중상
2013091700100603,2013년 9월 17일 19시,화요일,전라남도 나주시 왕곡면,경상사고,0,0,1,0,차대차 - 추돌 - 주정차중,안전운전불이행,건조,맑음,단일로 - 기타,이륜,남,75세,경상,화물,남,45세,상해없음
2013091700100604,2013년 9월 17일 19시,화요일,전라남도 해남군 옥천면,사망사고,1,1,1,1,차대차 - 기타,중앙선침범,건조,맑음,단일로 - 기타,승용,남,35세,부상신고,농기계,남,77세,사망
2013091700100659,2013년 9월 17일 20시,화요일,전라남도 목포시 산정동,중상사고,0,1,0,0,차대사람 - 횡단중,안전운전불이행,건조,맑음,단일로 - 기타,승합,남,40세,상해없음,보행자,여,77세,중상
2013091700100660,2013년 9월 17일 20시,화요일,전라남도 순천시 용당동,경상사고,0,0,1,0,차대차 - 추돌 - 주정차중,안전운전불이행,건조,맑음,교차로 - 교차로부근,승용,여,56세,상해없음,승용,남,56세,경상
2013091700100661,2013년 9월 17일 20시,화요일,전라남도 보성군 벌교읍,경상사고,0,0,1,0,차대사람 - 길가장자리구역통행중,안전운전불이행,건조,맑음,단일로 - 기타,승용,남,57세,상해없음,보행자,여,34세,경상
2013091700100689,2013년 9월 17일 21시,화요일,전라남도 나주시 왕곡면,경상사고,0,0,3,0,차대차 - 추돌 - 진행중,안전운전불이행,건조,맑음,단일로 - 기타,승용,남,59세,상해없음,승용,남,38세,경상
2013091700100690,2013년 9월 17일 21시,화요일,전라남도 화순군 화순읍,경상사고,0,0,1,0,차대차 - 정면충돌,교차로운행방법위반,건조,맑음,교차로 - 교차로안,승합,남,45세,상해없음,원동기,남,17세,경상
2013091700100724,2013년 9월 17일 22시,화요일,전라남도 순천시 연향동,경상사고,0,0,1,0,차대차 - 기타,신호위반,건조,맑음,교차로 - 교차로안,승용,여,40세,상해없음,승용,남,58세,경상
2013091700100725,2013년 9월 17일 22시,화요일,전라남도 고흥군 포두면,경상사고,0,0,1,0,차량단독 - 공작물충돌,안전운전불이행,건조,맑음,단일로 - 기타,화물,남,42세,경상,,,,
2013091700100749,2013년 9월 17일 23시,화요일,전라남도 순천시 별량면,중상사고,0,1,1,0,차대차 - 추돌 - 진행중,안전운전불이행,건조,맑음,교차로 - 교차로부근,화물,남,51세,경상,승용,남,42세,중상
2013091800100013,2013년 9월 18일 00시,수요일,전라남도 영암군 삼호읍,경상사고,0,0,6,0,차대차 - 추돌 - 진행중,안전거리미확보,건조,맑음,단일로 - 기타,승용,남,29세,경상,승용,남,34세,경상
2013091800100033,2013년 9월 18일 01시,수요일,전라남도 순천시 해룡면,경상사고,0,0,1,0,차대차 - 측면직각충돌,교차로운행방법위반,건조,맑음,교차로 - 교차로안,승용,남,27세,상해없음,승용,여,37세,경상
2013091800100034,2013년 9월 18일 01시,수요일,전라남도 화순군 화순읍,중상사고,0,1,0,0,차대사람 - 기타,안전운전불이행,건조,맑음,단일로 - 기타,화물,남,28세,상해없음,보행자,남,35세,중상
2013091800100035,2013년 9월 18일 01시,수요일,전라남도 광양시 중동,경상사고,0,0,1,0,차량단독 - 기타,안전운전불이행,건조,맑음,교차로 - 교차로부근,승용,남,28세,경상,,,,
2013091800100036,2013년 9월 18일 01시,수요일,전라남도 광양시 중동,경상사고,0,0,1,0,차량단독 - 기타,안전운전불이행,건조,맑음,교차로 - 교차로부근,승용,남,17세,경상,,,,
2013091800100057,2013년 9월 18일 02시,수요일,전라남도 순천시 조례동,중상사고,0,1,2,0,차대차 - 정면충돌,중앙선침범,건조,맑음,교차로 - 교차로부근,승용,남,64세,경상,화물,남,50세,경상
2013091800100070,2013년 9월 18일 03시,수요일,전라남도 순천시 해룡면,중상사고,0,1,1,1,차대차 - 기타,직진우회전진행방해,건조,맑음,교차로 - 교차로안,승용,남,40세,기타불명,승용,남,35세,경상
2013091800100071,2013년 9월 18일 03시,수요일,전라남도 해남군 해남읍,경상사고,0,0,5,1,차대차 - 측면직각충돌,안전운전불이행,건조,맑음,교차로 - 교차로안,승용,남,39세,부상신고,승용,남,39세,경상
2013091800100090,2013년 9월 18일 04시,수요일,전라남도 고흥군 도양읍,중상사고,0,1,0,0,차대차 - 추돌 - 진행중,안전운전불이행,건조,맑음,단일로 - 기타,승용,남,33세,상해없음,승용,남,56세,상해없음
2013091800100102,2013년 9월 18일 05시,수요일,전라남도 나주시 왕곡면,사망사고,1,0,0,0,차대사람 - 횡단중,보행자보호의무위반,건조,맑음,단일로 - 횡단보도상,승용,남,27세,상해없음,보행자,여,81세,사망
2013091800100117,2013년 9월 18일 06시,수요일,전라남도 목포시 상동,경상사고,0,0,1,0,차대차 - 측면직각충돌,안전운전불이행,건조,맑음,단일로 - 기타,승용,여,33세,상해없음,승용,남,67세,경상
2013091800100165,2013년 9월 18일 09시,수요일,전라남도 여수시 화양면,경상사고,0,0,1,0,차대차 - 측면직각충돌,교차로운행방법위반,건조,맑음,교차로 - 교차로안,승용,남,31세,상해없음,승용,남,38세,상해없음
2013091800100166,2013년 9월 18일 09시,수요일,전라남도 강진군 대구면,경상사고,0,0,1,0,차대차 - 정면충돌,직진우회전진행방해,건조,맑음,교차로 - 교차로안,승용,남,25세,경상,화물,남,47세,상해없음
2013091800100167,2013년 9월 18일 09시,수요일,전라남도 구례군 구례읍,경상사고,0,0,1,0,차대사람 - 기타,안전운전불이행,건조,맑음,단일로 - 기타,승합,남,63세,상해없음,보행자,여,74세,경상
2013091800100190,2013년 9월 18일 10시,수요일,전라남도 순천시 남정동,경상사고,0,0,3,0,차대차 - 추돌 - 진행중,안전거리미확보,건조,맑음,단일로 - 기타,승용,남,24세,상해없음,화물,남,35세,상해없음