사고번호,사고일시,요일,시군구,사고내용,사망자수,중상자수,경상자수,부상신고자수,사고유형,법규위반,노면상태,기상상태,도로형태,가해운전자 차종,가해운전자 성별,가해운전자 연령,가해운전자 상해정도,피해운전자 차종,피해운전자 성별,피해운전자 연령,피해운전자 상해정도
2013091800100191,2013년 9월 18일 10시,수요일,전라남도 영광군 영광읍,경상사고,0,0,2,0,차대차 - 정면충돌,교차로운행방법위반,건조,맑음,교차로 - 교차로안,승용,남,45세,상해없음,화물,남,45세,경상
2013091800100223,2013년 9월 18일 11시,수요일,전라남도 영광군 영광읍,경상사고,0,0,1,0,차대차 - 기타,안전운전불이행,건조,맑음,교차로 - 교차로안,승용,여,55세,상해없음,승용,남,35세,경상
2013091800100224,2013년 9월 18일 11시,수요일,전라남도 함평군 함평읍,부상신고사고,0,0,0,1,차대차 - 측면직각충돌,안전운전불이행,건조,맑음,교차로 - 교차로부근,이륜,남,70세,부상신고,승용,남,28세,상해없음
2013091800100225,2013년 9월 18일 11시,수요일,전라남도 곡성군 옥과면,경상사고,0,0,3,0,차대차 - 측면직각충돌,교차로운행방법위반,건조,맑음,교차로 - 교차로안,승용,남,64세,상해없음,승용,남,30세,경상
2013091800100256,2013년 9월 18일 12시,수요일,전라남도 신안군 지도읍,중상사고,0,1,1,0,차대차 - 기타,안전운전불이행,건조,기타,교차로 - 교차로안,승용,남,59세,중상,화물,남,66세,경상
2013091800100274,2013년 9월 18일 13시,수요일,전라남도 장흥군 관산읍,중상사고,0,1,3,0,차대차 - 추돌 - 진행중,안전운전불이행,건조,맑음,단일로 - 기타,승용,남,64세,상해없음,화물,남,70세,경상
2013091800100275,2013년 9월 18일 13시,수요일,전라남도 화순군 도곡면,경상사고,0,0,4,0,차대차 - 측면직각충돌,교차로운행방법위반,건조,맑음,교차로 - 교차로안,승용,남,51세,상해없음,승용,남,54세,경상
2013091800100276,2013년 9월 18일 13시,수요일,전라남도 영암군 신북면,중상사고,0,1,0,0,차대차 - 정면충돌,중앙선침범,건조,맑음,교차로 - 교차로부근,원동기,남,66세,중상,승용,남,63세,상해없음
2013091800100306,2013년 9월 18일 14시,수요일,전라남도 나주시 남평읍,경상사고,0,0,5,0,차대차 - 기타,신호위반,건조,맑음,교차로 - 교차로안,승용,남,56세,경상,승용,남,36세,경상
2013091800100363,2013년 9월 18일 16시,수요일,전라남도 목포시 상동,경상사고,0,0,2,1,차대차 - 기타,중앙선침범,건조,맑음,교차로 - 교차로부근,승용,남,32세,부상신고,승용,남,53세,경상
2013091800100364,2013년 9월 18일 16시,수요일,전라남도 여수시 화양면,경상사고,0,0,5,0,차대차 - 측면직각충돌,중앙선침범,건조,맑음,단일로 - 기타,승용,여,52세,상해없음,승용,남,38세,경상
2013091800100384,2013년 9월 18일 17시,수요일,전라남도 강진군 강진읍,경상사고,0,0,4,0,차대차 - 정면충돌,중앙선침범,건조,맑음,단일로 - 기타,승용,여,64세,상해없음,승용,남,47세,경상
2013091800100385,2013년 9월 18일 17시,수요일,전라남도 진도군 조도면,중상사고,0,1,0,0,차대사람 - 기타,안전운전불이행,건조,맑음,단일로 - 기타,승용,남,52세,상해없음,보행자,여,5세,중상
2013091800100407,2013년 9월 18일 18시,수요일,전라남도 나주시 봉황면,경상사고,0,0,5,0,차대차 - 측면직각충돌,기타,건조,맑음,교차로 - 교차로안,승용,남,44세,경상,승용,여,34세,경상
2013091800100431,2013년 9월 18일 19시,수요일,전라남도 해남군 산이면,경상사고,0,0,3,0,차대차 - 추돌 - 진행중,안전운전불이행,건조,맑음,단일로 - 기타,승용,남,50세,상해없음,승용,남,20세,경상
2013091800100432,2013년 9월 18일 19시,수요일,전라남도 영광군 법성면,부상신고사고,0,0,0,1,차량단독 - 전도전복,안전운전불이행,건조,맑음,단일로 - 기타,승용,남,53세,부상신고,,,,
2013091800100433,2013년 9월 18일 19시,수요일,전라남도 영암군 학산면,중상사고,0,2,3,0,차대차 - 측면직각충돌,안전거리미확보,건조,맑음,단일로 - 기타,화물,남,50세,경상,승용,남,40세,경상
2013091800100457,2013년 9월 18일 20시,수요일,전라남도 목포시 상동,경상사고,0,0,2,1,차대차 - 기타,교차로운행방법위반,기타,기타,교차로 - 교차로안,승용,남,60세,부상신고,승용,남,36세,경상
2013091800100458,2013년 9월 18일 20시,수요일,전라남도 나주시 이창동,경상사고,0,0,1,0,차대사람 - 기타,안전운전불이행,건조,맑음,단일로 - 기타,승용,남,50세,상해없음,보행자,남,13세,경상
2013091800100476,2013년 9월 18일 21시,수요일,전라남도 영광군 영광읍,경상사고,0,0,1,0,차대사람 - 차도통행중,안전운전불이행,건조,맑음,단일로 - 기타,화물,남,53세,상해없음,보행자,남,56세,경상
2013091800100489,2013년 9월 18일 22시,수요일,전라남도 순천시 대룡동,사망사고,1,0,0,0,차량단독 - 공작물충돌,안전운전불이행,건조,맑음,단일로 - 기타,승용,남,27세,사망,,,,
2013091800100490,2013년 9월 18일 22시,수요일,전라남도 고흥군 도양읍,경상사고,0,0,1,0,차대사람 - 기타,안전운전불이행,건조,맑음,단일로 - 기타,승용,남,43세,상해없음,보행자,남,42세,경상
2013091800100491,2013년 9월 18일 22시,수요일,전라남도 나주시 노안면,경상사고,0,0,2,0,차대차 - 추돌 - 진행중,안전운전불이행,건조,맑음,단일로 - 기타,승용,남,36세,경상,화물,여,48세,경상
2013091900100005,2013년 9월 19일 00시,목요일,전라남도 목포시 옥암동,부상신고사고,0,0,0,1,차량단독 - 공작물충돌,안전운전불이행,건조,맑음,단일로 - 기타,승용,여,27세,부상신고,,,,
2013091900100006,2013년 9월 19일 00시,목요일,전라남도 진도군 의신면,경상사고,0,0,1,0,차대차 - 기타,안전운전불이행,건조,맑음,단일로 - 기타,승용,남,59세,상해없음,승용,남,26세,경상
2013091900100023,2013년 9월 19일 01시,목요일,전라남도 여수시 화정면,중상사고,0,1,0,0,차대차 - 기타,안전운전불이행,건조,맑음,단일로 - 기타,원동기,남,39세,중상,승합,남,39세,상해없음
2013091900100030,2013년 9월 19일 02시,목요일,전라남도 담양군 담양읍,중상사고,0,1,0,0,차대차 - 측면직각충돌,안전운전불이행,건조,맑음,교차로 - 교차로안,승용,남,27세,상해없음,원동기,남,33세,중상
2013091900100035,2013년 9월 19일 03시,목요일,전라남도 목포시 상동,부상신고사고,0,0,0,1,차대차 - 기타,안전운전불이행,건조,맑음,단일로 - 기타,승용,남,30세,상해없음,승용,남,33세,부상신고
2013091900100036,2013년 9월 19일 03시,목요일,전라남도 진도군 진도읍,중상사고,0,1,0,0,차량단독 - 기타,안전운전불이행,건조,맑음,단일로 - 기타,승용,남,22세,상해없음,,,,
2013091900100055,2013년 9월 19일 07시,목요일,전라남도 광양시 중동,경상사고,0,0,2,0,차대차 - 측면직각충돌,교차로운행방법위반,건조,맑음,교차로 - 교차로안,승용,남,56세,상해없음,승용,남,45세,경상
2013091900100065,2013년 9월 19일 08시,목요일,전라남도 함평군 학교면,경상사고,0,0,1,0,차대차 - 측면직각충돌,직진우회전진행방해,건조,맑음,교차로 - 교차로안,이륜,남,66세,경상,승용,남,36세,상해없음
2013091900100093,2013년 9월 19일 10시,목요일,전라남도 나주시 산포면,경상사고,0,0,2,3,차대차 - 기타,안전거리미확보,건조,맑음,교차로 - 교차로부근,승용,남,41세,상해없음,승용,남,52세,상해없음
2013091900100094,2013년 9월 19일 10시,목요일,전라남도 강진군 칠량면,경상사고,0,0,4,0,차대차 - 측면직각충돌,직진우회전진행방해,건조,맑음,교차로 - 교차로안,승용,남,22세,상해없음,승용,남,31세,경상
2013091900100106,2013년 9월 19일 11시,목요일,전라남도 해남군 옥천면,중상사고,0,1,0,0,차대차 - 측면직각충돌,교차로운행방법위반,건조,맑음,교차로 - 교차로안,승용,남,64세,상해없음,농기계,남,80세,중상
2013091900100135,2013년 9월 19일 12시,목요일,전라남도 순천시 별량면,경상사고,0,0,5,0,차대차 - 추돌 - 진행중,안전운전불이행,건조,맑음,교차로 - 교차로부근,화물,남,32세,상해없음,승용,남,43세,경상
2013091900100136,2013년 9월 19일 12시,목요일,전라남도 순천시 별량면,경상사고,0,0,1,0,차대차 - 추돌 - 진행중,안전거리미확보,건조,맑음,교차로 - 교차로부근,승용,남,60세,상해없음,승용,남,34세,경상
2013091900100137,2013년 9월 19일 12시,목요일,전라남도 화순군 남면,중상사고,0,1,8,0,차대차 - 기타,안전거리미확보,건조,맑음,단일로 - 기타,승용,남,33세,경상,승용,남,30세,경상
2013091900100138,2013년 9월 19일 12시,목요일,전라남도 무안군 청계면,경상사고,0,0,4,0,차대차 - 추돌 - 진행중,안전운전불이행,건조,맑음,단일로 - 기타,승용,여,43세,상해없음,승합,남,49세,상해없음
2013091900100170,2013년 9월 19일 13시,목요일,전라남도 곡성군 입면,경상사고,0,0,2,0,차대차 - 정면충돌,중앙선침범,건조,맑음,단일로 - 기타,화물,남,57세,상해없음,승용,남,43세,경상
2013091900100198,2013년 9월 19일 14시,목요일,전라남도 영광군 묘량면,경상사고,0,0,7,0,차대차 - 측면직각충돌,직진우회전진행방해,건조,맑음,교차로 - 교차로안,승용,여,46세,기타불명,승용,여,36세,경상
2013091900100199,2013년 9월 19일 14시,목요일,전라남도 영암군 삼호읍,경상사고,0,0,1,0,차대차 - 기타,기타,건조,맑음,교차로 - 교차로안,승용,남,39세,경상,이륜,남,28세,상해없음
2013091900100228,2013년 9월 19일 15시,목요일,전라남도 여수시 화치동,경상사고,0,0,4,0,차대차 - 추돌 - 주정차중,안전거리미확보,건조,맑음,교차로 - 교차로부근,승용,남,49세,상해없음,승용,남,47세,경상
2013091900100229,2013년 9월 19일 15시,목요일,전라남도 순천시 풍덕동,경상사고,0,0,4,0,차대차 - 기타,직진우회전진행방해,건조,맑음,교차로 - 교차로안,승용,여,25세,경상,화물,남,55세,상해없음
2013091900100259,2013년 9월 19일 16시,목요일,전라남도 여수시 학동,경상사고,0,0,4,0,차대차 - 기타,안전운전불이행,건조,맑음,단일로 - 기타,승용,남,45세,상해없음,승용,남,30세,경상
2013091900100260,2013년 9월 19일 16시,목요일,전라남도 여수시 문수동,경상사고,0,0,1,0,차대차 - 측면직각충돌,교차로운행방법위반,건조,맑음,교차로 - 교차로안,자전거,남,7세,경상,승용,남,39세,상해없음
2013091900100261,2013년 9월 19일 16시,목요일,전라남도 고흥군 고흥읍,경상사고,0,0,3,0,차대차 - 기타,중앙선침범,건조,맑음,교차로 - 교차로부근,승합,남,45세,상해없음,승합,남,34세,경상
2013091900100262,2013년 9월 19일 16시,목요일,전라남도 화순군 화순읍,경상사고,0,0,14,0,차대차 - 추돌 - 진행중,안전거리미확보,건조,맑음,단일로 - 기타,화물,남,23세,상해없음,승용,남,30세,경상
2013091900100263,2013년 9월 19일 16시,목요일,전라남도 무안군 청계면,경상사고,0,0,1,0,차대차 - 추돌 - 진행중,안전운전불이행,건조,맑음,단일로 - 기타,승용,남,39세,상해없음,승용,여,38세,경상
2013091900100282,2013년 9월 19일 17시,목요일,전라남도 목포시 연산동,경상사고,0,0,1,0,차대차 - 기타,중앙선침범,건조,맑음,단일로 - 기타,화물,남,48세,상해없음,승용,남,39세,경상
2013091900100283,2013년 9월 19일 17시,목요일,전라남도 보성군 조성면,경상사고,0,0,3,0,차대차 - 측면직각충돌,중앙선침범,건조,맑음,단일로 - 기타,화물,남,70세,상해없음,화물,남,66세,경상
2013091900100284,2013년 9월 19일 17시,목요일,전라남도 완도군 완도읍,중상사고,0,2,0,0,차대차 - 추돌 - 진행중,안전운전불이행,건조,맑음,교차로 - 교차로부근,승용,남,51세,상해없음,승용,남,44세,중상
2013091900100285,2013년 9월 19일 17시,목요일,전라남도 광양시 광양읍,경상사고,0,0,1,0,차대차 - 측면직각충돌,안전운전불이행,건조,맑음,교차로 - 교차로부근,화물,남,55세,상해없음,승용,남,36세,경상
2013091900100307,2013년 9월 19일 18시,목요일,전라남도 여수시 화양면,경상사고,0,0,2,0,차대사람 - 기타,중앙선침범,건조,맑음,단일로 - 기타,승용,남,39세,상해없음,보행자,여,84세,경상
2013091900100308,2013년 9월 19일 18시,목요일,전라남도 보성군 득량면,중상사고,0,1,0,0,차대차 - 추돌 - 주정차중,교차로운행방법위반,건조,맑음,교차로 - 교차로안,승용,남,20세,상해없음,승용,남,49세,중상
2013091900100309,2013년 9월 19일 18시,목요일,전라남도 화순군 화순읍,경상사고,0,0,1,0,차대차 - 측면직각충돌,안전운전불이행,건조,맑음,단일로 - 기타,승용,남,64세,경상,승용,여,48세,상해없음
2013091900100310,2013년 9월 19일 18시,목요일,전라남도 담양군 월산면,부상신고사고,0,0,0,1,차대차 - 기타,중앙선침범,건조,맑음,단일로 - 기타,원동기,남,52세,부상신고,승용,여,45세,상해없음
2013091900100324,2013년 9월 19일 19시,목요일,전라남도 신안군 지도읍,중상사고,0,1,0,0,차대차 - 기타,중앙선침범,건조,맑음,단일로 - 기타,승용,남,48세,상해없음,원동기,남,75세,중상
2013091900100325,2013년 9월 19일 19시,목요일,전라남도 광양시 다압면,경상사고,0,0,1,0,차량단독 - 공작물충돌,안전운전불이행,건조,맑음,단일로 - 기타,승용,남,59세,경상,,,,
2013091900100355,2013년 9월 19일 20시,목요일,전라남도 목포시 산정동,경상사고,0,0,1,0,차대차 - 기타,안전운전불이행,건조,맑음,단일로 - 기타,승용,남,40세,경상,승용,여,53세,상해없음
2013091900100356,2013년 9월 19일 20시,목요일,전라남도 화순군 화순읍,경상사고,0,0,4,0,차대차 - 추돌 - 진행중,안전거리미확보,건조,맑음,단일로 - 기타,화물,남,43세,상해없음,승용,여,45세,경상
2013091900100357,2013년 9월 19일 20시,목요일,전라남도 영암군 영암읍,중상사고,0,2,1,0,차대차 - 기타,안전운전불이행,건조,맑음,단일로 - 기타,승용,남,33세,상해없음,승용,남,68세,중상
2013091900100382,2013년 9월 19일 21시,목요일,전라남도 목포시 대성동,사망사고,1,0,0,0,차대사람 - 횡단중,과속,건조,맑음,단일로 - 기타,승용,남,43세,상해없음,보행자,여,63세,사망
2013091900100383,2013년 9월 19일 21시,목요일,전라남도 순천시 연향동,경상사고,0,0,2,0,차대차 - 기타,안전운전불이행,건조,맑음,교차로 - 교차로부근,승용,남,50세,상해없음,승용,남,62세,경상
2013091900100384,2013년 9월 19일 21시,목요일,전라남도 나주시 보산동,경상사고,0,0,1,0,차대차 - 기타,안전운전불이행,건조,맑음,단일로 - 기타,승용,남,33세,상해없음,승용,여,25세,상해없음
2013091900100405,2013년 9월 19일 22시,목요일,전라남도 고흥군 금산면,부상신고사고,0,0,0,1,차량단독 - 공작물충돌,안전운전불이행,건조,맑음,교차로 - 교차로부근,화물,남,56세,상해없음,,,,
2013091900100406,2013년 9월 19일 22시,목요일,전라남도 해남군 송지면,경상사고,0,0,1,0,차대사람 - 기타,안전운전불이행,건조,맑음,단일로 - 기타,승용,남,35세,상해없음,보행자,남,18세,경상
2013091900100423,2013년 9월 19일 23시,목요일,전라남도 광양시 금호동,경상사고,0,0,3,0,차대차 - 추돌 - 주정차중,안전운전불이행,습기,기타,교차로 - 교차로부근,화물,남,60세,상해없음,승용,남,58세,경상
2013092000100047,2013년 9월 20일 04시,금요일,전라남도 고흥군 도화면,사망사고,1,0,0,0,차대사람 - 길가장자리구역통행중,안전운전불이행,건조,맑음,단일로 - 기타,승용,남,48세,상해없음,보행자,남,66세,사망
2013092000100083,2013년 9월 20일 08시,금요일,전라남도 순천시 해룡면,경상사고,0,0,2,0,차대차 - 기타,신호위반,건조,맑음,교차로 - 교차로부근,승용,여,51세,상해없음,승용,여,45세,경상
2013092000100092,2013년 9월 20일 09시,금요일,전라남도 장흥군 대덕읍,중상사고,0,1,0,0,차량단독 - 전도전복,안전운전불이행,건조,맑음,단일로 - 기타,원동기,남,71세,중상,,,,
2013092000100122,2013년 9월 20일 11시,금요일,전라남도 순천시 황전면,중상사고,0,1,1,0,차대차 - 정면충돌,중앙선침범,건조,맑음,단일로 - 기타,승용,여,60세,상해없음,승용,남,34세,경상
2013092000100123,2013년 9월 20일 11시,금요일,전라남도 함평군 학교면,경상사고,0,0,2,0,차대차 - 추돌 - 주정차중,안전운전불이행,건조,맑음,교차로 - 교차로안,승용,남,22세,상해없음,승용,남,28세,경상
2013092000100146,2013년 9월 20일 12시,금요일,전라남도 순천시 별량면,중상사고,0,1,1,2,차량단독 - 전도전복,안전운전불이행,건조,맑음,단일로 - 기타,승용,남,42세,상해없음,,,,
2013092000100162,2013년 9월 20일 13시,금요일,전라남도 장흥군 장흥읍,경상사고,0,0,2,0,차대차 - 측면직각충돌,교차로운행방법위반,건조,맑음,교차로 - 교차로안,승용,남,44세,상해없음,승용,남,19세,경상
2013092000100163,2013년 9월 20일 13시,금요일,전라남도 담양군 담양읍,경상사고,0,0,1,0,차대차 - 측면직각충돌,안전운전불이행,건조,맑음,교차로 - 교차로안,승용,남,49세,상해없음,승용,남,31세,경상
2013092000100164,2013년 9월 20일 13시,금요일,전라남도 장성군 북이면,경상사고,0,0,1,0,차대차 - 측면직각충돌,안전운전불이행,건조,맑음,기타 - 기타,승용,남,62세,상해없음,승용,남,53세,경상
2013092000100188,2013년 9월 20일 14시,금요일,전라남도 여수시 신기동,경상사고,0,0,3,0,차대차 - 기타,중앙선침범,건조,맑음,단일로 - 기타,승용,남,42세,상해없음,승용,남,58세,상해없음
2013092000100189,2013년 9월 20일 14시,금요일,전라남도 나주시 경현동,경상사고,0,0,2,0,차대차 - 추돌 - 주정차중,안전운전불이행,건조,맑음,교차로 - 교차로부근,승용,남,31세,상해없음,승합,남,52세,상해없음
2013092000100190,2013년 9월 20일 14시,금요일,전라남도 해남군 해남읍,경상사고,0,0,3,0,차대차 - 기타,신호위반,건조,맑음,교차로 - 교차로안,승용,남,19세,상해없음,승용,여,54세,경상
2013092000100191,2013년 9월 20일 14시,금요일,전라남도 무안군 망운면,경상사고,0,0,2,0,차대차 - 측면직각충돌,안전운전불이행,건조,맑음,교차로 - 교차로안,승용,남,53세,상해없음,승용,남,42세,경상
2013092000100192,2013년 9월 20일 14시,금요일,전라남도 구례군 산동면,중상사고,0,1,0,0,차대사람 - 기타,안전운전불이행,건조,맑음,단일로 - 기타,승용,남,53세,상해없음,보행자,여,61세,중상
2013092000100215,2013년 9월 20일 15시,금요일,전라남도 목포시 동명동,경상사고,0,0,1,0,차대사람 - 길가장자리구역통행중,안전운전불이행,건조,맑음,단일로 - 기타,승용,남,38세,상해없음,보행자,여,64세,경상
2013092000100216,2013년 9월 20일 15시,금요일,전라남도 해남군 삼산면,사망사고,1,0,0,0,차대차 - 기타,안전운전불이행,건조,맑음,단일로 - 기타,승용,남,57세,사망,승용,남,45세,상해없음
2013092000100241,2013년 9월 20일 16시,금요일,전라남도 여수시 안산동,경상사고,0,0,1,0,차대차 - 측면직각충돌,안전거리미확보,건조,맑음,단일로 - 기타,이륜,남,62세,경상,승용,남,49세,상해없음
2013092000100242,2013년 9월 20일 16시,금요일,전라남도 여수시 여서동,경상사고,0,0,1,0,차대차 - 기타,안전거리미확보,건조,맑음,단일로 - 터널,승용,남,31세,상해없음,승용,남,47세,경상
2013092000100243,2013년 9월 20일 16시,금요일,전라남도 순천시 행동,경상사고,0,0,1,0,차대차 - 기타,안전운전불이행,건조,맑음,단일로 - 기타,승용,남,66세,상해없음,기타불명,기타불명,기타불명,기타불명
2013092000100244,2013년 9월 20일 16시,금요일,전라남도 담양군 금성면,경상사고,0,0,2,0,차대차 - 추돌 - 진행중,안전운전불이행,건조,맑음,단일로 - 기타,승용,여,55세,상해없음,승용,남,58세,경상
2013092000100268,2013년 9월 20일 17시,금요일,전라남도 순천시 오천동,경상사고,0,0,2,0,차대차 - 기타,직진우회전진행방해,건조,맑음,교차로 - 교차로안,승용,여,30세,상해없음,승용,남,42세,경상
2013092000100269,2013년 9월 20일 17시,금요일,전라남도 장흥군 장흥읍,경상사고,0,0,1,0,차대차 - 측면직각충돌,교차로운행방법위반,건조,맑음,교차로 - 교차로안,원동기,남,19세,경상,승용,남,56세,상해없음
2013092000100270,2013년 9월 20일 17시,금요일,전라남도 고흥군 도양읍,중상사고,0,1,0,0,차대사람 - 기타,안전운전불이행,건조,맑음,단일로 - 기타,승용,여,62세,상해없음,보행자,여,11세,중상
2013092000100271,2013년 9월 20일 17시,금요일,전라남도 화순군 화순읍,경상사고,0,0,7,0,차대차 - 추돌 - 주정차중,안전운전불이행,건조,맑음,단일로 - 기타,승용,남,63세,상해없음,승용,남,37세,경상
2013092000100272,2013년 9월 20일 17시,금요일,전라남도 담양군 담양읍,중상사고,0,2,0,0,차대차 - 정면충돌,중앙선침범,건조,맑음,단일로 - 기타,승용,남,50세,중상,승용,남,42세,중상
2013092000100291,2013년 9월 20일 18시,금요일,전라남도 장흥군 안양면,중상사고,0,1,0,0,차대차 - 측면직각충돌,교차로운행방법위반,건조,맑음,교차로 - 교차로안,원동기,남,80세,중상,승용,남,23세,상해없음
2013092000100292,2013년 9월 20일 18시,금요일,전라남도 영광군 영광읍,경상사고,0,0,1,0,차대차 - 정면충돌,안전운전불이행,건조,맑음,단일로 - 기타,승용,남,54세,상해없음,화물,남,54세,경상
2013092000100293,2013년 9월 20일 18시,금요일,전라남도 화순군 도곡면,경상사고,0,0,2,0,차대차 - 측면직각충돌,안전운전불이행,건조,맑음,교차로 - 교차로부근,승합,여,57세,상해없음,승용,여,42세,경상
2013092000100320,2013년 9월 20일 19시,금요일,전라남도 목포시 온금동,경상사고,0,0,1,0,차대차 - 정면충돌,안전운전불이행,건조,맑음,단일로 - 기타,승용,남,29세,상해없음,원동기,남,76세,경상
2013092000100321,2013년 9월 20일 19시,금요일,전라남도 순천시 연향동,경상사고,0,0,2,0,차대차 - 기타,안전운전불이행,건조,맑음,교차로 - 교차로안,승용,남,25세,상해없음,승용,남,28세,경상
2013092000100322,2013년 9월 20일 19시,금요일,전라남도 순천시 장천동,경상사고,0,0,3,0,차대차 - 측면직각충돌,교차로운행방법위반,건조,맑음,교차로 - 교차로안,승용,남,42세,경상,승용,남,58세,경상
2013092000100323,2013년 9월 20일 19시,금요일,전라남도 나주시 문평면,중상사고,0,1,0,0,차량단독 - 기타,안전운전불이행,건조,맑음,단일로 - 기타,이륜,남,66세,상해없음,,,,
2013092000100324,2013년 9월 20일 19시,금요일,전라남도 영광군 군서면,중상사고,0,1,0,0,차대차 - 기타,교차로운행방법위반,건조,맑음,교차로 - 교차로안,승용,남,40세,상해없음,이륜,남,50세,중상
2013092000100325,2013년 9월 20일 19시,금요일,전라남도 화순군 화순읍,경상사고,0,0,9,0,차대차 - 추돌 - 진행중,안전운전불이행,건조,맑음,단일로 - 기타,승용,남,36세,상해없음,승용,여,46세,경상
2013092000100373,2013년 9월 20일 21시,금요일,전라남도 목포시 산정동,경상사고,0,0,1,0,차대사람 - 횡단중,안전운전불이행,건조,맑음,단일로 - 기타,승용,남,40세,상해없음,보행자,여,31세,경상
2013092000100374,2013년 9월 20일 21시,금요일,전라남도 보성군 미력면,중상사고,0,1,4,0,차대차 - 측면직각충돌,직진우회전진행방해,건조,맑음,교차로 - 교차로안,승용,남,28세,경상,승용,여,42세,중상
2013092000100375,2013년 9월 20일 21시,금요일,전라남도 광양시 광양읍,경상사고,0,0,1,0,차대차 - 측면직각충돌,교차로운행방법위반,건조,맑음,교차로 - 교차로안,승용,남,31세,상해없음,승용,남,57세,경상
2013092000100393,2013년 9월 20일 22시,금요일,전라남도 순천시 연향동,경상사고,0,0,1,0,차대사람 - 횡단중,보행자보호의무위반,건조,맑음,단일로 - 기타,승용,여,46세,기타불명,보행자,여,17세,경상
2013092000100394,2013년 9월 20일 22시,금요일,전라남도 영광군 대마면,중상사고,0,1,0,0,차량단독 - 공작물충돌,안전운전불이행,건조,맑음,단일로 - 기타,화물,남,32세,중상,,,,
2013092000100412,2013년 9월 20일 23시,금요일,전라남도 무안군 해제면,사망사고,1,0,0,0,차량단독 - 전도전복,안전운전불이행,건조,맑음,단일로 - 기타,승용,남,26세,사망,,,,
2013092100100009,2013년 9월 21일 00시,토요일,전라남도 여수시 학동,경상사고,0,0,1,0,차대사람 - 기타,안전운전불이행,건조,맑음,단일로 - 기타,승용,남,35세,상해없음,보행자,남,21세,경상
2013092100100010,2013년 9월 21일 00시,토요일,전라남도 여수시 봉강동,경상사고,0,0,2,0,차대차 - 추돌 - 진행중,안전운전불이행,건조,맑음,단일로 - 기타,승용,남,23세,상해없음,승용,남,25세,경상
2013092100100023,2013년 9월 21일 01시,토요일,전라남도 보성군 미력면,경상사고,0,0,2,0,차대차 - 추돌 - 주정차중,안전운전불이행,건조,맑음,단일로 - 기타,승용,남,33세,상해없음,승합,남,56세,경상
2013092100100037,2013년 9월 21일 02시,토요일,전라남도 목포시 산정동,중상사고,0,1,2,0,차대차 - 추돌 - 주정차중,안전운전불이행,건조,맑음,단일로 - 기타,승용,여,27세,상해없음,승용,여,44세,경상
2013092100100065,2013년 9월 21일 04시,토요일,전라남도 목포시 상동,경상사고,0,0,1,0,차대사람 - 기타,안전운전불이행,건조,맑음,단일로 - 기타,기타불명,기타불명,기타불명,기타불명,보행자,남,27세,경상
2013092100100074,2013년 9월 21일 05시,토요일,전라남도 순천시 인월동,사망사고,1,0,0,0,차량단독 - 전도전복,안전운전불이행,건조,맑음,교차로 - 교차로부근,승용,남,31세,사망,,,,
2013092100100075,2013년 9월 21일 05시,토요일,전라남도 진도군 군내면,중상사고,0,1,3,0,차대차 - 기타,안전운전불이행,기타,안개,단일로 - 기타,승용,남,63세,경상,승합,남,68세,상해없음
2013092100100088,2013년 9월 21일 07시,토요일,전라남도 해남군 해남읍,경상사고,0,0,1,0,차대사람 - 기타,안전운전불이행,건조,맑음,교차로 - 교차로안,화물,남,68세,상해없음,보행자,여,21세,경상
2013092100100097,2013년 9월 21일 08시,토요일,전라남도 화순군 화순읍,경상사고,0,0,1,0,차대차 - 기타,안전운전불이행,건조,맑음,단일로 - 기타,승용,여,25세,상해없음,자전거,남,5세,경상
2013092100100098,2013년 9월 21일 08시,토요일,전라남도 함평군 월야면,경상사고,0,0,3,0,차대차 - 측면직각충돌,직진우회전진행방해,건조,맑음,교차로 - 교차로안,화물,남,61세,경상,승합,남,53세,상해없음
2013092100100109,2013년 9월 21일 09시,토요일,전라남도 여수시 신월동,경상사고,0,0,1,0,차대차 - 기타,안전운전불이행,건조,맑음,단일로 - 기타,원동기,남,53세,경상,승용,남,43세,상해없음
2013092100100110,2013년 9월 21일 09시,토요일,전라남도 순천시 조례동,경상사고,0,0,3,0,차대차 - 측면직각충돌,신호위반,건조,맑음,교차로 - 교차로안,승용,여,26세,경상,승용,남,37세,경상
2013092100100111,2013년 9월 21일 09시,토요일,전라남도 무안군 삼향읍,경상사고,0,0,2,0,차대차 - 측면직각충돌,직진우회전진행방해,건조,맑음,교차로 - 교차로안,승용,남,21세,경상,승용,남,38세,경상
2013092100100146,2013년 9월 21일 11시,토요일,전라남도 목포시 용당동,중상사고,0,1,1,0,차대차 - 측면직각충돌,안전운전불이행,건조,맑음,교차로 - 교차로부근,승용,남,53세,상해없음,승용,남,54세,중상
2013092100100147,2013년 9월 21일 11시,토요일,전라남도 순천시 인월동,사망사고,1,1,0,0,차대차 - 측면직각충돌,안전운전불이행,건조,맑음,교차로 - 교차로부근,승용,남,50세,상해없음,승용,남,26세,중상
2013092100100148,2013년 9월 21일 11시,토요일,전라남도 순천시 별량면,경상사고,0,0,4,0,차대차 - 추돌 - 주정차중,안전거리미확보,건조,맑음,교차로 - 교차로부근,승합,남,58세,상해없음,승용,남,54세,경상