사고번호,사고일시,요일,시군구,사고내용,사망자수,중상자수,경상자수,부상신고자수,사고유형,법규위반,노면상태,기상상태,도로형태,가해운전자 차종,가해운전자 성별,가해운전자 연령,가해운전자 상해정도,피해운전자 차종,피해운전자 성별,피해운전자 연령,피해운전자 상해정도
2013092100100173,2013년 9월 21일 12시,토요일,전라남도 강진군 강진읍,중상사고,0,1,0,0,차대차 - 측면직각충돌,직진우회전진행방해,건조,맑음,교차로 - 교차로안,이륜,여,67세,중상,승합,여,51세,상해없음
2013092100100174,2013년 9월 21일 12시,토요일,전라남도 완도군 고금면,경상사고,0,0,2,0,차량단독 - 전도전복,안전운전불이행,건조,맑음,단일로 - 기타,농기계,남,65세,경상,,,,
2013092100100202,2013년 9월 21일 13시,토요일,전라남도 화순군 동면,경상사고,0,0,3,0,차대차 - 추돌 - 주정차중,안전운전불이행,건조,맑음,단일로 - 기타,승용,남,48세,상해없음,승용,남,27세,경상
2013092100100203,2013년 9월 21일 13시,토요일,전라남도 영암군 삼호읍,경상사고,0,0,4,0,차대차 - 기타,안전운전불이행,건조,맑음,교차로 - 교차로안,승용,남,40세,상해없음,화물,남,59세,상해없음
2013092100100222,2013년 9월 21일 14시,토요일,전라남도 강진군 성전면,중상사고,0,1,1,0,차량단독 - 공작물충돌,안전운전불이행,건조,맑음,단일로 - 기타,승합,남,62세,상해없음,,,,
2013092100100276,2013년 9월 21일 16시,토요일,전라남도 구례군 용방면,중상사고,0,1,0,0,차대사람 - 기타,안전운전불이행,건조,맑음,단일로 - 기타,승용,여,31세,상해없음,보행자,여,66세,중상
2013092100100304,2013년 9월 21일 17시,토요일,전라남도 목포시 상동,중상사고,0,1,2,0,차대차 - 측면직각충돌,안전운전불이행,건조,맑음,교차로 - 교차로부근,화물,남,18세,경상,화물,남,25세,중상
2013092100100332,2013년 9월 21일 18시,토요일,전라남도 무안군 무안읍,경상사고,0,0,1,0,차대차 - 기타,안전운전불이행,건조,흐림,교차로 - 교차로안,승용,남,57세,상해없음,자전거,여,55세,경상
2013092100100396,2013년 9월 21일 20시,토요일,전라남도 무안군 무안읍,경상사고,0,0,1,0,차량단독 - 공작물충돌,안전운전불이행,건조,맑음,단일로 - 기타,승용,남,57세,경상,,,,
2013092100100427,2013년 9월 21일 21시,토요일,전라남도 목포시 옥암동,중상사고,0,1,8,0,차대차 - 추돌 - 주정차중,안전거리미확보,건조,맑음,교차로 - 교차로부근,승용,남,26세,경상,승용,여,45세,중상
2013092100100428,2013년 9월 21일 21시,토요일,전라남도 순천시 풍덕동,중상사고,0,1,0,0,차대차 - 측면직각충돌,중앙선침범,건조,맑음,단일로 - 기타,승용,남,63세,상해없음,원동기,여,43세,중상
2013092100100452,2013년 9월 21일 22시,토요일,전라남도 목포시 용해동,경상사고,0,0,4,0,차대차 - 추돌 - 진행중,안전운전불이행,건조,맑음,교차로 - 교차로안,승용,남,34세,상해없음,승용,남,53세,경상
2013092100100453,2013년 9월 21일 22시,토요일,전라남도 영암군 신북면,사망사고,1,0,0,0,차대차 - 기타,안전운전불이행,건조,맑음,단일로 - 기타,승용,여,42세,상해없음,승용,남,48세,상해없음
2013092100100485,2013년 9월 21일 23시,토요일,전라남도 순천시 조례동,경상사고,0,0,4,0,차대차 - 추돌 - 주정차중,안전운전불이행,건조,맑음,교차로 - 교차로부근,승합,남,50세,상해없음,승용,남,50세,경상
2013092200100007,2013년 9월 22일 00시,일요일,전라남도 목포시 상동,경상사고,0,0,1,0,차대사람 - 횡단중,중앙선침범,건조,맑음,단일로 - 기타,승용,남,30세,상해없음,보행자,남,21세,경상
2013092200100017,2013년 9월 22일 01시,일요일,전라남도 순천시 조례동,중상사고,0,1,0,0,차대차 - 추돌 - 주정차중,안전운전불이행,건조,맑음,단일로 - 기타,승용,남,26세,상해없음,승용,여,40세,중상
2013092200100107,2013년 9월 22일 09시,일요일,전라남도 광양시 마동,중상사고,0,3,4,0,차대차 - 측면직각충돌,직진우회전진행방해,건조,맑음,교차로 - 교차로안,승용,여,43세,중상,승용,남,45세,경상
2013092200100126,2013년 9월 22일 10시,일요일,전라남도 여수시 여서동,경상사고,0,0,1,0,차대차 - 측면직각충돌,안전운전불이행,건조,맑음,단일로 - 기타,승용,남,23세,상해없음,승용,남,46세,상해없음
2013092200100136,2013년 9월 22일 11시,일요일,전라남도 나주시 세지면,경상사고,0,0,1,0,차대사람 - 기타,기타,건조,맑음,교차로 - 교차로부근,승용,여,46세,상해없음,보행자,남,70세,경상
2013092200100200,2013년 9월 22일 14시,일요일,전라남도 여수시 관문동,경상사고,0,0,1,0,차대차 - 기타,안전운전불이행,건조,맑음,교차로 - 교차로부근,승용,남,36세,상해없음,자전거,남,71세,경상
2013092200100201,2013년 9월 22일 14시,일요일,전라남도 해남군 황산면,경상사고,0,0,4,1,차대차 - 측면직각충돌,직진우회전진행방해,건조,맑음,교차로 - 교차로안,승용,남,50세,부상신고,승용,남,38세,경상
2013092200100268,2013년 9월 22일 17시,일요일,전라남도 고흥군 풍양면,사망사고,1,0,0,0,차량단독 - 기타,안전운전불이행,건조,맑음,기타 - 기타,농기계,남,72세,사망,,,,
2013092200100269,2013년 9월 22일 17시,일요일,전라남도 광양시 광양읍,부상신고사고,0,0,0,1,차대차 - 추돌 - 진행중,안전운전불이행,건조,맑음,교차로 - 교차로부근,승용,남,44세,상해없음,이륜,남,24세,부상신고
2013092200100293,2013년 9월 22일 18시,일요일,전라남도 순천시 조례동,경상사고,0,0,1,0,차대차 - 기타,안전운전불이행,건조,맑음,단일로 - 기타,승용,남,66세,상해없음,승용,남,40세,경상
2013092200100294,2013년 9월 22일 18시,일요일,전라남도 광양시 중동,경상사고,0,0,1,0,차대차 - 측면직각충돌,안전운전불이행,건조,맑음,교차로 - 교차로부근,승용,남,57세,상해없음,원동기,남,19세,경상
2013092200100320,2013년 9월 22일 19시,일요일,전라남도 영암군 삼호읍,중상사고,0,1,0,0,차량단독 - 공작물충돌,안전운전불이행,건조,맑음,단일로 - 기타,승용,남,26세,중상,,,,
2013092200100321,2013년 9월 22일 19시,일요일,전라남도 무안군 삼향읍,경상사고,0,0,3,0,차대차 - 측면직각충돌,직진우회전진행방해,건조,맑음,교차로 - 교차로안,승용,여,31세,경상,승용,여,45세,경상
2013092200100348,2013년 9월 22일 20시,일요일,전라남도 순천시 황전면,경상사고,0,0,1,0,차대차 - 추돌 - 주정차중,안전운전불이행,건조,맑음,단일로 - 기타,승용,남,54세,상해없음,승용,남,43세,경상
2013092300100118,2013년 9월 23일 08시,월요일,전라남도 나주시 부덕동,경상사고,0,0,1,0,차대차 - 측면직각충돌,교차로운행방법위반,건조,맑음,교차로 - 교차로안,승용,남,61세,상해없음,승용,남,30세,경상
2013092300100119,2013년 9월 23일 08시,월요일,전라남도 진도군 임회면,중상사고,0,1,1,0,차대차 - 기타,중앙선침범,기타,맑음,단일로 - 기타,화물,남,40세,상해없음,이륜,남,71세,중상
2013092300100149,2013년 9월 23일 09시,월요일,전라남도 목포시 죽교동,중상사고,0,1,0,0,차대사람 - 횡단중,안전운전불이행,건조,맑음,단일로 - 횡단보도상,기타불명,기타불명,기타불명,기타불명,보행자,남,74세,중상
2013092300100150,2013년 9월 23일 09시,월요일,전라남도 순천시 덕월동,경상사고,0,0,1,0,차량단독 - 기타,안전운전불이행,건조,맑음,교차로 - 교차로안,이륜,남,49세,경상,,,,
2013092300100177,2013년 9월 23일 10시,월요일,전라남도 순천시 서면,중상사고,0,1,0,0,차대차 - 추돌 - 주정차중,안전운전불이행,건조,맑음,단일로 - 기타,이륜,여,69세,중상,승용,남,48세,상해없음
2013092300100178,2013년 9월 23일 10시,월요일,전라남도 함평군 함평읍,경상사고,0,0,1,0,차대차 - 측면직각충돌,직진우회전진행방해,건조,맑음,교차로 - 교차로안,원동기,남,80세,경상,승용,남,41세,상해없음
2013092300100179,2013년 9월 23일 10시,월요일,전라남도 진도군 임회면,중상사고,0,1,0,0,차대차 - 기타,교차로운행방법위반,건조,맑음,교차로 - 교차로안,승용,남,52세,상해없음,승합,남,65세,중상
2013092300100180,2013년 9월 23일 10시,월요일,전라남도 광양시 진월면,경상사고,0,0,1,0,차대차 - 정면충돌,안전운전불이행,건조,맑음,단일로 - 기타,승용,여,35세,상해없음,원동기,남,69세,경상
2013092300100206,2013년 9월 23일 11시,월요일,전라남도 여수시 중앙동,중상사고,0,1,0,0,차대사람 - 기타,안전운전불이행,건조,맑음,단일로 - 기타,화물,남,42세,상해없음,보행자,여,59세,중상
2013092300100207,2013년 9월 23일 11시,월요일,전라남도 순천시 동외동,중상사고,0,1,0,0,차량단독 - 기타,안전운전불이행,건조,맑음,기타 - 기타,자전거,남,52세,중상,,,,
2013092300100236,2013년 9월 23일 12시,월요일,전라남도 담양군 대덕면,중상사고,0,5,5,0,차량단독 - 전도전복,안전운전불이행,건조,맑음,단일로 - 기타,승합,남,42세,상해없음,,,,
2013092300100263,2013년 9월 23일 13시,월요일,전라남도 여수시 학동,경상사고,0,0,1,0,차대차 - 측면직각충돌,안전운전불이행,건조,맑음,교차로 - 교차로부근,기타불명,기타불명,기타불명,기타불명,자전거,남,19세,경상
2013092300100264,2013년 9월 23일 13시,월요일,전라남도 장흥군 부산면,사망사고,1,3,3,0,차대차 - 정면충돌,중앙선침범,건조,맑음,단일로 - 기타,승합,여,60세,경상,승합,남,64세,사망
2013092300100290,2013년 9월 23일 14시,월요일,전라남도 보성군 조성면,중상사고,0,1,0,0,차대사람 - 기타,안전운전불이행,건조,맑음,단일로 - 기타,특수,남,22세,상해없음,보행자,여,65세,중상
2013092300100314,2013년 9월 23일 15시,월요일,전라남도 영암군 군서면,중상사고,0,1,0,0,차대차 - 추돌 - 주정차중,안전운전불이행,건조,맑음,교차로 - 교차로부근,원동기,남,56세,중상,승용,남,33세,상해없음
2013092300100315,2013년 9월 23일 15시,월요일,전라남도 곡성군 곡성읍,중상사고,0,1,0,0,차대차 - 기타,안전운전불이행,건조,맑음,교차로 - 교차로부근,승용,남,56세,상해없음,자전거,남,7세,중상
2013092300100382,2013년 9월 23일 17시,월요일,전라남도 목포시 행복동2가,경상사고,0,0,1,1,차대차 - 측면직각충돌,직진우회전진행방해,건조,맑음,교차로 - 교차로안,승용,남,26세,부상신고,승용,남,55세,경상
2013092300100383,2013년 9월 23일 17시,월요일,전라남도 여수시 화장동,경상사고,0,0,1,0,차대사람 - 횡단중,안전운전불이행,건조,맑음,단일로 - 기타,화물,남,23세,상해없음,보행자,여,7세,경상
2013092300100384,2013년 9월 23일 17시,월요일,전라남도 강진군 칠량면,경상사고,0,0,1,0,차대차 - 측면직각충돌,안전운전불이행,건조,맑음,단일로 - 기타,승용,남,59세,상해없음,원동기,남,76세,경상
2013092300100385,2013년 9월 23일 17시,월요일,전라남도 담양군 금성면,경상사고,0,0,2,0,차대차 - 추돌 - 진행중,안전운전불이행,건조,맑음,단일로 - 기타,승용,남,29세,상해없음,승용,남,53세,상해없음
2013092300100415,2013년 9월 23일 18시,월요일,전라남도 목포시 석현동,경상사고,0,0,1,0,차대차 - 측면직각충돌,안전거리미확보,건조,맑음,단일로 - 기타,화물,남,39세,상해없음,자전거,남,46세,경상
2013092300100416,2013년 9월 23일 18시,월요일,전라남도 구례군 구례읍,중상사고,0,2,0,1,차대차 - 정면충돌,중앙선침범,건조,맑음,단일로 - 기타,승용,여,55세,부상신고,승용,남,50세,중상
2013092300100533,2013년 9월 23일 23시,월요일,전라남도 해남군 해남읍,중상사고,0,1,0,0,차대사람 - 길가장자리구역통행중,안전운전불이행,건조,맑음,교차로 - 교차로부근,승용,남,50세,상해없음,보행자,남,40세,중상
2013092300100534,2013년 9월 23일 23시,월요일,전라남도 구례군 문척면,경상사고,0,0,1,0,차대차 - 추돌 - 주정차중,기타,건조,맑음,단일로 - 기타,원동기,남,45세,경상,화물,남,58세,기타불명
2013092400100018,2013년 9월 24일 01시,화요일,전라남도 나주시 삼영동,경상사고,0,0,2,0,차대차 - 측면직각충돌,중앙선침범,건조,맑음,단일로 - 교량,승용,남,35세,상해없음,승용,남,34세,경상
2013092400100019,2013년 9월 24일 01시,화요일,전라남도 장흥군 장흥읍,경상사고,0,0,1,0,차량단독 - 공작물충돌,안전운전불이행,건조,맑음,단일로 - 기타,승용,남,41세,경상,,,,
2013092400100031,2013년 9월 24일 02시,화요일,전라남도 해남군 문내면,사망사고,1,1,0,0,차대차 - 추돌 - 주정차중,안전운전불이행,건조,맑음,단일로 - 기타,화물,남,52세,사망,화물,남,37세,중상
2013092400100036,2013년 9월 24일 03시,화요일,전라남도 여수시 둔덕동,경상사고,0,0,2,0,차량단독 - 기타,기타,건조,맑음,단일로 - 기타,이륜,남,19세,경상,,,,
2013092400100055,2013년 9월 24일 05시,화요일,전라남도 목포시 상동,중상사고,0,1,0,0,차대사람 - 기타,신호위반,건조,맑음,단일로 - 기타,승용,여,61세,상해없음,보행자,여,52세,중상
2013092400100083,2013년 9월 24일 07시,화요일,전라남도 영암군 삼호읍,경상사고,0,0,3,0,차대차 - 측면직각충돌,안전거리미확보,건조,맑음,단일로 - 기타,승용,여,22세,경상,승용,남,47세,경상
2013092400100084,2013년 9월 24일 07시,화요일,전라남도 무안군 삼향읍,경상사고,0,0,2,0,차대차 - 측면직각충돌,신호위반,건조,맑음,교차로 - 교차로안,승용,여,48세,상해없음,승용,남,58세,경상
2013092400100114,2013년 9월 24일 08시,화요일,전라남도 순천시 해룡면,경상사고,0,0,1,0,차대사람 - 횡단중,보행자보호의무위반,건조,맑음,교차로 - 교차로부근,승용,여,34세,상해없음,보행자,남,15세,경상
2013092400100115,2013년 9월 24일 08시,화요일,전라남도 장성군 삼계면,경상사고,0,0,2,0,차대차 - 측면직각충돌,안전운전불이행,건조,맑음,교차로 - 교차로안,승용,여,43세,상해없음,화물,남,42세,상해없음
2013092400100116,2013년 9월 24일 08시,화요일,전라남도 무안군 현경면,중상사고,0,1,0,0,차대차 - 기타,안전운전불이행,건조,맑음,단일로 - 기타,기타불명,기타불명,기타불명,기타불명,이륜,여,75세,중상
2013092400100117,2013년 9월 24일 08시,화요일,전라남도 광양시 광영동,경상사고,0,0,1,0,차대차 - 측면직각충돌,안전운전불이행,건조,맑음,단일로 - 기타,승용,남,64세,상해없음,승합,여,46세,경상
2013092400100118,2013년 9월 24일 08시,화요일,전라남도 광양시 광영동,경상사고,0,0,1,0,차대차 - 기타,안전운전불이행,건조,맑음,교차로 - 교차로부근,승용,남,30세,상해없음,자전거,여,44세,경상
2013092400100147,2013년 9월 24일 09시,화요일,전라남도 나주시 남평읍,경상사고,0,0,1,0,차대사람 - 기타,안전운전불이행,건조,맑음,기타 - 기타,승용,남,38세,상해없음,보행자,여,45세,경상
2013092400100213,2013년 9월 24일 11시,화요일,전라남도 목포시 용당동,경상사고,0,0,2,0,차대차 - 측면직각충돌,교차로운행방법위반,건조,맑음,교차로 - 교차로안,승용,남,43세,경상,이륜,남,71세,경상
2013092400100234,2013년 9월 24일 12시,화요일,전라남도 목포시 상동,경상사고,0,0,1,0,차대차 - 기타,안전거리미확보,건조,맑음,단일로 - 기타,승용,남,49세,상해없음,이륜,남,39세,경상
2013092400100235,2013년 9월 24일 12시,화요일,전라남도 여수시 봉산동,중상사고,0,1,0,0,차대차 - 추돌 - 진행중,안전운전불이행,건조,맑음,교차로 - 교차로안,승용,남,56세,기타불명,원동기,남,53세,중상
2013092400100236,2013년 9월 24일 12시,화요일,전라남도 고흥군 포두면,중상사고,0,1,1,0,차대차 - 정면충돌,중앙선침범,건조,맑음,단일로 - 기타,화물,남,65세,경상,화물,남,70세,중상
2013092400100255,2013년 9월 24일 13시,화요일,전라남도 목포시 옥암동,경상사고,0,0,1,0,차대차 - 추돌 - 진행중,안전운전불이행,건조,맑음,단일로 - 기타,승용,남,30세,상해없음,승용,남,49세,경상
2013092400100256,2013년 9월 24일 13시,화요일,전라남도 영암군 삼호읍,경상사고,0,0,3,0,차대차 - 측면직각충돌,안전거리미확보,건조,맑음,교차로 - 교차로부근,화물,남,31세,상해없음,화물,남,34세,경상
2013092400100257,2013년 9월 24일 13시,화요일,전라남도 강진군 강진읍,경상사고,0,0,1,0,차대사람 - 기타,안전운전불이행,건조,맑음,단일로 - 기타,승용,남,74세,상해없음,보행자,여,81세,경상
2013092400100275,2013년 9월 24일 14시,화요일,전라남도 영암군 삼호읍,중상사고,0,1,1,0,차대차 - 추돌 - 주정차중,안전운전불이행,건조,맑음,교차로 - 교차로안,화물,남,56세,경상,승용,남,35세,중상
2013092400100276,2013년 9월 24일 14시,화요일,전라남도 광양시 광양읍,경상사고,0,0,1,0,차대차 - 측면직각충돌,중앙선침범,건조,맑음,단일로 - 기타,승용,남,46세,상해없음,승용,여,38세,경상
2013092400100299,2013년 9월 24일 15시,화요일,전라남도 곡성군 입면,경상사고,0,0,2,0,차대차 - 추돌 - 진행중,안전거리미확보,습기,흐림,교차로 - 교차로부근,승용,여,38세,상해없음,승용,남,57세,경상
2013092400100327,2013년 9월 24일 16시,화요일,전라남도 화순군 동면,중상사고,0,1,0,1,차대차 - 측면직각충돌,안전운전불이행,건조,맑음,단일로 - 기타,승용,여,40세,부상신고,승합,남,61세,중상
2013092400100389,2013년 9월 24일 18시,화요일,전라남도 목포시 북교동,경상사고,0,0,1,0,차대사람 - 기타,안전운전불이행,건조,맑음,단일로 - 기타,승용,남,48세,상해없음,보행자,여,13세,경상
2013092400100431,2013년 9월 24일 19시,화요일,전라남도 여수시 선원동,경상사고,0,0,1,0,차대차 - 측면직각충돌,교차로운행방법위반,건조,맑음,교차로 - 교차로안,승용,남,60세,상해없음,이륜,남,17세,경상
2013092400100432,2013년 9월 24일 19시,화요일,전라남도 나주시 남평읍,경상사고,0,0,2,0,차대차 - 측면직각충돌,기타,건조,맑음,기타 - 기타,승용,남,25세,경상,승용,남,65세,경상
2013092400100459,2013년 9월 24일 20시,화요일,전라남도 영암군 신북면,중상사고,0,1,1,0,차대차 - 추돌 - 진행중,안전운전불이행,건조,맑음,단일로 - 기타,화물,남,54세,경상,승합,남,57세,중상
2013092500100220,2013년 9월 25일 11시,수요일,전라남도 무안군 삼향읍,경상사고,0,0,1,0,차대차 - 측면직각충돌,직진우회전진행방해,건조,맑음,교차로 - 교차로안,승용,남,52세,상해없음,이륜,남,29세,경상
2013092500100246,2013년 9월 25일 12시,수요일,전라남도 보성군 조성면,중상사고,0,1,0,0,차대차 - 측면직각충돌,안전운전불이행,건조,맑음,교차로 - 교차로안,화물,남,50세,상해없음,원동기,여,65세,중상
2013092500100247,2013년 9월 25일 12시,수요일,전라남도 화순군 춘양면,중상사고,0,2,0,0,차대차 - 측면직각충돌,안전운전불이행,건조,맑음,단일로 - 기타,승용,남,63세,상해없음,원동기,남,74세,중상
2013092500100248,2013년 9월 25일 12시,수요일,전라남도 무안군 삼향읍,경상사고,0,0,1,0,차대차 - 측면직각충돌,직진우회전진행방해,건조,맑음,교차로 - 교차로안,화물,남,35세,상해없음,승용,여,43세,경상
2013092500100275,2013년 9월 25일 13시,수요일,전라남도 순천시 주암면,중상사고,0,1,0,0,차대차 - 정면충돌,안전운전불이행,건조,맑음,단일로 - 기타,화물,남,65세,상해없음,원동기,여,54세,중상
2013092500100276,2013년 9월 25일 13시,수요일,전라남도 장흥군 장흥읍,중상사고,0,1,0,0,차대차 - 추돌 - 주정차중,안전운전불이행,건조,맑음,단일로 - 기타,승용,여,31세,상해없음,화물,남,52세,기타불명
2013092500100277,2013년 9월 25일 13시,수요일,전라남도 해남군 삼산면,부상신고사고,0,0,0,1,차대차 - 기타,안전운전불이행,건조,맑음,단일로 - 기타,승용,여,37세,부상신고,승용,남,62세,상해없음
2013092500100278,2013년 9월 25일 13시,수요일,전라남도 장성군 삼서면,경상사고,0,0,1,0,차대차 - 측면직각충돌,교차로운행방법위반,건조,맑음,교차로 - 교차로안,승용,남,71세,상해없음,승용,여,47세,경상
2013092500100304,2013년 9월 25일 14시,수요일,전라남도 목포시 옥암동,경상사고,0,0,1,0,차대사람 - 기타,안전운전불이행,건조,맑음,단일로 - 기타,승용,남,52세,상해없음,보행자,남,7세,경상
2013092500100305,2013년 9월 25일 14시,수요일,전라남도 나주시 노안면,경상사고,0,0,1,0,차대차 - 기타,안전운전불이행,건조,맑음,교차로 - 교차로안,이륜,여,70세,경상,화물,남,47세,상해없음
2013092500100306,2013년 9월 25일 14시,수요일,전라남도 완도군 고금면,중상사고,0,1,3,0,차대차 - 추돌 - 진행중,중앙선침범,건조,맑음,단일로 - 기타,화물,남,69세,상해없음,승용,여,46세,경상
2013092500100307,2013년 9월 25일 14시,수요일,전라남도 완도군 완도읍,중상사고,0,1,1,0,차대차 - 추돌 - 진행중,안전운전불이행,건조,맑음,단일로 - 기타,승용,남,33세,중상,승용,여,55세,경상
2013092500100335,2013년 9월 25일 15시,수요일,전라남도 곡성군 목사동면,경상사고,0,0,1,0,차대차 - 측면직각충돌,직진우회전진행방해,건조,맑음,교차로 - 교차로안,이륜,남,70세,경상,승용,남,48세,상해없음
2013092500100373,2013년 9월 25일 16시,수요일,전라남도 보성군 득량면,중상사고,0,2,0,0,차대차 - 추돌 - 진행중,안전운전불이행,건조,맑음,단일로 - 기타,화물,남,47세,상해없음,이륜,남,71세,중상
2013092500100414,2013년 9월 25일 17시,수요일,전라남도 나주시 세지면,경상사고,0,0,1,0,차대차 - 기타,중앙선침범,건조,맑음,교차로 - 교차로부근,화물,남,56세,상해없음,승용,여,29세,경상
2013092500100450,2013년 9월 25일 18시,수요일,전라남도 목포시 상동,경상사고,0,0,1,0,차대차 - 측면직각충돌,직진우회전진행방해,건조,맑음,교차로 - 교차로안,승용,남,33세,상해없음,이륜,남,23세,경상
2013092500100451,2013년 9월 25일 18시,수요일,전라남도 여수시 화장동,경상사고,0,0,2,0,차대차 - 측면직각충돌,안전운전불이행,건조,맑음,교차로 - 교차로안,승용,여,41세,상해없음,승용,남,24세,경상
2013092500100452,2013년 9월 25일 18시,수요일,전라남도 나주시 동강면,중상사고,0,1,0,0,차량단독 - 공작물충돌,안전운전불이행,건조,맑음,단일로 - 기타,화물,남,54세,중상,,,,
2013092500100494,2013년 9월 25일 19시,수요일,전라남도 목포시 상동,경상사고,0,0,1,0,차대차 - 기타,신호위반,건조,흐림,교차로 - 교차로안,승용,남,29세,상해없음,승용,남,27세,경상
2013092500100495,2013년 9월 25일 19시,수요일,전라남도 고흥군 영남면,경상사고,0,0,1,0,차대차 - 측면직각충돌,안전운전불이행,건조,맑음,교차로 - 교차로안,화물,남,60세,상해없음,화물,남,50세,상해없음
2013092500100496,2013년 9월 25일 19시,수요일,전라남도 담양군 담양읍,경상사고,0,0,1,0,차대차 - 측면직각충돌,교차로운행방법위반,건조,맑음,교차로 - 교차로안,원동기,남,67세,상해없음,승용,남,27세,경상
2013092500100497,2013년 9월 25일 19시,수요일,전라남도 광양시 중동,중상사고,0,1,0,0,차대사람 - 횡단중,안전운전불이행,건조,맑음,교차로 - 교차로안,원동기,남,48세,상해없음,보행자,남,66세,중상
2013092500100541,2013년 9월 25일 20시,수요일,전라남도 여수시 상암동,경상사고,0,0,2,0,차대차 - 기타,중앙선침범,건조,맑음,단일로 - 기타,화물,남,50세,상해없음,승합,남,33세,경상
2013092500100596,2013년 9월 25일 22시,수요일,전라남도 여수시 선원동,경상사고,0,0,1,0,차대차 - 추돌 - 주정차중,안전운전불이행,건조,맑음,교차로 - 교차로부근,승용,남,32세,상해없음,승용,남,43세,경상
2013092500100626,2013년 9월 25일 23시,수요일,전라남도 목포시 대성동,경상사고,0,0,1,0,차대차 - 기타,교차로운행방법위반,건조,흐림,교차로 - 교차로안,승용,여,30세,상해없음,승용,여,36세,경상
2013092600100014,2013년 9월 26일 00시,목요일,전라남도 순천시 동외동,경상사고,0,0,1,0,차대차 - 측면직각충돌,차로위반,건조,맑음,단일로 - 기타,기타불명,기타불명,기타불명,기타불명,승용,남,52세,경상
2013092600100015,2013년 9월 26일 00시,목요일,전라남도 나주시 대호동,경상사고,0,0,1,0,차대사람 - 기타,안전운전불이행,건조,맑음,단일로 - 기타,승용,남,33세,상해없음,보행자,남,48세,경상
2013092600100074,2013년 9월 26일 05시,목요일,전라남도 광양시 광양읍,경상사고,0,0,1,0,차대차 - 추돌 - 주정차중,안전운전불이행,건조,맑음,교차로 - 교차로부근,승용,남,45세,상해없음,승용,남,46세,경상
2013092600100114,2013년 9월 26일 07시,목요일,전라남도 광양시 태인동,경상사고,0,0,1,0,차대차 - 측면직각충돌,안전운전불이행,건조,맑음,단일로 - 기타,건설기계,남,39세,상해없음,승용,남,44세,경상
2013092600100115,2013년 9월 26일 07시,목요일,전라남도 광양시 광양읍,중상사고,0,1,0,0,차대차 - 측면직각충돌,안전운전불이행,건조,맑음,단일로 - 기타,자전거,여,55세,중상,특수,남,43세,기타불명
2013092600100155,2013년 9월 26일 08시,목요일,전라남도 광양시 광양읍,경상사고,0,0,1,0,차대사람 - 기타,보행자보호의무위반,건조,맑음,교차로 - 교차로부근,승용,남,27세,상해없음,보행자,남,38세,경상
2013092600100222,2013년 9월 26일 10시,목요일,전라남도 영암군 덕진면,중상사고,0,1,0,0,차대차 - 측면직각충돌,안전거리미확보,건조,맑음,단일로 - 기타,원동기,남,77세,중상,화물,남,52세,상해없음
2013092600100290,2013년 9월 26일 13시,목요일,전라남도 나주시 남평읍,중상사고,0,1,0,0,차대차 - 기타,안전운전불이행,건조,맑음,단일로 - 기타,승용,남,34세,상해없음,농기계,남,77세,중상
2013092600100291,2013년 9월 26일 13시,목요일,전라남도 곡성군 오곡면,중상사고,0,1,1,0,차대차 - 기타,안전운전불이행,건조,맑음,기타 - 기타,승용,남,66세,상해없음,화물,남,59세,상해없음
2013092600100317,2013년 9월 26일 14시,목요일,전라남도 나주시 송월동,중상사고,0,1,0,0,차대차 - 측면직각충돌,교차로운행방법위반,건조,맑음,교차로 - 교차로안,화물,남,37세,상해없음,이륜,남,78세,중상
2013092600100358,2013년 9월 26일 15시,목요일,전라남도 목포시 용해동,중상사고,0,1,0,0,차대사람 - 횡단중,안전운전불이행,건조,맑음,단일로 - 기타,화물,남,21세,상해없음,보행자,남,86세,중상
2013092600100359,2013년 9월 26일 15시,목요일,전라남도 나주시 보산동,경상사고,0,0,4,0,차대차 - 기타,안전운전불이행,건조,맑음,단일로 - 기타,승용,여,60세,경상,승용,남,75세,경상
2013092600100360,2013년 9월 26일 15시,목요일,전라남도 화순군 화순읍,경상사고,0,0,1,0,차대차 - 추돌 - 진행중,안전운전불이행,건조,맑음,단일로 - 기타,화물,남,57세,상해없음,승용,여,42세,경상
2013092600100485,2013년 9월 26일 18시,목요일,전라남도 해남군 화산면,사망사고,1,0,0,0,차대차 - 기타,과속,건조,맑음,단일로 - 기타,화물,남,60세,상해없음,농기계,남,78세,사망
2013092600100568,2013년 9월 26일 20시,목요일,전라남도 장흥군 관산읍,중상사고,0,1,0,0,차대차 - 정면충돌,중앙선침범,건조,맑음,단일로 - 기타,원동기,남,47세,중상,승용,남,54세,상해없음
2013092600100622,2013년 9월 26일 22시,목요일,전라남도 장성군 장성읍,경상사고,0,0,3,0,차대차 - 정면충돌,중앙선침범,건조,맑음,미분류 - 미분류,승용,여,37세,상해없음,승용,여,40세,경상
2013092700100077,2013년 9월 27일 06시,금요일,전라남도 목포시 용당동,중상사고,0,1,0,0,차대차 - 측면직각충돌,직진우회전진행방해,건조,맑음,교차로 - 교차로안,화물,남,43세,상해없음,이륜,남,73세,중상