사고번호,사고일시,요일,시군구,사고내용,사망자수,중상자수,경상자수,부상신고자수,사고유형,법규위반,노면상태,기상상태,도로형태,가해운전자 차종,가해운전자 성별,가해운전자 연령,가해운전자 상해정도,피해운전자 차종,피해운전자 성별,피해운전자 연령,피해운전자 상해정도
2013092700100104,2013년 9월 27일 07시,금요일,전라남도 나주시 남내동,경상사고,0,0,1,0,차대차 - 기타,안전운전불이행,건조,맑음,교차로 - 교차로안,승용,여,49세,상해없음,자전거,남,11세,경상
2013092700100105,2013년 9월 27일 07시,금요일,전라남도 영암군 삼호읍,중상사고,0,1,0,0,차대차 - 측면직각충돌,신호위반,건조,맑음,교차로 - 교차로안,승용,남,23세,중상,승합,남,59세,상해없음
2013092700100149,2013년 9월 27일 08시,금요일,전라남도 여수시 주삼동,부상신고사고,0,0,0,1,차량단독 - 공작물충돌,안전운전불이행,건조,맑음,단일로 - 교량,승용,남,17세,부상신고,,,,
2013092700100150,2013년 9월 27일 08시,금요일,전라남도 순천시 석현동,경상사고,0,0,1,0,차대차 - 측면직각충돌,안전운전불이행,건조,맑음,교차로 - 교차로안,승용,기타불명,기타불명,기타불명,자전거,남,17세,경상
2013092700100182,2013년 9월 27일 09시,금요일,전라남도 여수시 봉산동,중상사고,0,1,0,0,차대차 - 측면직각충돌,직진우회전진행방해,건조,맑음,교차로 - 교차로부근,승용,남,47세,상해없음,이륜,남,72세,중상
2013092700100183,2013년 9월 27일 09시,금요일,전라남도 여수시 화양면,사망사고,1,0,1,0,차량단독 - 공작물충돌,안전운전불이행,건조,맑음,단일로 - 기타,화물,남,65세,사망,,,,
2013092700100184,2013년 9월 27일 09시,금요일,전라남도 순천시 조례동,경상사고,0,0,1,0,차대차 - 기타,안전운전불이행,건조,맑음,교차로 - 교차로안,자전거,남,65세,경상,승용,여,39세,상해없음
2013092700100185,2013년 9월 27일 09시,금요일,전라남도 화순군 남면,중상사고,0,1,0,0,차대차 - 추돌 - 진행중,안전운전불이행,건조,맑음,단일로 - 기타,화물,남,71세,상해없음,원동기,남,72세,중상
2013092700100250,2013년 9월 27일 11시,금요일,전라남도 장흥군 관산읍,부상신고사고,0,0,0,1,차대차 - 추돌 - 진행중,안전운전불이행,건조,맑음,교차로 - 교차로안,원동기,여,58세,부상신고,승용,여,29세,상해없음
2013092700100267,2013년 9월 27일 12시,금요일,전라남도 해남군 송지면,사망사고,1,0,0,0,차량단독 - 전도전복,안전운전불이행,건조,맑음,단일로 - 기타,이륜,남,69세,사망,,,,
2013092700100268,2013년 9월 27일 12시,금요일,전라남도 영광군 법성면,중상사고,0,1,0,0,차대차 - 측면직각충돌,안전운전불이행,건조,맑음,단일로 - 기타,승용,남,30세,상해없음,이륜,여,62세,중상
2013092700100298,2013년 9월 27일 13시,금요일,전라남도 곡성군 곡성읍,중상사고,0,1,0,0,차량단독 - 전도전복,안전운전불이행,건조,맑음,단일로 - 기타,이륜,남,80세,중상,,,,
2013092700100299,2013년 9월 27일 13시,금요일,전라남도 광양시 진상면,경상사고,0,0,2,0,차대차 - 추돌 - 주정차중,안전운전불이행,건조,맑음,단일로 - 기타,승용,여,52세,경상,승용,여,52세,기타불명
2013092700100328,2013년 9월 27일 14시,금요일,전라남도 신안군 안좌면,경상사고,0,0,1,0,차대사람 - 기타,안전운전불이행,기타,맑음,기타 - 기타,이륜,남,72세,상해없음,보행자,남,50세,경상
2013092700100329,2013년 9월 27일 14시,금요일,전라남도 여수시 안산동,중상사고,0,1,0,0,차대사람 - 횡단중,신호위반,건조,맑음,단일로 - 횡단보도상,승용,여,39세,상해없음,보행자,남,10세,중상
2013092700100330,2013년 9월 27일 14시,금요일,전라남도 강진군 칠량면,중상사고,0,1,0,0,차대사람 - 기타,안전운전불이행,건조,맑음,교차로 - 교차로부근,화물,남,58세,상해없음,보행자,여,76세,중상
2013092700100370,2013년 9월 27일 15시,금요일,전라남도 목포시 산정동,경상사고,0,0,1,0,차대사람 - 기타,안전운전불이행,건조,맑음,교차로 - 교차로부근,기타불명,기타불명,기타불명,기타불명,보행자,남,40세,경상
2013092700100371,2013년 9월 27일 15시,금요일,전라남도 나주시 산포면,경상사고,0,0,1,0,차대차 - 측면직각충돌,안전운전불이행,건조,맑음,단일로 - 기타,화물,여,36세,경상,화물,남,64세,상해없음
2013092700100372,2013년 9월 27일 15시,금요일,전라남도 영암군 신북면,중상사고,0,1,0,0,차대차 - 기타,안전운전불이행,건조,맑음,교차로 - 교차로부근,승용,남,46세,상해없음,자전거,남,91세,중상
2013092700100403,2013년 9월 27일 16시,금요일,전라남도 여수시 봉계동,경상사고,0,0,1,0,차대차 - 측면직각충돌,교차로운행방법위반,건조,맑음,교차로 - 교차로안,승용,남,31세,상해없음,화물,남,40세,경상
2013092700100404,2013년 9월 27일 16시,금요일,전라남도 순천시 덕월동,중상사고,0,1,0,0,차대사람 - 기타,안전운전불이행,습기,비,단일로 - 기타,이륜,남,62세,상해없음,보행자,여,60세,중상
2013092700100444,2013년 9월 27일 17시,금요일,전라남도 순천시 장천동,경상사고,0,0,4,0,차대차 - 기타,안전운전불이행,건조,맑음,단일로 - 기타,화물,남,52세,상해없음,승용,여,24세,경상
2013092700100495,2013년 9월 27일 18시,금요일,전라남도 신안군 도초면,중상사고,0,1,0,0,차대차 - 기타,중앙선침범,건조,맑음,단일로 - 기타,승용,남,62세,중상,건설기계,남,30세,상해없음
2013092700100496,2013년 9월 27일 18시,금요일,전라남도 목포시 용당동,경상사고,0,0,1,0,차대사람 - 기타,안전운전불이행,건조,맑음,단일로 - 기타,승합,남,67세,상해없음,보행자,여,36세,경상
2013092700100497,2013년 9월 27일 18시,금요일,전라남도 순천시 별량면,경상사고,0,0,1,0,차량단독 - 기타,안전운전불이행,건조,맑음,단일로 - 기타,승용,여,31세,경상,,,,
2013092700100498,2013년 9월 27일 18시,금요일,전라남도 순천시 조례동,경상사고,0,0,1,0,차대사람 - 기타,안전운전불이행,건조,맑음,단일로 - 기타,승합,여,42세,상해없음,보행자,남,66세,경상
2013092700100499,2013년 9월 27일 18시,금요일,전라남도 나주시 대호동,사망사고,1,0,0,0,차대사람 - 횡단중,안전운전불이행,건조,맑음,교차로 - 교차로안,승용,남,62세,상해없음,보행자,남,79세,사망
2013092700100500,2013년 9월 27일 18시,금요일,전라남도 보성군 보성읍,경상사고,0,0,1,0,차대차 - 기타,안전운전불이행,건조,맑음,교차로 - 교차로부근,승용,남,54세,상해없음,승용,남,39세,기타불명
2013092700100501,2013년 9월 27일 18시,금요일,전라남도 화순군 화순읍,경상사고,0,0,1,0,차대차 - 측면직각충돌,교차로운행방법위반,건조,맑음,교차로 - 교차로안,승용,남,45세,상해없음,자전거,남,69세,경상
2013092700100502,2013년 9월 27일 18시,금요일,전라남도 영암군 삼호읍,경상사고,0,0,1,0,차대차 - 추돌 - 진행중,안전운전불이행,건조,맑음,단일로 - 기타,승용,남,29세,상해없음,승용,남,51세,상해없음
2013092700100503,2013년 9월 27일 18시,금요일,전라남도 담양군 담양읍,중상사고,0,1,0,0,차대차 - 기타,신호위반,건조,맑음,교차로 - 교차로안,화물,여,52세,상해없음,이륜,남,65세,중상
2013092700100504,2013년 9월 27일 18시,금요일,전라남도 광양시 광영동,경상사고,0,0,4,0,차대차 - 추돌 - 진행중,안전운전불이행,건조,맑음,교차로 - 교차로안,승용,여,44세,경상,승용,남,48세,경상
2013092700100505,2013년 9월 27일 18시,금요일,전라남도 광양시 광영동,중상사고,0,1,0,0,차대사람 - 횡단중,보행자보호의무위반,건조,맑음,교차로 - 교차로안,승용,남,52세,상해없음,보행자,여,42세,중상
2013092700100547,2013년 9월 27일 19시,금요일,전라남도 목포시 상동,경상사고,0,0,2,0,차대차 - 기타,안전운전불이행,건조,맑음,교차로 - 교차로안,승용,남,56세,상해없음,승용,남,31세,경상
2013092700100597,2013년 9월 27일 20시,금요일,전라남도 무안군 해제면,경상사고,0,0,3,1,차대차 - 측면직각충돌,직진우회전진행방해,건조,맑음,교차로 - 교차로안,승용,여,54세,경상,승용,여,62세,경상
2013092700100639,2013년 9월 27일 21시,금요일,전라남도 목포시 산정동,경상사고,0,0,1,0,차량단독 - 기타,안전운전불이행,건조,맑음,기타 - 기타,승용,남,42세,기타불명,,,,
2013092700100703,2013년 9월 27일 23시,금요일,전라남도 목포시 산정동,경상사고,0,0,1,0,차대사람 - 기타,안전운전불이행,건조,맑음,단일로 - 기타,승용,남,56세,상해없음,보행자,남,31세,경상
2013092800100016,2013년 9월 28일 00시,토요일,전라남도 광양시 광양읍,경상사고,0,0,3,1,차대차 - 추돌 - 주정차중,안전운전불이행,건조,맑음,교차로 - 교차로부근,승용,남,47세,부상신고,승용,여,28세,경상
2013092800100097,2013년 9월 28일 04시,토요일,전라남도 여수시 광무동,경상사고,0,0,2,0,차대차 - 측면직각충돌,중앙선침범,건조,맑음,단일로 - 기타,승용,남,49세,상해없음,승용,남,56세,경상
2013092800100112,2013년 9월 28일 05시,토요일,전라남도 목포시 상동,경상사고,0,0,1,0,차대차 - 측면직각충돌,신호위반,건조,맑음,교차로 - 교차로안,승용,남,24세,상해없음,승용,남,54세,경상
2013092800100122,2013년 9월 28일 06시,토요일,전라남도 나주시 산포면,경상사고,0,0,3,0,차대차 - 기타,안전운전불이행,건조,맑음,단일로 - 기타,승용,남,24세,경상,승용,여,36세,경상
2013092800100142,2013년 9월 28일 07시,토요일,전라남도 구례군 구례읍,중상사고,0,1,0,0,차대차 - 기타,안전거리미확보,건조,맑음,단일로 - 기타,원동기,여,72세,중상,승용,여,58세,상해없음
2013092800100163,2013년 9월 28일 08시,토요일,전라남도 목포시 죽교동,경상사고,0,0,1,0,차대차 - 기타,안전운전불이행,건조,맑음,교차로 - 교차로부근,승용,남,37세,상해없음,승용,남,58세,경상
2013092800100181,2013년 9월 28일 09시,토요일,전라남도 목포시 용해동,경상사고,0,0,1,0,차대사람 - 보도통행중,보행자보호의무위반,건조,맑음,단일로 - 기타,승용,남,56세,상해없음,보행자,남,10세,경상
2013092800100182,2013년 9월 28일 09시,토요일,전라남도 화순군 화순읍,경상사고,0,0,2,0,차대차 - 추돌 - 주정차중,안전운전불이행,건조,맑음,단일로 - 기타,승합,남,30세,상해없음,승용,남,30세,경상
2013092800100211,2013년 9월 28일 10시,토요일,전라남도 영암군 삼호읍,경상사고,0,0,2,0,차대차 - 측면직각충돌,신호위반,건조,맑음,교차로 - 교차로안,승용,남,54세,경상,승용,여,34세,경상
2013092800100269,2013년 9월 28일 12시,토요일,전라남도 순천시 서면,경상사고,0,0,3,0,차대차 - 측면직각충돌,안전운전불이행,건조,맑음,단일로 - 기타,화물,남,60세,상해없음,승용,남,46세,경상
2013092800100285,2013년 9월 28일 13시,토요일,전라남도 고흥군 도양읍,중상사고,0,1,0,0,차대차 - 측면직각충돌,신호위반,건조,맑음,교차로 - 교차로안,화물,남,62세,상해없음,원동기,남,69세,중상
2013092800100286,2013년 9월 28일 13시,토요일,전라남도 장성군 삼계면,경상사고,0,0,3,0,차대차 - 추돌 - 진행중,안전운전불이행,건조,맑음,단일로 - 기타,화물,남,66세,상해없음,승용,남,43세,경상
2013092800100306,2013년 9월 28일 14시,토요일,전라남도 목포시 산정동,중상사고,0,1,0,0,차대사람 - 보도통행중,안전운전불이행,건조,맑음,교차로 - 교차로부근,화물,남,26세,상해없음,보행자,여,79세,중상
2013092800100307,2013년 9월 28일 14시,토요일,전라남도 강진군 강진읍,경상사고,0,0,1,0,차대차 - 측면직각충돌,중앙선침범,건조,맑음,교차로 - 교차로부근,화물,남,37세,상해없음,이륜,남,73세,경상
2013092800100308,2013년 9월 28일 14시,토요일,전라남도 광양시 광양읍,중상사고,0,1,0,0,차대차 - 측면직각충돌,안전운전불이행,건조,흐림,교차로 - 교차로부근,승용,남,39세,상해없음,자전거,여,56세,중상
2013092800100337,2013년 9월 28일 15시,토요일,전라남도 순천시 별량면,중상사고,0,2,0,0,차대차 - 추돌 - 진행중,안전거리미확보,습기,비,교차로 - 교차로부근,승용,남,57세,상해없음,승용,여,38세,상해없음
2013092800100338,2013년 9월 28일 15시,토요일,전라남도 나주시 다시면,중상사고,0,1,0,0,차대사람 - 기타,안전운전불이행,건조,맑음,단일로 - 기타,승용,여,51세,상해없음,보행자,남,45세,중상
2013092800100368,2013년 9월 28일 16시,토요일,전라남도 순천시 장천동,중상사고,0,1,0,0,차대사람 - 횡단중,안전운전불이행,습기,비,단일로 - 기타,승용,남,25세,상해없음,보행자,남,82세,중상
2013092800100408,2013년 9월 28일 17시,토요일,전라남도 광양시 중동,경상사고,0,0,5,0,차대차 - 측면직각충돌,교차로운행방법위반,습기,비,교차로 - 교차로안,화물,남,73세,경상,승용,여,38세,경상
2013092800100456,2013년 9월 28일 18시,토요일,전라남도 순천시 연향동,경상사고,0,0,1,0,차대차 - 측면직각충돌,신호위반,습기,비,교차로 - 교차로안,승용,남,66세,상해없음,승용,여,53세,경상
2013092800100457,2013년 9월 28일 18시,토요일,전라남도 순천시 조례동,경상사고,0,0,1,0,차대차 - 기타,신호위반,습기,비,교차로 - 교차로안,승용,여,42세,상해없음,자전거,남,13세,경상
2013092800100458,2013년 9월 28일 18시,토요일,전라남도 고흥군 도화면,중상사고,0,1,0,0,차대차 - 추돌 - 주정차중,안전운전불이행,습기,비,단일로 - 교량,이륜,남,44세,중상,화물,남,54세,기타불명
2013092800100459,2013년 9월 28일 18시,토요일,전라남도 해남군 현산면,중상사고,0,1,0,0,차대사람 - 횡단중,안전운전불이행,습기,비,교차로 - 교차로부근,화물,여,59세,상해없음,보행자,남,12세,중상
2013092800100517,2013년 9월 28일 19시,토요일,전라남도 여수시 학동,경상사고,0,0,3,0,차대차 - 추돌 - 주정차중,안전운전불이행,습기,비,단일로 - 기타,승용,남,58세,상해없음,승용,남,32세,경상
2013092800100518,2013년 9월 28일 19시,토요일,전라남도 여수시 학동,경상사고,0,0,1,0,차대사람 - 횡단중,보행자보호의무위반,습기,비,단일로 - 기타,승용,여,46세,상해없음,보행자,여,27세,경상
2013092800100615,2013년 9월 28일 21시,토요일,전라남도 목포시 산정동,경상사고,0,0,1,0,차대사람 - 길가장자리구역통행중,안전운전불이행,건조,맑음,교차로 - 교차로안,승용,남,56세,상해없음,보행자,남,21세,경상
2013092800100616,2013년 9월 28일 21시,토요일,전라남도 나주시 대호동,경상사고,0,0,1,0,차량단독 - 공작물충돌,안전운전불이행,건조,맑음,교차로 - 교차로부근,화물,남,51세,경상,,,,
2013092800100617,2013년 9월 28일 21시,토요일,전라남도 광양시 광양읍,중상사고,0,1,0,0,차대차 - 추돌 - 주정차중,안전운전불이행,습기,비,단일로 - 기타,승용,남,48세,상해없음,승용,남,58세,상해없음
2013092800100618,2013년 9월 28일 21시,토요일,전라남도 광양시 광양읍,중상사고,0,2,1,0,차대차 - 추돌 - 진행중,안전운전불이행,습기,비,단일로 - 기타,승용,남,53세,중상,화물,남,48세,경상
2013092800100619,2013년 9월 28일 21시,토요일,전라남도 광양시 중동,중상사고,0,1,1,1,차대차 - 측면직각충돌,신호위반,습기,비,교차로 - 교차로안,승용,남,59세,부상신고,승용,남,31세,중상
2013092800100655,2013년 9월 28일 22시,토요일,전라남도 목포시 옥암동,경상사고,0,0,2,0,차대사람 - 횡단중,보행자보호의무위반,건조,맑음,교차로 - 교차로부근,승용,남,30세,기타불명,보행자,여,41세,경상
2013092800100656,2013년 9월 28일 22시,토요일,전라남도 목포시 용해동,중상사고,0,1,0,0,차대차 - 기타,신호위반,건조,기타,교차로 - 교차로안,화물,남,31세,상해없음,승용,남,46세,중상
2013092800100657,2013년 9월 28일 22시,토요일,전라남도 순천시 조례동,중상사고,0,1,0,0,차대사람 - 횡단중,안전운전불이행,습기,비,교차로 - 교차로안,승용,여,48세,상해없음,보행자,남,59세,중상
2013092900100024,2013년 9월 29일 00시,일요일,전라남도 여수시 학동,경상사고,0,0,1,0,차대차 - 추돌 - 주정차중,안전운전불이행,건조,흐림,단일로 - 기타,승용,남,34세,상해없음,승용,여,33세,경상
2013092900100025,2013년 9월 29일 00시,일요일,전라남도 여수시 웅천동,경상사고,0,0,1,0,차대차 - 측면직각충돌,차로위반,건조,맑음,단일로 - 기타,승용,남,45세,상해없음,승용,남,58세,상해없음
2013092900100056,2013년 9월 29일 01시,일요일,전라남도 광양시 광양읍,경상사고,0,0,1,0,차량단독 - 공작물충돌,안전운전불이행,습기,비,단일로 - 기타,승용,남,28세,경상,,,,
2013092900100090,2013년 9월 29일 02시,일요일,전라남도 목포시 산정동,중상사고,0,2,0,0,차대차 - 기타,신호위반,건조,기타,교차로 - 교차로안,승용,남,27세,상해없음,승용,남,24세,중상
2013092900100091,2013년 9월 29일 02시,일요일,전라남도 여수시 학동,중상사고,0,1,1,0,차대사람 - 길가장자리구역통행중,안전운전불이행,습기,기타,교차로 - 교차로안,승용,남,28세,상해없음,보행자,남,35세,중상
2013092900100128,2013년 9월 29일 04시,일요일,전라남도 광양시 광양읍,사망사고,1,0,0,0,차량단독 - 공작물충돌,안전운전불이행,습기,비,교차로 - 교차로부근,승용,여,27세,사망,,,,
2013092900100162,2013년 9월 29일 06시,일요일,전라남도 광양시 광영동,경상사고,0,0,1,0,차량단독 - 공작물충돌,안전운전불이행,건조,맑음,단일로 - 기타,승용,남,54세,경상,,,,
2013092900100175,2013년 9월 29일 07시,일요일,전라남도 광양시 광양읍,부상신고사고,0,0,0,1,차량단독 - 공작물충돌,안전운전불이행,습기,비,단일로 - 기타,승용,남,27세,부상신고,,,,
2013092900100190,2013년 9월 29일 08시,일요일,전라남도 여수시 화양면,경상사고,0,0,3,0,차대차 - 기타,중앙선침범,건조,맑음,단일로 - 기타,승합,남,49세,상해없음,승합,남,53세,상해없음
2013092900100222,2013년 9월 29일 10시,일요일,전라남도 여수시 둔덕동,중상사고,0,2,1,0,차량단독 - 공작물충돌,안전운전불이행,습기,비,단일로 - 기타,승용,남,50세,상해없음,,,,
2013092900100223,2013년 9월 29일 10시,일요일,전라남도 여수시 둔덕동,경상사고,0,0,2,0,차대차 - 측면직각충돌,안전운전불이행,습기,비,교차로 - 교차로안,승용,남,56세,상해없음,승용,남,47세,경상
2013092900100224,2013년 9월 29일 10시,일요일,전라남도 순천시 연향동,경상사고,0,0,1,0,차대사람 - 횡단중,안전운전불이행,습기,비,단일로 - 횡단보도상,승용,남,53세,상해없음,보행자,여,13세,경상
2013092900100225,2013년 9월 29일 10시,일요일,전라남도 화순군 화순읍,중상사고,0,1,2,0,차대차 - 추돌 - 진행중,차로위반,습기,비,단일로 - 기타,화물,남,67세,상해없음,승합,남,52세,경상
2013092900100226,2013년 9월 29일 10시,일요일,전라남도 강진군 강진읍,중상사고,0,1,0,0,차대사람 - 기타,안전운전불이행,습기,비,단일로 - 기타,승용,여,27세,상해없음,보행자,남,62세,중상
2013092900100263,2013년 9월 29일 12시,일요일,전라남도 화순군 화순읍,경상사고,0,0,7,0,차대차 - 추돌 - 진행중,안전거리미확보,습기,비,교차로 - 교차로안,승용,남,45세,경상,승용,남,54세,경상
2013092900100264,2013년 9월 29일 12시,일요일,전라남도 함평군 함평읍,경상사고,0,0,1,0,차대차 - 측면직각충돌,안전운전불이행,건조,맑음,단일로 - 기타,승합,남,68세,상해없음,화물,남,48세,경상
2013092900100311,2013년 9월 29일 14시,일요일,전라남도 순천시 덕월동,경상사고,0,0,2,0,차대차 - 추돌 - 진행중,안전운전불이행,건조,맑음,기타 - 기타,승용,남,54세,경상,승용,남,56세,경상
2013092900100312,2013년 9월 29일 14시,일요일,전라남도 무안군 무안읍,경상사고,0,0,3,0,차대차 - 측면직각충돌,안전운전불이행,건조,맑음,교차로 - 교차로안,승용,남,51세,상해없음,승용,남,57세,경상
2013092900100345,2013년 9월 29일 15시,일요일,전라남도 화순군 도곡면,경상사고,0,0,2,0,차대차 - 측면직각충돌,신호위반,건조,맑음,교차로 - 교차로안,승용,여,49세,상해없음,승용,남,53세,경상
2013092900100346,2013년 9월 29일 15시,일요일,전라남도 곡성군 겸면,중상사고,0,1,0,0,차대차 - 기타,안전운전불이행,습기,흐림,기타 - 기타,승용,남,50세,중상,기타불명,여,59세,상해없음
2013092900100347,2013년 9월 29일 15시,일요일,전라남도 광양시 중동,중상사고,0,1,2,0,차대차 - 측면직각충돌,교차로운행방법위반,습기,비,교차로 - 교차로안,승용,여,56세,중상,승용,남,45세,경상
2013092900100348,2013년 9월 29일 15시,일요일,전라남도 광양시 금호동,중상사고,0,1,1,0,차대차 - 측면직각충돌,신호위반,습기,비,교차로 - 교차로안,승용,남,46세,상해없음,승용,남,51세,경상
2013092900100367,2013년 9월 29일 16시,일요일,전라남도 목포시 상동,경상사고,0,0,1,0,차대차 - 측면직각충돌,교차로운행방법위반,건조,맑음,교차로 - 교차로부근,승합,남,59세,상해없음,승용,남,47세,상해없음
2013092900100396,2013년 9월 29일 17시,일요일,전라남도 순천시 생목동,경상사고,0,0,1,0,차대차 - 측면직각충돌,중앙선침범,건조,맑음,교차로 - 교차로부근,자전거,남,79세,경상,승용,남,52세,상해없음
2013092900100397,2013년 9월 29일 17시,일요일,전라남도 영암군 삼호읍,경상사고,0,0,1,0,차대차 - 측면직각충돌,신호위반,습기,흐림,교차로 - 교차로안,화물,남,54세,상해없음,승용,남,46세,경상
2013092900100434,2013년 9월 29일 18시,일요일,전라남도 여수시 안산동,경상사고,0,0,1,0,차대차 - 기타,중앙선침범,습기,비,교차로 - 교차로부근,화물,남,55세,상해없음,승용,남,35세,경상
2013092900100477,2013년 9월 29일 19시,일요일,전라남도 순천시 연향동,경상사고,0,0,1,0,차대사람 - 길가장자리구역통행중,안전운전불이행,건조,맑음,기타 - 기타,승합,남,58세,상해없음,보행자,남,24세,경상
2013092900100478,2013년 9월 29일 19시,일요일,전라남도 장흥군 장흥읍,경상사고,0,0,1,0,차대사람 - 기타,안전운전불이행,건조,맑음,교차로 - 교차로안,승용,여,46세,상해없음,보행자,여,50세,경상
2013092900100517,2013년 9월 29일 20시,일요일,전라남도 나주시 송월동,경상사고,0,0,1,0,차대사람 - 기타,안전운전불이행,건조,맑음,기타 - 기타,승용,여,37세,상해없음,보행자,남,50세,경상
2013092900100541,2013년 9월 29일 21시,일요일,전라남도 광양시 광영동,경상사고,0,0,1,0,차대차 - 추돌 - 주정차중,안전운전불이행,습기,흐림,교차로 - 교차로부근,승용,남,30세,상해없음,승용,남,52세,경상
2013092900100571,2013년 9월 29일 22시,일요일,전라남도 나주시 경현동,경상사고,0,0,1,0,차대차 - 기타,안전운전불이행,건조,맑음,단일로 - 횡단보도부근,기타불명,기타불명,기타불명,기타불명,승용,남,49세,경상
2013092900100592,2013년 9월 29일 23시,일요일,전라남도 여수시 문수동,부상신고사고,0,0,0,1,차대차 - 기타,안전거리미확보,건조,맑음,교차로 - 교차로부근,이륜,남,19세,부상신고,승용,남,34세,상해없음
2013093000100030,2013년 9월 30일 04시,월요일,전라남도 담양군 담양읍,경상사고,0,0,1,0,차대차 - 추돌 - 주정차중,안전운전불이행,습기,비,단일로 - 기타,화물,남,22세,경상,승합,남,34세,기타불명
2013093000100064,2013년 9월 30일 07시,월요일,전라남도 목포시 용해동,중상사고,0,1,3,0,차대차 - 측면직각충돌,직진우회전진행방해,건조,맑음,교차로 - 교차로안,승용,남,54세,중상,승용,남,35세,경상
2013093000100107,2013년 9월 30일 08시,월요일,전라남도 순천시 동외동,경상사고,0,0,1,0,차대차 - 기타,안전운전불이행,건조,맑음,교차로 - 교차로부근,승합,남,61세,상해없음,승용,여,34세,경상
2013093000100108,2013년 9월 30일 08시,월요일,전라남도 순천시 조례동,경상사고,0,0,1,0,차대차 - 기타,교차로운행방법위반,건조,맑음,교차로 - 교차로안,화물,여,52세,상해없음,승용,남,62세,상해없음
2013093000100109,2013년 9월 30일 08시,월요일,전라남도 영광군 홍농읍,경상사고,0,0,1,0,차대차 - 측면직각충돌,교차로운행방법위반,건조,맑음,교차로 - 교차로안,화물,남,56세,상해없음,승용,남,30세,경상
2013093000100110,2013년 9월 30일 08시,월요일,전라남도 무안군 삼향읍,중상사고,0,1,0,0,차량단독 - 기타,안전운전불이행,건조,맑음,단일로 - 기타,화물,남,46세,중상,,,,
2013093000100147,2013년 9월 30일 09시,월요일,전라남도 담양군 담양읍,경상사고,0,0,1,0,차대차 - 측면직각충돌,교차로운행방법위반,건조,맑음,교차로 - 교차로안,승용,여,31세,상해없음,승용,여,42세,경상
2013093000100201,2013년 9월 30일 11시,월요일,전라남도 순천시 석현동,중상사고,0,1,1,0,차대차 - 추돌 - 주정차중,안전운전불이행,건조,맑음,단일로 - 기타,원동기,남,53세,중상,승용,남,60세,상해없음
2013093000100202,2013년 9월 30일 11시,월요일,전라남도 순천시 주암면,중상사고,0,1,0,0,차대차 - 측면직각충돌,안전운전불이행,건조,맑음,교차로 - 교차로안,농기계,남,54세,중상,승용,남,65세,상해없음
2013093000100250,2013년 9월 30일 13시,월요일,전라남도 순천시 저전동,경상사고,0,0,1,0,차대사람 - 횡단중,안전운전불이행,건조,맑음,단일로 - 기타,기타불명,기타불명,기타불명,기타불명,보행자,여,58세,경상
2013093000100278,2013년 9월 30일 14시,월요일,전라남도 고흥군 남양면,경상사고,0,0,1,0,차대차 - 기타,불법유턴,건조,맑음,단일로 - 기타,이륜,여,72세,경상,승합,남,40세,상해없음
2013093000100300,2013년 9월 30일 15시,월요일,전라남도 목포시 산정동,경상사고,0,0,1,0,차대차 - 측면직각충돌,교차로운행방법위반,건조,맑음,교차로 - 교차로안,원동기,남,41세,경상,승용,남,57세,상해없음
2013093000100301,2013년 9월 30일 15시,월요일,전라남도 함평군 해보면,중상사고,0,1,0,0,차대사람 - 횡단중,안전운전불이행,건조,맑음,단일로 - 기타,화물,남,55세,상해없음,보행자,여,55세,중상
2013093000100302,2013년 9월 30일 15시,월요일,전라남도 함평군 대동면,사망사고,1,0,0,0,차대차 - 측면직각충돌,과속,건조,맑음,교차로 - 교차로안,승용,남,45세,상해없음,이륜,남,76세,사망
2013093000100332,2013년 9월 30일 16시,월요일,전라남도 목포시 대성동,중상사고,0,1,0,0,차대차 - 측면직각충돌,신호위반,건조,맑음,교차로 - 교차로안,원동기,남,47세,중상,승용,남,42세,상해없음
2013093000100333,2013년 9월 30일 16시,월요일,전라남도 곡성군 목사동면,경상사고,0,0,1,0,차대차 - 측면직각충돌,직진우회전진행방해,건조,흐림,교차로 - 교차로안,승용,남,44세,상해없음,이륜,남,76세,경상
2013093000100370,2013년 9월 30일 17시,월요일,전라남도 나주시 금천면,중상사고,0,1,5,0,차대차 - 기타,안전운전불이행,건조,맑음,교차로 - 교차로부근,화물,남,55세,중상,승합,여,58세,경상
2013093000100371,2013년 9월 30일 17시,월요일,전라남도 해남군 옥천면,중상사고,0,1,0,0,차량단독 - 기타,안전운전불이행,건조,맑음,단일로 - 기타,화물,여,49세,상해없음,,,,
2013093000100414,2013년 9월 30일 18시,월요일,전라남도 목포시 용당동,중상사고,0,1,0,0,차대사람 - 횡단중,보행자보호의무위반,건조,맑음,단일로 - 기타,승용,남,50세,상해없음,보행자,여,73세,중상
2013093000100415,2013년 9월 30일 18시,월요일,전라남도 여수시 돌산읍,경상사고,0,0,1,0,차대차 - 측면직각충돌,안전운전불이행,건조,맑음,교차로 - 교차로부근,승용,남,59세,상해없음,이륜,남,63세,경상
2013093000100416,2013년 9월 30일 18시,월요일,전라남도 해남군 해남읍,경상사고,0,0,1,0,차대사람 - 기타,안전운전불이행,건조,맑음,단일로 - 기타,화물,남,72세,상해없음,보행자,여,69세,경상