사고번호,사고일시,요일,시군구,사고내용,사망자수,중상자수,경상자수,부상신고자수,사고유형,법규위반,노면상태,기상상태,도로형태,가해운전자 차종,가해운전자 성별,가해운전자 연령,가해운전자 상해정도,피해운전자 차종,피해운전자 성별,피해운전자 연령,피해운전자 상해정도
2013093000100457,2013년 9월 30일 19시,월요일,전라남도 화순군 화순읍,경상사고,0,0,1,0,차대차 - 측면직각충돌,안전운전불이행,건조,흐림,단일로 - 기타,이륜,남,23세,상해없음,승용,여,29세,경상
2013093000100458,2013년 9월 30일 19시,월요일,전라남도 영암군 삼호읍,경상사고,0,0,3,0,차대차 - 측면직각충돌,신호위반,건조,맑음,교차로 - 교차로안,승용,여,28세,경상,승용,여,33세,경상
2013093000100459,2013년 9월 30일 19시,월요일,전라남도 영암군 삼호읍,경상사고,0,0,2,0,차대차 - 측면직각충돌,안전거리미확보,건조,맑음,단일로 - 기타,승용,남,34세,경상,승용,남,33세,경상
2013093000100460,2013년 9월 30일 19시,월요일,전라남도 강진군 도암면,경상사고,0,0,2,0,차대차 - 추돌 - 진행중,안전운전불이행,건조,맑음,단일로 - 기타,승용,남,65세,상해없음,농기계,여,69세,경상
2013093000100496,2013년 9월 30일 20시,월요일,전라남도 강진군 군동면,중상사고,0,2,0,0,차대차 - 추돌 - 진행중,안전운전불이행,건조,맑음,단일로 - 기타,화물,남,44세,중상,농기계,남,61세,중상
2013093000100521,2013년 9월 30일 21시,월요일,전라남도 목포시 산정동,중상사고,0,1,0,0,차대차 - 정면충돌,안전운전불이행,건조,맑음,교차로 - 교차로안,자전거,남,23세,중상,자전거,남,18세,상해없음
2013093000100522,2013년 9월 30일 21시,월요일,전라남도 장성군 서삼면,경상사고,0,0,2,0,차대차 - 정면충돌,중앙선침범,건조,맑음,단일로 - 기타,승용,남,44세,상해없음,승용,남,50세,경상
2013093000100571,2013년 9월 30일 23시,월요일,전라남도 함평군 함평읍,중상사고,0,1,0,0,차량단독 - 도로외이탈 - 추락,안전운전불이행,건조,맑음,단일로 - 기타,승용,남,38세,중상,,,,
2013100100100014,2013년 10월 1일 00시,화요일,전라남도 순천시 조곡동,경상사고,0,0,1,0,차량단독 - 공작물충돌,안전운전불이행,건조,맑음,단일로 - 기타,화물,남,32세,경상,,,,
2013100100100064,2013년 10월 1일 05시,화요일,전라남도 여수시 신기동,사망사고,1,0,0,0,차대사람 - 기타,안전운전불이행,건조,맑음,교차로 - 교차로부근,화물,남,72세,상해없음,보행자,여,66세,사망
2013100100100065,2013년 10월 1일 05시,화요일,전라남도 여수시 미평동,중상사고,0,1,0,0,차대사람 - 횡단중,안전운전불이행,건조,맑음,교차로 - 교차로부근,승용,남,45세,상해없음,보행자,여,70세,중상
2013100100100083,2013년 10월 1일 06시,화요일,전라남도 장성군 장성읍,부상신고사고,0,0,0,1,차량단독 - 전도전복,안전운전불이행,습기,안개,교차로 - 교차로안,승용,남,64세,부상신고,,,,
2013100100100107,2013년 10월 1일 07시,화요일,전라남도 목포시 석현동,경상사고,0,0,2,0,차대차 - 추돌 - 주정차중,안전운전불이행,건조,맑음,단일로 - 기타,승용,남,23세,상해없음,화물,남,64세,경상
2013100100100108,2013년 10월 1일 07시,화요일,전라남도 광양시 태인동,경상사고,0,0,1,0,차대차 - 측면직각충돌,직진우회전진행방해,건조,맑음,교차로 - 교차로안,승용,남,41세,상해없음,승용,남,51세,경상
2013100100100109,2013년 10월 1일 07시,화요일,전라남도 광양시 광양읍,경상사고,0,0,2,0,차대차 - 측면직각충돌,안전운전불이행,건조,맑음,교차로 - 교차로부근,승용,남,73세,경상,승용,남,31세,경상
2013100100100148,2013년 10월 1일 08시,화요일,전라남도 광양시 옥곡면,경상사고,0,0,2,0,차대차 - 추돌 - 주정차중,안전운전불이행,건조,맑음,교차로 - 교차로부근,승용,여,32세,경상,승용,남,43세,경상
2013100100100203,2013년 10월 1일 10시,화요일,전라남도 목포시 양동,경상사고,0,0,1,0,차대차 - 기타,교차로운행방법위반,건조,맑음,교차로 - 교차로안,자전거,남,72세,경상,화물,남,54세,상해없음
2013100100100204,2013년 10월 1일 10시,화요일,전라남도 목포시 용해동,경상사고,0,0,1,0,차대차 - 기타,안전운전불이행,건조,맑음,기타 - 기타,승용,남,49세,상해없음,승용,남,40세,경상
2013100100100205,2013년 10월 1일 10시,화요일,전라남도 여수시 미평동,경상사고,0,0,2,0,차대차 - 추돌 - 진행중,안전운전불이행,건조,맑음,단일로 - 기타,화물,남,26세,상해없음,승용,남,63세,경상
2013100100100254,2013년 10월 1일 12시,화요일,전라남도 순천시 조곡동,중상사고,0,1,0,0,차대차 - 측면직각충돌,안전운전불이행,건조,맑음,단일로 - 횡단보도상,승용,남,51세,상해없음,자전거,남,72세,중상
2013100100100255,2013년 10월 1일 12시,화요일,전라남도 순천시 오천동,중상사고,0,1,2,0,차대차 - 측면직각충돌,안전운전불이행,건조,맑음,교차로 - 교차로부근,승용,남,62세,중상,승용,남,50세,경상
2013100100100256,2013년 10월 1일 12시,화요일,전라남도 진도군 의신면,경상사고,0,0,2,0,차대차 - 기타,교차로운행방법위반,기타,맑음,교차로 - 교차로안,승합,남,68세,상해없음,화물,남,62세,경상
2013100100100285,2013년 10월 1일 13시,화요일,전라남도 목포시 남교동,경상사고,0,0,1,0,차대사람 - 기타,안전운전불이행,건조,맑음,기타 - 기타,승용,여,43세,상해없음,보행자,남,64세,경상
2013100100100286,2013년 10월 1일 13시,화요일,전라남도 영광군 영광읍,중상사고,0,1,0,0,차대차 - 기타,교차로운행방법위반,건조,맑음,교차로 - 교차로부근,이륜,남,69세,중상,승용,남,66세,상해없음
2013100100100314,2013년 10월 1일 14시,화요일,전라남도 무안군 삼향읍,경상사고,0,0,4,0,차대차 - 측면직각충돌,직진우회전진행방해,건조,맑음,교차로 - 교차로안,승합,남,51세,경상,승합,남,49세,상해없음
2013100100100315,2013년 10월 1일 14시,화요일,전라남도 구례군 마산면,중상사고,0,1,0,0,차대차 - 기타,직진우회전진행방해,건조,맑음,교차로 - 교차로안,원동기,여,61세,중상,승용,남,50세,상해없음
2013100100100348,2013년 10월 1일 15시,화요일,전라남도 순천시 조곡동,중상사고,0,2,0,0,차대차 - 측면직각충돌,안전운전불이행,건조,맑음,교차로 - 교차로안,승용,남,81세,중상,승용,남,36세,중상
2013100100100349,2013년 10월 1일 15시,화요일,전라남도 나주시 산포면,경상사고,0,0,1,0,차대차 - 측면직각충돌,직진우회전진행방해,건조,맑음,교차로 - 교차로안,화물,남,24세,상해없음,이륜,남,76세,경상
2013100100100350,2013년 10월 1일 15시,화요일,전라남도 장흥군 장흥읍,경상사고,0,0,1,0,차대차 - 정면충돌,중앙선침범,건조,맑음,단일로 - 기타,원동기,남,77세,경상,화물,남,74세,상해없음
2013100100100351,2013년 10월 1일 15시,화요일,전라남도 보성군 보성읍,경상사고,0,0,1,0,차대사람 - 횡단중,안전운전불이행,건조,맑음,단일로 - 기타,승용,여,39세,상해없음,보행자,남,7세,경상
2013100100100375,2013년 10월 1일 16시,화요일,전라남도 완도군 완도읍,중상사고,0,1,0,0,차대차 - 측면직각충돌,교차로운행방법위반,건조,맑음,교차로 - 교차로안,이륜,남,51세,중상,승용,남,58세,상해없음
2013100100100414,2013년 10월 1일 17시,화요일,전라남도 목포시 연산동,부상신고사고,0,0,0,2,차대사람 - 기타,안전운전불이행,건조,맑음,교차로 - 교차로부근,기타불명,기타불명,기타불명,기타불명,보행자,여,14세,부상신고
2013100100100415,2013년 10월 1일 17시,화요일,전라남도 목포시 용당동,중상사고,0,1,0,0,차대차 - 기타,교차로운행방법위반,건조,맑음,교차로 - 교차로안,원동기,남,65세,중상,화물,남,56세,상해없음
2013100100100455,2013년 10월 1일 18시,화요일,전라남도 목포시 석현동,중상사고,0,1,0,0,차대차 - 기타,신호위반,건조,맑음,교차로 - 교차로안,승용,남,69세,상해없음,원동기,남,50세,중상
2013100100100456,2013년 10월 1일 18시,화요일,전라남도 여수시 학동,경상사고,0,0,1,0,차대사람 - 횡단중,신호위반,건조,맑음,교차로 - 교차로부근,승용,남,75세,상해없음,보행자,남,42세,경상
2013100100100457,2013년 10월 1일 18시,화요일,전라남도 여수시 국동,경상사고,0,0,1,0,차대차 - 추돌 - 진행중,안전운전불이행,건조,맑음,단일로 - 기타,승용,남,68세,상해없음,승용,여,44세,경상
2013100100100458,2013년 10월 1일 18시,화요일,전라남도 영광군 영광읍,경상사고,0,0,1,0,차대사람 - 기타,안전운전불이행,습기,비,단일로 - 기타,승용,남,44세,상해없음,보행자,남,51세,경상
2013100100100459,2013년 10월 1일 18시,화요일,전라남도 무안군 삼향읍,경상사고,0,0,2,0,차대차 - 측면직각충돌,직진우회전진행방해,습기,비,교차로 - 교차로안,이륜,남,41세,경상,승용,여,50세,경상
2013100100100497,2013년 10월 1일 19시,화요일,전라남도 나주시 금성동,중상사고,0,1,0,0,차대사람 - 횡단중,신호위반,습기,비,교차로 - 교차로안,승용,남,25세,상해없음,보행자,여,35세,중상
2013100100100498,2013년 10월 1일 19시,화요일,전라남도 영암군 신북면,중상사고,0,3,0,0,차대차 - 측면직각충돌,신호위반,습기,비,교차로 - 교차로안,화물,남,49세,상해없음,화물,남,30세,중상
2013100100100499,2013년 10월 1일 19시,화요일,전라남도 곡성군 곡성읍,중상사고,0,1,2,0,차대차 - 측면직각충돌,직진우회전진행방해,습기,흐림,교차로 - 교차로안,화물,남,49세,경상,화물,남,36세,경상
2013100100100541,2013년 10월 1일 20시,화요일,전라남도 목포시 옥암동,경상사고,0,0,1,0,차대차 - 기타,안전운전불이행,건조,맑음,기타 - 기타,승용,남,42세,상해없음,승용,여,41세,경상
2013100100100542,2013년 10월 1일 20시,화요일,전라남도 여수시 선원동,중상사고,0,1,1,0,차대차 - 추돌 - 주정차중,안전운전불이행,건조,맑음,기타 - 기타,승용,남,72세,경상,승용,남,69세,상해없음
2013100100100577,2013년 10월 1일 21시,화요일,전라남도 순천시 조곡동,경상사고,0,0,1,0,차대차 - 기타,직진우회전진행방해,건조,맑음,교차로 - 교차로안,승용,남,25세,상해없음,승용,남,61세,경상
2013100100100601,2013년 10월 1일 22시,화요일,전라남도 완도군 소안면,중상사고,0,1,0,0,차량단독 - 전도전복,안전운전불이행,건조,맑음,단일로 - 기타,화물,남,19세,중상,,,,
2013100200100017,2013년 10월 2일 00시,수요일,전라남도 목포시 옥암동,경상사고,0,0,1,0,차대차 - 기타,안전운전불이행,건조,맑음,기타 - 기타,승용,남,41세,상해없음,승용,남,46세,경상
2013100200100062,2013년 10월 2일 06시,수요일,전라남도 담양군 담양읍,중상사고,0,6,6,0,차대차 - 기타,중앙선침범,습기,비,단일로 - 기타,승용,여,47세,경상,승용,남,49세,중상
2013100200100086,2013년 10월 2일 07시,수요일,전라남도 광양시 금호동,경상사고,0,0,1,0,차대사람 - 차도통행중,안전운전불이행,건조,맑음,단일로 - 기타,승용,여,51세,상해없음,보행자,남,16세,경상
2013100200100137,2013년 10월 2일 09시,수요일,전라남도 순천시 조례동,경상사고,0,0,1,0,차대차 - 추돌 - 주정차중,안전운전불이행,습기,비,교차로 - 교차로부근,승용,남,23세,상해없음,승용,남,43세,경상
2013100200100138,2013년 10월 2일 09시,수요일,전라남도 순천시 황전면,사망사고,1,1,1,0,차대차 - 정면충돌,중앙선침범,습기,비,단일로 - 기타,승용,남,61세,사망,승합,남,56세,경상
2013100200100185,2013년 10월 2일 11시,수요일,전라남도 담양군 대전면,중상사고,0,1,0,0,차대사람 - 기타,기타,건조,맑음,교차로 - 교차로부근,승합,남,62세,상해없음,보행자,여,82세,중상
2013100200100211,2013년 10월 2일 12시,수요일,전라남도 장흥군 장흥읍,중상사고,0,1,0,0,차대차 - 측면직각충돌,교차로운행방법위반,건조,맑음,교차로 - 교차로부근,원동기,남,78세,중상,승용,여,42세,상해없음
2013100200100244,2013년 10월 2일 13시,수요일,전라남도 완도군 고금면,중상사고,0,2,0,0,차량단독 - 공작물충돌,안전운전불이행,건조,맑음,단일로 - 기타,화물,남,57세,상해없음,,,,
2013100200100270,2013년 10월 2일 14시,수요일,전라남도 순천시 연향동,중상사고,0,1,0,0,차대사람 - 횡단중,보행자보호의무위반,건조,맑음,단일로 - 횡단보도상,승용,여,42세,상해없음,보행자,여,22세,중상
2013100200100384,2013년 10월 2일 17시,수요일,전라남도 순천시 해룡면,중상사고,0,1,1,0,차대사람 - 차도통행중,안전운전불이행,건조,맑음,교차로 - 교차로부근,승용,남,19세,상해없음,보행자,여,12세,경상
2013100200100385,2013년 10월 2일 17시,수요일,전라남도 해남군 해남읍,경상사고,0,0,1,1,차대차 - 측면직각충돌,교차로운행방법위반,건조,맑음,교차로 - 교차로안,화물,남,62세,부상신고,승용,여,57세,경상
2013100200100433,2013년 10월 2일 18시,수요일,전라남도 고흥군 대서면,중상사고,0,1,0,0,차대사람 - 기타,안전운전불이행,건조,맑음,단일로 - 횡단보도부근,승용,남,49세,상해없음,보행자,남,60세,중상
2013100200100434,2013년 10월 2일 18시,수요일,전라남도 영암군 삼호읍,경상사고,0,0,4,0,차대차 - 측면직각충돌,신호위반,건조,맑음,교차로 - 교차로안,승용,남,23세,경상,승용,남,29세,경상
2013100200100480,2013년 10월 2일 19시,수요일,전라남도 목포시 상동,경상사고,0,0,1,0,차대차 - 측면직각충돌,안전운전불이행,건조,맑음,단일로 - 기타,승용,남,33세,상해없음,자전거,남,23세,경상
2013100200100481,2013년 10월 2일 19시,수요일,전라남도 여수시 문수동,경상사고,0,0,1,0,차대차 - 추돌 - 진행중,교차로운행방법위반,건조,맑음,교차로 - 교차로안,승용,남,27세,상해없음,이륜,남,23세,경상
2013100200100482,2013년 10월 2일 19시,수요일,전라남도 순천시 연향동,경상사고,0,0,1,0,차대사람 - 보도통행중,안전운전불이행,건조,맑음,교차로 - 교차로부근,승용,남,54세,상해없음,보행자,여,53세,경상
2013100200100483,2013년 10월 2일 19시,수요일,전라남도 고흥군 도덕면,경상사고,0,0,1,0,차량단독 - 공작물충돌,안전운전불이행,건조,맑음,단일로 - 기타,승용,여,56세,경상,,,,
2013100200100484,2013년 10월 2일 19시,수요일,전라남도 영암군 삼호읍,경상사고,0,0,1,0,차대차 - 추돌 - 주정차중,안전운전불이행,건조,맑음,교차로 - 교차로부근,화물,남,58세,상해없음,승용,남,72세,상해없음
2013100200100485,2013년 10월 2일 19시,수요일,전라남도 영암군 삼호읍,중상사고,0,1,2,0,차대차 - 측면직각충돌,중앙선침범,건조,맑음,단일로 - 기타,화물,남,52세,중상,특수,남,32세,경상
2013100200100486,2013년 10월 2일 19시,수요일,전라남도 광양시 중동,경상사고,0,0,3,0,차대차 - 추돌 - 진행중,안전운전불이행,건조,맑음,단일로 - 기타,승용,여,21세,경상,승용,남,41세,경상
2013100200100529,2013년 10월 2일 20시,수요일,전라남도 완도군 완도읍,경상사고,0,0,5,0,차대차 - 측면직각충돌,교차로운행방법위반,건조,맑음,교차로 - 교차로안,승용,여,53세,경상,승용,남,52세,경상
2013100200100560,2013년 10월 2일 21시,수요일,전라남도 목포시 산정동,경상사고,0,0,1,0,차대차 - 추돌 - 진행중,안전운전불이행,건조,맑음,단일로 - 기타,승용,여,42세,상해없음,승용,여,36세,경상
2013100200100591,2013년 10월 2일 22시,수요일,전라남도 목포시 용당동,경상사고,0,0,2,0,차대차 - 추돌 - 주정차중,안전운전불이행,건조,맑음,단일로 - 기타,승용,남,58세,상해없음,승용,남,31세,경상
2013100200100592,2013년 10월 2일 22시,수요일,전라남도 순천시 덕월동,중상사고,0,1,0,0,차대사람 - 길가장자리구역통행중,안전운전불이행,건조,맑음,교차로 - 교차로부근,승용,남,42세,상해없음,보행자,남,52세,중상
2013100200100622,2013년 10월 2일 23시,수요일,전라남도 화순군 화순읍,경상사고,0,0,2,0,차대차 - 측면직각충돌,신호위반,건조,맑음,교차로 - 교차로안,승용,여,44세,경상,승용,남,39세,경상
2013100200100623,2013년 10월 2일 23시,수요일,전라남도 광양시 광양읍,경상사고,0,0,2,0,차대차 - 추돌 - 주정차중,안전운전불이행,건조,맑음,단일로 - 기타,승용,남,41세,상해없음,승용,남,31세,경상
2013100300100018,2013년 10월 3일 00시,목요일,전라남도 순천시 연향동,경상사고,0,0,1,0,차대차 - 기타,안전운전불이행,건조,맑음,교차로 - 교차로부근,승용,남,50세,상해없음,승용,남,43세,경상
2013100300100045,2013년 10월 3일 01시,목요일,전라남도 보성군 웅치면,중상사고,0,1,0,0,차량단독 - 공작물충돌,안전운전불이행,건조,맑음,단일로 - 기타,승용,남,46세,중상,,,,
2013100300100094,2013년 10월 3일 04시,목요일,전라남도 순천시 중앙동,경상사고,0,0,3,0,차대차 - 추돌 - 주정차중,안전운전불이행,건조,맑음,교차로 - 교차로부근,화물,남,56세,상해없음,화물,남,70세,경상
2013100300100130,2013년 10월 3일 06시,목요일,전라남도 나주시 송월동,경상사고,0,0,1,0,차대차 - 기타,중앙선침범,건조,맑음,단일로 - 기타,자전거,남,59세,경상,화물,남,63세,상해없음
2013100300100169,2013년 10월 3일 08시,목요일,전라남도 완도군 완도읍,중상사고,0,1,0,0,차대차 - 기타,기타,건조,맑음,교차로 - 교차로안,승용,여,43세,상해없음,자전거,남,9세,중상
2013100300100189,2013년 10월 3일 09시,목요일,전라남도 완도군 신지면,중상사고,0,1,0,0,차대차 - 추돌 - 진행중,안전운전불이행,건조,맑음,단일로 - 기타,화물,남,42세,상해없음,이륜,남,79세,중상
2013100300100233,2013년 10월 3일 11시,목요일,전라남도 영광군 영광읍,경상사고,0,0,2,0,차대차 - 측면직각충돌,안전운전불이행,건조,맑음,교차로 - 교차로안,승용,여,49세,상해없음,승합,남,68세,경상
2013100300100234,2013년 10월 3일 11시,목요일,전라남도 광양시 광양읍,경상사고,0,0,2,0,차대차 - 측면직각충돌,안전운전불이행,건조,맑음,교차로 - 교차로안,승용,남,31세,상해없음,화물,남,70세,경상
2013100300100259,2013년 10월 3일 12시,목요일,전라남도 여수시 미평동,경상사고,0,0,3,0,차대차 - 기타,안전거리미확보,건조,맑음,교차로 - 교차로부근,승용,남,38세,상해없음,승용,여,43세,경상
2013100300100308,2013년 10월 3일 14시,목요일,전라남도 목포시 상동,중상사고,0,3,2,0,차대차 - 기타,신호위반,건조,맑음,단일로 - 기타,승용,남,46세,중상,승용,남,34세,기타불명
2013100300100309,2013년 10월 3일 14시,목요일,전라남도 고흥군 동강면,사망사고,1,0,0,0,차대차 - 추돌 - 진행중,과속,건조,맑음,단일로 - 기타,화물,남,46세,상해없음,농기계,남,67세,사망
2013100300100310,2013년 10월 3일 14시,목요일,전라남도 구례군 간전면,사망사고,1,1,0,0,차량단독 - 기타,안전운전불이행,건조,맑음,단일로 - 기타,원동기,남,79세,사망,,,,
2013100300100340,2013년 10월 3일 15시,목요일,전라남도 함평군 나산면,경상사고,0,0,1,0,차량단독 - 기타,안전운전불이행,건조,맑음,단일로 - 기타,승합,남,55세,상해없음,,,,
2013100300100341,2013년 10월 3일 15시,목요일,전라남도 무안군 일로읍,경상사고,0,0,1,0,차대차 - 측면직각충돌,안전운전불이행,건조,맑음,교차로 - 교차로안,화물,남,51세,상해없음,승용,남,59세,경상
2013100300100382,2013년 10월 3일 16시,목요일,전라남도 목포시 상동,경상사고,0,0,2,0,차대차 - 기타,안전운전불이행,건조,기타,단일로 - 기타,승용,남,46세,경상,승용,남,47세,경상
2013100300100383,2013년 10월 3일 16시,목요일,전라남도 순천시 해룡면,중상사고,0,1,11,0,차대차 - 추돌 - 진행중,안전운전불이행,건조,맑음,단일로 - 기타,승합,남,56세,상해없음,승용,여,43세,경상
2013100300100384,2013년 10월 3일 16시,목요일,전라남도 고흥군 도양읍,경상사고,0,0,1,0,차대차 - 추돌 - 주정차중,안전운전불이행,건조,맑음,단일로 - 기타,원동기,남,59세,경상,화물,남,69세,기타불명
2013100300100385,2013년 10월 3일 16시,목요일,전라남도 장성군 장성읍,경상사고,0,0,1,0,차대차 - 기타,중앙선침범,건조,맑음,단일로 - 기타,이륜,남,29세,경상,승용,남,53세,상해없음
2013100300100425,2013년 10월 3일 17시,목요일,전라남도 순천시 조곡동,경상사고,0,0,1,0,차대차 - 추돌 - 진행중,안전운전불이행,건조,맑음,단일로 - 기타,승용,남,45세,상해없음,승용,여,54세,경상
2013100300100459,2013년 10월 3일 18시,목요일,전라남도 곡성군 오곡면,경상사고,0,0,2,0,차대사람 - 길가장자리구역통행중,안전운전불이행,건조,맑음,단일로 - 기타,이륜,남,70세,상해없음,보행자,여,65세,경상
2013100300100507,2013년 10월 3일 19시,목요일,전라남도 곡성군 곡성읍,경상사고,0,0,1,0,차대차 - 기타,안전거리미확보,건조,맑음,교차로 - 교차로부근,승용,남,65세,상해없음,화물,여,47세,경상
2013100300100534,2013년 10월 3일 20시,목요일,전라남도 여수시 학동,경상사고,0,0,1,0,차대차 - 기타,중앙선침범,건조,맑음,단일로 - 기타,승용,여,40세,상해없음,승용,남,25세,경상
2013100300100572,2013년 10월 3일 21시,목요일,전라남도 여수시 신월동,경상사고,0,0,2,1,차대차 - 기타,중앙선침범,건조,맑음,단일로 - 기타,승용,남,37세,상해없음,승용,여,50세,경상
2013100300100596,2013년 10월 3일 22시,목요일,전라남도 여수시 오림동,중상사고,0,1,0,0,차대차 - 기타,차로위반,건조,맑음,단일로 - 기타,승용,남,31세,상해없음,원동기,남,58세,중상
2013100300100617,2013년 10월 3일 23시,목요일,전라남도 목포시 상동,중상사고,0,1,1,0,차대차 - 측면직각충돌,신호위반,건조,맑음,교차로 - 교차로안,승용,남,30세,상해없음,승용,남,39세,중상
2013100400100062,2013년 10월 4일 05시,금요일,전라남도 광양시 성황동,중상사고,0,1,0,0,차량단독 - 공작물충돌,안전운전불이행,건조,맑음,단일로 - 기타,승용,남,37세,중상,,,,
2013100400100151,2013년 10월 4일 09시,금요일,전라남도 목포시 상동,경상사고,0,0,3,0,차대차 - 기타,중앙선침범,건조,맑음,단일로 - 횡단보도상,승용,남,35세,상해없음,승용,여,42세,경상
2013100400100152,2013년 10월 4일 09시,금요일,전라남도 순천시 조례동,경상사고,0,0,3,0,차대차 - 추돌 - 진행중,안전운전불이행,건조,맑음,기타 - 기타,승용,남,36세,상해없음,승용,남,49세,경상
2013100400100153,2013년 10월 4일 09시,금요일,전라남도 광양시 옥곡면,경상사고,0,0,1,1,차대차 - 측면직각충돌,교차로운행방법위반,건조,맑음,교차로 - 교차로안,화물,남,73세,부상신고,화물,남,51세,경상
2013100400100210,2013년 10월 4일 11시,금요일,전라남도 영광군 영광읍,중상사고,0,1,0,0,차대차 - 기타,안전거리미확보,건조,맑음,교차로 - 교차로부근,승용,남,42세,상해없음,이륜,남,80세,중상
2013100400100211,2013년 10월 4일 11시,금요일,전라남도 담양군 담양읍,경상사고,0,0,1,0,차대차 - 추돌 - 주정차중,안전거리미확보,건조,맑음,단일로 - 기타,화물,남,45세,상해없음,승용,남,65세,경상
2013100400100244,2013년 10월 4일 12시,금요일,전라남도 순천시 조곡동,부상신고사고,0,0,0,1,차대사람 - 기타,안전운전불이행,건조,맑음,기타 - 기타,승합,남,56세,기타불명,보행자,여,74세,부상신고
2013100400100245,2013년 10월 4일 12시,금요일,전라남도 고흥군 도양읍,중상사고,0,1,0,0,차대사람 - 차도통행중,안전운전불이행,건조,맑음,단일로 - 기타,승용,여,56세,상해없음,보행자,여,73세,중상
2013100400100315,2013년 10월 4일 14시,금요일,전라남도 곡성군 곡성읍,부상신고사고,0,0,0,1,차량단독 - 공작물충돌,안전운전불이행,건조,맑음,교차로 - 교차로안,이륜,남,47세,부상신고,,,,
2013100400100316,2013년 10월 4일 14시,금요일,전라남도 곡성군 입면,중상사고,0,1,2,0,차대차 - 측면직각충돌,직진우회전진행방해,건조,맑음,교차로 - 교차로안,승합,남,53세,상해없음,화물,남,72세,경상
2013100400100317,2013년 10월 4일 14시,금요일,전라남도 광양시 중동,경상사고,0,0,1,0,차대차 - 추돌 - 진행중,교차로운행방법위반,건조,맑음,교차로 - 교차로안,승용,여,52세,상해없음,자전거,남,77세,경상
2013100400100318,2013년 10월 4일 14시,금요일,전라남도 장흥군 부산면,중상사고,0,1,2,0,차대차 - 추돌 - 진행중,안전운전불이행,건조,맑음,단일로 - 기타,승용,남,53세,경상,승용,남,53세,중상
2013100400100356,2013년 10월 4일 15시,금요일,전라남도 화순군 화순읍,경상사고,0,0,1,0,차대차 - 기타,안전운전불이행,건조,맑음,단일로 - 기타,승합,남,55세,상해없음,기타불명,여,61세,경상
2013100400100397,2013년 10월 4일 16시,금요일,전라남도 목포시 산정동,경상사고,0,0,1,0,차대차 - 기타,안전운전불이행,건조,맑음,단일로 - 기타,기타불명,기타불명,기타불명,기타불명,승용,남,68세,경상
2013100400100398,2013년 10월 4일 16시,금요일,전라남도 나주시 금천면,중상사고,0,1,0,0,차대차 - 측면직각충돌,직진우회전진행방해,건조,맑음,교차로 - 교차로안,승용,여,51세,상해없음,승용,여,35세,중상
2013100400100399,2013년 10월 4일 16시,금요일,전라남도 보성군 조성면,경상사고,0,0,1,0,차대차 - 측면직각충돌,안전운전불이행,건조,맑음,교차로 - 교차로안,이륜,남,68세,경상,승용,남,28세,상해없음
2013100400100488,2013년 10월 4일 18시,금요일,전라남도 강진군 강진읍,부상신고사고,0,0,0,1,차대차 - 정면충돌,중앙선침범,건조,맑음,단일로 - 기타,승용,여,26세,상해없음,원동기,남,77세,부상신고
2013100400100582,2013년 10월 4일 20시,금요일,전라남도 순천시 조례동,경상사고,0,0,1,0,차대차 - 기타,신호위반,건조,맑음,교차로 - 교차로안,승용,남,55세,상해없음,원동기,남,50세,경상
2013100400100583,2013년 10월 4일 20시,금요일,전라남도 순천시 조례동,경상사고,0,0,1,0,차대사람 - 기타,안전운전불이행,건조,맑음,교차로 - 교차로안,승용,여,49세,상해없음,보행자,남,52세,경상
2013100400100612,2013년 10월 4일 21시,금요일,전라남도 나주시 경현동,경상사고,0,0,1,0,차대차 - 기타,안전운전불이행,건조,흐림,단일로 - 기타,승용,남,42세,상해없음,승용,남,57세,경상
2013100400100644,2013년 10월 4일 22시,금요일,전라남도 광양시 중동,경상사고,0,0,1,0,차대차 - 측면직각충돌,직진우회전진행방해,건조,맑음,교차로 - 교차로안,승용,남,35세,경상,화물,남,33세,상해없음
2013100400100645,2013년 10월 4일 22시,금요일,전라남도 광양시 중동,경상사고,0,0,1,0,차대차 - 측면직각충돌,교차로운행방법위반,건조,맑음,교차로 - 교차로안,승용,남,65세,상해없음,승용,남,55세,경상
2013100400100646,2013년 10월 4일 22시,금요일,전라남도 순천시 별량면,중상사고,0,1,0,0,차량단독 - 전도전복,안전운전불이행,건조,맑음,기타 - 기타,승용,남,42세,중상,,,,
2013100400100686,2013년 10월 4일 23시,금요일,전라남도 순천시 풍덕동,경상사고,0,0,1,0,차대차 - 기타,교차로운행방법위반,건조,맑음,교차로 - 교차로부근,원동기,남,54세,경상,승용,남,52세,상해없음
2013100500100039,2013년 10월 5일 01시,토요일,전라남도 장성군 남면,경상사고,0,0,1,0,차량단독 - 전도전복,안전운전불이행,건조,맑음,교차로 - 교차로부근,화물,남,44세,경상,,,,
2013100500100104,2013년 10월 5일 04시,토요일,전라남도 함평군 해보면,경상사고,0,0,2,0,차대차 - 추돌 - 주정차중,안전운전불이행,건조,맑음,단일로 - 기타,화물,남,53세,상해없음,승용,남,28세,상해없음
2013100500100140,2013년 10월 5일 07시,토요일,전라남도 순천시 연향동,경상사고,0,0,2,0,차대차 - 기타,안전운전불이행,건조,맑음,단일로 - 기타,승용,여,21세,상해없음,승용,여,44세,경상