사고번호,사고일시,요일,시군구,사고내용,사망자수,중상자수,경상자수,부상신고자수,사고유형,법규위반,노면상태,기상상태,도로형태,가해운전자 차종,가해운전자 성별,가해운전자 연령,가해운전자 상해정도,피해운전자 차종,피해운전자 성별,피해운전자 연령,피해운전자 상해정도
2013100900100292,2013년 10월 9일 14시,수요일,전라남도 장흥군 용산면,경상사고,0,0,1,0,차대차 - 측면직각충돌,교차로운행방법위반,건조,맑음,교차로 - 교차로안,화물,남,74세,상해없음,원동기,남,65세,경상
2013100900100293,2013년 10월 9일 14시,수요일,전라남도 고흥군 금산면,부상신고사고,0,0,0,1,차대차 - 기타,안전운전불이행,기타,흐림,기타 - 기타,화물,남,34세,부상신고,화물,여,24세,상해없음
2013100900100294,2013년 10월 9일 14시,수요일,전라남도 함평군 해보면,경상사고,0,0,1,0,차대사람 - 횡단중,안전운전불이행,건조,맑음,교차로 - 교차로안,자전거,여,39세,상해없음,보행자,남,10세,경상
2013100900100368,2013년 10월 9일 17시,수요일,전라남도 여수시 미평동,경상사고,0,0,1,0,차대차 - 측면직각충돌,안전운전불이행,건조,맑음,교차로 - 교차로부근,화물,남,22세,상해없음,승용,남,32세,상해없음
2013100900100369,2013년 10월 9일 17시,수요일,전라남도 여수시 돌산읍,중상사고,0,1,0,0,차대차 - 정면충돌,중앙선침범,기타,흐림,교차로 - 교차로부근,승합,남,60세,상해없음,이륜,남,50세,중상
2013100900100370,2013년 10월 9일 17시,수요일,전라남도 고흥군 봉래면,중상사고,0,1,1,0,차대차 - 기타,중앙선침범,습기,비,단일로 - 기타,승용,남,44세,상해없음,승합,남,55세,경상
2013100900100371,2013년 10월 9일 17시,수요일,전라남도 광양시 광양읍,경상사고,0,0,1,0,차대차 - 측면직각충돌,안전운전불이행,건조,맑음,교차로 - 교차로안,화물,남,61세,기타불명,승용,남,56세,경상
2013100900100407,2013년 10월 9일 18시,수요일,전라남도 목포시 용해동,경상사고,0,0,1,0,차대사람 - 기타,안전운전불이행,건조,맑음,기타 - 기타,승용,남,49세,상해없음,보행자,여,77세,경상
2013100900100408,2013년 10월 9일 18시,수요일,전라남도 목포시 석현동,경상사고,0,0,1,0,차대차 - 측면직각충돌,신호위반,건조,맑음,교차로 - 교차로안,승용,남,33세,상해없음,승용,남,50세,상해없음
2013100900100409,2013년 10월 9일 18시,수요일,전라남도 무안군 몽탄면,중상사고,0,1,0,0,차량단독 - 도로외이탈 - 기타,안전운전불이행,건조,맑음,단일로 - 기타,화물,남,65세,중상,,,,
2013100900100445,2013년 10월 9일 19시,수요일,전라남도 목포시 죽교동,사망사고,1,0,0,0,차대사람 - 기타,보행자보호의무위반,건조,맑음,단일로 - 기타,승합,남,57세,상해없음,보행자,남,72세,사망
2013100900100446,2013년 10월 9일 19시,수요일,전라남도 광양시 중동,경상사고,0,0,1,0,차대차 - 측면직각충돌,안전운전불이행,건조,맑음,단일로 - 기타,승용,남,41세,상해없음,승용,여,70세,경상
2013100900100480,2013년 10월 9일 20시,수요일,전라남도 영암군 삼호읍,중상사고,0,1,0,0,차량단독 - 공작물충돌,안전운전불이행,건조,맑음,단일로 - 기타,농기계,남,78세,중상,,,,
2013100900100481,2013년 10월 9일 20시,수요일,전라남도 담양군 대전면,경상사고,0,0,6,0,차대차 - 측면직각충돌,교차로운행방법위반,건조,흐림,교차로 - 교차로안,승용,남,63세,경상,승용,여,38세,경상
2013100900100528,2013년 10월 9일 22시,수요일,전라남도 고흥군 고흥읍,중상사고,0,1,0,0,차대사람 - 기타,안전운전불이행,건조,맑음,교차로 - 교차로부근,화물,남,48세,상해없음,보행자,남,25세,중상
2013100900100529,2013년 10월 9일 22시,수요일,전라남도 담양군 담양읍,중상사고,0,1,1,2,차대차 - 측면직각충돌,신호위반,건조,맑음,교차로 - 교차로안,화물,남,33세,상해없음,승합,남,37세,중상
2013101000100007,2013년 10월 10일 00시,목요일,전라남도 목포시 용당동,경상사고,0,0,2,0,차대차 - 측면직각충돌,신호위반,건조,맑음,교차로 - 교차로안,승용,남,49세,상해없음,승용,남,54세,상해없음
2013101000100068,2013년 10월 10일 06시,목요일,전라남도 영암군 삼호읍,경상사고,0,0,1,0,차대차 - 기타,안전운전불이행,건조,맑음,단일로 - 기타,자전거,남,40세,상해없음,원동기,남,74세,경상
2013101000100121,2013년 10월 10일 08시,목요일,전라남도 신안군 지도읍,중상사고,0,1,0,0,차대차 - 기타,중앙선침범,건조,맑음,단일로 - 기타,화물,남,56세,상해없음,이륜,남,71세,중상
2013101000100122,2013년 10월 10일 08시,목요일,전라남도 여수시 화양면,중상사고,0,1,2,0,차대차 - 정면충돌,중앙선침범,습기,흐림,단일로 - 기타,승합,남,39세,상해없음,승용,남,43세,경상
2013101000100123,2013년 10월 10일 08시,목요일,전라남도 순천시 조례동,경상사고,0,0,1,0,차대차 - 기타,안전운전불이행,건조,맑음,교차로 - 교차로부근,기타불명,기타불명,기타불명,기타불명,승용,여,37세,경상
2013101000100154,2013년 10월 10일 09시,목요일,전라남도 나주시 용산동,경상사고,0,0,1,0,차대차 - 기타,안전운전불이행,건조,흐림,교차로 - 교차로안,자전거,남,71세,경상,승용,남,71세,상해없음
2013101000100180,2013년 10월 10일 10시,목요일,전라남도 고흥군 풍양면,중상사고,0,1,0,0,차대차 - 측면직각충돌,직진우회전진행방해,건조,흐림,교차로 - 교차로안,농기계,남,56세,중상,승용,남,37세,상해없음
2013101000100206,2013년 10월 10일 11시,목요일,전라남도 순천시 조례동,경상사고,0,0,2,0,차대차 - 추돌 - 진행중,안전운전불이행,건조,맑음,단일로 - 기타,승용,남,55세,상해없음,승용,여,42세,경상
2013101000100207,2013년 10월 10일 11시,목요일,전라남도 영광군 영광읍,경상사고,0,0,1,0,차대차 - 기타,안전운전불이행,건조,맑음,단일로 - 기타,승용,남,44세,상해없음,이륜,남,68세,경상
2013101000100269,2013년 10월 10일 13시,목요일,전라남도 나주시 용산동,경상사고,0,0,2,0,차대차 - 기타,직진우회전진행방해,습기,비,교차로 - 교차로안,승용,여,41세,경상,승용,남,45세,경상
2013101000100270,2013년 10월 10일 13시,목요일,전라남도 강진군 강진읍,경상사고,0,0,3,1,차대차 - 측면직각충돌,직진우회전진행방해,건조,맑음,교차로 - 교차로안,승용,남,67세,상해없음,화물,남,52세,경상
2013101000100292,2013년 10월 10일 14시,목요일,전라남도 화순군 이서면,경상사고,0,0,2,0,차대차 - 측면직각충돌,중앙선침범,습기,비,단일로 - 기타,승용,남,77세,상해없음,승용,남,50세,경상
2013101000100345,2013년 10월 10일 16시,목요일,전라남도 나주시 영산동,중상사고,0,1,0,0,차대차 - 기타,안전거리미확보,습기,비,교차로 - 교차로안,원동기,남,73세,중상,화물,남,24세,상해없음
2013101000100346,2013년 10월 10일 16시,목요일,전라남도 나주시 송월동,중상사고,0,1,0,0,차대차 - 추돌 - 진행중,안전운전불이행,습기,비,단일로 - 기타,화물,남,41세,상해없음,자전거,남,65세,중상
2013101000100374,2013년 10월 10일 17시,목요일,전라남도 광양시 옥곡면,경상사고,0,0,1,0,차대차 - 기타,교차로운행방법위반,습기,비,교차로 - 교차로안,화물,남,51세,상해없음,화물,남,51세,경상
2013101000100425,2013년 10월 10일 18시,목요일,전라남도 여수시 문수동,경상사고,0,0,2,0,차대차 - 측면직각충돌,안전운전불이행,건조,맑음,단일로 - 기타,승용,남,45세,상해없음,승용,남,23세,경상
2013101000100426,2013년 10월 10일 18시,목요일,전라남도 해남군 화원면,중상사고,0,1,0,0,차대차 - 기타,안전운전불이행,습기,비,단일로 - 기타,승합,남,55세,상해없음,화물,남,59세,중상
2013101000100427,2013년 10월 10일 18시,목요일,전라남도 화순군 화순읍,사망사고,1,0,0,0,차대사람 - 횡단중,안전운전불이행,습기,비,단일로 - 기타,승합,남,62세,상해없음,보행자,여,79세,사망
2013101000100476,2013년 10월 10일 19시,목요일,전라남도 영광군 영광읍,경상사고,0,0,1,0,차대차 - 기타,직진우회전진행방해,습기,비,교차로 - 교차로안,승용,여,48세,상해없음,승용,여,32세,경상
2013101000100517,2013년 10월 10일 20시,목요일,전라남도 목포시 용당동,경상사고,0,0,1,0,차대차 - 기타,교차로운행방법위반,건조,흐림,교차로 - 교차로안,승용,남,26세,상해없음,원동기,남,30세,경상
2013101000100557,2013년 10월 10일 21시,목요일,전라남도 목포시 산정동,중상사고,0,1,0,0,차대사람 - 차도통행중,안전운전불이행,건조,흐림,단일로 - 기타,승용,남,52세,상해없음,보행자,여,33세,중상
2013101000100558,2013년 10월 10일 21시,목요일,전라남도 화순군 화순읍,경상사고,0,0,1,0,차대차 - 측면직각충돌,안전운전불이행,습기,비,단일로 - 기타,승용,남,34세,경상,화물,남,37세,상해없음
2013101000100589,2013년 10월 10일 22시,목요일,전라남도 순천시 해룡면,경상사고,0,0,2,0,차대차 - 기타,신호위반,습기,흐림,교차로 - 교차로안,화물,남,54세,상해없음,승용,여,43세,경상
2013101000100590,2013년 10월 10일 22시,목요일,전라남도 나주시 성북동,중상사고,0,1,0,0,차대차 - 기타,안전운전불이행,습기,흐림,교차로 - 교차로안,승합,남,55세,상해없음,승용,여,53세,중상
2013101000100591,2013년 10월 10일 22시,목요일,전라남도 나주시 봉황면,경상사고,0,0,1,0,차량단독 - 기타,안전운전불이행,건조,기타,단일로 - 기타,원동기,남,55세,경상,,,,
2013101100100016,2013년 10월 11일 00시,금요일,전라남도 여수시 돌산읍,경상사고,0,0,1,0,차량단독 - 공작물충돌,안전운전불이행,건조,맑음,단일로 - 기타,승용,남,42세,상해없음,,,,
2013101100100054,2013년 10월 11일 02시,금요일,전라남도 순천시 해룡면,경상사고,0,0,1,0,차대차 - 기타,안전운전불이행,건조,맑음,교차로 - 교차로안,승용,여,44세,상해없음,승용,여,46세,경상
2013101100100055,2013년 10월 11일 02시,금요일,전라남도 광양시 도이동,경상사고,0,0,1,0,차대차 - 추돌 - 주정차중,안전운전불이행,건조,맑음,단일로 - 기타,승용,여,30세,경상,건설기계,남,50세,기타불명
2013101100100081,2013년 10월 11일 04시,금요일,전라남도 순천시 덕암동,부상신고사고,0,0,0,1,차대차 - 추돌 - 진행중,안전운전불이행,건조,맑음,단일로 - 기타,원동기,남,17세,부상신고,승용,남,55세,상해없음
2013101100100177,2013년 10월 11일 08시,금요일,전라남도 장성군 북이면,중상사고,0,1,0,0,차대사람 - 기타,안전운전불이행,건조,맑음,단일로 - 기타,화물,남,51세,상해없음,보행자,여,74세,중상
2013101100100178,2013년 10월 11일 08시,금요일,전라남도 강진군 강진읍,중상사고,0,1,0,0,차대차 - 측면직각충돌,안전운전불이행,건조,맑음,단일로 - 기타,승용,남,59세,상해없음,자전거,남,83세,중상
2013101100100179,2013년 10월 11일 08시,금요일,전라남도 광양시 광양읍,사망사고,1,0,0,0,차대사람 - 기타,안전운전불이행,건조,맑음,기타 - 기타,승용,남,33세,상해없음,보행자,남,74세,사망
2013101100100226,2013년 10월 11일 09시,금요일,전라남도 강진군 병영면,경상사고,0,0,1,0,차대차 - 측면직각충돌,직진우회전진행방해,건조,맑음,교차로 - 교차로안,화물,여,57세,상해없음,이륜,남,82세,경상
2013101100100227,2013년 10월 11일 09시,금요일,전라남도 광양시 봉강면,사망사고,1,1,0,0,차대차 - 정면충돌,중앙선침범,건조,맑음,단일로 - 기타,화물,남,72세,사망,승용,여,41세,중상
2013101100100228,2013년 10월 11일 09시,금요일,전라남도 광양시 광양읍,중상사고,0,1,0,0,차대차 - 측면직각충돌,교차로운행방법위반,건조,맑음,교차로 - 교차로안,화물,남,58세,상해없음,이륜,남,86세,중상
2013101100100251,2013년 10월 11일 10시,금요일,전라남도 목포시 산정동,경상사고,0,0,1,0,차대차 - 추돌 - 진행중,안전거리미확보,건조,맑음,교차로 - 교차로부근,이륜,남,73세,경상,승용,여,55세,상해없음
2013101100100252,2013년 10월 11일 10시,금요일,전라남도 순천시 남정동,중상사고,0,1,0,0,차대차 - 추돌 - 진행중,직진우회전진행방해,건조,맑음,교차로 - 교차로안,승용,여,38세,상해없음,이륜,남,50세,중상
2013101100100273,2013년 10월 11일 11시,금요일,전라남도 목포시 보광동1가,경상사고,0,0,1,0,차대차 - 추돌 - 진행중,안전운전불이행,건조,맑음,교차로 - 교차로안,승용,남,34세,상해없음,화물,여,46세,경상
2013101100100274,2013년 10월 11일 11시,금요일,전라남도 화순군 화순읍,경상사고,0,0,2,0,차대차 - 측면직각충돌,신호위반,건조,맑음,교차로 - 교차로안,승용,남,67세,상해없음,승용,여,51세,경상
2013101100100275,2013년 10월 11일 11시,금요일,전라남도 무안군 망운면,경상사고,0,0,3,0,차대차 - 측면직각충돌,신호위반,건조,맑음,교차로 - 교차로안,화물,남,41세,경상,승용,남,47세,경상
2013101100100310,2013년 10월 11일 12시,금요일,전라남도 광양시 광영동,중상사고,0,2,0,0,차대차 - 측면직각충돌,안전운전불이행,건조,맑음,단일로 - 기타,화물,남,68세,중상,화물,남,49세,중상
2013101100100311,2013년 10월 11일 12시,금요일,전라남도 구례군 문척면,중상사고,0,1,0,0,차대차 - 측면직각충돌,교차로운행방법위반,건조,맑음,교차로 - 교차로안,승용,남,30세,상해없음,원동기,여,39세,중상
2013101100100348,2013년 10월 11일 13시,금요일,전라남도 여수시 봉계동,중상사고,0,1,0,0,차대사람 - 기타,안전운전불이행,건조,맑음,단일로 - 기타,승용,남,72세,상해없음,보행자,남,44세,중상
2013101100100377,2013년 10월 11일 14시,금요일,전라남도 목포시 옥암동,사망사고,1,0,0,0,차대사람 - 기타,안전운전불이행,건조,맑음,교차로 - 교차로안,승합,남,53세,상해없음,보행자,남,78세,사망
2013101100100378,2013년 10월 11일 14시,금요일,전라남도 영광군 염산면,중상사고,0,1,1,0,차대차 - 정면충돌,안전운전불이행,건조,맑음,단일로 - 기타,화물,남,46세,상해없음,승용,남,54세,경상
2013101100100379,2013년 10월 11일 14시,금요일,전라남도 무안군 청계면,경상사고,0,0,1,0,차량단독 - 공작물충돌,안전운전불이행,건조,맑음,단일로 - 기타,화물,남,46세,경상,,,,
2013101100100449,2013년 10월 11일 16시,금요일,전라남도 나주시 성북동,경상사고,0,0,1,0,차대차 - 기타,안전운전불이행,건조,맑음,단일로 - 기타,화물,남,55세,상해없음,승용,여,39세,상해없음
2013101100100450,2013년 10월 11일 16시,금요일,전라남도 장흥군 장평면,경상사고,0,0,1,0,차대사람 - 차도통행중,안전운전불이행,건조,맑음,단일로 - 기타,화물,남,38세,상해없음,보행자,남,86세,경상
2013101100100451,2013년 10월 11일 16시,금요일,전라남도 고흥군 도양읍,경상사고,0,0,1,0,차대차 - 측면직각충돌,신호위반,건조,맑음,교차로 - 교차로안,승용,여,38세,상해없음,승용,남,47세,경상
2013101100100484,2013년 10월 11일 17시,금요일,전라남도 고흥군 동강면,중상사고,0,1,0,0,차대차 - 추돌 - 주정차중,안전운전불이행,건조,맑음,단일로 - 기타,이륜,남,75세,중상,화물,여,47세,기타불명
2013101100100485,2013년 10월 11일 17시,금요일,전라남도 강진군 작천면,사망사고,1,0,0,0,차대차 - 기타,중앙선침범,건조,맑음,단일로 - 기타,농기계,남,27세,상해없음,이륜,남,68세,사망
2013101100100529,2013년 10월 11일 18시,금요일,전라남도 목포시 상동,경상사고,0,0,4,0,차대차 - 추돌 - 진행중,안전거리미확보,건조,맑음,단일로 - 기타,승용,여,23세,경상,승용,여,29세,경상
2013101100100530,2013년 10월 11일 18시,금요일,전라남도 여수시 돌산읍,경상사고,0,0,1,0,차대차 - 기타,중앙선침범,건조,맑음,교차로 - 교차로부근,화물,남,52세,기타불명,화물,남,57세,경상
2013101100100531,2013년 10월 11일 18시,금요일,전라남도 여수시 덕충동,경상사고,0,0,2,0,차대차 - 기타,중앙선침범,건조,맑음,단일로 - 기타,승용,여,49세,상해없음,승용,남,41세,경상
2013101100100532,2013년 10월 11일 18시,금요일,전라남도 여수시 미평동,부상신고사고,0,0,0,1,차대차 - 기타,교차로운행방법위반,건조,맑음,교차로 - 교차로안,이륜,남,78세,부상신고,승용,남,51세,상해없음
2013101100100533,2013년 10월 11일 18시,금요일,전라남도 화순군 화순읍,경상사고,0,0,3,0,차대차 - 추돌 - 주정차중,안전운전불이행,건조,맑음,교차로 - 교차로부근,승용,남,24세,상해없음,화물,남,41세,경상
2013101100100534,2013년 10월 11일 18시,금요일,전라남도 담양군 담양읍,중상사고,0,1,0,0,차대차 - 기타,신호위반,건조,맑음,교차로 - 교차로안,승용,여,27세,상해없음,원동기,여,57세,중상
2013101100100610,2013년 10월 11일 20시,금요일,전라남도 광양시 옥곡면,중상사고,0,1,0,0,차량단독 - 도로외이탈 - 추락,안전운전불이행,건조,맑음,단일로 - 기타,승용,남,52세,중상,,,,
2013101100100643,2013년 10월 11일 21시,금요일,전라남도 고흥군 대서면,경상사고,0,0,1,0,차대차 - 정면충돌,중앙선침범,건조,맑음,단일로 - 기타,화물,남,50세,상해없음,화물,남,46세,경상
2013101100100681,2013년 10월 11일 22시,금요일,전라남도 순천시 서면,중상사고,0,2,3,0,차대차 - 추돌 - 진행중,안전운전불이행,건조,맑음,교차로 - 교차로부근,화물,남,29세,상해없음,승용,여,44세,중상
2013101100100705,2013년 10월 11일 23시,금요일,전라남도 목포시 옥암동,중상사고,0,1,2,0,차대차 - 측면직각충돌,신호위반,건조,맑음,교차로 - 교차로안,승용,남,21세,경상,승용,남,20세,경상
2013101200100013,2013년 10월 12일 00시,토요일,전라남도 순천시 연향동,부상신고사고,0,0,0,1,차대사람 - 길가장자리구역통행중,안전운전불이행,건조,맑음,단일로 - 기타,기타불명,기타불명,기타불명,기타불명,보행자,남,22세,부상신고
2013101200100033,2013년 10월 12일 01시,토요일,전라남도 곡성군 삼기면,중상사고,0,1,0,0,차대차 - 추돌 - 진행중,안전운전불이행,건조,맑음,기타 - 기타,승합,남,35세,상해없음,화물,남,36세,상해없음
2013101200100049,2013년 10월 12일 02시,토요일,전라남도 장흥군 안양면,중상사고,0,1,1,0,차량단독 - 공작물충돌,안전운전불이행,건조,맑음,단일로 - 기타,화물,남,31세,경상,,,,
2013101200100065,2013년 10월 12일 03시,토요일,전라남도 순천시 연향동,경상사고,0,0,2,0,차대차 - 측면직각충돌,신호위반,건조,맑음,교차로 - 교차로안,승용,남,39세,경상,승용,여,42세,경상
2013101200100075,2013년 10월 12일 04시,토요일,전라남도 목포시 용당동,중상사고,0,1,0,0,차량단독 - 공작물충돌,안전운전불이행,건조,흐림,교차로 - 교차로부근,승용,여,52세,중상,,,,
2013101200100076,2013년 10월 12일 04시,토요일,전라남도 목포시 연산동,경상사고,0,0,2,0,차대차 - 추돌 - 진행중,안전거리미확보,건조,맑음,단일로 - 기타,화물,남,65세,상해없음,승용,남,45세,경상
2013101200100114,2013년 10월 12일 06시,토요일,전라남도 여수시 오림동,중상사고,0,2,0,0,차대사람 - 기타,기타,건조,맑음,기타 - 기타,원동기,남,19세,상해없음,보행자,남,25세,중상
2013101200100115,2013년 10월 12일 06시,토요일,전라남도 무안군 현경면,경상사고,0,0,1,0,차량단독 - 공작물충돌,안전운전불이행,건조,맑음,교차로 - 교차로부근,화물,여,64세,상해없음,,,,
2013101200100167,2013년 10월 12일 08시,토요일,전라남도 목포시 옥암동,경상사고,0,0,1,0,차대차 - 추돌 - 진행중,신호위반,건조,맑음,교차로 - 교차로부근,화물,남,30세,상해없음,화물,남,26세,경상
2013101200100168,2013년 10월 12일 08시,토요일,전라남도 광양시 광양읍,경상사고,0,0,1,0,차대차 - 추돌 - 주정차중,안전운전불이행,건조,맑음,단일로 - 횡단보도부근,승합,남,67세,상해없음,승용,남,29세,경상
2013101200100196,2013년 10월 12일 09시,토요일,전라남도 여수시 주삼동,부상신고사고,0,0,0,1,차대차 - 기타,안전운전불이행,건조,맑음,단일로 - 기타,이륜,남,30세,부상신고,화물,남,30세,상해없음
2013101200100197,2013년 10월 12일 09시,토요일,전라남도 순천시 장천동,경상사고,0,0,2,0,차대차 - 추돌 - 주정차중,안전운전불이행,건조,맑음,단일로 - 기타,승용,남,53세,상해없음,승용,남,40세,경상
2013101200100198,2013년 10월 12일 09시,토요일,전라남도 순천시 연향동,경상사고,0,0,1,0,차대사람 - 기타,보행자보호의무위반,건조,맑음,단일로 - 횡단보도상,승용,남,62세,상해없음,보행자,여,49세,경상
2013101200100199,2013년 10월 12일 09시,토요일,전라남도 해남군 해남읍,부상신고사고,0,0,0,1,차량단독 - 전도전복,안전운전불이행,건조,맑음,교차로 - 교차로안,자전거,남,83세,부상신고,,,,
2013101200100228,2013년 10월 12일 10시,토요일,전라남도 여수시 서교동,경상사고,0,0,1,0,차대차 - 측면직각충돌,안전운전불이행,건조,맑음,교차로 - 교차로부근,승용,남,70세,상해없음,이륜,남,72세,경상
2013101200100254,2013년 10월 12일 11시,토요일,전라남도 순천시 조례동,중상사고,0,1,0,0,차대사람 - 기타,안전운전불이행,건조,맑음,기타 - 기타,승용,여,30세,상해없음,보행자,여,79세,중상
2013101200100255,2013년 10월 12일 11시,토요일,전라남도 보성군 회천면,경상사고,0,0,2,0,차대차 - 추돌 - 진행중,기타,건조,맑음,교차로 - 교차로안,승합,남,54세,상해없음,승용,남,74세,경상
2013101200100290,2013년 10월 12일 12시,토요일,전라남도 담양군 금성면,중상사고,0,1,0,0,차대차 - 기타,교차로운행방법위반,건조,맑음,교차로 - 교차로안,원동기,여,65세,중상,기타불명,기타불명,기타불명,기타불명
2013101200100319,2013년 10월 12일 13시,토요일,전라남도 여수시 소라면,경상사고,0,0,1,0,차대차 - 추돌 - 주정차중,안전운전불이행,건조,맑음,단일로 - 기타,화물,남,58세,상해없음,승용,남,50세,경상
2013101200100356,2013년 10월 12일 14시,토요일,전라남도 완도군 노화읍,경상사고,0,0,1,0,차대차 - 측면직각충돌,중앙선침범,건조,맑음,교차로 - 교차로부근,승용,남,36세,경상,건설기계,남,44세,상해없음
2013101200100409,2013년 10월 12일 15시,토요일,전라남도 목포시 용해동,경상사고,0,0,1,0,차대차 - 기타,안전운전불이행,건조,맑음,단일로 - 기타,승용,남,48세,상해없음,승용,남,28세,경상
2013101200100445,2013년 10월 12일 16시,토요일,전라남도 순천시 낙안면,중상사고,0,1,0,0,차대사람 - 횡단중,안전운전불이행,건조,맑음,단일로 - 기타,승합,남,53세,상해없음,보행자,여,9세,중상
2013101200100482,2013년 10월 12일 17시,토요일,전라남도 순천시 풍덕동,중상사고,0,1,0,0,차대차 - 기타,안전운전불이행,건조,맑음,단일로 - 기타,자전거,남,72세,중상,승용,여,40세,상해없음
2013101200100514,2013년 10월 12일 18시,토요일,전라남도 화순군 화순읍,중상사고,0,1,0,0,차대차 - 측면직각충돌,교차로운행방법위반,건조,맑음,교차로 - 교차로안,승용,여,37세,상해없음,이륜,여,59세,중상
2013101200100569,2013년 10월 12일 19시,토요일,전라남도 장성군 황룡면,부상신고사고,0,0,0,1,차대차 - 정면충돌,중앙선침범,건조,맑음,미분류 - 미분류,승용,남,38세,상해없음,이륜,남,19세,부상신고
2013101200100570,2013년 10월 12일 19시,토요일,전라남도 무안군 해제면,중상사고,0,1,1,0,차량단독 - 공작물충돌,안전운전불이행,건조,맑음,단일로 - 기타,화물,여,57세,중상,,,,
2013101200100571,2013년 10월 12일 19시,토요일,전라남도 광양시 옥곡면,중상사고,0,1,0,0,차대차 - 추돌 - 주정차중,안전운전불이행,건조,맑음,교차로 - 교차로부근,화물,남,53세,중상,화물,남,58세,기타불명
2013101200100606,2013년 10월 12일 20시,토요일,전라남도 순천시 상사면,중상사고,0,1,0,0,차대차 - 기타,안전운전불이행,건조,맑음,단일로 - 기타,승용,남,40세,상해없음,자전거,남,14세,중상
2013101200100607,2013년 10월 12일 20시,토요일,전라남도 장흥군 관산읍,중상사고,0,1,1,0,차대사람 - 기타,안전운전불이행,건조,맑음,단일로 - 기타,화물,남,38세,상해없음,보행자,여,49세,중상
2013101200100647,2013년 10월 12일 21시,토요일,전라남도 순천시 풍덕동,경상사고,0,0,1,0,차대사람 - 기타,안전운전불이행,건조,맑음,단일로 - 기타,승용,남,69세,상해없음,보행자,여,45세,경상
2013101200100648,2013년 10월 12일 21시,토요일,전라남도 광양시 중동,경상사고,0,0,1,0,차대사람 - 횡단중,안전운전불이행,건조,맑음,교차로 - 교차로부근,승용,남,30세,상해없음,보행자,남,38세,경상
2013101200100701,2013년 10월 12일 23시,토요일,전라남도 해남군 해남읍,경상사고,0,0,2,0,차대차 - 기타,중앙선침범,건조,맑음,단일로 - 기타,승용,남,28세,상해없음,승용,여,43세,경상
2013101200100702,2013년 10월 12일 23시,토요일,전라남도 영암군 삼호읍,중상사고,0,1,0,0,차량단독 - 공작물충돌,안전운전불이행,건조,맑음,교차로 - 교차로부근,승용,남,34세,중상,,,,
2013101300100021,2013년 10월 13일 00시,일요일,전라남도 목포시 산정동,경상사고,0,0,1,0,차대차 - 기타,중앙선침범,건조,맑음,단일로 - 기타,이륜,남,25세,상해없음,승용,여,41세,상해없음
2013101300100058,2013년 10월 13일 02시,일요일,전라남도 순천시 해룡면,경상사고,0,0,3,0,차량단독 - 기타,안전운전불이행,건조,맑음,단일로 - 기타,이륜,남,17세,경상,,,,
2013101300100081,2013년 10월 13일 04시,일요일,전라남도 진도군 임회면,중상사고,0,1,1,0,차량단독 - 도로외이탈 - 기타,안전운전불이행,건조,맑음,단일로 - 기타,이륜,남,16세,경상,,,,
2013101300100121,2013년 10월 13일 07시,일요일,전라남도 나주시 영산동,경상사고,0,0,1,0,차대차 - 정면충돌,중앙선침범,건조,맑음,기타 - 기타,화물,남,54세,상해없음,승용,남,56세,경상
2013101300100138,2013년 10월 13일 08시,일요일,전라남도 목포시 산정동,중상사고,0,1,0,0,차대사람 - 기타,안전운전불이행,건조,맑음,교차로 - 교차로안,승용,남,64세,상해없음,보행자,여,68세,중상
2013101300100159,2013년 10월 13일 09시,일요일,전라남도 영암군 삼호읍,경상사고,0,0,2,0,차대차 - 추돌 - 진행중,안전운전불이행,건조,맑음,단일로 - 기타,건설기계,남,46세,상해없음,승용,여,28세,경상
2013101300100175,2013년 10월 13일 10시,일요일,전라남도 여수시 광무동,경상사고,0,0,1,0,차대차 - 기타,안전운전불이행,건조,맑음,단일로 - 기타,기타불명,기타불명,기타불명,기타불명,승합,남,39세,상해없음
2013101300100176,2013년 10월 13일 10시,일요일,전라남도 순천시 조례동,중상사고,0,1,0,0,차대사람 - 차도통행중,안전운전불이행,건조,맑음,기타 - 기타,승용,남,36세,상해없음,보행자,여,72세,중상
2013101300100177,2013년 10월 13일 10시,일요일,전라남도 순천시 송광면,경상사고,0,0,1,0,차대사람 - 보도통행중,안전운전불이행,건조,맑음,단일로 - 기타,승용,남,57세,상해없음,보행자,남,11세,경상
2013101300100200,2013년 10월 13일 11시,일요일,전라남도 영암군 덕진면,중상사고,0,1,0,0,차량단독 - 도로외이탈 - 기타,안전운전불이행,건조,맑음,단일로 - 기타,승용,남,44세,중상,,,,
2013101300100266,2013년 10월 13일 14시,일요일,전라남도 여수시 국동,중상사고,0,1,1,0,차대차 - 측면직각충돌,직진우회전진행방해,건조,맑음,교차로 - 교차로안,승용,남,26세,상해없음,승용,여,41세,중상
2013101300100267,2013년 10월 13일 14시,일요일,전라남도 구례군 마산면,중상사고,0,1,0,0,차대차 - 기타,중앙선침범,건조,맑음,단일로 - 기타,승용,여,47세,상해없음,이륜,여,76세,중상