사고번호,사고일시,요일,시군구,사고내용,사망자수,중상자수,경상자수,부상신고자수,사고유형,법규위반,노면상태,기상상태,도로형태,가해운전자 차종,가해운전자 성별,가해운전자 연령,가해운전자 상해정도,피해운전자 차종,피해운전자 성별,피해운전자 연령,피해운전자 상해정도
2013101700100410,2013년 10월 17일 18시,목요일,전라남도 강진군 칠량면,경상사고,0,0,1,0,차대사람 - 보도통행중,보행자보호의무위반,건조,맑음,단일로 - 기타,원동기,남,48세,기타불명,보행자,남,55세,경상
2013101700100411,2013년 10월 17일 18시,목요일,전라남도 광양시 중동,경상사고,0,0,3,0,차대차 - 추돌 - 주정차중,안전거리미확보,건조,맑음,단일로 - 교량,승용,남,51세,경상,승용,남,32세,경상
2013101700100445,2013년 10월 17일 19시,목요일,전라남도 여수시 소호동,중상사고,0,1,0,0,차대사람 - 횡단중,안전운전불이행,건조,맑음,단일로 - 횡단보도상,승용,여,30세,상해없음,보행자,여,59세,중상
2013101700100446,2013년 10월 17일 19시,목요일,전라남도 영광군 영광읍,경상사고,0,0,4,0,차대차 - 추돌 - 진행중,안전운전불이행,건조,맑음,단일로 - 기타,승용,남,55세,상해없음,승용,남,35세,경상
2013101700100447,2013년 10월 17일 19시,목요일,전라남도 영암군 삼호읍,중상사고,0,1,0,0,차대차 - 기타,불법유턴,건조,맑음,교차로 - 교차로안,화물,남,54세,상해없음,승용,남,41세,중상
2013101700100473,2013년 10월 17일 20시,목요일,전라남도 순천시 연향동,경상사고,0,0,1,0,차대사람 - 길가장자리구역통행중,안전운전불이행,건조,맑음,기타 - 기타,승용,남,39세,상해없음,보행자,여,31세,경상
2013101700100501,2013년 10월 17일 21시,목요일,전라남도 순천시 왕지동,경상사고,0,0,2,0,차대차 - 기타,직진우회전진행방해,건조,맑음,교차로 - 교차로안,승용,남,39세,상해없음,승용,남,30세,경상
2013101700100502,2013년 10월 17일 21시,목요일,전라남도 장성군 서삼면,중상사고,0,1,0,0,차량단독 - 기타,안전운전불이행,건조,맑음,단일로 - 기타,승용,남,47세,중상,,,,
2013101700100503,2013년 10월 17일 21시,목요일,전라남도 장성군 북이면,경상사고,0,0,2,0,차대차 - 기타,안전거리미확보,건조,맑음,단일로 - 기타,화물,기타불명,기타불명,기타불명,승용,남,48세,경상
2013101700100535,2013년 10월 17일 22시,목요일,전라남도 광양시 중동,경상사고,0,0,1,0,차대사람 - 횡단중,안전운전불이행,건조,맑음,교차로 - 교차로안,승용,남,46세,상해없음,보행자,여,21세,경상
2013101700100560,2013년 10월 17일 23시,목요일,전라남도 무안군 무안읍,경상사고,0,0,1,0,차대차 - 측면직각충돌,안전운전불이행,건조,맑음,단일로 - 기타,원동기,남,15세,상해없음,승용,남,41세,상해없음
2013101800100043,2013년 10월 18일 03시,금요일,전라남도 장성군 북이면,중상사고,0,1,0,0,차량단독 - 기타,안전운전불이행,건조,맑음,단일로 - 기타,승용,남,52세,상해없음,,,,
2013101800100105,2013년 10월 18일 07시,금요일,전라남도 함평군 월야면,중상사고,0,1,0,0,차대차 - 기타,안전운전불이행,건조,맑음,단일로 - 기타,화물,남,55세,상해없음,승합,여,45세,상해없음
2013101800100151,2013년 10월 18일 08시,금요일,전라남도 광양시 광양읍,중상사고,0,1,0,0,차대차 - 측면직각충돌,직진우회전진행방해,건조,맑음,교차로 - 교차로안,승용,남,38세,상해없음,원동기,남,83세,중상
2013101800100185,2013년 10월 18일 09시,금요일,전라남도 여수시 학동,경상사고,0,0,2,0,차대차 - 추돌 - 진행중,안전운전불이행,건조,맑음,단일로 - 기타,승용,여,36세,상해없음,승용,여,43세,경상
2013101800100186,2013년 10월 18일 09시,금요일,전라남도 여수시 문수동,경상사고,0,0,4,0,차대차 - 추돌 - 진행중,안전거리미확보,건조,맑음,단일로 - 기타,승용,남,27세,상해없음,승용,여,42세,경상
2013101800100214,2013년 10월 18일 10시,금요일,전라남도 여수시 여서동,중상사고,0,1,0,0,차대차 - 측면직각충돌,안전운전불이행,건조,맑음,교차로 - 교차로안,승용,남,25세,상해없음,이륜,남,65세,중상
2013101800100215,2013년 10월 18일 10시,금요일,전라남도 보성군 보성읍,중상사고,0,2,2,0,차대차 - 측면직각충돌,직진우회전진행방해,건조,맑음,교차로 - 교차로안,승용,남,67세,상해없음,승용,남,27세,경상
2013101800100216,2013년 10월 18일 10시,금요일,전라남도 영광군 영광읍,경상사고,0,0,2,1,차대차 - 추돌 - 진행중,안전운전불이행,건조,맑음,단일로 - 기타,승용,여,45세,부상신고,승용,남,48세,경상
2013101800100251,2013년 10월 18일 11시,금요일,전라남도 목포시 용해동,경상사고,0,0,1,0,차대차 - 기타,안전운전불이행,건조,기타,단일로 - 기타,화물,남,62세,상해없음,건설기계,남,59세,기타불명
2013101800100271,2013년 10월 18일 12시,금요일,전라남도 해남군 문내면,경상사고,0,0,2,1,차대차 - 기타,안전운전불이행,건조,맑음,단일로 - 기타,화물,남,62세,부상신고,화물,여,56세,상해없음
2013101800100303,2013년 10월 18일 13시,금요일,전라남도 함평군 월야면,중상사고,0,1,0,0,차량단독 - 공작물충돌,안전운전불이행,건조,맑음,단일로 - 기타,화물,여,66세,중상,,,,
2013101800100331,2013년 10월 18일 14시,금요일,전라남도 순천시 남정동,경상사고,0,0,2,0,차대차 - 측면직각충돌,직진우회전진행방해,건조,맑음,교차로 - 교차로안,이륜,남,58세,경상,승용,남,31세,경상
2013101800100332,2013년 10월 18일 14시,금요일,전라남도 무안군 해제면,경상사고,0,0,1,0,차량단독 - 전도전복,안전운전불이행,건조,맑음,단일로 - 기타,농기계,남,74세,경상,,,,
2013101800100333,2013년 10월 18일 14시,금요일,전라남도 광양시 옥곡면,중상사고,0,1,0,0,차대차 - 추돌 - 진행중,안전운전불이행,건조,맑음,단일로 - 기타,이륜,여,50세,중상,승용,남,54세,상해없음
2013101800100368,2013년 10월 18일 15시,금요일,전라남도 해남군 황산면,중상사고,0,1,0,0,차대차 - 측면직각충돌,교차로운행방법위반,건조,맑음,교차로 - 교차로안,화물,남,19세,상해없음,이륜,남,86세,중상
2013101800100369,2013년 10월 18일 15시,금요일,전라남도 장성군 남면,경상사고,0,0,1,0,차대차 - 추돌 - 주정차중,안전운전불이행,건조,맑음,단일로 - 기타,승용,여,52세,경상,화물,남,45세,기타불명
2013101800100370,2013년 10월 18일 15시,금요일,전라남도 무안군 청계면,중상사고,0,2,1,0,차대차 - 측면직각충돌,안전운전불이행,건조,맑음,교차로 - 교차로안,승용,남,26세,경상,승용,남,42세,중상
2013101800100371,2013년 10월 18일 15시,금요일,전라남도 광양시 광양읍,중상사고,0,1,0,0,차대사람 - 횡단중,안전운전불이행,건조,맑음,교차로 - 교차로안,승용,여,41세,상해없음,보행자,여,10세,중상
2013101800100406,2013년 10월 18일 16시,금요일,전라남도 여수시 신기동,경상사고,0,0,1,0,차대사람 - 길가장자리구역통행중,안전운전불이행,건조,맑음,교차로 - 교차로안,승용,여,42세,상해없음,보행자,여,26세,경상
2013101800100452,2013년 10월 18일 17시,금요일,전라남도 목포시 상동,경상사고,0,0,1,0,차대차 - 측면직각충돌,안전운전불이행,건조,맑음,교차로 - 교차로부근,기타불명,기타불명,기타불명,기타불명,승용,여,57세,경상
2013101800100453,2013년 10월 18일 17시,금요일,전라남도 여수시 돌산읍,중상사고,0,1,1,0,차대차 - 측면직각충돌,안전운전불이행,건조,맑음,단일로 - 기타,승용,여,43세,상해없음,승용,여,40세,경상
2013101800100454,2013년 10월 18일 17시,금요일,전라남도 순천시 해룡면,경상사고,0,0,3,0,차대차 - 측면직각충돌,안전운전불이행,건조,맑음,교차로 - 교차로안,화물,여,49세,경상,승용,여,54세,경상
2013101800100455,2013년 10월 18일 17시,금요일,전라남도 순천시 해룡면,경상사고,0,0,1,0,차대차 - 추돌 - 진행중,안전운전불이행,건조,맑음,단일로 - 기타,이륜,남,33세,경상,승용,남,49세,상해없음
2013101800100516,2013년 10월 18일 18시,금요일,전라남도 나주시 봉황면,경상사고,0,0,3,0,차대차 - 측면직각충돌,직진우회전진행방해,건조,맑음,교차로 - 교차로안,화물,남,51세,상해없음,승용,여,24세,경상
2013101800100517,2013년 10월 18일 18시,금요일,전라남도 강진군 강진읍,경상사고,0,0,1,0,차대사람 - 기타,안전운전불이행,건조,맑음,단일로 - 기타,승용,남,43세,상해없음,보행자,남,53세,경상
2013101800100573,2013년 10월 18일 19시,금요일,전라남도 나주시 대호동,경상사고,0,0,3,0,차대차 - 기타,안전운전불이행,건조,맑음,교차로 - 교차로부근,승용,남,36세,경상,승용,남,26세,경상
2013101800100574,2013년 10월 18일 19시,금요일,전라남도 장성군 남면,경상사고,0,0,1,1,차대차 - 추돌 - 진행중,안전운전불이행,건조,맑음,단일로 - 기타,승용,여,40세,부상신고,화물,남,73세,상해없음
2013101800100618,2013년 10월 18일 20시,금요일,전라남도 나주시 세지면,경상사고,0,0,1,0,차대차 - 기타,중앙선침범,건조,맑음,교차로 - 교차로부근,이륜,남,39세,경상,승용,여,36세,상해없음
2013101800100619,2013년 10월 18일 20시,금요일,전라남도 완도군 노화읍,경상사고,0,0,2,0,차대차 - 추돌 - 주정차중,안전운전불이행,건조,맑음,교차로 - 교차로안,승용,남,48세,상해없음,승용,남,26세,경상
2013101800100620,2013년 10월 18일 20시,금요일,전라남도 완도군 완도읍,중상사고,0,1,0,0,차대차 - 추돌 - 진행중,신호위반,건조,맑음,교차로 - 교차로안,이륜,남,60세,중상,승용,남,26세,상해없음
2013101800100621,2013년 10월 18일 20시,금요일,전라남도 광양시 광양읍,경상사고,0,0,2,0,차대차 - 추돌 - 주정차중,안전운전불이행,건조,맑음,교차로 - 교차로안,승용,남,59세,상해없음,승용,남,27세,경상
2013101800100663,2013년 10월 18일 21시,금요일,전라남도 함평군 신광면,경상사고,0,0,2,0,차대차 - 추돌 - 진행중,안전운전불이행,건조,맑음,단일로 - 기타,승용,남,52세,상해없음,승용,남,40세,경상
2013101800100698,2013년 10월 18일 22시,금요일,전라남도 순천시 연향동,경상사고,0,0,1,0,차대차 - 추돌 - 진행중,안전운전불이행,건조,흐림,교차로 - 교차로부근,승용,남,56세,상해없음,승용,여,30세,경상
2013101800100722,2013년 10월 18일 23시,금요일,전라남도 목포시 금동2가,경상사고,0,0,1,0,차대차 - 기타,안전운전불이행,건조,맑음,단일로 - 기타,승용,여,55세,상해없음,승용,여,27세,경상
2013101800100723,2013년 10월 18일 23시,금요일,전라남도 영암군 삼호읍,경상사고,0,0,2,0,차대차 - 측면직각충돌,안전운전불이행,건조,맑음,단일로 - 기타,승용,남,55세,상해없음,승용,남,50세,경상
2013101900100018,2013년 10월 19일 00시,토요일,전라남도 여수시 학동,경상사고,0,0,1,0,차대사람 - 기타,안전운전불이행,건조,맑음,단일로 - 기타,승용,남,33세,상해없음,보행자,남,34세,경상
2013101900100019,2013년 10월 19일 00시,토요일,전라남도 구례군 구례읍,경상사고,0,0,1,0,차량단독 - 기타,안전운전불이행,건조,맑음,단일로 - 기타,원동기,남,51세,경상,,,,
2013101900100088,2013년 10월 19일 04시,토요일,전라남도 목포시 해안동4가,부상신고사고,0,0,0,1,차대차 - 추돌 - 진행중,안전운전불이행,건조,맑음,단일로 - 기타,이륜,남,18세,부상신고,승용,남,55세,상해없음
2013101900100122,2013년 10월 19일 06시,토요일,전라남도 나주시 남평읍,중상사고,0,1,0,0,차대차 - 측면직각충돌,신호위반,건조,맑음,교차로 - 교차로안,승용,남,47세,상해없음,승용,여,37세,중상
2013101900100123,2013년 10월 19일 06시,토요일,전라남도 광양시 마동,경상사고,0,0,4,0,차대차 - 측면직각충돌,신호위반,건조,맑음,교차로 - 교차로안,승용,여,37세,상해없음,승용,남,39세,경상
2013101900100151,2013년 10월 19일 08시,토요일,전라남도 순천시 남정동,중상사고,0,1,0,0,차대사람 - 횡단중,안전운전불이행,건조,맑음,단일로 - 기타,승용,남,51세,상해없음,보행자,남,5세,중상
2013101900100152,2013년 10월 19일 08시,토요일,전라남도 순천시 상사면,경상사고,0,0,1,2,차대차 - 추돌 - 진행중,교차로운행방법위반,건조,맑음,교차로 - 교차로안,승용,남,35세,상해없음,승용,여,40세,경상
2013101900100180,2013년 10월 19일 09시,토요일,전라남도 광양시 중동,중상사고,0,1,0,0,차대사람 - 횡단중,안전운전불이행,건조,맑음,단일로 - 기타,승용,남,57세,상해없음,보행자,남,4세,중상
2013101900100200,2013년 10월 19일 10시,토요일,전라남도 순천시 조례동,경상사고,0,0,1,0,차대차 - 기타,교차로운행방법위반,건조,맑음,교차로 - 교차로안,승용,남,42세,상해없음,원동기,남,42세,경상
2013101900100201,2013년 10월 19일 10시,토요일,전라남도 영암군 덕진면,경상사고,0,0,1,0,차대차 - 추돌 - 진행중,안전거리미확보,건조,맑음,단일로 - 기타,승용,남,75세,경상,승합,남,38세,상해없음
2013101900100202,2013년 10월 19일 10시,토요일,전라남도 구례군 구례읍,경상사고,0,0,2,0,차대차 - 추돌 - 진행중,신호위반,건조,맑음,교차로 - 교차로안,승용,남,68세,상해없음,승용,여,53세,경상
2013101900100229,2013년 10월 19일 11시,토요일,전라남도 목포시 산정동,중상사고,0,1,0,0,차대사람 - 횡단중,안전운전불이행,건조,맑음,단일로 - 기타,승용,남,32세,상해없음,보행자,여,7세,중상
2013101900100230,2013년 10월 19일 11시,토요일,전라남도 순천시 조곡동,사망사고,1,0,0,0,차대사람 - 횡단중,안전운전불이행,건조,맑음,단일로 - 횡단보도상,화물,남,54세,상해없음,보행자,남,76세,사망
2013101900100287,2013년 10월 19일 13시,토요일,전라남도 함평군 월야면,경상사고,0,0,3,0,차대차 - 측면직각충돌,교차로운행방법위반,건조,맑음,교차로 - 교차로안,승용,남,67세,상해없음,화물,남,51세,경상
2013101900100288,2013년 10월 19일 13시,토요일,전라남도 무안군 망운면,경상사고,0,0,1,0,차대차 - 기타,안전운전불이행,건조,맑음,교차로 - 교차로안,원동기,여,52세,경상,화물,남,34세,상해없음
2013101900100289,2013년 10월 19일 13시,토요일,전라남도 광양시 금호동,경상사고,0,0,2,0,차대차 - 추돌 - 주정차중,안전운전불이행,건조,맑음,교차로 - 교차로부근,화물,남,37세,상해없음,승용,남,63세,경상
2013101900100322,2013년 10월 19일 14시,토요일,전라남도 영광군 법성면,중상사고,0,1,1,0,차대차 - 기타,안전운전불이행,건조,맑음,단일로 - 기타,승용,여,25세,경상,화물,기타불명,기타불명,기타불명
2013101900100385,2013년 10월 19일 16시,토요일,전라남도 여수시 소라면,경상사고,0,0,2,0,차대차 - 측면직각충돌,교차로운행방법위반,건조,맑음,교차로 - 교차로안,승용,남,62세,상해없음,승합,남,40세,경상
2013101900100386,2013년 10월 19일 16시,토요일,전라남도 보성군 벌교읍,경상사고,0,0,1,0,차대차 - 측면직각충돌,안전운전불이행,건조,맑음,교차로 - 교차로부근,농기계,남,78세,경상,건설기계,남,54세,상해없음
2013101900100387,2013년 10월 19일 16시,토요일,전라남도 영광군 영광읍,경상사고,0,0,1,0,차대사람 - 기타,안전운전불이행,건조,맑음,단일로 - 기타,승용,여,47세,상해없음,보행자,여,70세,경상
2013101900100420,2013년 10월 19일 17시,토요일,전라남도 영광군 법성면,중상사고,0,4,2,0,차대차 - 기타,중앙선침범,건조,맑음,단일로 - 기타,승용,여,55세,경상,승용,남,54세,중상
2013101900100462,2013년 10월 19일 18시,토요일,전라남도 보성군 벌교읍,사망사고,1,0,0,0,차대차 - 추돌 - 진행중,안전운전불이행,건조,맑음,단일로 - 기타,승용,여,45세,상해없음,농기계,남,72세,사망
2013101900100463,2013년 10월 19일 18시,토요일,전라남도 영광군 법성면,중상사고,0,1,0,0,차량단독 - 전도전복,안전운전불이행,건조,맑음,단일로 - 기타,원동기,남,67세,중상,,,,
2013101900100464,2013년 10월 19일 18시,토요일,전라남도 강진군 성전면,중상사고,0,1,2,0,차대차 - 추돌 - 진행중,안전운전불이행,건조,흐림,단일로 - 기타,승용,남,39세,상해없음,화물,남,63세,경상
2013101900100465,2013년 10월 19일 18시,토요일,전라남도 담양군 담양읍,중상사고,0,1,0,0,차대차 - 추돌 - 진행중,안전운전불이행,건조,흐림,단일로 - 기타,화물,남,57세,상해없음,농기계,남,74세,중상
2013101900100466,2013년 10월 19일 18시,토요일,전라남도 담양군 담양읍,경상사고,0,0,2,0,차대차 - 추돌 - 주정차중,안전운전불이행,건조,흐림,단일로 - 기타,승용,남,31세,경상,승용,남,57세,경상
2013101900100467,2013년 10월 19일 18시,토요일,전라남도 곡성군 겸면,사망사고,1,0,0,0,차대사람 - 횡단중,안전운전불이행,건조,맑음,교차로 - 교차로안,화물,남,44세,상해없음,보행자,여,72세,사망
2013101900100511,2013년 10월 19일 19시,토요일,전라남도 여수시 문수동,경상사고,0,0,1,0,차대사람 - 기타,안전운전불이행,건조,맑음,교차로 - 교차로안,승용,여,58세,상해없음,보행자,여,77세,경상
2013101900100512,2013년 10월 19일 19시,토요일,전라남도 영암군 시종면,경상사고,0,0,1,0,차량단독 - 공작물충돌,안전운전불이행,건조,맑음,단일로 - 기타,승용,남,24세,경상,,,,
2013101900100549,2013년 10월 19일 20시,토요일,전라남도 순천시 서면,중상사고,0,1,2,0,차대차 - 추돌 - 진행중,안전운전불이행,건조,맑음,교차로 - 교차로부근,승용,여,55세,상해없음,승용,여,44세,중상
2013101900100550,2013년 10월 19일 20시,토요일,전라남도 진도군 임회면,경상사고,0,0,1,0,차대차 - 기타,교차로운행방법위반,기타,기타,교차로 - 교차로안,승합,남,60세,상해없음,화물,남,67세,상해없음
2013101900100551,2013년 10월 19일 20시,토요일,전라남도 순천시 인월동,경상사고,0,0,2,0,차대차 - 추돌 - 주정차중,안전운전불이행,건조,맑음,단일로 - 기타,승용,남,40세,상해없음,승용,여,39세,경상
2013101900100583,2013년 10월 19일 21시,토요일,전라남도 여수시 봉강동,경상사고,0,0,1,0,차대차 - 추돌 - 주정차중,안전운전불이행,건조,맑음,단일로 - 기타,승용,남,57세,상해없음,승용,남,52세,경상
2013101900100584,2013년 10월 19일 21시,토요일,전라남도 화순군 화순읍,경상사고,0,0,1,0,차대사람 - 횡단중,안전운전불이행,건조,맑음,단일로 - 기타,승용,남,44세,상해없음,보행자,남,21세,경상
2013101900100611,2013년 10월 19일 22시,토요일,전라남도 광양시 광양읍,경상사고,0,0,3,0,차대차 - 추돌 - 주정차중,안전운전불이행,건조,맑음,교차로 - 교차로부근,승용,남,43세,상해없음,승용,남,52세,경상
2013102000100080,2013년 10월 20일 04시,일요일,전라남도 광양시 도이동,경상사고,0,0,1,0,차대차 - 추돌 - 주정차중,안전운전불이행,건조,맑음,교차로 - 교차로부근,승용,남,29세,상해없음,승용,여,37세,경상
2013102000100092,2013년 10월 20일 05시,일요일,전라남도 담양군 봉산면,경상사고,0,0,3,0,차량단독 - 공작물충돌,안전운전불이행,습기,안개,단일로 - 기타,승용,남,31세,경상,,,,
2013102000100117,2013년 10월 20일 07시,일요일,전라남도 고흥군 남양면,중상사고,0,1,0,0,차대차 - 기타,안전운전불이행,건조,맑음,단일로 - 기타,승용,남,44세,상해없음,농기계,남,59세,중상
2013102000100131,2013년 10월 20일 08시,일요일,전라남도 고흥군 동강면,중상사고,0,1,1,0,차량단독 - 기타,안전운전불이행,건조,맑음,단일로 - 기타,승용,남,32세,경상,,,,
2013102000100151,2013년 10월 20일 09시,일요일,전라남도 해남군 현산면,중상사고,0,2,1,0,차대차 - 측면직각충돌,교차로운행방법위반,건조,맑음,교차로 - 교차로안,화물,남,65세,경상,화물,남,62세,중상
2013102000100152,2013년 10월 20일 09시,일요일,전라남도 함평군 월야면,중상사고,0,1,0,0,차대차 - 추돌 - 진행중,안전운전불이행,건조,맑음,단일로 - 기타,승용,남,50세,상해없음,승용,남,42세,중상
2013102000100198,2013년 10월 20일 11시,일요일,전라남도 순천시 행동,경상사고,0,0,1,0,차대차 - 기타,신호위반,건조,맑음,교차로 - 교차로안,화물,남,60세,상해없음,승용,남,65세,경상
2013102000100223,2013년 10월 20일 12시,일요일,전라남도 순천시 조례동,중상사고,0,1,1,0,차대차 - 측면직각충돌,신호위반,건조,맑음,교차로 - 교차로안,이륜,남,56세,중상,승용,남,25세,경상
2013102000100253,2013년 10월 20일 13시,일요일,전라남도 순천시 외서면,경상사고,0,0,1,0,차대차 - 기타,기타,건조,맑음,교차로 - 교차로안,승용,여,40세,상해없음,승용,여,34세,경상
2013102000100254,2013년 10월 20일 13시,일요일,전라남도 나주시 송월동,경상사고,0,0,1,0,차대차 - 측면직각충돌,신호위반,건조,맑음,교차로 - 교차로안,자전거,남,69세,경상,승용,여,25세,상해없음
2013102000100255,2013년 10월 20일 13시,일요일,전라남도 곡성군 석곡면,경상사고,0,0,1,1,차대차 - 기타,안전운전불이행,건조,맑음,교차로 - 교차로안,원동기,여,75세,부상신고,자전거,여,68세,경상
2013102000100256,2013년 10월 20일 13시,일요일,전라남도 무안군 해제면,경상사고,0,0,2,0,차대차 - 기타,안전운전불이행,건조,맑음,교차로 - 교차로안,승용,남,40세,상해없음,승용,남,49세,경상
2013102000100257,2013년 10월 20일 13시,일요일,전라남도 광양시 옥곡면,중상사고,0,1,0,0,차대사람 - 횡단중,보행자보호의무위반,건조,맑음,단일로 - 횡단보도상,승용,여,45세,상해없음,보행자,여,9세,중상
2013102000100279,2013년 10월 20일 14시,일요일,전라남도 무안군 무안읍,경상사고,0,0,3,0,차대차 - 측면직각충돌,안전운전불이행,건조,맑음,교차로 - 교차로안,승용,남,35세,상해없음,승용,남,56세,경상
2013102000100280,2013년 10월 20일 14시,일요일,전라남도 광양시 중동,경상사고,0,0,5,0,차대차 - 측면직각충돌,직진우회전진행방해,건조,맑음,교차로 - 교차로안,승용,남,27세,경상,승용,남,45세,경상
2013102000100306,2013년 10월 20일 15시,일요일,전라남도 장흥군 부산면,경상사고,0,0,1,0,차량단독 - 도로외이탈 - 추락,안전운전불이행,건조,기타,기타 - 기타,원동기,남,43세,경상,,,,
2013102000100307,2013년 10월 20일 15시,일요일,전라남도 영광군 대마면,사망사고,1,0,0,0,차대차 - 기타,과속,건조,맑음,단일로 - 기타,화물,남,42세,상해없음,자전거,남,81세,사망
2013102000100353,2013년 10월 20일 16시,일요일,전라남도 여수시 시전동,중상사고,0,1,0,0,차대차 - 기타,안전운전불이행,기타,맑음,단일로 - 기타,자전거,남,14세,중상,원동기,남,34세,상해없음
2013102000100354,2013년 10월 20일 16시,일요일,전라남도 장흥군 관산읍,경상사고,0,0,1,0,차대차 - 추돌 - 주정차중,기타,건조,맑음,단일로 - 기타,승용,남,28세,상해없음,승용,남,39세,경상
2013102000100355,2013년 10월 20일 16시,일요일,전라남도 장성군 남면,중상사고,0,1,0,0,차대사람 - 기타,안전운전불이행,건조,맑음,단일로 - 기타,승용,여,63세,상해없음,보행자,여,52세,중상
2013102000100391,2013년 10월 20일 17시,일요일,전라남도 목포시 상동,경상사고,0,0,1,0,차대차 - 측면직각충돌,안전운전불이행,건조,맑음,교차로 - 교차로부근,승용,여,49세,상해없음,승용,여,36세,경상
2013102000100392,2013년 10월 20일 17시,일요일,전라남도 순천시 풍덕동,경상사고,0,0,1,0,차대차 - 기타,차로위반,건조,맑음,단일로 - 기타,승용,남,42세,상해없음,원동기,남,49세,경상
2013102000100393,2013년 10월 20일 17시,일요일,전라남도 나주시 다시면,중상사고,0,1,0,0,차대차 - 측면직각충돌,중앙선침범,건조,맑음,교차로 - 교차로부근,원동기,여,59세,중상,화물,남,75세,상해없음
2013102000100435,2013년 10월 20일 18시,일요일,전라남도 목포시 산정동,경상사고,0,0,1,0,차대차 - 측면직각충돌,안전운전불이행,건조,맑음,단일로 - 기타,승용,남,54세,상해없음,이륜,남,48세,경상
2013102000100436,2013년 10월 20일 18시,일요일,전라남도 나주시 노안면,사망사고,1,0,0,0,차량단독 - 도로외이탈 - 기타,안전운전불이행,건조,맑음,교차로 - 교차로부근,농기계,남,68세,사망,,,,
2013102000100437,2013년 10월 20일 18시,일요일,전라남도 장흥군 장흥읍,중상사고,0,1,0,0,차대차 - 추돌 - 진행중,차로위반,건조,맑음,교차로 - 교차로안,화물,남,63세,기타불명,승합,남,43세,상해없음
2013102000100438,2013년 10월 20일 18시,일요일,전라남도 화순군 도곡면,경상사고,0,0,1,0,차대사람 - 기타,안전운전불이행,건조,맑음,단일로 - 기타,승용,남,66세,상해없음,보행자,여,68세,경상
2013102000100439,2013년 10월 20일 18시,일요일,전라남도 함평군 월야면,중상사고,0,1,0,0,차대차 - 측면직각충돌,중앙선침범,건조,맑음,교차로 - 교차로안,승용,남,57세,상해없음,화물,여,62세,중상
2013102000100477,2013년 10월 20일 19시,일요일,전라남도 여수시 서교동,중상사고,0,1,0,0,차대사람 - 기타,보행자보호의무위반,건조,맑음,단일로 - 횡단보도상,승용,남,50세,상해없음,보행자,남,70세,중상
2013102000100478,2013년 10월 20일 19시,일요일,전라남도 나주시 산정동,중상사고,0,1,1,0,차량단독 - 공작물충돌,안전운전불이행,건조,맑음,교차로 - 교차로안,승용,남,32세,중상,,,,
2013102000100513,2013년 10월 20일 20시,일요일,전라남도 나주시 금천면,중상사고,0,1,0,0,차대차 - 기타,안전운전불이행,건조,맑음,교차로 - 교차로부근,승용,남,21세,중상,화물,남,57세,기타불명
2013102000100532,2013년 10월 20일 21시,일요일,전라남도 영암군 영암읍,중상사고,0,1,2,0,차대차 - 추돌 - 주정차중,안전거리미확보,건조,맑음,교차로 - 교차로안,승용,여,54세,중상,승용,여,49세,경상
2013102000100552,2013년 10월 20일 22시,일요일,전라남도 화순군 화순읍,경상사고,0,0,2,0,차대차 - 측면직각충돌,교차로운행방법위반,건조,맑음,교차로 - 교차로안,화물,여,44세,경상,승용,여,39세,경상
2013102100100011,2013년 10월 21일 00시,월요일,전라남도 순천시 석현동,경상사고,0,0,2,0,차대차 - 추돌 - 진행중,안전운전불이행,건조,맑음,교차로 - 교차로안,승용,남,28세,상해없음,승용,남,23세,경상
2013102100100038,2013년 10월 21일 03시,월요일,전라남도 순천시 연향동,경상사고,0,0,1,0,차대차 - 기타,중앙선침범,건조,맑음,교차로 - 교차로부근,승용,남,20세,상해없음,승용,남,47세,경상
2013102100100043,2013년 10월 21일 04시,월요일,전라남도 순천시 연향동,경상사고,0,0,1,0,차대사람 - 기타,안전운전불이행,건조,맑음,단일로 - 기타,승용,남,49세,상해없음,보행자,여,48세,경상
2013102100100066,2013년 10월 21일 06시,월요일,전라남도 목포시 죽교동,중상사고,0,1,1,0,차대차 - 측면직각충돌,안전운전불이행,건조,맑음,교차로 - 교차로부근,건설기계,남,33세,상해없음,승용,남,35세,경상
2013102100100124,2013년 10월 21일 08시,월요일,전라남도 여수시 봉강동,경상사고,0,0,1,0,차대사람 - 기타,안전운전불이행,건조,맑음,단일로 - 기타,승용,남,53세,상해없음,보행자,여,73세,경상
2013102100100125,2013년 10월 21일 08시,월요일,전라남도 장흥군 장평면,중상사고,0,1,0,0,차대사람 - 보도통행중,안전운전불이행,건조,맑음,단일로 - 기타,승용,여,73세,상해없음,보행자,여,81세,중상
2013102100100126,2013년 10월 21일 08시,월요일,전라남도 장성군 남면,경상사고,0,0,1,0,차대차 - 추돌 - 진행중,중앙선침범,건조,맑음,단일로 - 기타,승용,남,43세,상해없음,승용,남,42세,경상
2013102100100157,2013년 10월 21일 09시,월요일,전라남도 목포시 유동,경상사고,0,0,3,0,차대차 - 측면직각충돌,직진우회전진행방해,건조,맑음,교차로 - 교차로안,승용,남,47세,경상,승용,남,68세,경상