사고번호,사고일시,요일,시군구,사고내용,사망자수,중상자수,경상자수,부상신고자수,사고유형,법규위반,노면상태,기상상태,도로형태,가해운전자 차종,가해운전자 성별,가해운전자 연령,가해운전자 상해정도,피해운전자 차종,피해운전자 성별,피해운전자 연령,피해운전자 상해정도
2013102100100158,2013년 10월 21일 09시,월요일,전라남도 완도군 완도읍,중상사고,0,1,1,0,차대차 - 측면직각충돌,신호위반,건조,맑음,교차로 - 교차로안,승용,여,44세,경상,승용,여,41세,중상
2013102100100159,2013년 10월 21일 09시,월요일,전라남도 광양시 광양읍,중상사고,0,1,0,0,차대차 - 측면직각충돌,교차로운행방법위반,건조,맑음,교차로 - 교차로안,승용,남,73세,상해없음,이륜,남,21세,중상
2013102100100253,2013년 10월 21일 12시,월요일,전라남도 여수시 화양면,경상사고,0,0,1,0,차대차 - 측면직각충돌,안전운전불이행,건조,맑음,교차로 - 교차로안,승용,남,52세,상해없음,이륜,남,76세,경상
2013102100100254,2013년 10월 21일 12시,월요일,전라남도 장흥군 부산면,경상사고,0,0,1,0,차대차 - 측면직각충돌,안전운전불이행,건조,맑음,교차로 - 교차로안,화물,남,44세,상해없음,원동기,남,64세,경상
2013102100100255,2013년 10월 21일 12시,월요일,전라남도 보성군 벌교읍,경상사고,0,0,1,0,차대차 - 추돌 - 진행중,안전운전불이행,건조,맑음,단일로 - 터널,화물,남,64세,상해없음,농기계,남,49세,경상
2013102100100280,2013년 10월 21일 13시,월요일,전라남도 순천시 월등면,중상사고,0,1,0,0,차량단독 - 기타,안전운전불이행,건조,맑음,단일로 - 기타,이륜,남,68세,중상,,,,
2013102100100281,2013년 10월 21일 13시,월요일,전라남도 나주시 송월동,중상사고,0,1,0,0,차대차 - 측면직각충돌,안전운전불이행,건조,맑음,단일로 - 횡단보도상,승용,여,50세,상해없음,자전거,남,54세,중상
2013102100100319,2013년 10월 21일 14시,월요일,전라남도 나주시 봉황면,경상사고,0,0,1,0,차대차 - 측면직각충돌,안전운전불이행,건조,맑음,단일로 - 기타,화물,남,64세,상해없음,원동기,남,72세,경상
2013102100100385,2013년 10월 21일 16시,월요일,전라남도 목포시 양동,경상사고,0,0,1,0,차대차 - 추돌 - 진행중,안전운전불이행,건조,맑음,교차로 - 교차로부근,승용,여,49세,상해없음,자전거,남,78세,경상
2013102100100386,2013년 10월 21일 16시,월요일,전라남도 신안군 임자면,중상사고,0,2,0,0,차대차 - 정면충돌,중앙선침범,건조,맑음,교차로 - 교차로부근,화물,남,40세,상해없음,농기계,남,71세,중상
2013102100100387,2013년 10월 21일 16시,월요일,전라남도 목포시 상동,경상사고,0,0,1,0,차대차 - 기타,안전운전불이행,건조,맑음,단일로 - 기타,승용,여,45세,상해없음,승용,여,44세,경상
2013102100100388,2013년 10월 21일 16시,월요일,전라남도 고흥군 금산면,경상사고,0,0,1,0,차대차 - 기타,중앙선침범,건조,맑음,단일로 - 기타,승용,여,66세,경상,승용,여,33세,상해없음
2013102100100389,2013년 10월 21일 16시,월요일,전라남도 영광군 대마면,경상사고,0,0,8,0,차대차 - 추돌 - 진행중,안전운전불이행,건조,맑음,단일로 - 기타,승합,남,42세,상해없음,화물,남,56세,경상
2013102100100390,2013년 10월 21일 16시,월요일,전라남도 화순군 화순읍,경상사고,0,0,1,1,차대차 - 측면직각충돌,안전운전불이행,건조,맑음,교차로 - 교차로안,화물,남,68세,부상신고,승용,여,36세,경상
2013102100100391,2013년 10월 21일 16시,월요일,전라남도 장성군 남면,중상사고,0,1,0,0,차대차 - 기타,교차로운행방법위반,건조,맑음,교차로 - 교차로안,승합,남,44세,상해없음,원동기,남,71세,중상
2013102100100392,2013년 10월 21일 16시,월요일,전라남도 강진군 마량면,경상사고,0,0,3,0,차대차 - 기타,중앙선침범,건조,맑음,단일로 - 기타,화물,남,59세,상해없음,화물,남,67세,경상
2013102100100393,2013년 10월 21일 16시,월요일,전라남도 무안군 망운면,중상사고,0,1,1,0,차량단독 - 기타,안전운전불이행,건조,맑음,단일로 - 기타,화물,남,55세,상해없음,,,,
2013102100100394,2013년 10월 21일 16시,월요일,전라남도 무안군 몽탄면,중상사고,0,1,0,0,차대사람 - 횡단중,안전운전불이행,건조,맑음,교차로 - 교차로안,승용,남,65세,상해없음,보행자,여,77세,중상
2013102100100426,2013년 10월 21일 17시,월요일,전라남도 해남군 해남읍,경상사고,0,0,1,0,차대사람 - 기타,안전운전불이행,건조,맑음,교차로 - 교차로안,승용,남,63세,기타불명,보행자,여,71세,경상
2013102100100427,2013년 10월 21일 17시,월요일,전라남도 화순군 화순읍,경상사고,0,0,1,0,차대차 - 측면직각충돌,안전운전불이행,건조,맑음,교차로 - 교차로부근,화물,남,57세,상해없음,승용,남,50세,경상
2013102100100484,2013년 10월 21일 18시,월요일,전라남도 목포시 연산동,중상사고,0,1,0,0,차대사람 - 차도통행중,안전운전불이행,건조,맑음,단일로 - 기타,승용,남,51세,상해없음,보행자,남,6세,중상
2013102100100485,2013년 10월 21일 18시,월요일,전라남도 순천시 왕지동,부상신고사고,0,0,0,1,차대차 - 기타,직진우회전진행방해,건조,맑음,교차로 - 교차로안,승용,여,45세,부상신고,승용,여,48세,상해없음
2013102100100486,2013년 10월 21일 18시,월요일,전라남도 영광군 군남면,중상사고,0,1,2,0,차대차 - 정면충돌,중앙선침범,건조,맑음,단일로 - 기타,승용,남,64세,중상,승용,남,52세,상해없음
2013102100100487,2013년 10월 21일 18시,월요일,전라남도 영광군 법성면,중상사고,0,1,0,0,차대사람 - 길가장자리구역통행중,안전운전불이행,건조,맑음,교차로 - 교차로안,승용,남,75세,상해없음,보행자,여,87세,중상
2013102100100488,2013년 10월 21일 18시,월요일,전라남도 영암군 군서면,중상사고,0,1,0,0,차대차 - 추돌 - 진행중,안전운전불이행,건조,맑음,단일로 - 기타,화물,남,65세,상해없음,농기계,남,50세,중상
2013102100100489,2013년 10월 21일 18시,월요일,전라남도 무안군 몽탄면,경상사고,0,0,1,0,차대차 - 측면직각충돌,직진우회전진행방해,건조,맑음,교차로 - 교차로안,이륜,남,75세,경상,승용,남,62세,상해없음
2013102100100490,2013년 10월 21일 18시,월요일,전라남도 진도군 고군면,중상사고,0,1,0,0,차대차 - 기타,안전운전불이행,건조,맑음,단일로 - 기타,이륜,남,55세,중상,농기계,남,73세,상해없음
2013102100100537,2013년 10월 21일 19시,월요일,전라남도 순천시 연향동,사망사고,1,0,0,0,차대차 - 측면직각충돌,차로위반,건조,맑음,교차로 - 교차로부근,자전거,남,67세,사망,승용,남,28세,상해없음
2013102100100538,2013년 10월 21일 19시,월요일,전라남도 화순군 화순읍,경상사고,0,0,1,0,차대사람 - 길가장자리구역통행중,안전운전불이행,건조,맑음,교차로 - 교차로부근,승용,여,39세,상해없음,보행자,남,47세,경상
2013102100100539,2013년 10월 21일 19시,월요일,전라남도 완도군 신지면,중상사고,0,1,0,0,차대차 - 추돌 - 진행중,중앙선침범,건조,맑음,단일로 - 기타,화물,남,50세,상해없음,화물,남,45세,중상
2013102100100540,2013년 10월 21일 19시,월요일,전라남도 무안군 무안읍,경상사고,0,0,4,0,차대차 - 추돌 - 진행중,안전운전불이행,건조,맑음,교차로 - 교차로안,화물,남,48세,경상,승용,남,52세,경상
2013102100100578,2013년 10월 21일 20시,월요일,전라남도 목포시 상동,경상사고,0,0,2,0,차대차 - 측면직각충돌,신호위반,건조,맑음,교차로 - 교차로안,승용,여,25세,경상,승용,남,46세,상해없음
2013102100100579,2013년 10월 21일 20시,월요일,전라남도 고흥군 고흥읍,경상사고,0,0,1,0,차대차 - 기타,안전운전불이행,건조,맑음,단일로 - 기타,화물,남,48세,상해없음,승용,남,27세,경상
2013102100100610,2013년 10월 21일 21시,월요일,전라남도 광양시 광양읍,경상사고,0,0,1,0,차대차 - 측면직각충돌,직진우회전진행방해,건조,맑음,교차로 - 교차로안,승용,여,50세,경상,승용,남,33세,상해없음
2013102100100657,2013년 10월 21일 23시,월요일,전라남도 여수시 봉산동,경상사고,0,0,1,0,차대차 - 추돌 - 진행중,안전운전불이행,건조,맑음,교차로 - 교차로부근,승용,남,53세,상해없음,승용,남,35세,경상
2013102200100024,2013년 10월 22일 01시,화요일,전라남도 여수시 선원동,경상사고,0,0,4,0,차대차 - 추돌 - 진행중,안전운전불이행,건조,맑음,단일로 - 기타,승용,남,42세,경상,승용,남,34세,경상
2013102200100035,2013년 10월 22일 02시,화요일,전라남도 목포시 연산동,경상사고,0,0,2,0,차대차 - 추돌 - 진행중,안전거리미확보,건조,맑음,단일로 - 기타,승용,여,42세,상해없음,승용,여,58세,경상
2013102200100087,2013년 10월 22일 07시,화요일,전라남도 영광군 영광읍,경상사고,0,0,1,0,차대차 - 측면직각충돌,직진우회전진행방해,건조,맑음,교차로 - 교차로안,승용,남,71세,상해없음,화물,여,51세,경상
2013102200100116,2013년 10월 22일 08시,화요일,전라남도 목포시 옥암동,경상사고,0,0,1,0,차대차 - 측면직각충돌,안전운전불이행,건조,맑음,교차로 - 교차로안,승용,남,51세,상해없음,승용,여,23세,경상
2013102200100117,2013년 10월 22일 08시,화요일,전라남도 장흥군 장흥읍,경상사고,0,0,1,0,차대사람 - 보도통행중,안전운전불이행,건조,맑음,단일로 - 기타,승용,남,40세,기타불명,보행자,여,13세,경상
2013102200100118,2013년 10월 22일 08시,화요일,전라남도 보성군 조성면,경상사고,0,0,2,0,차대차 - 기타,안전운전불이행,건조,맑음,단일로 - 기타,화물,여,61세,상해없음,이륜,남,71세,경상
2013102200100119,2013년 10월 22일 08시,화요일,전라남도 구례군 구례읍,중상사고,0,1,4,1,차대차 - 추돌 - 진행중,직진우회전진행방해,건조,맑음,교차로 - 교차로안,승용,여,56세,부상신고,승용,여,60세,경상
2013102200100161,2013년 10월 22일 09시,화요일,전라남도 여수시 화양면,중상사고,0,1,0,0,차대차 - 정면충돌,중앙선침범,건조,맑음,단일로 - 기타,화물,남,72세,상해없음,화물,남,52세,중상
2013102200100162,2013년 10월 22일 09시,화요일,전라남도 순천시 매곡동,중상사고,0,1,0,0,차대차 - 측면직각충돌,신호위반,건조,맑음,교차로 - 교차로안,이륜,남,71세,중상,승용,남,34세,상해없음
2013102200100195,2013년 10월 22일 10시,화요일,전라남도 영암군 신북면,경상사고,0,0,1,0,차대차 - 추돌 - 진행중,안전거리미확보,건조,맑음,교차로 - 교차로안,화물,남,26세,상해없음,화물,남,73세,상해없음
2013102200100196,2013년 10월 22일 10시,화요일,전라남도 무안군 몽탄면,중상사고,0,1,1,0,차대차 - 정면충돌,안전운전불이행,건조,맑음,단일로 - 기타,화물,남,60세,상해없음,이륜,남,50세,경상
2013102200100226,2013년 10월 22일 11시,화요일,전라남도 나주시 송월동,경상사고,0,0,3,0,차대차 - 기타,안전운전불이행,건조,맑음,교차로 - 교차로부근,승용,여,43세,경상,승용,남,75세,경상
2013102200100227,2013년 10월 22일 11시,화요일,전라남도 영암군 신북면,경상사고,0,0,1,0,차량단독 - 도로외이탈 - 추락,안전운전불이행,건조,맑음,단일로 - 기타,농기계,남,57세,경상,,,,
2013102200100228,2013년 10월 22일 11시,화요일,전라남도 장성군 서삼면,경상사고,0,0,1,0,차대차 - 측면직각충돌,안전운전불이행,건조,맑음,교차로 - 교차로안,승합,여,40세,상해없음,승합,남,30세,경상
2013102200100295,2013년 10월 22일 13시,화요일,전라남도 고흥군 두원면,중상사고,0,2,1,0,차대차 - 정면충돌,중앙선침범,건조,맑음,단일로 - 기타,화물,남,66세,중상,화물,남,38세,중상
2013102200100296,2013년 10월 22일 13시,화요일,전라남도 영광군 대마면,중상사고,0,1,0,0,차대사람 - 기타,안전운전불이행,건조,맑음,단일로 - 기타,승용,남,77세,상해없음,보행자,남,56세,중상
2013102200100297,2013년 10월 22일 13시,화요일,전라남도 장성군 황룡면,사망사고,1,0,0,0,차대차 - 측면직각충돌,안전운전불이행,건조,맑음,교차로 - 교차로안,화물,남,48세,상해없음,자전거,남,81세,사망
2013102200100324,2013년 10월 22일 14시,화요일,전라남도 담양군 담양읍,경상사고,0,0,2,0,차대차 - 측면직각충돌,안전운전불이행,건조,맑음,교차로 - 교차로안,승용,여,36세,상해없음,화물,남,70세,경상
2013102200100347,2013년 10월 22일 15시,화요일,전라남도 장성군 진원면,경상사고,0,0,1,0,차대차 - 측면직각충돌,안전운전불이행,건조,맑음,교차로 - 교차로부근,화물,남,60세,상해없음,자전거,남,44세,경상
2013102200100373,2013년 10월 22일 16시,화요일,전라남도 목포시 산정동,중상사고,0,1,0,0,차대차 - 측면직각충돌,안전거리미확보,건조,맑음,단일로 - 기타,이륜,남,70세,중상,승합,남,23세,상해없음
2013102200100374,2013년 10월 22일 16시,화요일,전라남도 여수시 신기동,중상사고,0,1,0,0,차대차 - 추돌 - 진행중,기타,건조,맑음,단일로 - 기타,승용,여,37세,상해없음,이륜,남,41세,중상
2013102200100375,2013년 10월 22일 16시,화요일,전라남도 고흥군 도양읍,사망사고,1,0,0,0,차량단독 - 공작물충돌,안전운전불이행,건조,맑음,단일로 - 기타,이륜,남,59세,사망,,,,
2013102200100376,2013년 10월 22일 16시,화요일,전라남도 강진군 강진읍,경상사고,0,0,1,0,차대사람 - 기타,안전운전불이행,건조,맑음,교차로 - 교차로부근,승용,여,49세,상해없음,보행자,여,77세,경상
2013102200100377,2013년 10월 22일 16시,화요일,전라남도 광양시 광양읍,경상사고,0,0,1,0,차대차 - 추돌 - 주정차중,안전운전불이행,건조,맑음,교차로 - 교차로부근,승용,남,66세,기타불명,승용,여,51세,경상
2013102200100451,2013년 10월 22일 18시,화요일,전라남도 목포시 명륜동,경상사고,0,0,1,0,차대사람 - 길가장자리구역통행중,안전운전불이행,건조,맑음,단일로 - 기타,승용,여,26세,상해없음,보행자,여,13세,경상
2013102200100452,2013년 10월 22일 18시,화요일,전라남도 순천시 생목동,중상사고,0,1,0,0,차대차 - 기타,안전운전불이행,건조,맑음,단일로 - 기타,승용,여,46세,상해없음,자전거,남,7세,중상
2013102200100453,2013년 10월 22일 18시,화요일,전라남도 광양시 마동,경상사고,0,0,1,0,차량단독 - 전도전복,안전운전불이행,건조,맑음,단일로 - 기타,이륜,남,20세,경상,,,,
2013102200100509,2013년 10월 22일 19시,화요일,전라남도 여수시 소호동,경상사고,0,0,1,0,차대차 - 정면충돌,교차로운행방법위반,건조,맑음,교차로 - 교차로안,승용,남,36세,상해없음,이륜,남,17세,경상
2013102200100510,2013년 10월 22일 19시,화요일,전라남도 광양시 광영동,중상사고,0,1,0,0,차대사람 - 횡단중,보행자보호의무위반,건조,맑음,교차로 - 교차로부근,승용,남,48세,상해없음,보행자,남,57세,중상
2013102200100540,2013년 10월 22일 20시,화요일,전라남도 광양시 중동,경상사고,0,0,2,0,차대차 - 측면직각충돌,직진우회전진행방해,건조,맑음,교차로 - 교차로안,승용,여,45세,경상,승용,남,43세,경상
2013102300100068,2013년 10월 23일 04시,수요일,전라남도 목포시 상동,경상사고,0,0,4,0,차대차 - 측면직각충돌,신호위반,건조,맑음,교차로 - 교차로안,승용,남,49세,상해없음,승합,남,62세,상해없음
2013102300100117,2013년 10월 23일 07시,수요일,전라남도 목포시 연산동,경상사고,0,0,1,0,차대사람 - 기타,안전운전불이행,건조,맑음,교차로 - 교차로안,승용,남,29세,상해없음,보행자,여,21세,경상
2013102300100118,2013년 10월 23일 07시,수요일,전라남도 목포시 옥암동,경상사고,0,0,1,0,차대차 - 측면직각충돌,안전거리미확보,건조,맑음,단일로 - 기타,자전거,남,17세,경상,화물,남,47세,상해없음
2013102300100119,2013년 10월 23일 07시,수요일,전라남도 순천시 별량면,중상사고,0,1,0,0,차대차 - 기타,안전운전불이행,건조,맑음,단일로 - 기타,승용,남,36세,상해없음,자전거,여,72세,중상
2013102300100120,2013년 10월 23일 07시,수요일,전라남도 나주시 송월동,경상사고,0,0,1,0,차대차 - 기타,안전운전불이행,건조,맑음,교차로 - 교차로안,승용,남,28세,상해없음,원동기,남,66세,경상
2013102300100121,2013년 10월 23일 07시,수요일,전라남도 광양시 옥곡면,경상사고,0,0,2,0,차대차 - 측면직각충돌,교차로운행방법위반,건조,맑음,교차로 - 교차로안,승용,남,25세,경상,건설기계,남,51세,경상
2013102300100167,2013년 10월 23일 08시,수요일,전라남도 목포시 상동,경상사고,0,0,2,0,차대차 - 추돌 - 진행중,차로위반,건조,맑음,단일로 - 기타,승용,남,55세,상해없음,승합,남,49세,상해없음
2013102300100168,2013년 10월 23일 08시,수요일,전라남도 담양군 금성면,중상사고,0,1,0,0,차대차 - 측면직각충돌,기타,건조,맑음,교차로 - 교차로안,승합,남,34세,상해없음,원동기,남,68세,중상
2013102300100205,2013년 10월 23일 09시,수요일,전라남도 신안군 압해읍,경상사고,0,0,3,0,차대차 - 추돌 - 주정차중,안전운전불이행,건조,맑음,교차로 - 교차로부근,화물,남,36세,상해없음,승용,남,26세,경상
2013102300100206,2013년 10월 23일 09시,수요일,전라남도 나주시 송월동,경상사고,0,0,2,0,차대차 - 기타,직진우회전진행방해,건조,맑음,교차로 - 교차로안,화물,남,61세,경상,승용,여,44세,경상
2013102300100237,2013년 10월 23일 10시,수요일,전라남도 영암군 군서면,사망사고,1,0,0,0,차대사람 - 차도통행중,신호위반,건조,맑음,교차로 - 교차로안,화물,남,66세,상해없음,보행자,여,68세,사망
2013102300100238,2013년 10월 23일 10시,수요일,전라남도 곡성군 입면,중상사고,0,1,0,0,차대차 - 기타,안전운전불이행,건조,맑음,기타 - 기타,화물,남,71세,상해없음,원동기,남,45세,중상
2013102300100263,2013년 10월 23일 11시,수요일,전라남도 목포시 상동,부상신고사고,0,0,0,1,차대차 - 정면충돌,중앙선침범,건조,맑음,교차로 - 교차로부근,자전거,남,38세,부상신고,승용,남,21세,상해없음
2013102300100264,2013년 10월 23일 11시,수요일,전라남도 영광군 염산면,중상사고,0,1,0,0,차대차 - 추돌 - 진행중,안전운전불이행,건조,맑음,단일로 - 기타,화물,남,26세,상해없음,이륜,남,59세,중상
2013102300100265,2013년 10월 23일 11시,수요일,전라남도 광양시 옥룡면,중상사고,0,1,0,0,차대차 - 측면직각충돌,교차로운행방법위반,건조,맑음,교차로 - 교차로안,화물,남,63세,상해없음,이륜,남,69세,중상
2013102300100313,2013년 10월 23일 13시,수요일,전라남도 순천시 해룡면,중상사고,0,1,0,0,차대차 - 측면직각충돌,안전운전불이행,건조,맑음,단일로 - 기타,승용,여,49세,상해없음,이륜,남,85세,중상
2013102300100314,2013년 10월 23일 13시,수요일,전라남도 담양군 대덕면,중상사고,0,2,0,0,차량단독 - 도로외이탈 - 기타,안전운전불이행,건조,맑음,단일로 - 기타,승용,남,64세,중상,,,,
2013102300100315,2013년 10월 23일 13시,수요일,전라남도 무안군 삼향읍,중상사고,0,3,8,9,차량단독 - 공작물충돌,안전운전불이행,건조,맑음,교차로 - 교차로부근,승합,여,56세,경상,,,,
2013102300100343,2013년 10월 23일 14시,수요일,전라남도 보성군 벌교읍,경상사고,0,0,1,0,차량단독 - 공작물충돌,안전운전불이행,건조,맑음,단일로 - 기타,화물,남,47세,경상,,,,
2013102300100344,2013년 10월 23일 14시,수요일,전라남도 영광군 법성면,중상사고,0,1,0,0,차대차 - 기타,안전운전불이행,건조,맑음,단일로 - 기타,화물,남,45세,상해없음,원동기,남,55세,중상
2013102300100376,2013년 10월 23일 15시,수요일,전라남도 진도군 군내면,경상사고,0,0,1,0,차대차 - 기타,안전운전불이행,건조,맑음,단일로 - 기타,화물,남,38세,상해없음,이륜,남,34세,경상
2013102300100452,2013년 10월 23일 17시,수요일,전라남도 나주시 산포면,경상사고,0,0,4,0,차대차 - 추돌 - 진행중,안전운전불이행,건조,맑음,단일로 - 기타,승합,여,57세,상해없음,승용,남,66세,경상
2013102300100453,2013년 10월 23일 17시,수요일,전라남도 나주시 문평면,경상사고,0,0,1,0,차량단독 - 기타,안전운전불이행,건조,맑음,단일로 - 기타,농기계,남,63세,경상,,,,
2013102300100498,2013년 10월 23일 18시,수요일,전라남도 순천시 남정동,경상사고,0,0,1,0,차대사람 - 횡단중,안전운전불이행,건조,맑음,단일로 - 기타,승용,여,61세,상해없음,보행자,남,23세,경상
2013102300100499,2013년 10월 23일 18시,수요일,전라남도 순천시 연향동,경상사고,0,0,1,0,차대차 - 추돌 - 진행중,안전거리미확보,건조,맑음,교차로 - 교차로부근,승용,남,54세,상해없음,승용,여,41세,경상
2013102300100500,2013년 10월 23일 18시,수요일,전라남도 영암군 도포면,경상사고,0,0,3,0,차대차 - 기타,안전운전불이행,건조,맑음,단일로 - 기타,승용,남,61세,상해없음,화물,남,57세,경상
2013102300100501,2013년 10월 23일 18시,수요일,전라남도 담양군 남면,중상사고,0,1,1,0,차대차 - 정면충돌,중앙선침범,건조,흐림,단일로 - 기타,이륜,남,72세,중상,승용,여,46세,경상
2013102300100586,2013년 10월 23일 20시,수요일,전라남도 목포시 산정동,경상사고,0,0,1,0,차대사람 - 횡단중,신호위반,건조,맑음,단일로 - 기타,승용,남,51세,상해없음,보행자,여,16세,경상
2013102300100587,2013년 10월 23일 20시,수요일,전라남도 무안군 현경면,사망사고,1,0,0,0,차량단독 - 공작물충돌,안전운전불이행,건조,맑음,단일로 - 기타,화물,남,43세,사망,,,,
2013102300100666,2013년 10월 23일 23시,수요일,전라남도 무안군 삼향읍,중상사고,0,1,1,0,차대차 - 측면직각충돌,직진우회전진행방해,건조,맑음,교차로 - 교차로안,승용,남,40세,경상,이륜,남,15세,중상
2013102400100053,2013년 10월 24일 04시,목요일,전라남도 여수시 봉산동,경상사고,0,0,1,0,차대차 - 기타,신호위반,건조,맑음,교차로 - 교차로안,화물,남,65세,상해없음,승용,여,53세,경상
2013102400100152,2013년 10월 24일 08시,목요일,전라남도 순천시 연향동,경상사고,0,0,2,0,차대차 - 기타,안전운전불이행,건조,맑음,교차로 - 교차로부근,승용,여,35세,상해없음,승용,여,32세,경상
2013102400100153,2013년 10월 24일 08시,목요일,전라남도 고흥군 고흥읍,경상사고,0,0,1,0,차대차 - 기타,안전운전불이행,건조,맑음,교차로 - 교차로안,승용,남,41세,상해없음,승합,여,35세,경상
2013102400100195,2013년 10월 24일 09시,목요일,전라남도 목포시 상동,경상사고,0,0,1,0,차대차 - 측면직각충돌,신호위반,건조,맑음,교차로 - 교차로안,승용,남,45세,상해없음,승용,여,32세,경상
2013102400100196,2013년 10월 24일 09시,목요일,전라남도 고흥군 도양읍,경상사고,0,0,1,0,차대차 - 기타,안전운전불이행,건조,맑음,단일로 - 기타,화물,남,26세,상해없음,승용,여,54세,경상
2013102400100197,2013년 10월 24일 09시,목요일,전라남도 고흥군 동강면,경상사고,0,0,1,0,차대차 - 기타,안전운전불이행,건조,맑음,교차로 - 교차로부근,화물,남,41세,상해없음,원동기,남,66세,경상
2013102400100220,2013년 10월 24일 10시,목요일,전라남도 고흥군 고흥읍,중상사고,0,2,0,0,차대차 - 추돌 - 진행중,기타,건조,맑음,교차로 - 교차로안,화물,남,69세,상해없음,원동기,남,79세,중상
2013102400100221,2013년 10월 24일 10시,목요일,전라남도 화순군 이양면,경상사고,0,0,1,0,차대차 - 측면직각충돌,안전운전불이행,건조,맑음,교차로 - 교차로안,화물,남,58세,상해없음,화물,남,62세,경상
2013102400100254,2013년 10월 24일 11시,목요일,전라남도 목포시 용당동,중상사고,0,1,0,0,차대사람 - 기타,안전운전불이행,건조,맑음,단일로 - 기타,승용,남,55세,상해없음,보행자,남,74세,중상
2013102400100255,2013년 10월 24일 11시,목요일,전라남도 영암군 미암면,중상사고,0,1,0,0,차량단독 - 기타,안전운전불이행,건조,맑음,단일로 - 기타,승합,남,48세,상해없음,,,,
2013102400100311,2013년 10월 24일 13시,목요일,전라남도 목포시 죽교동,경상사고,0,0,2,0,차대차 - 기타,안전운전불이행,건조,맑음,단일로 - 기타,화물,남,65세,상해없음,승용,남,24세,경상
2013102400100312,2013년 10월 24일 13시,목요일,전라남도 나주시 남평읍,경상사고,0,0,2,0,차대차 - 기타,안전운전불이행,건조,맑음,교차로 - 교차로안,승용,남,53세,상해없음,원동기,남,68세,경상
2013102400100313,2013년 10월 24일 13시,목요일,전라남도 고흥군 도덕면,경상사고,0,0,1,0,차대차 - 기타,교차로운행방법위반,건조,맑음,교차로 - 교차로안,이륜,여,72세,경상,승합,남,40세,상해없음
2013102400100314,2013년 10월 24일 13시,목요일,전라남도 완도군 완도읍,중상사고,0,1,0,0,차대차 - 정면충돌,중앙선침범,건조,맑음,단일로 - 기타,승용,여,55세,상해없음,이륜,남,71세,중상
2013102400100348,2013년 10월 24일 14시,목요일,전라남도 신안군 지도읍,중상사고,0,1,0,0,차대사람 - 기타,안전운전불이행,건조,맑음,기타 - 기타,화물,남,52세,상해없음,보행자,남,37세,중상
2013102400100349,2013년 10월 24일 14시,목요일,전라남도 여수시 여서동,중상사고,0,1,0,0,차대사람 - 횡단중,안전운전불이행,건조,맑음,단일로 - 기타,승용,여,38세,상해없음,보행자,여,74세,중상
2013102400100370,2013년 10월 24일 15시,목요일,전라남도 여수시 남면,중상사고,0,2,0,0,차대차 - 측면직각충돌,중앙선침범,건조,맑음,교차로 - 교차로부근,승용,여,56세,상해없음,이륜,남,62세,중상
2013102400100371,2013년 10월 24일 15시,목요일,전라남도 담양군 대전면,경상사고,0,0,1,0,차대차 - 기타,신호위반,건조,맑음,교차로 - 교차로안,승용,여,48세,상해없음,화물,남,50세,경상
2013102400100372,2013년 10월 24일 15시,목요일,전라남도 무안군 청계면,경상사고,0,0,2,0,차대차 - 측면직각충돌,안전운전불이행,건조,맑음,단일로 - 기타,화물,남,43세,경상,승용,남,27세,경상
2013102400100398,2013년 10월 24일 16시,목요일,전라남도 목포시 대의동1가,경상사고,0,0,1,0,차대사람 - 기타,안전운전불이행,건조,맑음,교차로 - 교차로안,승합,남,42세,상해없음,보행자,여,67세,경상
2013102400100399,2013년 10월 24일 16시,목요일,전라남도 함평군 함평읍,중상사고,0,1,0,0,차대사람 - 횡단중,보행자보호의무위반,건조,맑음,단일로 - 횡단보도상,승용,남,50세,상해없음,보행자,여,6세,중상
2013102400100400,2013년 10월 24일 16시,목요일,전라남도 광양시 광영동,중상사고,0,1,0,1,차대차 - 측면직각충돌,안전운전불이행,건조,맑음,교차로 - 교차로안,승합,남,21세,부상신고,화물,남,49세,중상
2013102400100435,2013년 10월 24일 17시,목요일,전라남도 고흥군 과역면,중상사고,0,1,0,0,차대차 - 기타,중앙선침범,건조,맑음,단일로 - 기타,이륜,남,80세,중상,승용,남,59세,상해없음
2013102400100436,2013년 10월 24일 17시,목요일,전라남도 완도군 완도읍,중상사고,0,1,0,0,차대사람 - 횡단중,안전운전불이행,건조,맑음,교차로 - 교차로안,승용,남,65세,상해없음,보행자,여,43세,중상
2013102400100492,2013년 10월 24일 18시,목요일,전라남도 목포시 산정동,중상사고,0,1,1,0,차대차 - 측면직각충돌,신호위반,건조,맑음,교차로 - 교차로안,승용,남,52세,상해없음,승용,남,39세,경상
2013102400100493,2013년 10월 24일 18시,목요일,전라남도 여수시 돌산읍,중상사고,0,1,0,0,차대사람 - 횡단중,안전운전불이행,건조,맑음,단일로 - 기타,승용,여,40세,상해없음,보행자,남,64세,중상
2013102400100494,2013년 10월 24일 18시,목요일,전라남도 순천시 대룡동,중상사고,0,2,3,0,차대차 - 추돌 - 주정차중,안전운전불이행,건조,맑음,단일로 - 기타,화물,남,46세,중상,승용,남,39세,경상