사고번호,사고일시,요일,시군구,사고내용,사망자수,중상자수,경상자수,부상신고자수,사고유형,법규위반,노면상태,기상상태,도로형태,가해운전자 차종,가해운전자 성별,가해운전자 연령,가해운전자 상해정도,피해운전자 차종,피해운전자 성별,피해운전자 연령,피해운전자 상해정도
2013102400100495,2013년 10월 24일 18시,목요일,전라남도 화순군 화순읍,중상사고,0,1,0,0,차대사람 - 기타,교차로운행방법위반,건조,맑음,교차로 - 교차로안,승용,남,34세,상해없음,보행자,남,79세,중상
2013102400100496,2013년 10월 24일 18시,목요일,전라남도 광양시 중동,중상사고,0,1,0,0,차대사람 - 횡단중,안전운전불이행,건조,맑음,단일로 - 기타,승용,여,45세,상해없음,보행자,남,5세,중상
2013102400100497,2013년 10월 24일 18시,목요일,전라남도 광양시 광양읍,경상사고,0,0,1,0,차대차 - 측면직각충돌,안전운전불이행,건조,맑음,단일로 - 기타,이륜,남,45세,상해없음,승용,남,45세,상해없음
2013102400100550,2013년 10월 24일 19시,목요일,전라남도 순천시 별량면,경상사고,0,0,1,0,차대차 - 기타,안전운전불이행,건조,맑음,단일로 - 기타,승용,남,50세,상해없음,농기계,남,34세,경상
2013102400100551,2013년 10월 24일 19시,목요일,전라남도 영암군 삼호읍,중상사고,0,1,0,0,차대차 - 정면충돌,직진우회전진행방해,건조,맑음,교차로 - 교차로안,승용,남,48세,상해없음,자전거,여,56세,중상
2013102400100649,2013년 10월 24일 22시,목요일,전라남도 목포시 옥암동,경상사고,0,0,1,0,차대사람 - 기타,교차로운행방법위반,건조,맑음,교차로 - 교차로부근,승용,여,55세,상해없음,보행자,남,18세,경상
2013102400100679,2013년 10월 24일 23시,목요일,전라남도 목포시 상동,중상사고,0,1,0,0,차대사람 - 횡단중,신호위반,건조,맑음,단일로 - 기타,화물,남,31세,상해없음,보행자,여,16세,중상
2013102500100007,2013년 10월 25일 00시,금요일,전라남도 순천시 생목동,경상사고,0,0,2,0,차대차 - 추돌 - 주정차중,안전거리미확보,건조,맑음,단일로 - 기타,승용,여,61세,상해없음,승용,남,58세,상해없음
2013102500100008,2013년 10월 25일 00시,금요일,전라남도 순천시 조례동,경상사고,0,0,1,0,차대차 - 기타,안전운전불이행,건조,맑음,교차로 - 교차로안,기타불명,기타불명,기타불명,기타불명,승용,여,56세,경상
2013102500100033,2013년 10월 25일 01시,금요일,전라남도 목포시 상동,경상사고,0,0,2,0,차대차 - 측면직각충돌,교차로운행방법위반,건조,맑음,교차로 - 교차로안,승용,여,43세,경상,승용,여,46세,경상
2013102500100034,2013년 10월 25일 01시,금요일,전라남도 순천시 연향동,중상사고,0,1,0,0,차대차 - 측면직각충돌,직진우회전진행방해,건조,맑음,교차로 - 교차로안,승용,남,37세,상해없음,승용,남,22세,중상
2013102500100052,2013년 10월 25일 03시,금요일,전라남도 목포시 옥암동,경상사고,0,0,1,0,차대차 - 기타,안전운전불이행,건조,맑음,단일로 - 기타,승용,남,30세,상해없음,승용,남,44세,경상
2013102500100066,2013년 10월 25일 04시,금요일,전라남도 목포시 상동,경상사고,0,0,1,0,차대차 - 측면직각충돌,신호위반,건조,맑음,교차로 - 교차로안,승용,남,42세,상해없음,승용,남,39세,경상
2013102500100078,2013년 10월 25일 05시,금요일,전라남도 순천시 별량면,경상사고,0,0,1,0,차대차 - 기타,안전운전불이행,건조,맑음,교차로 - 교차로부근,승용,여,53세,경상,승용,남,57세,상해없음
2013102500100097,2013년 10월 25일 06시,금요일,전라남도 고흥군 고흥읍,부상신고사고,0,0,0,1,차대사람 - 기타,안전운전불이행,건조,맑음,단일로 - 기타,화물,남,74세,상해없음,보행자,남,72세,부상신고
2013102500100116,2013년 10월 25일 07시,금요일,전라남도 여수시 신기동,경상사고,0,0,1,0,차대차 - 측면직각충돌,신호위반,건조,맑음,교차로 - 교차로안,승용,남,57세,상해없음,승용,여,51세,경상
2013102500100117,2013년 10월 25일 07시,금요일,전라남도 여수시 미평동,경상사고,0,0,1,0,차대차 - 측면직각충돌,안전운전불이행,건조,맑음,교차로 - 교차로부근,화물,남,58세,상해없음,승용,남,44세,경상
2013102500100118,2013년 10월 25일 07시,금요일,전라남도 순천시 조곡동,경상사고,0,0,4,0,차대차 - 추돌 - 진행중,안전운전불이행,건조,맑음,단일로 - 기타,승용,남,47세,경상,화물,남,37세,상해없음
2013102500100119,2013년 10월 25일 07시,금요일,전라남도 순천시 저전동,경상사고,0,0,2,0,차대차 - 측면직각충돌,직진우회전진행방해,건조,맑음,교차로 - 교차로안,승용,남,63세,상해없음,승용,여,47세,경상
2013102500100188,2013년 10월 25일 09시,금요일,전라남도 해남군 마산면,중상사고,0,1,0,0,차대차 - 기타,중앙선침범,건조,맑음,단일로 - 기타,화물,남,62세,상해없음,이륜,남,76세,중상
2013102500100221,2013년 10월 25일 10시,금요일,전라남도 화순군 화순읍,중상사고,0,1,1,0,차대사람 - 횡단중,신호위반,건조,맑음,교차로 - 교차로부근,승용,여,66세,상해없음,보행자,남,60세,중상
2013102500100248,2013년 10월 25일 11시,금요일,전라남도 순천시 인제동,중상사고,0,1,0,0,차대사람 - 횡단중,신호위반,건조,맑음,단일로 - 횡단보도상,승합,남,47세,상해없음,보행자,여,55세,중상
2013102500100249,2013년 10월 25일 11시,금요일,전라남도 나주시 공산면,중상사고,0,1,0,0,차대차 - 기타,안전운전불이행,건조,맑음,교차로 - 교차로안,이륜,남,82세,중상,화물,남,68세,상해없음
2013102500100250,2013년 10월 25일 11시,금요일,전라남도 광양시 광양읍,중상사고,0,1,3,0,차대차 - 추돌 - 주정차중,안전운전불이행,건조,맑음,단일로 - 횡단보도부근,승용,여,23세,중상,승용,남,45세,경상
2013102500100278,2013년 10월 25일 12시,금요일,전라남도 순천시 인월동,경상사고,0,0,3,0,차대차 - 기타,신호위반,건조,맑음,교차로 - 교차로안,승용,남,61세,상해없음,승용,남,48세,경상
2013102500100279,2013년 10월 25일 12시,금요일,전라남도 보성군 득량면,중상사고,0,1,0,0,차대차 - 추돌 - 진행중,기타,건조,맑음,교차로 - 교차로안,승용,여,57세,상해없음,이륜,여,55세,중상
2013102500100280,2013년 10월 25일 12시,금요일,전라남도 광양시 진상면,경상사고,0,0,1,0,차대차 - 측면직각충돌,안전운전불이행,건조,맑음,교차로 - 교차로안,농기계,남,57세,경상,승합,남,63세,상해없음
2013102500100315,2013년 10월 25일 13시,금요일,전라남도 신안군 지도읍,경상사고,0,0,1,0,차대차 - 기타,안전거리미확보,건조,맑음,단일로 - 기타,화물,남,71세,상해없음,화물,남,52세,경상
2013102500100316,2013년 10월 25일 13시,금요일,전라남도 무안군 청계면,중상사고,0,2,0,0,차대차 - 측면직각충돌,안전운전불이행,건조,맑음,교차로 - 교차로안,승용,여,37세,중상,화물,남,28세,중상
2013102500100390,2013년 10월 25일 15시,금요일,전라남도 해남군 산이면,경상사고,0,0,1,0,차대차 - 기타,기타,건조,맑음,단일로 - 기타,승용,남,56세,상해없음,화물,남,52세,경상
2013102500100391,2013년 10월 25일 15시,금요일,전라남도 구례군 구례읍,중상사고,0,1,1,0,차대차 - 측면직각충돌,신호위반,건조,맑음,교차로 - 교차로안,원동기,남,75세,중상,화물,남,68세,상해없음
2013102500100431,2013년 10월 25일 16시,금요일,전라남도 여수시 신기동,중상사고,0,1,0,0,차대사람 - 길가장자리구역통행중,안전운전불이행,건조,맑음,단일로 - 기타,승용,남,21세,상해없음,보행자,여,79세,중상
2013102500100432,2013년 10월 25일 16시,금요일,전라남도 여수시 경호동,중상사고,0,1,0,0,차대차 - 정면충돌,안전운전불이행,건조,맑음,교차로 - 교차로안,승합,남,44세,상해없음,자전거,남,12세,중상
2013102500100433,2013년 10월 25일 16시,금요일,전라남도 강진군 군동면,경상사고,0,0,1,0,차대차 - 추돌 - 주정차중,안전운전불이행,건조,맑음,교차로 - 교차로부근,화물,남,59세,상해없음,화물,남,61세,경상
2013102500100528,2013년 10월 25일 18시,금요일,전라남도 여수시 선원동,경상사고,0,0,1,0,차대차 - 추돌 - 진행중,안전운전불이행,건조,맑음,단일로 - 기타,기타불명,기타불명,기타불명,기타불명,승용,남,43세,경상
2013102500100529,2013년 10월 25일 18시,금요일,전라남도 순천시 별량면,중상사고,0,1,1,0,차대차 - 추돌 - 진행중,안전운전불이행,건조,맑음,교차로 - 교차로부근,승용,남,26세,경상,농기계,남,69세,중상
2013102500100530,2013년 10월 25일 18시,금요일,전라남도 순천시 별량면,경상사고,0,0,1,0,차대차 - 기타,안전거리미확보,건조,맑음,단일로 - 기타,승용,여,37세,상해없음,승용,여,40세,경상
2013102500100531,2013년 10월 25일 18시,금요일,전라남도 순천시 별량면,중상사고,0,1,4,0,차대차 - 추돌 - 진행중,안전운전불이행,건조,맑음,단일로 - 기타,승용,남,57세,경상,승용,남,52세,중상
2013102500100532,2013년 10월 25일 18시,금요일,전라남도 담양군 담양읍,경상사고,0,0,1,0,차대차 - 추돌 - 진행중,안전운전불이행,건조,흐림,단일로 - 기타,승용,남,36세,상해없음,농기계,남,65세,상해없음
2013102500100533,2013년 10월 25일 18시,금요일,전라남도 완도군 완도읍,경상사고,0,0,1,0,차대차 - 추돌 - 진행중,안전운전불이행,건조,맑음,단일로 - 기타,승용,여,42세,상해없음,승용,여,40세,경상
2013102500100589,2013년 10월 25일 19시,금요일,전라남도 광양시 광양읍,경상사고,0,0,1,0,차대차 - 측면직각충돌,안전운전불이행,건조,맑음,교차로 - 교차로부근,승용,여,46세,상해없음,자전거,남,34세,경상
2013102500100659,2013년 10월 25일 21시,금요일,전라남도 여수시 봉산동,경상사고,0,0,1,0,차대사람 - 횡단중,안전운전불이행,건조,맑음,단일로 - 기타,승용,남,58세,상해없음,보행자,남,47세,경상
2013102500100660,2013년 10월 25일 21시,금요일,전라남도 화순군 화순읍,경상사고,0,0,1,0,차대차 - 추돌 - 주정차중,안전거리미확보,건조,맑음,단일로 - 기타,승합,남,53세,상해없음,승용,여,46세,경상
2013102500100661,2013년 10월 25일 21시,금요일,전라남도 광양시 도이동,중상사고,0,1,0,0,차대차 - 측면직각충돌,신호위반,건조,맑음,교차로 - 교차로안,특수,남,44세,상해없음,승용,남,28세,중상
2013102500100704,2013년 10월 25일 22시,금요일,전라남도 여수시 소호동,경상사고,0,0,1,0,차대차 - 추돌 - 진행중,중앙선침범,건조,맑음,교차로 - 교차로부근,승용,남,44세,상해없음,승용,여,25세,경상
2013102500100705,2013년 10월 25일 22시,금요일,전라남도 강진군 강진읍,경상사고,0,0,4,0,차대차 - 측면직각충돌,신호위반,건조,맑음,교차로 - 교차로안,승용,남,29세,상해없음,화물,남,39세,경상
2013102500100737,2013년 10월 25일 23시,금요일,전라남도 순천시 해룡면,경상사고,0,0,2,0,차대차 - 추돌 - 주정차중,안전운전불이행,건조,맑음,단일로 - 기타,승용,남,23세,상해없음,승용,남,24세,경상
2013102600100034,2013년 10월 26일 01시,토요일,전라남도 여수시 학동,중상사고,0,1,0,0,차대사람 - 횡단중,안전운전불이행,건조,맑음,단일로 - 횡단보도부근,승용,남,40세,상해없음,보행자,남,18세,중상
2013102600100035,2013년 10월 26일 01시,토요일,전라남도 광양시 중동,사망사고,1,0,0,0,차량단독 - 공작물충돌,안전운전불이행,건조,맑음,교차로 - 교차로안,승용,여,46세,사망,,,,
2013102600100070,2013년 10월 26일 03시,토요일,전라남도 순천시 동외동,경상사고,0,0,1,0,차대차 - 기타,직진우회전진행방해,건조,맑음,교차로 - 교차로안,화물,남,25세,상해없음,승용,여,49세,경상
2013102600100096,2013년 10월 26일 05시,토요일,전라남도 보성군 벌교읍,중상사고,0,1,0,0,차대사람 - 횡단중,안전운전불이행,건조,맑음,단일로 - 기타,승용,남,55세,상해없음,보행자,여,77세,중상
2013102600100132,2013년 10월 26일 07시,토요일,전라남도 광양시 중동,중상사고,0,1,0,1,차대차 - 측면직각충돌,교차로운행방법위반,건조,맑음,교차로 - 교차로안,승용,남,50세,부상신고,승용,여,44세,중상
2013102600100155,2013년 10월 26일 08시,토요일,전라남도 목포시 옥암동,경상사고,0,0,2,0,차대차 - 기타,신호위반,건조,맑음,교차로 - 교차로안,승용,남,35세,상해없음,승용,남,67세,경상
2013102600100156,2013년 10월 26일 08시,토요일,전라남도 함평군 월야면,경상사고,0,0,1,0,차대차 - 측면직각충돌,안전운전불이행,건조,맑음,단일로 - 기타,승합,여,45세,상해없음,농기계,남,33세,경상
2013102600100198,2013년 10월 26일 09시,토요일,전라남도 순천시 조례동,경상사고,0,0,3,0,차대차 - 측면직각충돌,교차로운행방법위반,건조,맑음,교차로 - 교차로안,승용,여,36세,경상,승용,여,52세,경상
2013102600100199,2013년 10월 26일 09시,토요일,전라남도 고흥군 도양읍,중상사고,0,1,0,0,차대차 - 측면직각충돌,안전운전불이행,건조,맑음,교차로 - 교차로안,승용,남,56세,중상,화물,남,73세,상해없음
2013102600100200,2013년 10월 26일 09시,토요일,전라남도 곡성군 오산면,중상사고,0,1,1,0,차대차 - 기타,교차로운행방법위반,건조,맑음,교차로 - 교차로안,승용,여,33세,상해없음,승용,남,43세,경상
2013102600100201,2013년 10월 26일 09시,토요일,전라남도 무안군 일로읍,경상사고,0,0,1,0,차대사람 - 횡단중,보행자보호의무위반,건조,맑음,교차로 - 교차로안,건설기계,남,41세,상해없음,보행자,여,58세,경상
2013102600100202,2013년 10월 26일 09시,토요일,전라남도 진도군 임회면,중상사고,0,1,0,0,차대차 - 측면직각충돌,안전운전불이행,건조,맑음,단일로 - 기타,화물,남,38세,상해없음,승용,남,56세,중상
2013102600100230,2013년 10월 26일 10시,토요일,전라남도 고흥군 도화면,경상사고,0,0,1,0,차대차 - 기타,중앙선침범,건조,맑음,단일로 - 기타,이륜,남,65세,경상,승용,남,48세,상해없음
2013102600100263,2013년 10월 26일 11시,토요일,전라남도 여수시 덕충동,경상사고,0,0,4,0,차대차 - 추돌 - 주정차중,안전운전불이행,건조,맑음,단일로 - 기타,승용,남,53세,상해없음,승용,남,22세,경상
2013102600100264,2013년 10월 26일 11시,토요일,전라남도 순천시 장천동,중상사고,0,1,0,0,차대차 - 기타,차로위반,건조,맑음,단일로 - 기타,승용,남,56세,상해없음,이륜,여,22세,중상
2013102600100308,2013년 10월 26일 12시,토요일,전라남도 순천시 남내동,중상사고,0,1,0,0,차대사람 - 차도통행중,안전운전불이행,습기,맑음,단일로 - 기타,승용,남,38세,상해없음,보행자,여,70세,중상
2013102600100309,2013년 10월 26일 12시,토요일,전라남도 무안군 운남면,사망사고,1,0,0,0,차량단독 - 도로외이탈 - 추락,안전운전불이행,건조,맑음,단일로 - 기타,농기계,남,66세,사망,,,,
2013102600100352,2013년 10월 26일 13시,토요일,전라남도 순천시 조곡동,경상사고,0,0,1,0,차대차 - 측면직각충돌,안전운전불이행,건조,맑음,교차로 - 교차로안,화물,기타불명,기타불명,기타불명,이륜,남,74세,경상
2013102600100353,2013년 10월 26일 13시,토요일,전라남도 곡성군 곡성읍,경상사고,0,0,2,0,차대차 - 기타,안전운전불이행,건조,맑음,교차로 - 교차로부근,원동기,여,51세,경상,승용,남,25세,경상
2013102600100385,2013년 10월 26일 14시,토요일,전라남도 목포시 석현동,경상사고,0,0,3,0,차대차 - 측면직각충돌,신호위반,건조,맑음,교차로 - 교차로안,승용,남,54세,경상,승용,남,29세,경상
2013102600100386,2013년 10월 26일 14시,토요일,전라남도 고흥군 고흥읍,중상사고,0,1,0,0,차대차 - 정면충돌,안전운전불이행,건조,맑음,단일로 - 기타,이륜,남,47세,중상,승용,남,51세,상해없음
2013102600100387,2013년 10월 26일 14시,토요일,전라남도 해남군 송지면,경상사고,0,0,2,1,차대차 - 추돌 - 진행중,안전거리미확보,건조,맑음,단일로 - 기타,화물,남,61세,상해없음,승용,여,40세,경상
2013102600100420,2013년 10월 26일 15시,토요일,전라남도 목포시 용해동,경상사고,0,0,4,0,차대차 - 추돌 - 진행중,안전거리미확보,건조,맑음,단일로 - 횡단보도부근,승용,남,35세,상해없음,승용,남,28세,경상
2013102600100421,2013년 10월 26일 15시,토요일,전라남도 장흥군 안양면,경상사고,0,0,1,0,차대차 - 측면직각충돌,신호위반,건조,맑음,교차로 - 교차로안,승용,남,65세,상해없음,원동기,남,77세,경상
2013102600100422,2013년 10월 26일 15시,토요일,전라남도 화순군 화순읍,경상사고,0,0,1,0,차대차 - 추돌 - 주정차중,안전운전불이행,건조,맑음,교차로 - 교차로부근,승용,남,45세,상해없음,승용,남,57세,경상
2013102600100423,2013년 10월 26일 15시,토요일,전라남도 완도군 고금면,경상사고,0,0,2,0,차대차 - 측면직각충돌,중앙선침범,건조,맑음,교차로 - 교차로부근,승용,남,48세,상해없음,승용,남,52세,경상
2013102600100460,2013년 10월 26일 16시,토요일,전라남도 여수시 중흥동,경상사고,0,0,1,0,차대차 - 측면직각충돌,신호위반,건조,맑음,교차로 - 교차로안,승용,여,52세,경상,승용,남,43세,상해없음
2013102600100461,2013년 10월 26일 16시,토요일,전라남도 진도군 군내면,사망사고,1,0,2,0,차량단독 - 전도전복,안전운전불이행,건조,맑음,단일로 - 기타,승용,남,73세,사망,,,,
2013102600100495,2013년 10월 26일 17시,토요일,전라남도 목포시 옥암동,경상사고,0,0,2,0,차대차 - 추돌 - 진행중,안전운전불이행,건조,맑음,교차로 - 교차로부근,승용,남,55세,상해없음,승용,남,44세,경상
2013102600100496,2013년 10월 26일 17시,토요일,전라남도 목포시 상동,경상사고,0,0,1,0,차대차 - 측면직각충돌,안전운전불이행,건조,맑음,교차로 - 교차로안,승용,남,48세,상해없음,승용,여,37세,경상
2013102600100497,2013년 10월 26일 17시,토요일,전라남도 곡성군 삼기면,중상사고,0,1,0,0,차대차 - 기타,안전운전불이행,건조,맑음,단일로 - 기타,승용,남,43세,중상,승용,남,49세,상해없음
2013102600100543,2013년 10월 26일 18시,토요일,전라남도 신안군 지도읍,중상사고,0,1,0,0,차대사람 - 길가장자리구역통행중,안전운전불이행,건조,맑음,교차로 - 교차로부근,승용,남,45세,상해없음,보행자,남,76세,중상
2013102600100544,2013년 10월 26일 18시,토요일,전라남도 해남군 화원면,경상사고,0,0,2,1,차대차 - 측면직각충돌,신호위반,건조,맑음,교차로 - 교차로안,화물,남,55세,부상신고,화물,남,28세,경상
2013102600100545,2013년 10월 26일 18시,토요일,전라남도 보성군 조성면,중상사고,0,1,0,0,차대사람 - 횡단중,안전운전불이행,건조,맑음,교차로 - 교차로안,승용,여,54세,상해없음,보행자,여,64세,중상
2013102600100546,2013년 10월 26일 18시,토요일,전라남도 영광군 홍농읍,중상사고,0,1,0,0,차대사람 - 횡단중,안전운전불이행,건조,맑음,교차로 - 교차로안,승용,남,26세,상해없음,보행자,여,51세,중상
2013102600100591,2013년 10월 26일 19시,토요일,전라남도 목포시 용당동,경상사고,0,0,1,0,차대차 - 측면직각충돌,직진우회전진행방해,건조,맑음,교차로 - 교차로안,이륜,남,17세,경상,승용,남,59세,상해없음
2013102600100592,2013년 10월 26일 19시,토요일,전라남도 광양시 광양읍,경상사고,0,0,2,0,차대차 - 추돌 - 진행중,기타,건조,맑음,교차로 - 교차로부근,화물,남,53세,경상,승용,여,37세,경상
2013102600100638,2013년 10월 26일 20시,토요일,전라남도 여수시 학동,경상사고,0,0,1,0,차대사람 - 기타,안전운전불이행,건조,맑음,단일로 - 기타,승용,남,40세,상해없음,보행자,여,22세,경상
2013102600100639,2013년 10월 26일 20시,토요일,전라남도 광양시 중동,중상사고,0,1,1,0,차대사람 - 횡단중,보행자보호의무위반,건조,맑음,단일로 - 횡단보도상,이륜,남,16세,경상,보행자,남,47세,중상
2013102600100669,2013년 10월 26일 21시,토요일,전라남도 영암군 삼호읍,중상사고,0,1,0,0,차대차 - 기타,중앙선침범,건조,맑음,교차로 - 교차로부근,승용,남,25세,상해없음,이륜,남,57세,중상
2013102600100707,2013년 10월 26일 22시,토요일,전라남도 함평군 함평읍,중상사고,0,1,1,0,차대차 - 기타,안전운전불이행,건조,맑음,교차로 - 교차로안,승용,남,31세,상해없음,승용,남,34세,경상
2013102700100018,2013년 10월 27일 00시,일요일,전라남도 장성군 장성읍,경상사고,0,0,1,0,차량단독 - 기타,안전운전불이행,건조,맑음,단일로 - 기타,화물,남,48세,경상,,,,
2013102700100034,2013년 10월 27일 01시,일요일,전라남도 목포시 상동,경상사고,0,0,1,0,차대차 - 측면직각충돌,안전운전불이행,건조,맑음,단일로 - 기타,승용,남,65세,상해없음,이륜,남,21세,경상
2013102700100088,2013년 10월 27일 05시,일요일,전라남도 곡성군 석곡면,경상사고,0,0,1,0,차대차 - 기타,중앙선침범,건조,맑음,기타 - 기타,승용,남,52세,상해없음,승용,남,48세,경상
2013102700100089,2013년 10월 27일 05시,일요일,전라남도 광양시 금호동,경상사고,0,0,3,0,차대차 - 추돌 - 주정차중,안전운전불이행,건조,맑음,교차로 - 교차로부근,화물,남,44세,상해없음,승용,남,36세,경상
2013102700100120,2013년 10월 27일 07시,일요일,전라남도 함평군 월야면,경상사고,0,0,1,0,차량단독 - 공작물충돌,안전운전불이행,습기,안개,단일로 - 기타,승용,남,23세,경상,,,,
2013102700100145,2013년 10월 27일 08시,일요일,전라남도 광양시 중동,중상사고,0,1,0,0,차대차 - 추돌 - 주정차중,안전운전불이행,건조,맑음,교차로 - 교차로부근,승용,남,56세,상해없음,이륜,남,53세,중상
2013102700100176,2013년 10월 27일 10시,일요일,전라남도 여수시 덕충동,경상사고,0,0,1,0,차대차 - 기타,안전운전불이행,건조,맑음,교차로 - 교차로안,자전거,남,67세,경상,승용,남,59세,상해없음
2013102700100177,2013년 10월 27일 10시,일요일,전라남도 화순군 북면,경상사고,0,0,1,0,차대차 - 측면직각충돌,중앙선침범,건조,맑음,단일로 - 기타,승합,남,58세,상해없음,승용,남,76세,경상
2013102700100178,2013년 10월 27일 10시,일요일,전라남도 영암군 서호면,경상사고,0,0,1,0,차량단독 - 도로외이탈 - 추락,안전운전불이행,건조,맑음,단일로 - 기타,승용,남,23세,경상,,,,
2013102700100179,2013년 10월 27일 10시,일요일,전라남도 광양시 진상면,사망사고,1,0,0,0,차대사람 - 기타,안전운전불이행,건조,맑음,단일로 - 기타,승용,남,30세,상해없음,보행자,남,2세,사망
2013102700100245,2013년 10월 27일 13시,일요일,전라남도 순천시 중앙동,경상사고,0,0,1,0,차대차 - 기타,차로위반,건조,맑음,단일로 - 기타,승용,남,26세,상해없음,이륜,남,72세,경상
2013102700100246,2013년 10월 27일 13시,일요일,전라남도 장성군 황룡면,중상사고,0,1,0,0,차대차 - 기타,안전운전불이행,건조,맑음,단일로 - 기타,승용,여,45세,상해없음,자전거,남,75세,중상
2013102700100247,2013년 10월 27일 13시,일요일,전라남도 완도군 완도읍,경상사고,0,0,1,0,차대사람 - 기타,안전운전불이행,건조,맑음,단일로 - 기타,승용,남,63세,상해없음,보행자,여,66세,경상
2013102700100279,2013년 10월 27일 14시,일요일,전라남도 순천시 동외동,중상사고,0,1,0,0,차대차 - 기타,직진우회전진행방해,건조,맑음,교차로 - 교차로안,화물,남,28세,상해없음,이륜,남,77세,중상
2013102700100280,2013년 10월 27일 14시,일요일,전라남도 순천시 상사면,중상사고,0,2,0,0,차대차 - 추돌 - 진행중,중앙선침범,건조,맑음,단일로 - 기타,승용,남,30세,상해없음,승용,남,26세,중상
2013102700100281,2013년 10월 27일 14시,일요일,전라남도 장성군 황룡면,경상사고,0,0,3,1,차대차 - 정면충돌,안전운전불이행,건조,맑음,단일로 - 기타,승용,여,48세,부상신고,승용,남,61세,경상
2013102700100311,2013년 10월 27일 15시,일요일,전라남도 나주시 남평읍,중상사고,0,1,1,0,차대차 - 측면직각충돌,중앙선침범,건조,맑음,단일로 - 기타,승용,여,57세,상해없음,승용,남,65세,상해없음
2013102700100312,2013년 10월 27일 15시,일요일,전라남도 장흥군 안양면,부상신고사고,0,0,0,1,차대차 - 측면직각충돌,안전운전불이행,건조,맑음,단일로 - 기타,이륜,남,34세,부상신고,건설기계,남,40세,상해없음
2013102700100313,2013년 10월 27일 15시,일요일,전라남도 해남군 현산면,경상사고,0,0,1,0,차대차 - 측면직각충돌,직진우회전진행방해,건조,맑음,교차로 - 교차로안,농기계,남,51세,상해없음,화물,여,57세,경상
2013102700100314,2013년 10월 27일 15시,일요일,전라남도 강진군 작천면,경상사고,0,0,5,0,차대차 - 측면직각충돌,기타,건조,맑음,교차로 - 교차로안,승용,남,40세,상해없음,승합,남,52세,경상
2013102700100350,2013년 10월 27일 16시,일요일,전라남도 목포시 옥암동,경상사고,0,0,2,0,차대차 - 추돌 - 진행중,안전운전불이행,건조,맑음,단일로 - 기타,승용,남,50세,상해없음,승용,남,63세,경상
2013102700100351,2013년 10월 27일 16시,일요일,전라남도 해남군 황산면,중상사고,0,2,1,0,차량단독 - 공작물충돌,안전운전불이행,건조,맑음,단일로 - 기타,승용,남,50세,기타불명,,,,
2013102700100352,2013년 10월 27일 16시,일요일,전라남도 강진군 군동면,중상사고,0,1,0,0,차대차 - 측면직각충돌,직진우회전진행방해,건조,맑음,교차로 - 교차로안,이륜,남,69세,중상,승용,남,41세,상해없음
2013102700100353,2013년 10월 27일 16시,일요일,전라남도 무안군 망운면,중상사고,0,1,0,0,차대차 - 측면직각충돌,교차로운행방법위반,건조,맑음,교차로 - 교차로안,승용,여,54세,상해없음,이륜,남,68세,중상
2013102700100354,2013년 10월 27일 16시,일요일,전라남도 진도군 지산면,경상사고,0,0,1,0,차대차 - 기타,안전운전불이행,건조,맑음,단일로 - 기타,승용,여,43세,상해없음,승용,남,40세,경상
2013102700100387,2013년 10월 27일 17시,일요일,전라남도 나주시 남평읍,경상사고,0,0,2,0,차대차 - 측면직각충돌,교차로운행방법위반,건조,맑음,교차로 - 교차로안,승합,남,55세,상해없음,화물,남,23세,경상
2013102700100388,2013년 10월 27일 17시,일요일,전라남도 곡성군 곡성읍,중상사고,0,1,0,0,차대차 - 기타,중앙선침범,건조,맑음,단일로 - 교량,원동기,남,79세,중상,승용,남,44세,상해없음
2013102700100441,2013년 10월 27일 18시,일요일,전라남도 순천시 석현동,중상사고,0,1,1,0,차대사람 - 횡단중,신호위반,건조,맑음,단일로 - 횡단보도상,이륜,남,80세,중상,보행자,남,18세,경상
2013102700100480,2013년 10월 27일 19시,일요일,전라남도 순천시 조곡동,중상사고,0,1,1,0,차대차 - 추돌 - 진행중,안전운전불이행,건조,맑음,교차로 - 교차로안,승용,여,54세,상해없음,승용,남,33세,중상
2013102700100481,2013년 10월 27일 19시,일요일,전라남도 순천시 조례동,경상사고,0,0,1,0,차대차 - 측면직각충돌,직진우회전진행방해,건조,맑음,교차로 - 교차로안,승용,여,47세,상해없음,이륜,남,16세,경상
2013102700100556,2013년 10월 27일 22시,일요일,전라남도 나주시 봉황면,중상사고,0,1,0,0,차량단독 - 공작물충돌,안전운전불이행,건조,맑음,단일로 - 기타,화물,남,46세,중상,,,,
2013102700100557,2013년 10월 27일 22시,일요일,전라남도 영광군 영광읍,부상신고사고,0,0,0,1,차량단독 - 공작물충돌,안전운전불이행,건조,맑음,단일로 - 기타,승용,남,29세,부상신고,,,,
2013102700100579,2013년 10월 27일 23시,일요일,전라남도 목포시 동명동,경상사고,0,0,2,0,차대차 - 측면직각충돌,직진우회전진행방해,건조,맑음,교차로 - 교차로안,승용,남,43세,경상,승합,남,37세,경상