사고번호,사고일시,요일,시군구,사고내용,사망자수,중상자수,경상자수,부상신고자수,사고유형,법규위반,노면상태,기상상태,도로형태,가해운전자 차종,가해운전자 성별,가해운전자 연령,가해운전자 상해정도,피해운전자 차종,피해운전자 성별,피해운전자 연령,피해운전자 상해정도
2013102700100580,2013년 10월 27일 23시,일요일,전라남도 여수시 화장동,경상사고,0,0,2,0,차대차 - 측면직각충돌,신호위반,건조,맑음,교차로 - 교차로안,승용,남,27세,상해없음,승용,남,40세,경상
2013102800100007,2013년 10월 28일 00시,월요일,전라남도 순천시 주암면,경상사고,0,0,1,0,차대차 - 측면직각충돌,안전운전불이행,건조,맑음,단일로 - 기타,승용,남,48세,상해없음,화물,남,35세,경상
2013102800100024,2013년 10월 28일 02시,월요일,전라남도 여수시 중흥동,경상사고,0,0,1,0,차대차 - 기타,안전운전불이행,건조,맑음,단일로 - 기타,승용,남,18세,경상,승용,여,33세,상해없음
2013102800100049,2013년 10월 28일 05시,월요일,전라남도 강진군 신전면,경상사고,0,0,1,0,차량단독 - 도로외이탈 - 기타,안전운전불이행,건조,맑음,단일로 - 기타,승용,남,34세,경상,,,,
2013102800100112,2013년 10월 28일 08시,월요일,전라남도 순천시 조례동,경상사고,0,0,1,0,차대차 - 추돌 - 진행중,안전거리미확보,건조,맑음,교차로 - 교차로부근,승용,여,38세,상해없음,승용,여,40세,경상
2013102800100113,2013년 10월 28일 08시,월요일,전라남도 해남군 마산면,경상사고,0,0,4,0,차대차 - 기타,신호위반,건조,맑음,교차로 - 교차로안,승합,남,52세,상해없음,승용,남,53세,경상
2013102800100144,2013년 10월 28일 09시,월요일,전라남도 강진군 강진읍,경상사고,0,0,1,0,차대차 - 추돌 - 주정차중,안전운전불이행,건조,맑음,교차로 - 교차로부근,승용,여,51세,상해없음,승합,남,34세,경상
2013102800100175,2013년 10월 28일 10시,월요일,전라남도 무안군 청계면,경상사고,0,0,1,0,차대차 - 추돌 - 진행중,직진우회전진행방해,건조,맑음,교차로 - 교차로부근,승용,남,68세,상해없음,승용,남,39세,경상
2013102800100207,2013년 10월 28일 11시,월요일,전라남도 나주시 금천면,경상사고,0,0,1,0,차대차 - 기타,안전운전불이행,건조,맑음,단일로 - 기타,화물,남,34세,상해없음,승용,남,29세,경상
2013102800100208,2013년 10월 28일 11시,월요일,전라남도 무안군 무안읍,경상사고,0,0,1,0,차대사람 - 기타,안전운전불이행,건조,맑음,교차로 - 교차로안,승용,남,36세,상해없음,보행자,남,56세,경상
2013102800100261,2013년 10월 28일 13시,월요일,전라남도 나주시 봉황면,중상사고,0,1,0,0,차대차 - 기타,안전운전불이행,건조,맑음,단일로 - 기타,기타불명,기타불명,기타불명,기타불명,이륜,남,65세,중상
2013102800100262,2013년 10월 28일 13시,월요일,전라남도 담양군 월산면,중상사고,0,1,1,0,차대차 - 기타,직진우회전진행방해,건조,맑음,교차로 - 교차로안,원동기,여,48세,중상,승용,남,57세,상해없음
2013102800100293,2013년 10월 28일 14시,월요일,전라남도 화순군 화순읍,경상사고,0,0,1,0,차대차 - 측면직각충돌,신호위반,건조,맑음,교차로 - 교차로안,승용,남,64세,상해없음,승용,남,60세,경상
2013102800100313,2013년 10월 28일 15시,월요일,전라남도 목포시 석현동,경상사고,0,0,2,0,차대차 - 기타,신호위반,건조,맑음,교차로 - 교차로안,화물,남,69세,상해없음,승용,남,19세,상해없음
2013102800100314,2013년 10월 28일 15시,월요일,전라남도 나주시 금천면,중상사고,0,1,0,0,차대차 - 기타,기타,건조,맑음,교차로 - 교차로안,승용,여,46세,상해없음,원동기,남,75세,중상
2013102800100315,2013년 10월 28일 15시,월요일,전라남도 장성군 장성읍,경상사고,0,0,1,0,차대차 - 추돌 - 진행중,안전운전불이행,건조,맑음,단일로 - 기타,기타불명,기타불명,기타불명,기타불명,자전거,남,82세,경상
2013102800100316,2013년 10월 28일 15시,월요일,전라남도 담양군 용면,경상사고,0,0,1,0,차대차 - 기타,안전운전불이행,건조,맑음,교차로 - 교차로안,원동기,남,70세,경상,화물,남,43세,상해없음
2013102800100342,2013년 10월 28일 16시,월요일,전라남도 영광군 묘량면,경상사고,0,0,1,0,차대차 - 추돌 - 진행중,안전운전불이행,건조,맑음,단일로 - 기타,승용,남,59세,상해없음,승용,여,51세,경상
2013102800100369,2013년 10월 28일 17시,월요일,전라남도 여수시 미평동,경상사고,0,0,1,0,차대차 - 측면직각충돌,차로위반,건조,맑음,단일로 - 기타,승용,남,58세,상해없음,승용,남,46세,경상
2013102800100370,2013년 10월 28일 17시,월요일,전라남도 여수시 안산동,경상사고,0,0,2,0,차대차 - 추돌 - 주정차중,안전운전불이행,기타,맑음,교차로 - 교차로부근,승용,남,61세,상해없음,승용,여,53세,경상
2013102800100371,2013년 10월 28일 17시,월요일,전라남도 순천시 오천동,중상사고,0,1,1,0,차대차 - 추돌 - 진행중,안전거리미확보,건조,맑음,단일로 - 기타,승용,남,53세,상해없음,승용,여,47세,경상
2013102800100434,2013년 10월 28일 18시,월요일,전라남도 목포시 옥암동,경상사고,0,0,1,0,차대차 - 측면직각충돌,안전운전불이행,건조,맑음,단일로 - 기타,화물,남,52세,상해없음,승용,남,29세,경상
2013102800100435,2013년 10월 28일 18시,월요일,전라남도 여수시 율촌면,중상사고,0,1,1,0,차대차 - 기타,안전운전불이행,건조,맑음,단일로 - 기타,승용,남,56세,중상,농기계,남,64세,경상
2013102800100436,2013년 10월 28일 18시,월요일,전라남도 여수시 둔덕동,경상사고,0,0,4,0,차대차 - 추돌 - 진행중,안전거리미확보,건조,맑음,단일로 - 기타,승용,남,30세,경상,승합,여,50세,경상
2013102800100437,2013년 10월 28일 18시,월요일,전라남도 영암군 삼호읍,중상사고,0,1,1,0,차대차 - 측면직각충돌,신호위반,건조,맑음,교차로 - 교차로안,승용,남,69세,경상,승용,남,35세,중상
2013102800100438,2013년 10월 28일 18시,월요일,전라남도 구례군 구례읍,경상사고,0,0,1,0,차대차 - 기타,직진우회전진행방해,건조,맑음,단일로 - 기타,화물,여,27세,상해없음,원동기,남,67세,경상
2013102800100480,2013년 10월 28일 19시,월요일,전라남도 무안군 현경면,경상사고,0,0,1,0,차대차 - 측면직각충돌,안전운전불이행,건조,맑음,단일로 - 기타,승용,여,52세,상해없음,이륜,남,54세,경상
2013102800100513,2013년 10월 28일 20시,월요일,전라남도 목포시 산정동,경상사고,0,0,1,0,차대차 - 측면직각충돌,신호위반,건조,맑음,교차로 - 교차로안,화물,남,55세,상해없음,승용,남,41세,경상
2013102800100542,2013년 10월 28일 21시,월요일,전라남도 여수시 신기동,경상사고,0,0,1,0,차대차 - 기타,안전운전불이행,건조,맑음,단일로 - 기타,승용,남,49세,상해없음,승용,남,57세,경상
2013102800100597,2013년 10월 28일 23시,월요일,전라남도 순천시 서면,중상사고,0,1,3,0,차대차 - 추돌 - 진행중,안전운전불이행,건조,맑음,단일로 - 기타,화물,남,30세,상해없음,승용,남,31세,중상
2013102900100075,2013년 10월 29일 06시,화요일,전라남도 목포시 옥암동,경상사고,0,0,2,0,차대차 - 기타,안전운전불이행,건조,기타,단일로 - 기타,특수,남,56세,상해없음,승용,남,31세,경상
2013102900100098,2013년 10월 29일 07시,화요일,전라남도 영암군 삼호읍,경상사고,0,0,1,0,차대차 - 기타,안전운전불이행,건조,맑음,단일로 - 기타,화물,남,65세,상해없음,승용,남,51세,상해없음
2013102900100140,2013년 10월 29일 08시,화요일,전라남도 순천시 풍덕동,경상사고,0,0,1,0,차대차 - 추돌 - 진행중,안전운전불이행,건조,맑음,교차로 - 교차로안,화물,남,48세,상해없음,승용,남,70세,상해없음
2013102900100165,2013년 10월 29일 09시,화요일,전라남도 목포시 상동,경상사고,0,0,1,0,차대차 - 기타,교차로운행방법위반,건조,맑음,교차로 - 교차로부근,승용,여,28세,상해없음,이륜,남,44세,경상
2013102900100166,2013년 10월 29일 09시,화요일,전라남도 여수시 국동,경상사고,0,0,1,0,차대차 - 추돌 - 주정차중,안전운전불이행,건조,맑음,교차로 - 교차로안,승용,남,40세,상해없음,승용,여,43세,경상
2013102900100167,2013년 10월 29일 09시,화요일,전라남도 진도군 의신면,중상사고,0,1,0,0,차량단독 - 기타,안전운전불이행,기타,맑음,기타 - 기타,화물,남,59세,상해없음,,,,
2013102900100215,2013년 10월 29일 11시,화요일,전라남도 여수시 관문동,사망사고,1,1,1,0,차대차 - 측면직각충돌,신호위반,건조,맑음,교차로 - 교차로안,승용,여,47세,경상,이륜,남,15세,중상
2013102900100216,2013년 10월 29일 11시,화요일,전라남도 해남군 옥천면,경상사고,0,0,1,0,차대차 - 측면직각충돌,중앙선침범,건조,맑음,단일로 - 기타,화물,여,53세,상해없음,화물,남,48세,경상
2013102900100239,2013년 10월 29일 12시,화요일,전라남도 여수시 중흥동,경상사고,0,0,2,0,차대차 - 추돌 - 진행중,안전운전불이행,건조,맑음,교차로 - 교차로부근,건설기계,남,50세,상해없음,화물,남,30세,상해없음
2013102900100240,2013년 10월 29일 12시,화요일,전라남도 화순군 화순읍,중상사고,0,1,0,0,차대차 - 측면직각충돌,중앙선침범,건조,맑음,단일로 - 기타,승용,남,58세,상해없음,승용,남,52세,중상
2013102900100241,2013년 10월 29일 12시,화요일,전라남도 영암군 도포면,중상사고,0,1,0,0,차량단독 - 전도전복,안전운전불이행,건조,맑음,단일로 - 기타,승용,여,55세,중상,,,,
2013102900100242,2013년 10월 29일 12시,화요일,전라남도 광양시 광양읍,중상사고,0,1,0,0,차대차 - 추돌 - 진행중,안전거리미확보,건조,맑음,단일로 - 기타,승용,남,70세,상해없음,승용,남,46세,중상
2013102900100271,2013년 10월 29일 13시,화요일,전라남도 여수시 봉강동,경상사고,0,0,1,0,차대차 - 기타,신호위반,건조,맑음,단일로 - 기타,이륜,남,49세,경상,승합,여,58세,상해없음
2013102900100272,2013년 10월 29일 13시,화요일,전라남도 진도군 진도읍,경상사고,0,0,2,0,차대차 - 기타,안전운전불이행,건조,맑음,교차로 - 교차로부근,화물,남,38세,상해없음,화물,남,77세,경상
2013102900100300,2013년 10월 29일 14시,화요일,전라남도 화순군 화순읍,중상사고,0,1,0,0,차대사람 - 횡단중,안전운전불이행,건조,맑음,교차로 - 교차로안,승용,여,37세,상해없음,보행자,여,68세,중상
2013102900100319,2013년 10월 29일 15시,화요일,전라남도 목포시 상동,중상사고,0,2,0,0,차대차 - 측면직각충돌,신호위반,건조,맑음,교차로 - 교차로안,승합,남,69세,중상,승용,남,41세,중상
2013102900100320,2013년 10월 29일 15시,화요일,전라남도 순천시 인월동,중상사고,0,1,0,0,차량단독 - 공작물충돌,안전운전불이행,건조,맑음,단일로 - 기타,화물,남,64세,중상,,,,
2013102900100321,2013년 10월 29일 15시,화요일,전라남도 고흥군 도덕면,중상사고,0,1,0,0,차대차 - 기타,안전운전불이행,건조,맑음,기타 - 기타,화물,남,65세,상해없음,화물,남,56세,상해없음
2013102900100322,2013년 10월 29일 15시,화요일,전라남도 보성군 회천면,경상사고,0,0,1,0,차량단독 - 공작물충돌,안전운전불이행,건조,맑음,단일로 - 기타,화물,남,74세,상해없음,,,,
2013102900100323,2013년 10월 29일 15시,화요일,전라남도 강진군 도암면,경상사고,0,0,1,0,차대차 - 추돌 - 주정차중,안전운전불이행,건조,맑음,단일로 - 기타,승용,여,62세,상해없음,농기계,남,78세,경상
2013102900100357,2013년 10월 29일 16시,화요일,전라남도 목포시 무안동,경상사고,0,0,1,0,차대차 - 추돌 - 주정차중,안전운전불이행,건조,맑음,단일로 - 기타,기타불명,기타불명,기타불명,기타불명,이륜,남,17세,경상
2013102900100411,2013년 10월 29일 17시,화요일,전라남도 신안군 안좌면,중상사고,0,1,0,0,차대차 - 측면직각충돌,중앙선침범,건조,맑음,단일로 - 기타,이륜,남,66세,중상,승용,남,52세,상해없음
2013102900100412,2013년 10월 29일 17시,화요일,전라남도 화순군 도곡면,경상사고,0,0,1,0,차대차 - 측면직각충돌,교차로운행방법위반,건조,맑음,교차로 - 교차로부근,화물,남,65세,기타불명,승합,남,65세,경상
2013102900100459,2013년 10월 29일 18시,화요일,전라남도 목포시 석현동,경상사고,0,0,2,0,차대차 - 추돌 - 주정차중,안전운전불이행,건조,맑음,단일로 - 기타,승용,남,21세,상해없음,승용,남,48세,경상
2013102900100460,2013년 10월 29일 18시,화요일,전라남도 강진군 강진읍,중상사고,0,1,0,1,차대차 - 측면직각충돌,신호위반,건조,맑음,교차로 - 교차로안,승합,남,33세,상해없음,화물,남,38세,중상
2013102900100461,2013년 10월 29일 18시,화요일,전라남도 광양시 중동,경상사고,0,0,1,0,차대사람 - 차도통행중,안전운전불이행,건조,맑음,단일로 - 기타,승용,남,30세,상해없음,보행자,여,45세,경상
2013102900100503,2013년 10월 29일 19시,화요일,전라남도 목포시 용당동,경상사고,0,0,2,0,차대사람 - 길가장자리구역통행중,안전운전불이행,건조,맑음,단일로 - 기타,승용,남,58세,상해없음,보행자,남,57세,경상
2013102900100504,2013년 10월 29일 19시,화요일,전라남도 순천시 풍덕동,경상사고,0,0,2,0,차대차 - 추돌 - 주정차중,안전운전불이행,건조,맑음,단일로 - 기타,화물,남,41세,상해없음,승용,남,65세,경상
2013102900100541,2013년 10월 29일 20시,화요일,전라남도 순천시 덕월동,경상사고,0,0,1,0,차대차 - 추돌 - 진행중,안전운전불이행,건조,맑음,단일로 - 기타,승용,남,61세,상해없음,이륜,남,20세,경상
2013102900100542,2013년 10월 29일 20시,화요일,전라남도 순천시 조례동,경상사고,0,0,1,0,차대차 - 기타,안전운전불이행,건조,맑음,기타 - 기타,화물,남,36세,상해없음,자전거,남,14세,경상
2013102900100543,2013년 10월 29일 20시,화요일,전라남도 영광군 영광읍,경상사고,0,0,1,0,차대차 - 측면직각충돌,직진우회전진행방해,건조,맑음,교차로 - 교차로안,승용,여,40세,상해없음,승용,여,41세,경상
2013102900100573,2013년 10월 29일 21시,화요일,전라남도 광양시 중동,부상신고사고,0,0,0,1,차대차 - 측면직각충돌,안전운전불이행,건조,맑음,교차로 - 교차로부근,이륜,남,16세,부상신고,승용,남,45세,상해없음
2013103000100015,2013년 10월 30일 00시,수요일,전라남도 여수시 신기동,부상신고사고,0,0,0,1,차대차 - 측면직각충돌,안전운전불이행,건조,맑음,교차로 - 교차로안,이륜,남,28세,부상신고,승용,남,25세,상해없음
2013103000100103,2013년 10월 30일 07시,수요일,전라남도 영암군 삼호읍,중상사고,0,1,0,0,차대사람 - 기타,안전운전불이행,건조,맑음,교차로 - 교차로부근,화물,남,57세,상해없음,보행자,여,72세,중상
2013103000100142,2013년 10월 30일 08시,수요일,전라남도 여수시 안산동,경상사고,0,0,1,0,차대사람 - 횡단중,보행자보호의무위반,건조,맑음,교차로 - 교차로안,승용,여,36세,상해없음,보행자,남,10세,경상
2013103000100143,2013년 10월 30일 08시,수요일,전라남도 장성군 남면,경상사고,0,0,2,0,차대차 - 추돌 - 진행중,안전운전불이행,건조,맑음,단일로 - 터널,승용,남,36세,상해없음,승용,여,31세,경상
2013103000100182,2013년 10월 30일 09시,수요일,전라남도 나주시 왕곡면,중상사고,0,1,1,0,차대차 - 측면직각충돌,교차로운행방법위반,건조,맑음,교차로 - 교차로안,화물,여,51세,상해없음,원동기,남,64세,중상
2013103000100183,2013년 10월 30일 09시,수요일,전라남도 나주시 다도면,중상사고,0,1,0,0,차대차 - 정면충돌,중앙선침범,건조,맑음,단일로 - 기타,승용,남,32세,상해없음,승용,남,77세,중상
2013103000100184,2013년 10월 30일 09시,수요일,전라남도 화순군 능주면,경상사고,0,0,3,0,차대차 - 측면직각충돌,교차로운행방법위반,건조,맑음,교차로 - 교차로안,승용,남,35세,상해없음,승용,남,28세,경상
2013103000100185,2013년 10월 30일 09시,수요일,전라남도 무안군 청계면,중상사고,0,1,1,0,차대차 - 추돌 - 주정차중,안전운전불이행,건조,맑음,교차로 - 교차로안,화물,남,30세,중상,화물,남,42세,경상
2013103000100253,2013년 10월 30일 11시,수요일,전라남도 순천시 연향동,경상사고,0,0,2,0,차대차 - 정면충돌,중앙선침범,건조,맑음,교차로 - 교차로부근,화물,남,53세,상해없음,원동기,남,17세,경상
2013103000100302,2013년 10월 30일 13시,수요일,전라남도 순천시 장천동,중상사고,0,1,0,0,차대차 - 기타,안전운전불이행,건조,맑음,교차로 - 교차로부근,승용,남,65세,상해없음,원동기,남,71세,중상
2013103000100303,2013년 10월 30일 13시,수요일,전라남도 곡성군 오산면,부상신고사고,0,0,0,1,차대차 - 기타,교차로운행방법위반,건조,맑음,교차로 - 교차로부근,승용,여,60세,부상신고,승합,남,59세,상해없음
2013103000100366,2013년 10월 30일 15시,수요일,전라남도 영암군 군서면,중상사고,0,1,0,0,차량단독 - 도로외이탈 - 추락,안전운전불이행,건조,맑음,단일로 - 기타,화물,남,65세,중상,,,,
2013103000100367,2013년 10월 30일 15시,수요일,전라남도 광양시 중동,경상사고,0,0,1,0,차대차 - 측면직각충돌,안전운전불이행,건조,맑음,단일로 - 기타,승용,여,32세,상해없음,승합,남,28세,상해없음
2013103000100399,2013년 10월 30일 16시,수요일,전라남도 순천시 조례동,경상사고,0,0,1,0,차대차 - 기타,안전운전불이행,건조,맑음,교차로 - 교차로부근,승용,여,44세,상해없음,화물,남,42세,경상
2013103000100400,2013년 10월 30일 16시,수요일,전라남도 순천시 가곡동,경상사고,0,0,1,0,차대사람 - 길가장자리구역통행중,안전운전불이행,건조,맑음,단일로 - 기타,승용,남,45세,상해없음,보행자,남,80세,경상
2013103000100401,2013년 10월 30일 16시,수요일,전라남도 장성군 동화면,중상사고,0,1,1,0,차대차 - 정면충돌,중앙선침범,건조,맑음,교차로 - 교차로안,건설기계,남,52세,중상,건설기계,남,62세,경상
2013103000100402,2013년 10월 30일 16시,수요일,전라남도 곡성군 입면,중상사고,0,1,0,0,차량단독 - 기타,안전운전불이행,건조,맑음,교차로 - 교차로안,원동기,남,83세,중상,,,,
2013103000100403,2013년 10월 30일 16시,수요일,전라남도 완도군 완도읍,경상사고,0,0,1,0,차대사람 - 기타,안전운전불이행,건조,맑음,기타 - 기타,승용,남,53세,상해없음,보행자,남,54세,경상
2013103000100426,2013년 10월 30일 17시,수요일,전라남도 목포시 석현동,중상사고,0,2,1,0,차대차 - 측면직각충돌,교차로운행방법위반,건조,맑음,기타 - 기타,승용,남,42세,경상,승용,여,54세,중상
2013103000100427,2013년 10월 30일 17시,수요일,전라남도 순천시 조례동,경상사고,0,0,1,0,차대사람 - 횡단중,안전운전불이행,건조,맑음,단일로 - 기타,승용,남,29세,상해없음,보행자,남,10세,경상
2013103000100473,2013년 10월 30일 18시,수요일,전라남도 여수시 선원동,경상사고,0,0,1,0,차대차 - 추돌 - 진행중,안전거리미확보,건조,맑음,단일로 - 기타,승용,여,32세,상해없음,승용,여,37세,경상
2013103000100474,2013년 10월 30일 18시,수요일,전라남도 순천시 덕암동,경상사고,0,0,2,0,차대차 - 측면직각충돌,직진우회전진행방해,건조,맑음,교차로 - 교차로안,승용,여,53세,경상,승용,남,21세,경상
2013103000100475,2013년 10월 30일 18시,수요일,전라남도 화순군 남면,사망사고,1,0,0,0,차대사람 - 길가장자리구역통행중,안전운전불이행,건조,맑음,단일로 - 기타,승합,남,50세,상해없음,보행자,남,63세,사망
2013103000100524,2013년 10월 30일 19시,수요일,전라남도 목포시 상동,경상사고,0,0,1,0,차대사람 - 횡단중,안전운전불이행,건조,맑음,단일로 - 기타,승용,남,57세,상해없음,보행자,남,50세,경상
2013103000100525,2013년 10월 30일 19시,수요일,전라남도 무안군 삼향읍,중상사고,0,1,0,0,차대사람 - 횡단중,보행자보호의무위반,건조,맑음,교차로 - 교차로부근,승용,남,33세,상해없음,보행자,여,17세,중상
2013103000100526,2013년 10월 30일 19시,수요일,전라남도 구례군 구례읍,부상신고사고,0,0,0,1,차대사람 - 보도통행중,안전운전불이행,건조,맑음,단일로 - 기타,승용,남,72세,상해없음,보행자,남,13세,부상신고
2013103000100557,2013년 10월 30일 20시,수요일,전라남도 목포시 석현동,경상사고,0,0,9,0,차대차 - 측면직각충돌,신호위반,건조,맑음,교차로 - 교차로안,승용,여,25세,경상,승용,여,56세,경상
2013103000100558,2013년 10월 30일 20시,수요일,전라남도 순천시 남정동,경상사고,0,0,2,0,차대차 - 기타,신호위반,건조,맑음,교차로 - 교차로안,승용,남,51세,상해없음,승용,남,38세,경상
2013103000100595,2013년 10월 30일 21시,수요일,전라남도 해남군 현산면,중상사고,0,1,1,0,차대차 - 측면직각충돌,안전운전불이행,건조,맑음,단일로 - 기타,화물,남,59세,상해없음,승용,여,25세,경상
2013103000100596,2013년 10월 30일 21시,수요일,전라남도 담양군 담양읍,경상사고,0,0,1,0,차대사람 - 기타,안전운전불이행,건조,흐림,단일로 - 기타,승용,여,53세,상해없음,보행자,여,51세,경상
2013103000100632,2013년 10월 30일 22시,수요일,전라남도 목포시 동명동,경상사고,0,0,2,0,차대차 - 추돌 - 진행중,안전운전불이행,건조,맑음,단일로 - 기타,승용,남,40세,상해없음,화물,남,37세,경상
2013103000100633,2013년 10월 30일 22시,수요일,전라남도 순천시 황전면,중상사고,0,1,0,0,차대차 - 추돌 - 진행중,안전운전불이행,건조,맑음,단일로 - 기타,승용,남,44세,상해없음,자전거,남,65세,중상
2013103100100091,2013년 10월 31일 06시,목요일,전라남도 순천시 연향동,경상사고,0,0,1,0,차대차 - 기타,신호위반,건조,맑음,교차로 - 교차로안,승용,여,47세,상해없음,승용,여,45세,경상
2013103100100092,2013년 10월 31일 06시,목요일,전라남도 해남군 산이면,중상사고,0,2,3,0,차대차 - 추돌 - 진행중,안전거리미확보,건조,맑음,단일로 - 기타,승합,남,59세,상해없음,화물,남,52세,중상
2013103100100093,2013년 10월 31일 06시,목요일,전라남도 영암군 영암읍,중상사고,0,1,0,0,차량단독 - 도로외이탈 - 기타,안전운전불이행,습기,비,단일로 - 기타,화물,남,56세,상해없음,,,,
2013103100100142,2013년 10월 31일 08시,목요일,전라남도 구례군 문척면,중상사고,0,1,0,0,차대사람 - 기타,안전운전불이행,건조,맑음,기타 - 기타,화물,남,64세,상해없음,보행자,여,71세,중상
2013103100100170,2013년 10월 31일 09시,목요일,전라남도 광양시 태인동,중상사고,0,2,1,0,차대차 - 기타,중앙선침범,건조,맑음,단일로 - 기타,승용,여,47세,경상,특수,남,51세,상해없음
2013103100100207,2013년 10월 31일 10시,목요일,전라남도 나주시 산포면,경상사고,0,0,1,0,차대차 - 측면직각충돌,기타,건조,맑음,교차로 - 교차로안,건설기계,남,45세,상해없음,승용,여,47세,경상
2013103100100208,2013년 10월 31일 10시,목요일,전라남도 해남군 계곡면,중상사고,0,1,0,0,차대차 - 측면직각충돌,교차로운행방법위반,건조,맑음,교차로 - 교차로안,이륜,여,78세,상해없음,이륜,남,77세,중상
2013103100100209,2013년 10월 31일 10시,목요일,전라남도 보성군 벌교읍,중상사고,0,1,0,0,차대차 - 측면직각충돌,안전운전불이행,건조,맑음,단일로 - 기타,이륜,남,61세,중상,승합,남,57세,상해없음
2013103100100210,2013년 10월 31일 10시,목요일,전라남도 완도군 군외면,경상사고,0,0,1,0,차대차 - 정면충돌,중앙선침범,건조,맑음,단일로 - 기타,승합,남,59세,상해없음,화물,남,69세,경상
2013103100100253,2013년 10월 31일 12시,목요일,전라남도 장흥군 장흥읍,경상사고,0,0,1,0,차대차 - 추돌 - 진행중,안전거리미확보,건조,맑음,단일로 - 기타,원동기,남,75세,경상,화물,남,34세,상해없음
2013103100100254,2013년 10월 31일 12시,목요일,전라남도 장성군 북하면,중상사고,0,1,0,0,차대사람 - 기타,안전운전불이행,건조,맑음,단일로 - 기타,승용,남,61세,상해없음,보행자,여,67세,중상
2013103100100272,2013년 10월 31일 13시,목요일,전라남도 여수시 미평동,중상사고,0,1,0,0,차대차 - 기타,신호위반,건조,맑음,교차로 - 교차로안,원동기,남,55세,중상,화물,남,55세,상해없음
2013103100100273,2013년 10월 31일 13시,목요일,전라남도 함평군 학교면,경상사고,0,0,3,0,차대차 - 정면충돌,교차로운행방법위반,건조,맑음,교차로 - 교차로안,화물,남,72세,경상,승용,남,41세,경상
2013103100100304,2013년 10월 31일 14시,목요일,전라남도 목포시 상동,경상사고,0,0,2,0,차대차 - 기타,안전운전불이행,건조,맑음,기타 - 기타,승용,남,69세,상해없음,승용,남,61세,경상
2013103100100305,2013년 10월 31일 14시,목요일,전라남도 함평군 신광면,중상사고,0,1,1,0,차대차 - 추돌 - 주정차중,안전거리미확보,건조,맑음,단일로 - 기타,화물,남,36세,상해없음,화물,남,72세,경상
2013103100100340,2013년 10월 31일 15시,목요일,전라남도 여수시 웅천동,경상사고,0,0,1,0,차대차 - 기타,교차로운행방법위반,건조,맑음,교차로 - 교차로안,건설기계,남,52세,상해없음,화물,남,52세,경상
2013103100100376,2013년 10월 31일 16시,목요일,전라남도 여수시 신월동,사망사고,1,0,0,0,차대차 - 기타,안전운전불이행,건조,맑음,단일로 - 기타,승용,남,55세,사망,승합,남,49세,상해없음
2013103100100377,2013년 10월 31일 16시,목요일,전라남도 순천시 서면,경상사고,0,0,2,0,차대차 - 추돌 - 주정차중,안전운전불이행,건조,맑음,교차로 - 교차로부근,승용,남,46세,상해없음,승용,남,65세,경상
2013103100100378,2013년 10월 31일 16시,목요일,전라남도 순천시 서면,경상사고,0,0,1,0,차대차 - 측면직각충돌,안전운전불이행,건조,맑음,교차로 - 교차로안,승용,남,56세,상해없음,화물,남,33세,경상
2013103100100379,2013년 10월 31일 16시,목요일,전라남도 영암군 삼호읍,경상사고,0,0,1,0,차대차 - 기타,안전운전불이행,건조,맑음,단일로 - 기타,화물,남,30세,상해없음,특수,남,52세,경상
2013103100100425,2013년 10월 31일 17시,목요일,전라남도 나주시 문평면,부상신고사고,0,0,0,1,차대차 - 기타,안전운전불이행,건조,맑음,기타 - 기타,승용,여,48세,부상신고,승용,남,32세,기타불명
2013103100100426,2013년 10월 31일 17시,목요일,전라남도 영광군 영광읍,경상사고,0,0,2,0,차대사람 - 기타,안전운전불이행,건조,맑음,교차로 - 교차로부근,승용,남,47세,상해없음,보행자,여,41세,경상
2013103100100427,2013년 10월 31일 17시,목요일,전라남도 곡성군 삼기면,중상사고,0,1,0,0,차대차 - 측면직각충돌,안전운전불이행,건조,맑음,교차로 - 교차로안,이륜,남,70세,중상,화물,남,37세,상해없음
2013103100100428,2013년 10월 31일 17시,목요일,전라남도 곡성군 옥과면,중상사고,0,1,0,0,차대사람 - 횡단중,안전운전불이행,건조,흐림,교차로 - 교차로부근,승용,남,76세,상해없음,보행자,남,45세,중상
2013103100100477,2013년 10월 31일 18시,목요일,전라남도 여수시 웅천동,경상사고,0,0,1,0,차대차 - 측면직각충돌,안전거리미확보,기타,맑음,단일로 - 기타,승용,여,52세,상해없음,승용,남,29세,경상
2013103100100478,2013년 10월 31일 18시,목요일,전라남도 강진군 성전면,사망사고,1,0,0,0,차대사람 - 횡단중,안전운전불이행,건조,맑음,단일로 - 기타,승용,여,55세,상해없음,보행자,남,89세,사망
2013103100100479,2013년 10월 31일 18시,목요일,전라남도 광양시 중동,경상사고,0,0,1,0,차대차 - 측면직각충돌,교차로운행방법위반,건조,맑음,교차로 - 교차로안,화물,여,45세,상해없음,승용,여,34세,경상
2013103100100510,2013년 10월 31일 19시,목요일,전라남도 목포시 상동,경상사고,0,0,1,0,차대차 - 기타,안전운전불이행,건조,맑음,기타 - 기타,승용,남,29세,상해없음,원동기,남,47세,경상