사고번호,사고일시,요일,시군구,사고내용,사망자수,중상자수,경상자수,부상신고자수,사고유형,법규위반,노면상태,기상상태,도로형태,가해운전자 차종,가해운전자 성별,가해운전자 연령,가해운전자 상해정도,피해운전자 차종,피해운전자 성별,피해운전자 연령,피해운전자 상해정도
2013103100100511,2013년 10월 31일 19시,목요일,전라남도 여수시 공화동,경상사고,0,0,1,0,차대사람 - 기타,안전운전불이행,건조,맑음,교차로 - 교차로안,화물,여,58세,상해없음,보행자,여,38세,경상
2013103100100512,2013년 10월 31일 19시,목요일,전라남도 순천시 행동,중상사고,0,1,0,0,차대사람 - 기타,안전운전불이행,건조,맑음,단일로 - 기타,승용,남,44세,상해없음,보행자,남,56세,중상
2013103100100513,2013년 10월 31일 19시,목요일,전라남도 담양군 담양읍,중상사고,0,1,0,0,차대차 - 정면충돌,교차로운행방법위반,건조,흐림,교차로 - 교차로안,승용,여,50세,상해없음,원동기,남,14세,중상
2013103100100580,2013년 10월 31일 21시,목요일,전라남도 목포시 용해동,경상사고,0,0,1,0,차대차 - 기타,안전운전불이행,건조,맑음,기타 - 기타,승용,남,31세,상해없음,원동기,남,19세,경상
2013103100100581,2013년 10월 31일 21시,목요일,전라남도 순천시 동외동,경상사고,0,0,1,0,차대차 - 측면직각충돌,중앙선침범,건조,맑음,교차로 - 교차로부근,승용,남,53세,상해없음,승용,여,51세,경상
2013103100100609,2013년 10월 31일 22시,목요일,전라남도 여수시 학동,경상사고,0,0,1,0,차대차 - 추돌 - 진행중,안전거리미확보,건조,맑음,단일로 - 기타,승용,남,48세,상해없음,승용,남,48세,경상
2013110100100031,2013년 11월 1일 01시,금요일,전라남도 순천시 해룡면,중상사고,0,2,0,0,차량단독 - 공작물충돌,안전운전불이행,건조,맑음,단일로 - 기타,승용,남,26세,중상,,,,
2013110100100049,2013년 11월 1일 02시,금요일,전라남도 화순군 화순읍,경상사고,0,0,1,0,차대차 - 추돌 - 주정차중,안전운전불이행,건조,맑음,교차로 - 교차로부근,승용,남,59세,상해없음,승용,남,50세,경상
2013110100100074,2013년 11월 1일 05시,금요일,전라남도 여수시 오림동,경상사고,0,0,1,0,차대차 - 기타,차로위반,건조,맑음,단일로 - 기타,승용,남,29세,상해없음,승합,남,52세,경상
2013110100100091,2013년 11월 1일 06시,금요일,전라남도 순천시 덕암동,경상사고,0,0,1,0,차대사람 - 기타,안전운전불이행,건조,맑음,기타 - 기타,기타불명,남,49세,상해없음,보행자,여,59세,경상
2013110100100115,2013년 11월 1일 07시,금요일,전라남도 화순군 능주면,경상사고,0,0,1,0,차대차 - 측면직각충돌,안전운전불이행,건조,맑음,교차로 - 교차로부근,승합,남,57세,상해없음,화물,남,45세,상해없음
2013110100100153,2013년 11월 1일 08시,금요일,전라남도 목포시 산정동,경상사고,0,0,2,0,차대차 - 기타,신호위반,건조,맑음,교차로 - 교차로안,승용,남,57세,경상,승용,남,30세,경상
2013110100100154,2013년 11월 1일 08시,금요일,전라남도 보성군 보성읍,경상사고,0,0,1,0,차대차 - 측면직각충돌,안전운전불이행,건조,맑음,단일로 - 기타,화물,남,45세,상해없음,자전거,남,10세,경상
2013110100100155,2013년 11월 1일 08시,금요일,전라남도 진도군 진도읍,중상사고,0,1,0,0,차대차 - 기타,안전운전불이행,기타,맑음,단일로 - 기타,승용,남,73세,상해없음,이륜,여,60세,중상
2013110100100196,2013년 11월 1일 09시,금요일,전라남도 목포시 산정동,경상사고,0,0,1,0,차대사람 - 횡단중,보행자보호의무위반,건조,맑음,교차로 - 교차로안,승용,여,41세,상해없음,보행자,여,75세,경상
2013110100100197,2013년 11월 1일 09시,금요일,전라남도 목포시 옥암동,경상사고,0,0,2,0,차대차 - 측면직각충돌,교차로운행방법위반,건조,맑음,교차로 - 교차로안,승용,남,67세,경상,승용,남,46세,경상
2013110100100236,2013년 11월 1일 11시,금요일,전라남도 나주시 세지면,경상사고,0,0,2,0,차대차 - 기타,중앙선침범,건조,맑음,단일로 - 기타,화물,남,54세,상해없음,원동기,남,61세,경상
2013110100100237,2013년 11월 1일 11시,금요일,전라남도 영암군 시종면,중상사고,0,1,0,0,차량단독 - 전도전복,기타,건조,맑음,단일로 - 교량,이륜,남,60세,중상,,,,
2013110100100333,2013년 11월 1일 14시,금요일,전라남도 순천시 남내동,중상사고,0,1,0,0,차대차 - 기타,차로위반,건조,맑음,교차로 - 교차로부근,화물,남,65세,상해없음,승용,남,45세,중상
2013110100100334,2013년 11월 1일 14시,금요일,전라남도 영광군 군남면,중상사고,0,1,0,0,차량단독 - 전도전복,안전운전불이행,건조,맑음,단일로 - 기타,이륜,남,80세,중상,,,,
2013110100100335,2013년 11월 1일 14시,금요일,전라남도 장성군 장성읍,중상사고,0,1,4,0,차대차 - 추돌 - 진행중,안전운전불이행,건조,맑음,교차로 - 교차로안,화물,남,51세,상해없음,승용,남,45세,경상
2013110100100336,2013년 11월 1일 14시,금요일,전라남도 완도군 완도읍,사망사고,1,0,1,0,차대사람 - 기타,안전운전불이행,건조,맑음,기타 - 기타,승합,남,56세,상해없음,보행자,여,77세,사망
2013110100100362,2013년 11월 1일 15시,금요일,전라남도 보성군 보성읍,부상신고사고,0,0,0,4,차대차 - 추돌 - 진행중,기타,건조,맑음,단일로 - 기타,화물,남,37세,상해없음,승합,남,54세,부상신고
2013110100100363,2013년 11월 1일 15시,금요일,전라남도 영광군 군서면,경상사고,0,0,1,0,차대차 - 정면충돌,중앙선침범,건조,맑음,단일로 - 기타,화물,남,41세,상해없음,이륜,남,67세,경상
2013110100100425,2013년 11월 1일 17시,금요일,전라남도 목포시 호남동,중상사고,0,1,1,0,차대차 - 추돌 - 진행중,안전운전불이행,건조,맑음,단일로 - 기타,원동기,남,40세,경상,승용,여,59세,상해없음
2013110100100426,2013년 11월 1일 17시,금요일,전라남도 신안군 압해읍,중상사고,0,2,0,0,차대차 - 측면직각충돌,중앙선침범,건조,맑음,단일로 - 기타,화물,남,52세,상해없음,승용,남,72세,중상
2013110100100427,2013년 11월 1일 17시,금요일,전라남도 목포시 상동,경상사고,0,0,1,0,차대차 - 기타,신호위반,건조,맑음,교차로 - 교차로안,승용,여,46세,상해없음,승합,남,61세,상해없음
2013110100100428,2013년 11월 1일 17시,금요일,전라남도 나주시 세지면,사망사고,1,0,0,0,차량단독 - 전도전복,안전운전불이행,건조,맑음,단일로 - 기타,승용,여,26세,사망,,,,
2013110100100429,2013년 11월 1일 17시,금요일,전라남도 나주시 산포면,경상사고,0,0,1,0,차량단독 - 기타,안전운전불이행,건조,맑음,단일로 - 기타,원동기,남,28세,경상,,,,
2013110100100430,2013년 11월 1일 17시,금요일,전라남도 장흥군 대덕읍,부상신고사고,0,0,0,1,차대차 - 측면직각충돌,안전운전불이행,건조,맑음,단일로 - 기타,원동기,남,71세,부상신고,화물,남,48세,상해없음
2013110100100431,2013년 11월 1일 17시,금요일,전라남도 화순군 화순읍,부상신고사고,0,0,0,1,차대사람 - 기타,안전운전불이행,건조,맑음,단일로 - 기타,기타불명,기타불명,기타불명,기타불명,보행자,남,14세,부상신고
2013110100100488,2013년 11월 1일 18시,금요일,전라남도 순천시 연향동,중상사고,0,1,0,0,차대차 - 기타,안전운전불이행,건조,맑음,단일로 - 기타,승합,남,53세,상해없음,승합,남,54세,상해없음
2013110100100489,2013년 11월 1일 18시,금요일,전라남도 영광군 군서면,중상사고,0,1,0,0,차량단독 - 전도전복,안전운전불이행,건조,맑음,단일로 - 기타,원동기,남,78세,중상,,,,
2013110100100543,2013년 11월 1일 19시,금요일,전라남도 목포시 상동,경상사고,0,0,2,0,차대차 - 기타,안전운전불이행,건조,맑음,단일로 - 기타,승용,남,40세,경상,승용,남,49세,경상
2013110100100544,2013년 11월 1일 19시,금요일,전라남도 함평군 월야면,중상사고,0,1,1,0,차대차 - 추돌 - 진행중,안전운전불이행,건조,맑음,단일로 - 기타,승용,남,55세,중상,농기계,남,52세,경상
2013110100100614,2013년 11월 1일 21시,금요일,전라남도 순천시 가곡동,중상사고,0,1,0,0,차대차 - 기타,안전운전불이행,건조,맑음,교차로 - 교차로안,기타불명,기타불명,기타불명,기타불명,이륜,남,18세,중상
2013110100100615,2013년 11월 1일 21시,금요일,전라남도 장흥군 유치면,경상사고,0,0,1,0,차대차 - 추돌 - 진행중,안전운전불이행,건조,맑음,단일로 - 기타,승용,남,43세,상해없음,화물,남,49세,상해없음
2013110100100661,2013년 11월 1일 23시,금요일,전라남도 목포시 상동,사망사고,1,0,0,0,차대사람 - 횡단중,안전운전불이행,건조,맑음,교차로 - 교차로부근,승용,남,28세,상해없음,보행자,남,41세,사망
2013110100100662,2013년 11월 1일 23시,금요일,전라남도 여수시 충무동,경상사고,0,0,1,0,차대차 - 기타,안전운전불이행,건조,맑음,교차로 - 교차로안,자전거,남,23세,경상,승용,남,42세,상해없음
2013110200100013,2013년 11월 2일 00시,토요일,전라남도 여수시 광무동,사망사고,1,0,0,0,차대사람 - 기타,신호위반,건조,맑음,교차로 - 교차로부근,승용,남,37세,상해없음,보행자,남,65세,사망
2013110200100014,2013년 11월 2일 00시,토요일,전라남도 순천시 조례동,경상사고,0,0,2,0,차대차 - 기타,안전운전불이행,건조,맑음,교차로 - 교차로부근,승용,여,31세,상해없음,화물,남,48세,경상
2013110200100083,2013년 11월 2일 04시,토요일,전라남도 목포시 상동,경상사고,0,0,3,0,차대차 - 추돌 - 주정차중,안전운전불이행,건조,맑음,교차로 - 교차로부근,화물,남,34세,상해없음,승용,남,56세,경상
2013110200100101,2013년 11월 2일 06시,토요일,전라남도 광양시 중동,경상사고,0,0,1,0,차대차 - 추돌 - 진행중,안전거리미확보,건조,맑음,단일로 - 기타,건설기계,남,53세,상해없음,승용,여,41세,경상
2013110200100162,2013년 11월 2일 09시,토요일,전라남도 여수시 해산동,경상사고,0,0,1,0,차량단독 - 공작물충돌,안전운전불이행,건조,맑음,단일로 - 기타,승용,남,33세,경상,,,,
2013110200100197,2013년 11월 2일 10시,토요일,전라남도 함평군 함평읍,경상사고,0,0,1,0,차대차 - 측면직각충돌,신호위반,건조,맑음,교차로 - 교차로안,승합,남,56세,상해없음,승용,남,36세,경상
2013110200100198,2013년 11월 2일 10시,토요일,전라남도 영암군 삼호읍,경상사고,0,0,2,0,차대차 - 추돌 - 진행중,안전운전불이행,건조,맑음,단일로 - 기타,승용,여,48세,경상,승용,남,45세,경상
2013110200100269,2013년 11월 2일 12시,토요일,전라남도 순천시 동외동,중상사고,0,1,0,0,차대차 - 추돌 - 진행중,안전운전불이행,건조,맑음,단일로 - 기타,승용,남,53세,상해없음,이륜,여,57세,중상
2013110200100270,2013년 11월 2일 12시,토요일,전라남도 순천시 조례동,부상신고사고,0,0,0,3,차대차 - 추돌 - 진행중,안전운전불이행,건조,맑음,교차로 - 교차로안,승용,남,69세,상해없음,승용,남,32세,부상신고
2013110200100308,2013년 11월 2일 13시,토요일,전라남도 나주시 남평읍,중상사고,0,5,3,0,차대차 - 측면직각충돌,직진우회전진행방해,건조,맑음,교차로 - 교차로안,화물,남,59세,중상,승합,여,38세,경상
2013110200100356,2013년 11월 2일 14시,토요일,전라남도 화순군 동복면,중상사고,0,1,3,0,차대차 - 추돌 - 진행중,안전운전불이행,건조,맑음,단일로 - 기타,화물,남,27세,경상,농기계,남,46세,중상
2013110200100390,2013년 11월 2일 15시,토요일,전라남도 여수시 광무동,경상사고,0,0,1,0,차대차 - 기타,안전운전불이행,건조,맑음,단일로 - 기타,자전거,남,72세,경상,승용,남,48세,기타불명
2013110200100427,2013년 11월 2일 16시,토요일,전라남도 무안군 현경면,경상사고,0,0,1,0,차대차 - 측면직각충돌,안전운전불이행,건조,맑음,단일로 - 기타,이륜,남,77세,경상,승용,남,36세,상해없음
2013110200100468,2013년 11월 2일 17시,토요일,전라남도 광양시 광양읍,경상사고,0,0,1,0,차대차 - 측면직각충돌,안전운전불이행,건조,맑음,교차로 - 교차로부근,화물,남,61세,상해없음,승용,여,45세,경상
2013110200100530,2013년 11월 2일 18시,토요일,전라남도 목포시 상동,중상사고,0,1,1,0,차대차 - 기타,신호위반,건조,기타,단일로 - 기타,승용,남,51세,상해없음,자전거,남,16세,상해없음
2013110200100531,2013년 11월 2일 18시,토요일,전라남도 순천시 조례동,중상사고,0,1,0,0,차대사람 - 보도통행중,신호위반,건조,맑음,교차로 - 교차로안,승용,남,38세,상해없음,보행자,여,47세,중상
2013110200100532,2013년 11월 2일 18시,토요일,전라남도 나주시 송월동,경상사고,0,0,1,0,차대사람 - 기타,안전운전불이행,건조,맑음,단일로 - 횡단보도상,승용,남,66세,상해없음,보행자,남,48세,경상
2013110200100533,2013년 11월 2일 18시,토요일,전라남도 광양시 중동,경상사고,0,0,1,0,차대차 - 측면직각충돌,직진우회전진행방해,건조,맑음,교차로 - 교차로안,승합,남,59세,상해없음,승용,남,42세,경상
2013110200100607,2013년 11월 2일 19시,토요일,전라남도 목포시 산정동,경상사고,0,0,1,0,차대차 - 기타,기타,건조,기타,단일로 - 기타,승용,여,68세,상해없음,원동기,남,61세,경상
2013110200100608,2013년 11월 2일 19시,토요일,전라남도 여수시 화장동,부상신고사고,0,0,0,1,차대차 - 추돌 - 주정차중,안전운전불이행,습기,흐림,교차로 - 교차로부근,이륜,남,51세,부상신고,승용,남,37세,상해없음
2013110200100609,2013년 11월 2일 19시,토요일,전라남도 영광군 영광읍,경상사고,0,0,3,0,차대차 - 측면직각충돌,중앙선침범,건조,맑음,단일로 - 기타,화물,남,43세,상해없음,승용,남,45세,경상
2013110200100646,2013년 11월 2일 20시,토요일,전라남도 화순군 화순읍,경상사고,0,0,2,0,차대차 - 측면직각충돌,직진우회전진행방해,건조,맑음,교차로 - 교차로안,승용,남,63세,상해없음,승용,남,34세,경상
2013110200100681,2013년 11월 2일 21시,토요일,전라남도 순천시 덕암동,부상신고사고,0,0,0,1,차대사람 - 기타,안전운전불이행,건조,맑음,단일로 - 기타,승용,남,55세,상해없음,보행자,남,21세,부상신고
2013110200100682,2013년 11월 2일 21시,토요일,전라남도 진도군 진도읍,중상사고,0,1,0,0,차대사람 - 기타,안전운전불이행,건조,맑음,단일로 - 기타,화물,남,76세,상해없음,보행자,남,62세,중상
2013110200100715,2013년 11월 2일 22시,토요일,전라남도 여수시 여서동,경상사고,0,0,1,0,차대사람 - 기타,안전운전불이행,건조,맑음,단일로 - 기타,승용,남,53세,기타불명,보행자,남,17세,경상
2013110200100716,2013년 11월 2일 22시,토요일,전라남도 광양시 광양읍,중상사고,0,2,1,0,차대차 - 측면직각충돌,신호위반,건조,맑음,교차로 - 교차로안,승용,남,63세,중상,승용,남,36세,경상
2013110200100745,2013년 11월 2일 23시,토요일,전라남도 순천시 조례동,중상사고,0,1,0,0,차대사람 - 기타,안전운전불이행,건조,맑음,교차로 - 교차로부근,승용,남,56세,상해없음,보행자,남,32세,중상
2013110200100746,2013년 11월 2일 23시,토요일,전라남도 영암군 삼호읍,부상신고사고,0,0,0,1,차대차 - 추돌 - 진행중,안전운전불이행,건조,맑음,단일로 - 기타,승용,남,49세,부상신고,특수,남,38세,상해없음
2013110200100747,2013년 11월 2일 23시,토요일,전라남도 무안군 삼향읍,경상사고,0,0,2,0,차대차 - 측면직각충돌,직진우회전진행방해,건조,맑음,교차로 - 교차로안,화물,남,49세,상해없음,승용,여,29세,경상
2013110300100023,2013년 11월 3일 00시,일요일,전라남도 순천시 해룡면,중상사고,0,1,0,0,차량단독 - 기타,안전운전불이행,건조,맑음,단일로 - 기타,이륜,남,22세,중상,,,,
2013110300100060,2013년 11월 3일 02시,일요일,전라남도 순천시 조례동,경상사고,0,0,2,0,차대차 - 측면직각충돌,안전운전불이행,건조,맑음,교차로 - 교차로안,승용,남,32세,상해없음,승용,남,23세,경상
2013110300100100,2013년 11월 3일 05시,일요일,전라남도 순천시 조례동,경상사고,0,0,2,0,차대차 - 측면직각충돌,교차로운행방법위반,건조,맑음,교차로 - 교차로안,승용,여,32세,경상,승용,남,72세,경상
2013110300100130,2013년 11월 3일 08시,일요일,전라남도 보성군 조성면,중상사고,0,2,2,0,차대차 - 측면직각충돌,신호위반,건조,맑음,교차로 - 교차로안,승용,여,24세,경상,승합,남,70세,경상
2013110300100143,2013년 11월 3일 09시,일요일,전라남도 무안군 몽탄면,경상사고,0,0,2,0,차대차 - 추돌 - 진행중,안전운전불이행,건조,맑음,단일로 - 기타,승용,남,30세,상해없음,승용,남,56세,상해없음
2013110300100144,2013년 11월 3일 09시,일요일,전라남도 순천시 주암면,경상사고,0,0,1,0,차대차 - 기타,안전운전불이행,건조,맑음,단일로 - 기타,기타불명,기타불명,기타불명,기타불명,원동기,남,78세,경상
2013110300100145,2013년 11월 3일 09시,일요일,전라남도 나주시 송월동,경상사고,0,0,1,0,차대차 - 기타,안전운전불이행,건조,맑음,단일로 - 기타,승용,남,39세,경상,승합,남,54세,상해없음
2013110300100173,2013년 11월 3일 11시,일요일,전라남도 신안군 증도면,중상사고,0,1,0,0,차대사람 - 길가장자리구역통행중,안전운전불이행,건조,맑음,단일로 - 기타,승용,남,37세,상해없음,보행자,남,67세,중상
2013110300100174,2013년 11월 3일 11시,일요일,전라남도 여수시 소라면,경상사고,0,0,1,0,차대차 - 기타,안전운전불이행,건조,맑음,단일로 - 기타,승합,남,42세,상해없음,원동기,남,68세,경상
2013110300100175,2013년 11월 3일 11시,일요일,전라남도 곡성군 석곡면,중상사고,0,2,0,0,차대사람 - 횡단중,안전운전불이행,건조,맑음,단일로 - 기타,이륜,남,51세,중상,보행자,여,15세,중상
2013110300100204,2013년 11월 3일 12시,일요일,전라남도 목포시 석현동,경상사고,0,0,3,0,차대차 - 기타,직진우회전진행방해,건조,맑음,교차로 - 교차로안,승용,여,33세,경상,승용,남,32세,경상
2013110300100233,2013년 11월 3일 13시,일요일,전라남도 장흥군 장흥읍,중상사고,0,1,0,0,차대차 - 측면직각충돌,교차로운행방법위반,건조,맑음,교차로 - 교차로안,승용,여,32세,상해없음,이륜,남,69세,중상
2013110300100258,2013년 11월 3일 14시,일요일,전라남도 목포시 산정동,경상사고,0,0,1,0,차대차 - 기타,중앙선침범,건조,맑음,단일로 - 기타,승용,남,41세,상해없음,승용,남,52세,경상
2013110300100259,2013년 11월 3일 14시,일요일,전라남도 영암군 군서면,중상사고,0,1,0,0,차대사람 - 차도통행중,안전운전불이행,건조,맑음,단일로 - 기타,화물,남,37세,상해없음,보행자,여,4세,중상
2013110300100286,2013년 11월 3일 15시,일요일,전라남도 구례군 구례읍,경상사고,0,0,1,0,차대사람 - 기타,안전운전불이행,건조,흐림,단일로 - 기타,승용,여,57세,상해없음,보행자,남,63세,경상
2013110300100287,2013년 11월 3일 15시,일요일,전라남도 보성군 벌교읍,중상사고,0,2,9,0,차대차 - 측면직각충돌,안전운전불이행,건조,맑음,단일로 - 기타,승합,여,46세,경상,승용,남,34세,중상
2013110300100334,2013년 11월 3일 17시,일요일,전라남도 순천시 조곡동,경상사고,0,0,2,0,차대차 - 기타,안전운전불이행,건조,맑음,단일로 - 기타,승용,남,51세,상해없음,원동기,남,23세,경상
2013110300100335,2013년 11월 3일 17시,일요일,전라남도 나주시 성북동,경상사고,0,0,3,0,차대차 - 기타,안전운전불이행,건조,맑음,교차로 - 교차로안,승용,남,18세,상해없음,승용,남,53세,경상
2013110300100336,2013년 11월 3일 17시,일요일,전라남도 나주시 금천면,경상사고,0,0,1,0,차대차 - 기타,안전운전불이행,건조,맑음,단일로 - 기타,승용,남,64세,상해없음,승용,여,55세,상해없음
2013110300100337,2013년 11월 3일 17시,일요일,전라남도 함평군 함평읍,경상사고,0,0,2,0,차대차 - 추돌 - 주정차중,안전운전불이행,건조,맑음,단일로 - 기타,승용,남,59세,상해없음,승용,남,52세,경상
2013110300100382,2013년 11월 3일 18시,일요일,전라남도 여수시 교동,경상사고,0,0,1,0,차대사람 - 차도통행중,안전운전불이행,건조,맑음,기타 - 기타,승용,남,28세,상해없음,보행자,여,27세,경상
2013110300100383,2013년 11월 3일 18시,일요일,전라남도 고흥군 남양면,중상사고,0,1,0,0,차량단독 - 전도전복,안전운전불이행,건조,맑음,단일로 - 기타,승용,남,45세,상해없음,,,,
2013110300100384,2013년 11월 3일 18시,일요일,전라남도 장성군 남면,중상사고,0,1,0,0,차량단독 - 공작물충돌,안전운전불이행,건조,맑음,단일로 - 기타,승용,남,64세,상해없음,,,,
2013110300100416,2013년 11월 3일 19시,일요일,전라남도 화순군 화순읍,중상사고,0,1,0,0,차대사람 - 횡단중,안전운전불이행,건조,맑음,교차로 - 교차로안,승용,남,50세,상해없음,보행자,남,54세,중상
2013110300100441,2013년 11월 3일 20시,일요일,전라남도 여수시 국동,경상사고,0,0,1,0,차대차 - 추돌 - 주정차중,안전운전불이행,건조,맑음,단일로 - 기타,승용,남,46세,상해없음,승용,여,38세,경상
2013110400100061,2013년 11월 4일 06시,월요일,전라남도 순천시 조곡동,경상사고,0,0,1,0,차대사람 - 횡단중,안전운전불이행,건조,맑음,단일로 - 기타,승용,남,56세,상해없음,보행자,남,68세,경상
2013110400100087,2013년 11월 4일 07시,월요일,전라남도 함평군 학교면,경상사고,0,0,1,0,차대차 - 측면직각충돌,신호위반,건조,맑음,교차로 - 교차로안,화물,남,53세,상해없음,승용,남,37세,경상
2013110400100132,2013년 11월 4일 08시,월요일,전라남도 영암군 미암면,경상사고,0,0,1,0,차대차 - 정면충돌,안전운전불이행,건조,맑음,교차로 - 교차로부근,승용,남,34세,상해없음,이륜,남,76세,경상
2013110400100176,2013년 11월 4일 09시,월요일,전라남도 순천시 덕암동,경상사고,0,0,1,0,차대차 - 측면직각충돌,안전운전불이행,건조,맑음,교차로 - 교차로안,승용,여,54세,상해없음,승용,여,57세,경상
2013110400100177,2013년 11월 4일 09시,월요일,전라남도 담양군 담양읍,경상사고,0,0,1,0,차대차 - 측면직각충돌,안전운전불이행,건조,맑음,교차로 - 교차로안,농기계,남,72세,경상,승용,남,49세,상해없음
2013110400100203,2013년 11월 4일 10시,월요일,전라남도 목포시 남교동,중상사고,0,1,0,0,차대사람 - 길가장자리구역통행중,안전운전불이행,건조,맑음,단일로 - 기타,이륜,남,32세,상해없음,보행자,여,81세,중상
2013110400100204,2013년 11월 4일 10시,월요일,전라남도 여수시 여서동,경상사고,0,0,1,0,차대차 - 측면직각충돌,교차로운행방법위반,건조,맑음,교차로 - 교차로안,승합,남,38세,상해없음,승용,여,40세,경상
2013110400100205,2013년 11월 4일 10시,월요일,전라남도 완도군 완도읍,중상사고,0,2,0,0,차대차 - 추돌 - 진행중,교차로운행방법위반,건조,맑음,교차로 - 교차로안,특수,남,37세,상해없음,화물,남,58세,중상
2013110400100232,2013년 11월 4일 11시,월요일,전라남도 광양시 광양읍,경상사고,0,0,2,1,차량단독 - 공작물충돌,안전운전불이행,건조,맑음,단일로 - 기타,승용,남,54세,부상신고,,,,
2013110400100269,2013년 11월 4일 13시,월요일,전라남도 화순군 화순읍,경상사고,0,0,1,0,차대차 - 측면직각충돌,안전운전불이행,건조,맑음,교차로 - 교차로부근,승용,남,55세,상해없음,승용,남,34세,경상
2013110400100302,2013년 11월 4일 14시,월요일,전라남도 여수시 율촌면,경상사고,0,0,2,0,차대차 - 기타,안전거리미확보,건조,맑음,교차로 - 교차로부근,특수,남,52세,상해없음,화물,남,37세,경상
2013110400100303,2013년 11월 4일 14시,월요일,전라남도 진도군 의신면,경상사고,0,0,1,0,차량단독 - 공작물충돌,안전운전불이행,건조,맑음,단일로 - 기타,이륜,남,85세,경상,,,,
2013110400100304,2013년 11월 4일 14시,월요일,전라남도 광양시 마동,경상사고,0,0,2,0,차대차 - 측면직각충돌,안전운전불이행,건조,맑음,교차로 - 교차로부근,기타불명,기타불명,기타불명,기타불명,승용,남,30세,경상
2013110400100355,2013년 11월 4일 16시,월요일,전라남도 순천시 외서면,중상사고,0,1,1,0,차량단독 - 기타,안전운전불이행,건조,맑음,단일로 - 기타,승용,남,29세,상해없음,,,,
2013110400100356,2013년 11월 4일 16시,월요일,전라남도 무안군 청계면,중상사고,0,2,0,0,차대차 - 측면직각충돌,안전운전불이행,건조,맑음,교차로 - 교차로안,승용,여,20세,상해없음,승용,남,48세,중상
2013110400100357,2013년 11월 4일 16시,월요일,전라남도 광양시 광양읍,중상사고,0,1,0,0,차대사람 - 차도통행중,안전운전불이행,건조,맑음,교차로 - 교차로안,화물,남,37세,상해없음,보행자,남,93세,중상
2013110400100399,2013년 11월 4일 17시,월요일,전라남도 순천시 별량면,경상사고,0,0,3,1,차대차 - 기타,안전운전불이행,건조,맑음,단일로 - 기타,승합,남,60세,부상신고,화물,남,20세,경상
2013110400100400,2013년 11월 4일 17시,월요일,전라남도 나주시 봉황면,중상사고,0,1,4,0,차대차 - 정면충돌,중앙선침범,건조,흐림,교차로 - 교차로안,화물,남,50세,경상,화물,여,49세,경상
2013110400100453,2013년 11월 4일 18시,월요일,전라남도 장흥군 장흥읍,중상사고,0,2,0,0,차대차 - 측면직각충돌,직진우회전진행방해,건조,맑음,교차로 - 교차로안,승용,여,40세,상해없음,원동기,남,66세,중상
2013110400100454,2013년 11월 4일 18시,월요일,전라남도 무안군 무안읍,경상사고,0,0,2,0,차대차 - 측면직각충돌,안전운전불이행,건조,맑음,교차로 - 교차로안,승용,여,51세,경상,승용,남,26세,경상
2013110400100455,2013년 11월 4일 18시,월요일,전라남도 광양시 광양읍,경상사고,0,0,2,0,차대차 - 측면직각충돌,신호위반,건조,맑음,교차로 - 교차로안,승합,남,46세,상해없음,승용,여,57세,경상
2013110400100495,2013년 11월 4일 19시,월요일,전라남도 장성군 장성읍,부상신고사고,0,0,0,1,차대차 - 기타,안전운전불이행,건조,맑음,단일로 - 기타,기타불명,기타불명,기타불명,기타불명,자전거,남,67세,부상신고
2013110400100496,2013년 11월 4일 19시,월요일,전라남도 무안군 삼향읍,중상사고,0,1,0,0,차대차 - 추돌 - 진행중,안전운전불이행,건조,맑음,단일로 - 기타,화물,남,65세,중상,화물,남,60세,상해없음
2013110400100538,2013년 11월 4일 20시,월요일,전라남도 해남군 문내면,중상사고,0,1,1,0,차량단독 - 기타,안전운전불이행,건조,맑음,단일로 - 기타,화물,여,47세,상해없음,,,,
2013110400100539,2013년 11월 4일 20시,월요일,전라남도 영광군 법성면,경상사고,0,0,1,0,차대차 - 측면직각충돌,안전운전불이행,건조,맑음,단일로 - 기타,승용,남,57세,상해없음,승합,남,36세,경상
2013110400100540,2013년 11월 4일 20시,월요일,전라남도 강진군 강진읍,경상사고,0,0,2,0,차대차 - 추돌 - 진행중,안전운전불이행,건조,맑음,단일로 - 기타,승용,여,37세,경상,승용,남,61세,경상
2013110400100541,2013년 11월 4일 20시,월요일,전라남도 담양군 담양읍,경상사고,0,0,1,0,차대차 - 추돌 - 주정차중,안전운전불이행,건조,흐림,교차로 - 교차로부근,승용,여,31세,상해없음,승용,여,46세,경상
2013110400100542,2013년 11월 4일 20시,월요일,전라남도 무안군 운남면,중상사고,0,1,0,0,차대차 - 추돌 - 주정차중,안전운전불이행,건조,맑음,단일로 - 기타,화물,남,49세,중상,화물,남,47세,기타불명
2013110400100565,2013년 11월 4일 21시,월요일,전라남도 장성군 장성읍,경상사고,0,0,1,0,차대차 - 측면직각충돌,교차로운행방법위반,건조,맑음,교차로 - 교차로안,화물,남,53세,상해없음,승용,여,59세,경상
2013110400100594,2013년 11월 4일 22시,월요일,전라남도 구례군 간전면,경상사고,0,0,1,0,차량단독 - 공작물충돌,안전운전불이행,건조,맑음,단일로 - 기타,승용,남,36세,경상,,,,