사고번호,사고일시,요일,시군구,사고내용,사망자수,중상자수,경상자수,부상신고자수,사고유형,법규위반,노면상태,기상상태,도로형태,가해운전자 차종,가해운전자 성별,가해운전자 연령,가해운전자 상해정도,피해운전자 차종,피해운전자 성별,피해운전자 연령,피해운전자 상해정도
2013112000100126,2013년 11월 20일 08시,수요일,전라남도 나주시 남평읍,경상사고,0,0,1,0,차대차 - 추돌 - 주정차중,안전운전불이행,건조,맑음,단일로 - 기타,자전거,남,29세,경상,화물,남,56세,상해없음
2013112000100152,2013년 11월 20일 09시,수요일,전라남도 화순군 화순읍,중상사고,0,1,3,0,차대차 - 측면직각충돌,교차로운행방법위반,건조,맑음,교차로 - 교차로안,승용,남,67세,중상,승합,남,48세,경상
2013112000100153,2013년 11월 20일 09시,수요일,전라남도 영암군 삼호읍,경상사고,0,0,2,0,차대차 - 측면직각충돌,직진우회전진행방해,건조,맑음,교차로 - 교차로안,화물,남,69세,경상,화물,남,24세,경상
2013112000100197,2013년 11월 20일 11시,수요일,전라남도 영광군 법성면,사망사고,1,0,0,1,차대차 - 측면직각충돌,안전운전불이행,건조,맑음,교차로 - 교차로안,화물,남,46세,부상신고,이륜,남,77세,사망
2013112000100253,2013년 11월 20일 13시,수요일,전라남도 해남군 해남읍,경상사고,0,0,1,0,차대사람 - 길가장자리구역통행중,안전운전불이행,건조,맑음,단일로 - 기타,승용,여,40세,상해없음,보행자,여,39세,경상
2013112000100254,2013년 11월 20일 13시,수요일,전라남도 담양군 창평면,경상사고,0,0,1,0,차대차 - 정면충돌,중앙선침범,건조,맑음,교차로 - 교차로안,승용,여,59세,상해없음,원동기,남,68세,경상
2013112000100310,2013년 11월 20일 15시,수요일,전라남도 영암군 신북면,중상사고,0,1,0,0,차량단독 - 기타,안전운전불이행,건조,맑음,단일로 - 기타,승용,여,50세,중상,,,,
2013112000100347,2013년 11월 20일 16시,수요일,전라남도 목포시 옥암동,경상사고,0,0,2,0,차대차 - 추돌 - 진행중,안전운전불이행,건조,맑음,교차로 - 교차로부근,승용,여,51세,상해없음,이륜,남,50세,경상
2013112000100385,2013년 11월 20일 17시,수요일,전라남도 여수시 봉산동,경상사고,0,0,1,0,차대차 - 기타,중앙선침범,건조,맑음,단일로 - 기타,승용,남,50세,상해없음,승용,여,28세,경상
2013112000100386,2013년 11월 20일 17시,수요일,전라남도 여수시 학동,경상사고,0,0,1,0,차대차 - 추돌 - 주정차중,안전운전불이행,건조,맑음,교차로 - 교차로부근,승용,여,38세,상해없음,승용,여,39세,경상
2013112000100387,2013년 11월 20일 17시,수요일,전라남도 보성군 득량면,경상사고,0,0,1,0,차량단독 - 공작물충돌,안전운전불이행,건조,맑음,단일로 - 기타,승용,남,47세,경상,,,,
2013112000100388,2013년 11월 20일 17시,수요일,전라남도 무안군 무안읍,중상사고,0,1,0,0,차대차 - 추돌 - 진행중,안전운전불이행,건조,맑음,단일로 - 기타,승용,남,64세,상해없음,이륜,남,47세,중상
2013112000100440,2013년 11월 20일 18시,수요일,전라남도 나주시 이창동,경상사고,0,0,1,0,차대차 - 측면직각충돌,직진우회전진행방해,건조,맑음,교차로 - 교차로안,기타불명,기타불명,기타불명,기타불명,승용,남,41세,경상
2013112000100441,2013년 11월 20일 18시,수요일,전라남도 장성군 황룡면,사망사고,1,0,0,0,차대사람 - 기타,안전운전불이행,건조,맑음,교차로 - 교차로부근,승용,남,69세,상해없음,보행자,여,81세,사망
2013112000100498,2013년 11월 20일 19시,수요일,전라남도 목포시 연산동,경상사고,0,0,1,0,차대차 - 기타,직진우회전진행방해,건조,맑음,교차로 - 교차로안,승용,여,43세,상해없음,이륜,남,18세,경상
2013112000100499,2013년 11월 20일 19시,수요일,전라남도 여수시 소라면,경상사고,0,0,3,0,차대차 - 기타,중앙선침범,건조,맑음,교차로 - 교차로부근,승용,남,53세,상해없음,승용,남,59세,경상
2013112000100500,2013년 11월 20일 19시,수요일,전라남도 나주시 대호동,경상사고,0,0,2,0,차대차 - 추돌 - 진행중,안전운전불이행,건조,맑음,교차로 - 교차로부근,승용,남,53세,상해없음,승합,남,51세,상해없음
2013112000100501,2013년 11월 20일 19시,수요일,전라남도 장성군 황룡면,중상사고,0,1,0,0,차대차 - 기타,신호위반,건조,맑음,교차로 - 교차로안,승용,남,69세,상해없음,원동기,남,54세,중상
2013112000100542,2013년 11월 20일 20시,수요일,전라남도 목포시 대성동,중상사고,0,1,0,0,차대사람 - 차도통행중,안전운전불이행,건조,맑음,단일로 - 기타,승합,남,52세,상해없음,보행자,남,44세,중상
2013112000100543,2013년 11월 20일 20시,수요일,전라남도 영암군 삼호읍,경상사고,0,0,1,0,차대차 - 추돌 - 진행중,안전운전불이행,건조,맑음,교차로 - 교차로부근,승용,여,38세,상해없음,승용,여,50세,경상
2013112000100544,2013년 11월 20일 20시,수요일,전라남도 강진군 군동면,중상사고,0,1,0,0,차대사람 - 길가장자리구역통행중,안전운전불이행,건조,맑음,단일로 - 기타,승용,여,52세,상해없음,보행자,여,55세,중상
2013112000100545,2013년 11월 20일 20시,수요일,전라남도 담양군 담양읍,중상사고,0,1,3,0,차대차 - 추돌 - 주정차중,안전운전불이행,건조,맑음,단일로 - 기타,승용,남,34세,상해없음,승용,남,34세,중상
2013112000100565,2013년 11월 20일 21시,수요일,전라남도 순천시 석현동,경상사고,0,0,2,0,차대차 - 추돌 - 주정차중,안전운전불이행,건조,맑음,단일로 - 기타,승용,남,19세,상해없음,승용,여,34세,경상
2013112000100566,2013년 11월 20일 21시,수요일,전라남도 화순군 화순읍,중상사고,0,1,0,0,차대차 - 측면직각충돌,교차로운행방법위반,건조,맑음,교차로 - 교차로안,승용,여,41세,상해없음,원동기,남,17세,중상
2013112100100009,2013년 11월 21일 00시,목요일,전라남도 여수시 안산동,경상사고,0,0,1,0,차대차 - 추돌 - 주정차중,안전운전불이행,건조,맑음,교차로 - 교차로부근,승용,남,36세,상해없음,승용,남,43세,경상
2013112100100076,2013년 11월 21일 06시,목요일,전라남도 순천시 해룡면,중상사고,0,1,1,0,차대차 - 기타,안전운전불이행,건조,맑음,교차로 - 교차로안,화물,남,68세,상해없음,승용,여,55세,경상
2013112100100096,2013년 11월 21일 07시,목요일,전라남도 해남군 해남읍,경상사고,0,0,1,0,차대차 - 측면직각충돌,교차로운행방법위반,건조,맑음,단일로 - 기타,승용,남,73세,상해없음,승용,남,67세,경상
2013112100100097,2013년 11월 21일 07시,목요일,전라남도 영광군 영광읍,경상사고,0,0,1,1,차대차 - 측면직각충돌,안전운전불이행,건조,맑음,단일로 - 기타,승용,남,42세,부상신고,승용,여,36세,경상
2013112100100133,2013년 11월 21일 08시,목요일,전라남도 순천시 조곡동,중상사고,0,1,0,0,차대차 - 측면직각충돌,직진우회전진행방해,건조,맑음,교차로 - 교차로안,승용,여,50세,상해없음,이륜,남,22세,중상
2013112100100134,2013년 11월 21일 08시,목요일,전라남도 함평군 학교면,경상사고,0,0,1,0,차대사람 - 기타,안전운전불이행,건조,맑음,교차로 - 교차로안,화물,남,69세,상해없음,보행자,남,73세,경상
2013112100100165,2013년 11월 21일 09시,목요일,전라남도 무안군 무안읍,중상사고,0,1,0,1,차대차 - 측면직각충돌,기타,건조,맑음,교차로 - 교차로안,승용,남,65세,상해없음,이륜,남,76세,부상신고
2013112100100213,2013년 11월 21일 11시,목요일,전라남도 목포시 옥암동,경상사고,0,0,1,0,차대차 - 측면직각충돌,안전거리미확보,건조,맑음,교차로 - 교차로부근,승용,여,55세,상해없음,승용,여,30세,경상
2013112100100267,2013년 11월 21일 13시,목요일,전라남도 장흥군 장흥읍,경상사고,0,0,1,0,차대차 - 측면직각충돌,안전운전불이행,건조,맑음,단일로 - 기타,승용,남,41세,상해없음,승용,여,37세,경상
2013112100100295,2013년 11월 21일 14시,목요일,전라남도 순천시 외서면,경상사고,0,0,1,0,차대차 - 기타,안전운전불이행,건조,맑음,교차로 - 교차로안,건설기계,남,46세,상해없음,농기계,남,62세,경상
2013112100100339,2013년 11월 21일 15시,목요일,전라남도 목포시 죽교동,중상사고,0,1,0,0,차대차 - 기타,교차로운행방법위반,건조,맑음,교차로 - 교차로안,기타불명,기타불명,기타불명,기타불명,이륜,남,50세,중상
2013112100100340,2013년 11월 21일 15시,목요일,전라남도 나주시 문평면,중상사고,0,1,1,0,차대차 - 추돌 - 진행중,안전운전불이행,건조,맑음,단일로 - 기타,승용,남,66세,상해없음,승용,남,71세,경상
2013112100100376,2013년 11월 21일 16시,목요일,전라남도 목포시 용해동,중상사고,0,1,3,0,차대차 - 기타,안전거리미확보,건조,맑음,단일로 - 기타,화물,남,49세,경상,승합,남,59세,중상
2013112100100414,2013년 11월 21일 17시,목요일,전라남도 여수시 학동,경상사고,0,0,2,0,차대차 - 기타,직진우회전진행방해,건조,맑음,교차로 - 교차로안,승용,여,45세,경상,승용,남,25세,경상
2013112100100415,2013년 11월 21일 17시,목요일,전라남도 함평군 손불면,경상사고,0,0,3,0,차대차 - 측면직각충돌,중앙선침범,건조,흐림,단일로 - 기타,화물,남,50세,상해없음,승합,남,54세,경상
2013112100100466,2013년 11월 21일 18시,목요일,전라남도 목포시 상동,중상사고,0,2,2,0,차대차 - 추돌 - 주정차중,안전운전불이행,건조,맑음,단일로 - 기타,승용,여,39세,경상,승용,남,48세,상해없음
2013112100100467,2013년 11월 21일 18시,목요일,전라남도 해남군 산이면,경상사고,0,0,5,0,차대차 - 추돌 - 주정차중,안전운전불이행,건조,맑음,교차로 - 교차로부근,화물,남,31세,상해없음,승합,여,53세,경상
2013112100100468,2013년 11월 21일 18시,목요일,전라남도 해남군 마산면,중상사고,0,1,0,0,차대사람 - 횡단중,안전운전불이행,건조,맑음,단일로 - 기타,승합,남,55세,상해없음,보행자,여,14세,중상
2013112100100469,2013년 11월 21일 18시,목요일,전라남도 화순군 한천면,경상사고,0,0,1,0,차대차 - 추돌 - 주정차중,안전운전불이행,건조,기타,단일로 - 기타,승용,남,52세,상해없음,승용,여,59세,경상
2013112100100470,2013년 11월 21일 18시,목요일,전라남도 담양군 대전면,중상사고,0,1,0,0,차대사람 - 차도통행중,안전운전불이행,건조,맑음,단일로 - 기타,승용,여,39세,상해없음,보행자,남,56세,중상
2013112100100471,2013년 11월 21일 18시,목요일,전라남도 광양시 광양읍,중상사고,0,1,0,0,차대차 - 기타,교차로운행방법위반,건조,맑음,교차로 - 교차로안,승용,남,46세,상해없음,자전거,남,36세,중상
2013112100100512,2013년 11월 21일 19시,목요일,전라남도 순천시 오천동,경상사고,0,0,2,0,차대차 - 측면직각충돌,차로위반,건조,맑음,단일로 - 기타,승용,여,35세,상해없음,승용,남,59세,경상
2013112100100513,2013년 11월 21일 19시,목요일,전라남도 화순군 이양면,중상사고,0,1,0,0,차대차 - 추돌 - 진행중,안전운전불이행,건조,맑음,단일로 - 기타,화물,남,51세,상해없음,농기계,남,80세,중상
2013112100100545,2013년 11월 21일 20시,목요일,전라남도 순천시 연향동,경상사고,0,0,2,0,차대차 - 정면충돌,신호위반,건조,맑음,교차로 - 교차로안,승용,여,52세,경상,승용,남,47세,경상
2013112100100546,2013년 11월 21일 20시,목요일,전라남도 영암군 삼호읍,중상사고,0,1,0,0,차대차 - 측면직각충돌,직진우회전진행방해,건조,맑음,교차로 - 교차로안,승용,여,43세,상해없음,원동기,남,53세,중상
2013112100100547,2013년 11월 21일 20시,목요일,전라남도 영암군 신북면,중상사고,0,1,0,0,차대사람 - 횡단중,안전운전불이행,건조,맑음,교차로 - 교차로부근,승용,남,52세,상해없음,보행자,남,71세,중상
2013112100100620,2013년 11월 21일 22시,목요일,전라남도 여수시 둔덕동,경상사고,0,0,1,0,차대차 - 추돌 - 진행중,안전운전불이행,건조,맑음,단일로 - 기타,승합,남,32세,상해없음,승용,남,57세,경상
2013112100100621,2013년 11월 21일 22시,목요일,전라남도 순천시 연향동,중상사고,0,1,0,0,차대사람 - 기타,신호위반,건조,맑음,단일로 - 횡단보도상,화물,남,69세,상해없음,보행자,남,56세,중상
2013112100100622,2013년 11월 21일 22시,목요일,전라남도 나주시 금천면,경상사고,0,0,4,0,차대차 - 추돌 - 진행중,안전운전불이행,건조,맑음,단일로 - 기타,승용,남,33세,상해없음,승용,남,56세,경상
2013112200100019,2013년 11월 22일 00시,금요일,전라남도 순천시 용당동,경상사고,0,0,3,0,차대차 - 기타,안전운전불이행,건조,맑음,교차로 - 교차로부근,화물,남,40세,상해없음,승용,남,26세,경상
2013112200100049,2013년 11월 22일 02시,금요일,전라남도 여수시 둔덕동,중상사고,0,1,0,0,차대사람 - 횡단중,신호위반,건조,맑음,교차로 - 교차로부근,승용,남,54세,상해없음,보행자,남,29세,중상
2013112200100077,2013년 11월 22일 05시,금요일,전라남도 여수시 봉산동,경상사고,0,0,1,0,차대사람 - 기타,기타,건조,맑음,단일로 - 기타,승합,남,45세,상해없음,보행자,여,56세,경상
2013112200100078,2013년 11월 22일 05시,금요일,전라남도 무안군 청계면,부상신고사고,0,0,0,1,차대차 - 추돌 - 주정차중,안전운전불이행,건조,맑음,교차로 - 교차로부근,승용,남,36세,부상신고,승용,남,43세,기타불명
2013112200100091,2013년 11월 22일 06시,금요일,전라남도 완도군 신지면,중상사고,0,2,2,0,차대차 - 정면충돌,중앙선침범,건조,맑음,단일로 - 기타,승용,남,49세,경상,승용,여,50세,중상
2013112200100116,2013년 11월 22일 07시,금요일,전라남도 순천시 인월동,경상사고,0,0,1,0,차대차 - 기타,직진우회전진행방해,건조,맑음,단일로 - 기타,승용,남,45세,상해없음,자전거,남,63세,경상
2013112200100117,2013년 11월 22일 07시,금요일,전라남도 장흥군 장흥읍,부상신고사고,0,0,0,1,차대차 - 추돌 - 진행중,중앙선침범,건조,맑음,기타 - 기타,승용,남,45세,부상신고,화물,남,61세,상해없음
2013112200100153,2013년 11월 22일 08시,금요일,전라남도 목포시 용해동,경상사고,0,0,1,0,차대차 - 측면직각충돌,신호위반,건조,맑음,단일로 - 기타,승용,여,32세,상해없음,자전거,남,16세,경상
2013112200100154,2013년 11월 22일 08시,금요일,전라남도 여수시 학동,경상사고,0,0,1,0,차대차 - 측면직각충돌,교차로운행방법위반,건조,맑음,교차로 - 교차로안,승용,남,48세,상해없음,자전거,남,12세,경상
2013112200100155,2013년 11월 22일 08시,금요일,전라남도 나주시 다시면,중상사고,0,1,0,0,차대차 - 측면직각충돌,안전운전불이행,건조,맑음,교차로 - 교차로안,화물,여,61세,상해없음,자전거,남,12세,중상
2013112200100156,2013년 11월 22일 08시,금요일,전라남도 나주시 남평읍,경상사고,0,0,1,0,차대차 - 측면직각충돌,안전운전불이행,건조,맑음,단일로 - 기타,화물,남,54세,상해없음,승합,여,49세,경상
2013112200100205,2013년 11월 22일 10시,금요일,전라남도 목포시 상동,경상사고,0,0,2,0,차대차 - 측면직각충돌,신호위반,건조,맑음,교차로 - 교차로안,승용,남,38세,상해없음,승용,남,63세,경상
2013112200100206,2013년 11월 22일 10시,금요일,전라남도 나주시 금천면,중상사고,0,1,0,0,차대차 - 기타,교차로운행방법위반,건조,맑음,교차로 - 교차로부근,승용,여,45세,상해없음,승합,남,48세,상해없음
2013112200100207,2013년 11월 22일 10시,금요일,전라남도 해남군 해남읍,경상사고,0,0,1,0,차대차 - 기타,중앙선침범,건조,맑음,교차로 - 교차로부근,화물,남,66세,상해없음,이륜,남,62세,경상
2013112200100208,2013년 11월 22일 10시,금요일,전라남도 담양군 담양읍,경상사고,0,0,1,0,차대차 - 기타,안전운전불이행,건조,맑음,교차로 - 교차로안,원동기,남,77세,경상,화물,여,24세,상해없음
2013112200100239,2013년 11월 22일 11시,금요일,전라남도 장성군 진원면,경상사고,0,0,1,0,차대차 - 기타,교차로운행방법위반,건조,맑음,교차로 - 교차로안,승용,남,50세,상해없음,승용,남,36세,경상
2013112200100324,2013년 11월 22일 14시,금요일,전라남도 순천시 중앙동,중상사고,0,1,0,0,차대사람 - 횡단중,보행자보호의무위반,건조,맑음,단일로 - 횡단보도상,승용,여,51세,상해없음,보행자,여,83세,중상
2013112200100360,2013년 11월 22일 15시,금요일,전라남도 순천시 승주읍,경상사고,0,0,1,0,차대차 - 측면직각충돌,안전운전불이행,건조,맑음,단일로 - 기타,이륜,남,33세,경상,승용,남,63세,상해없음
2013112200100361,2013년 11월 22일 15시,금요일,전라남도 나주시 세지면,경상사고,0,0,2,0,차대차 - 정면충돌,중앙선침범,건조,맑음,교차로 - 교차로부근,승용,남,39세,경상,화물,남,57세,경상
2013112200100362,2013년 11월 22일 15시,금요일,전라남도 화순군 화순읍,경상사고,0,0,1,0,차대사람 - 기타,안전운전불이행,건조,맑음,기타 - 기타,화물,남,47세,상해없음,보행자,여,80세,경상
2013112200100426,2013년 11월 22일 17시,금요일,전라남도 목포시 옥암동,경상사고,0,0,2,0,차대차 - 측면직각충돌,직진우회전진행방해,건조,맑음,교차로 - 교차로안,승용,남,65세,경상,승용,여,45세,경상
2013112200100427,2013년 11월 22일 17시,금요일,전라남도 여수시 여서동,경상사고,0,0,1,0,차대차 - 기타,안전운전불이행,건조,맑음,교차로 - 교차로부근,승합,남,46세,상해없음,승용,남,47세,경상
2013112200100428,2013년 11월 22일 17시,금요일,전라남도 영암군 삼호읍,중상사고,0,1,0,0,차대차 - 기타,안전운전불이행,건조,맑음,단일로 - 교량,이륜,남,39세,중상,승용,남,52세,상해없음
2013112200100429,2013년 11월 22일 17시,금요일,전라남도 담양군 담양읍,사망사고,1,0,0,0,차대차 - 측면직각충돌,중앙선침범,건조,맑음,단일로 - 기타,원동기,남,56세,사망,승용,남,58세,상해없음
2013112200100481,2013년 11월 22일 18시,금요일,전라남도 곡성군 죽곡면,경상사고,0,0,2,0,차대차 - 기타,안전운전불이행,건조,맑음,기타 - 기타,승합,남,60세,상해없음,승용,남,24세,경상
2013112200100528,2013년 11월 22일 19시,금요일,전라남도 목포시 산정동,경상사고,0,0,1,0,차대차 - 추돌 - 진행중,안전거리미확보,건조,맑음,단일로 - 기타,이륜,남,70세,경상,화물,남,33세,상해없음
2013112200100529,2013년 11월 22일 19시,금요일,전라남도 해남군 해남읍,경상사고,0,0,2,0,차대사람 - 기타,안전운전불이행,건조,맑음,단일로 - 기타,이륜,남,17세,상해없음,보행자,여,33세,경상
2013112200100569,2013년 11월 22일 20시,금요일,전라남도 여수시 소라면,경상사고,0,0,1,0,차대사람 - 기타,안전운전불이행,건조,맑음,단일로 - 기타,기타불명,기타불명,기타불명,기타불명,보행자,남,37세,경상
2013112200100570,2013년 11월 22일 20시,금요일,전라남도 나주시 동강면,부상신고사고,0,0,0,1,차량단독 - 도로외이탈 - 추락,안전운전불이행,건조,맑음,단일로 - 기타,승용,남,33세,부상신고,,,,
2013112200100571,2013년 11월 22일 20시,금요일,전라남도 영암군 삼호읍,중상사고,0,1,0,0,차량단독 - 공작물충돌,안전운전불이행,건조,맑음,단일로 - 기타,이륜,남,65세,중상,,,,
2013112200100663,2013년 11월 22일 23시,금요일,전라남도 장성군 삼계면,경상사고,0,0,1,0,차대차 - 기타,교차로운행방법위반,건조,맑음,교차로 - 교차로안,승용,여,36세,상해없음,화물,남,60세,경상
2013112300100042,2013년 11월 23일 01시,토요일,전라남도 보성군 조성면,사망사고,1,2,0,0,차대차 - 기타,안전운전불이행,건조,맑음,단일로 - 터널,승용,남,28세,사망,화물,남,51세,중상
2013112300100063,2013년 11월 23일 02시,토요일,전라남도 담양군 금성면,경상사고,0,0,1,0,차대차 - 추돌 - 진행중,안전운전불이행,건조,맑음,단일로 - 기타,승용,남,27세,상해없음,승합,남,51세,경상
2013112300100064,2013년 11월 23일 02시,토요일,전라남도 담양군 금성면,사망사고,1,0,0,0,차량단독 - 기타,안전운전불이행,건조,맑음,단일로 - 기타,승용,여,46세,사망,,,,
2013112300100086,2013년 11월 23일 04시,토요일,전라남도 순천시 남정동,경상사고,0,0,2,0,차대차 - 측면직각충돌,안전거리미확보,건조,맑음,단일로 - 기타,화물,남,21세,상해없음,승용,남,40세,경상
2013112300100097,2013년 11월 23일 05시,토요일,전라남도 나주시 대호동,중상사고,0,1,1,0,차량단독 - 전도전복,안전운전불이행,습기,안개,교차로 - 교차로안,승용,남,79세,경상,,,,
2013112300100118,2013년 11월 23일 06시,토요일,전라남도 광양시 중동,경상사고,0,0,1,0,차대차 - 추돌 - 주정차중,안전운전불이행,건조,맑음,교차로 - 교차로부근,승용,남,30세,기타불명,승용,남,61세,경상
2013112300100158,2013년 11월 23일 08시,토요일,전라남도 여수시 오림동,사망사고,1,0,0,0,차대사람 - 차도통행중,안전운전불이행,건조,맑음,교차로 - 교차로안,건설기계,남,29세,상해없음,보행자,남,55세,사망
2013112300100186,2013년 11월 23일 09시,토요일,전라남도 영암군 시종면,경상사고,0,0,1,0,차대차 - 기타,안전운전불이행,건조,맑음,단일로 - 기타,승용,남,72세,상해없음,화물,남,72세,경상
2013112300100187,2013년 11월 23일 09시,토요일,전라남도 무안군 삼향읍,부상신고사고,0,0,0,3,차대차 - 기타,안전운전불이행,건조,맑음,교차로 - 교차로부근,승용,여,32세,상해없음,승용,여,35세,부상신고
2013112300100241,2013년 11월 23일 11시,토요일,전라남도 광양시 중동,경상사고,0,0,1,0,차대차 - 측면직각충돌,직진우회전진행방해,건조,맑음,교차로 - 교차로안,승용,여,53세,상해없음,승용,남,47세,경상
2013112300100315,2013년 11월 23일 13시,토요일,전라남도 광양시 광양읍,경상사고,0,0,1,0,차대차 - 추돌 - 진행중,안전거리미확보,건조,맑음,교차로 - 교차로부근,이륜,남,60세,경상,화물,남,45세,상해없음
2013112300100347,2013년 11월 23일 14시,토요일,전라남도 여수시 선원동,경상사고,0,0,1,0,차대차 - 측면직각충돌,안전운전불이행,건조,맑음,교차로 - 교차로부근,승용,남,63세,상해없음,승용,남,44세,경상
2013112300100348,2013년 11월 23일 14시,토요일,전라남도 광양시 옥곡면,중상사고,0,3,3,0,차대차 - 측면직각충돌,직진우회전진행방해,건조,맑음,교차로 - 교차로안,승용,남,72세,경상,승용,여,33세,중상
2013112300100379,2013년 11월 23일 15시,토요일,전라남도 목포시 산정동,경상사고,0,0,1,0,차대차 - 기타,안전운전불이행,건조,맑음,단일로 - 기타,화물,남,61세,상해없음,승합,여,33세,경상
2013112300100380,2013년 11월 23일 15시,토요일,전라남도 영암군 영암읍,경상사고,0,0,1,0,차대사람 - 차도통행중,안전운전불이행,건조,맑음,단일로 - 기타,승합,남,44세,상해없음,보행자,남,48세,경상
2013112300100415,2013년 11월 23일 16시,토요일,전라남도 광양시 중동,경상사고,0,0,3,0,차대차 - 측면직각충돌,직진우회전진행방해,건조,맑음,교차로 - 교차로안,승용,남,23세,상해없음,승용,남,46세,경상
2013112300100455,2013년 11월 23일 17시,토요일,전라남도 여수시 율촌면,경상사고,0,0,1,1,차대차 - 추돌 - 진행중,안전운전불이행,건조,맑음,단일로 - 터널,승용,남,32세,부상신고,승용,남,42세,경상
2013112300100456,2013년 11월 23일 17시,토요일,전라남도 광양시 도이동,경상사고,0,0,1,1,차대차 - 측면직각충돌,교차로운행방법위반,건조,맑음,교차로 - 교차로안,승용,남,35세,부상신고,화물,남,44세,경상
2013112300100496,2013년 11월 23일 18시,토요일,전라남도 순천시 왕지동,중상사고,0,2,0,0,차대차 - 기타,안전운전불이행,건조,맑음,교차로 - 교차로안,승용,남,38세,상해없음,승용,여,23세,중상
2013112300100497,2013년 11월 23일 18시,토요일,전라남도 영암군 삼호읍,경상사고,0,0,1,1,차대차 - 기타,안전운전불이행,건조,맑음,교차로 - 교차로안,화물,남,54세,상해없음,승합,남,46세,상해없음
2013112300100498,2013년 11월 23일 18시,토요일,전라남도 담양군 월산면,사망사고,1,0,0,0,차대사람 - 보도통행중,보행자보호의무위반,건조,맑음,교차로 - 교차로안,승용,남,43세,상해없음,보행자,남,69세,사망
2013112300100541,2013년 11월 23일 19시,토요일,전라남도 나주시 대호동,중상사고,0,1,0,0,차대사람 - 횡단중,신호위반,건조,맑음,단일로 - 횡단보도상,화물,남,72세,상해없음,보행자,남,25세,중상
2013112300100542,2013년 11월 23일 19시,토요일,전라남도 완도군 고금면,중상사고,0,1,0,0,차대사람 - 길가장자리구역통행중,안전운전불이행,건조,맑음,교차로 - 교차로부근,승용,여,35세,상해없음,보행자,남,72세,중상
2013112300100612,2013년 11월 23일 21시,토요일,전라남도 광양시 중동,경상사고,0,0,2,0,차대차 - 측면직각충돌,직진우회전진행방해,건조,맑음,교차로 - 교차로안,승용,남,37세,경상,화물,남,49세,경상
2013112300100636,2013년 11월 23일 22시,토요일,전라남도 보성군 득량면,중상사고,0,1,0,0,차대차 - 측면직각충돌,과속,건조,맑음,단일로 - 기타,승용,남,35세,상해없음,승용,남,61세,기타불명
2013112300100658,2013년 11월 23일 23시,토요일,전라남도 여수시 주삼동,중상사고,0,1,0,0,차량단독 - 공작물충돌,안전운전불이행,건조,맑음,교차로 - 교차로안,승용,남,53세,중상,,,,
2013112400100011,2013년 11월 24일 00시,일요일,전라남도 광양시 광양읍,중상사고,0,1,0,0,차대차 - 추돌 - 주정차중,안전운전불이행,건조,맑음,단일로 - 기타,화물,남,42세,상해없음,승용,남,30세,기타불명
2013112400100121,2013년 11월 24일 09시,일요일,전라남도 순천시 연향동,중상사고,0,1,2,0,차대차 - 측면직각충돌,교차로운행방법위반,건조,맑음,교차로 - 교차로안,승용,여,55세,경상,승용,남,63세,경상
2013112400100122,2013년 11월 24일 09시,일요일,전라남도 강진군 군동면,경상사고,0,0,3,0,차대차 - 측면직각충돌,안전운전불이행,건조,맑음,단일로 - 기타,화물,남,54세,상해없음,승합,여,48세,경상
2013112400100123,2013년 11월 24일 09시,일요일,전라남도 무안군 망운면,중상사고,0,2,1,1,차대차 - 기타,신호위반,건조,맑음,교차로 - 교차로안,승용,남,61세,경상,승용,여,44세,중상
2013112400100138,2013년 11월 24일 10시,일요일,전라남도 나주시 삼영동,경상사고,0,0,2,0,차대차 - 기타,기타,건조,맑음,교차로 - 교차로안,승용,남,29세,경상,승용,남,66세,경상
2013112400100161,2013년 11월 24일 11시,일요일,전라남도 여수시 소호동,중상사고,0,1,0,0,차대사람 - 횡단중,보행자보호의무위반,건조,맑음,단일로 - 횡단보도상,승용,남,49세,상해없음,보행자,여,61세,중상
2013112400100162,2013년 11월 24일 11시,일요일,전라남도 나주시 노안면,경상사고,0,0,2,0,차대차 - 정면충돌,중앙선침범,건조,맑음,기타 - 기타,승용,여,64세,경상,승용,남,37세,경상
2013112400100163,2013년 11월 24일 11시,일요일,전라남도 광양시 광양읍,경상사고,0,0,5,0,차대차 - 측면직각충돌,안전운전불이행,건조,맑음,미분류 - 미분류,화물,남,44세,경상,승용,남,26세,경상
2013112400100211,2013년 11월 24일 13시,일요일,전라남도 목포시 산정동,중상사고,0,1,0,0,차대사람 - 기타,안전운전불이행,건조,맑음,단일로 - 기타,승용,남,51세,상해없음,보행자,여,14세,중상
2013112400100212,2013년 11월 24일 13시,일요일,전라남도 광양시 태인동,경상사고,0,0,1,0,차량단독 - 공작물충돌,안전운전불이행,건조,맑음,단일로 - 기타,승용,남,64세,경상,,,,
2013112400100243,2013년 11월 24일 14시,일요일,전라남도 목포시 대성동,경상사고,0,0,3,0,차대차 - 기타,신호위반,건조,맑음,교차로 - 교차로안,승용,남,55세,경상,승용,여,57세,경상
2013112400100263,2013년 11월 24일 15시,일요일,전라남도 순천시 가곡동,경상사고,0,0,3,0,차대차 - 측면직각충돌,안전운전불이행,건조,맑음,교차로 - 교차로부근,승용,여,50세,경상,승용,여,53세,경상