사고번호,사고일시,요일,시군구,사고내용,사망자수,중상자수,경상자수,부상신고자수,사고유형,법규위반,노면상태,기상상태,도로형태,가해운전자 차종,가해운전자 성별,가해운전자 연령,가해운전자 상해정도,피해운전자 차종,피해운전자 성별,피해운전자 연령,피해운전자 상해정도
2013112400100264,2013년 11월 24일 15시,일요일,전라남도 나주시 문평면,중상사고,0,1,0,0,차대차 - 추돌 - 진행중,안전운전불이행,건조,맑음,기타 - 기타,승용,여,19세,상해없음,자전거,남,74세,중상
2013112400100265,2013년 11월 24일 15시,일요일,전라남도 화순군 화순읍,경상사고,0,0,1,0,차대차 - 측면직각충돌,안전거리미확보,건조,맑음,단일로 - 기타,승용,남,54세,상해없음,원동기,남,39세,경상
2013112400100337,2013년 11월 24일 17시,일요일,전라남도 순천시 저전동,부상신고사고,0,0,0,1,차대차 - 측면직각충돌,안전운전불이행,습기,비,교차로 - 교차로부근,원동기,남,19세,부상신고,승용,남,50세,상해없음
2013112400100338,2013년 11월 24일 17시,일요일,전라남도 해남군 마산면,경상사고,0,0,1,0,차대차 - 기타,안전운전불이행,습기,비,단일로 - 기타,화물,여,53세,상해없음,승합,남,58세,경상
2013112400100339,2013년 11월 24일 17시,일요일,전라남도 담양군 담양읍,경상사고,0,0,2,0,차대차 - 측면직각충돌,안전운전불이행,습기,흐림,교차로 - 교차로안,승용,남,39세,경상,화물,남,49세,상해없음
2013112400100391,2013년 11월 24일 18시,일요일,전라남도 나주시 금천면,중상사고,0,1,0,0,차대차 - 기타,안전운전불이행,습기,비,기타 - 기타,화물,남,34세,중상,승용,남,54세,상해없음
2013112400100392,2013년 11월 24일 18시,일요일,전라남도 담양군 대전면,경상사고,0,0,2,0,차대차 - 추돌 - 진행중,안전운전불이행,습기,비,교차로 - 교차로안,화물,남,53세,경상,화물,남,42세,경상
2013112400100444,2013년 11월 24일 19시,일요일,전라남도 여수시 여서동,중상사고,0,1,0,0,차대사람 - 횡단중,안전운전불이행,습기,비,단일로 - 기타,승용,남,44세,상해없음,보행자,남,83세,중상
2013112400100445,2013년 11월 24일 19시,일요일,전라남도 순천시 조곡동,중상사고,0,1,0,0,차대사람 - 기타,안전운전불이행,습기,비,교차로 - 교차로부근,승용,남,30세,상해없음,보행자,남,76세,중상
2013112400100446,2013년 11월 24일 19시,일요일,전라남도 나주시 석현동,경상사고,0,0,3,0,차대차 - 정면충돌,중앙선침범,습기,비,교차로 - 교차로안,승용,남,61세,상해없음,승용,남,52세,경상
2013112400100499,2013년 11월 24일 20시,일요일,전라남도 영광군 영광읍,중상사고,0,1,3,0,차대차 - 정면충돌,중앙선침범,습기,비,단일로 - 기타,승합,남,45세,기타불명,승용,여,40세,중상
2013112400100500,2013년 11월 24일 20시,일요일,전라남도 영암군 삼호읍,경상사고,0,0,1,0,차대차 - 정면충돌,중앙선침범,습기,비,교차로 - 교차로부근,승용,남,50세,상해없음,승용,남,26세,경상
2013112400100543,2013년 11월 24일 21시,일요일,전라남도 순천시 남정동,경상사고,0,0,2,0,차대차 - 기타,안전운전불이행,습기,비,교차로 - 교차로부근,승용,남,54세,상해없음,승용,남,22세,경상
2013112400100544,2013년 11월 24일 21시,일요일,전라남도 완도군 완도읍,부상신고사고,0,0,0,1,차량단독 - 전도전복,기타,습기,비,단일로 - 기타,승용,남,51세,부상신고,,,,
2013112400100585,2013년 11월 24일 22시,일요일,전라남도 목포시 상동,경상사고,0,0,5,0,차대차 - 기타,안전운전불이행,습기,비,교차로 - 교차로안,승용,남,43세,상해없음,승용,남,56세,경상
2013112400100586,2013년 11월 24일 22시,일요일,전라남도 여수시 여서동,경상사고,0,0,2,0,차대차 - 추돌 - 주정차중,안전운전불이행,습기,비,교차로 - 교차로안,승용,남,46세,상해없음,승용,남,29세,경상
2013112400100587,2013년 11월 24일 22시,일요일,전라남도 여수시 연등동,경상사고,0,0,5,0,차대차 - 추돌 - 진행중,안전운전불이행,습기,비,단일로 - 기타,승용,남,33세,상해없음,승합,남,50세,경상
2013112400100588,2013년 11월 24일 22시,일요일,전라남도 여수시 광무동,경상사고,0,0,1,0,차대사람 - 횡단중,안전운전불이행,습기,비,단일로 - 횡단보도상,승용,남,67세,상해없음,보행자,남,25세,경상
2013112400100589,2013년 11월 24일 22시,일요일,전라남도 여수시 돌산읍,경상사고,0,0,1,0,차대사람 - 기타,안전운전불이행,습기,비,교차로 - 교차로부근,승용,남,34세,상해없음,보행자,여,45세,경상
2013112400100590,2013년 11월 24일 22시,일요일,전라남도 영암군 미암면,경상사고,0,0,1,0,차량단독 - 공작물충돌,안전운전불이행,건조,맑음,단일로 - 기타,승용,남,41세,경상,,,,
2013112400100632,2013년 11월 24일 23시,일요일,전라남도 순천시 조례동,중상사고,0,1,0,0,차대차 - 추돌 - 주정차중,안전운전불이행,습기,비,교차로 - 교차로안,승합,남,46세,상해없음,승용,남,49세,중상
2013112500100014,2013년 11월 25일 00시,월요일,전라남도 순천시 조례동,경상사고,0,0,1,0,차대차 - 기타,안전운전불이행,습기,비,교차로 - 교차로부근,승용,남,28세,상해없음,원동기,남,20세,경상
2013112500100015,2013년 11월 25일 00시,월요일,전라남도 순천시 조례동,경상사고,0,0,1,1,차대차 - 측면직각충돌,교차로운행방법위반,습기,비,교차로 - 교차로안,승용,여,43세,상해없음,승용,여,54세,경상
2013112500100075,2013년 11월 25일 05시,월요일,전라남도 완도군 금일읍,중상사고,0,2,0,0,차량단독 - 공작물충돌,안전운전불이행,습기,비,단일로 - 기타,화물,남,60세,중상,,,,
2013112500100113,2013년 11월 25일 07시,월요일,전라남도 함평군 함평읍,중상사고,0,1,1,0,차대차 - 측면직각충돌,안전운전불이행,건조,흐림,교차로 - 교차로부근,이륜,남,72세,중상,화물,남,76세,상해없음
2013112500100156,2013년 11월 25일 08시,월요일,전라남도 순천시 덕월동,경상사고,0,0,1,0,차대차 - 기타,안전운전불이행,건조,맑음,기타 - 기타,화물,남,76세,상해없음,승용,여,45세,경상
2013112500100157,2013년 11월 25일 08시,월요일,전라남도 장성군 황룡면,경상사고,0,0,1,0,차대차 - 추돌 - 진행중,안전운전불이행,건조,맑음,교차로 - 교차로부근,화물,남,49세,상해없음,승용,여,27세,경상
2013112500100203,2013년 11월 25일 09시,월요일,전라남도 여수시 둔덕동,경상사고,0,0,1,0,차대차 - 추돌 - 주정차중,안전운전불이행,건조,맑음,교차로 - 교차로부근,승용,남,52세,상해없음,승용,여,41세,경상
2013112500100236,2013년 11월 25일 10시,월요일,전라남도 구례군 구례읍,중상사고,0,1,2,0,차대차 - 추돌 - 진행중,직진우회전진행방해,건조,맑음,교차로 - 교차로안,승용,여,38세,중상,승용,남,66세,경상
2013112500100285,2013년 11월 25일 12시,월요일,전라남도 목포시 용해동,경상사고,0,0,1,0,차대사람 - 길가장자리구역통행중,안전운전불이행,건조,맑음,단일로 - 기타,승용,여,54세,상해없음,보행자,남,71세,경상
2013112500100286,2013년 11월 25일 12시,월요일,전라남도 순천시 덕암동,중상사고,0,1,0,0,차대차 - 측면직각충돌,안전운전불이행,건조,맑음,교차로 - 교차로안,승용,여,54세,상해없음,자전거,남,75세,중상
2013112500100287,2013년 11월 25일 12시,월요일,전라남도 장흥군 유치면,중상사고,0,4,0,0,차대차 - 측면직각충돌,중앙선침범,습기,흐림,단일로 - 기타,승용,남,47세,중상,승용,남,44세,중상
2013112500100288,2013년 11월 25일 12시,월요일,전라남도 영암군 삼호읍,중상사고,0,2,2,0,차대차 - 기타,직진우회전진행방해,건조,맑음,교차로 - 교차로안,승용,남,46세,경상,승용,여,35세,중상
2013112500100308,2013년 11월 25일 13시,월요일,전라남도 순천시 해룡면,중상사고,0,2,0,0,차량단독 - 공작물충돌,안전운전불이행,건조,맑음,단일로 - 기타,화물,남,42세,상해없음,,,,
2013112500100340,2013년 11월 25일 14시,월요일,전라남도 장흥군 장흥읍,중상사고,0,1,0,0,차대사람 - 횡단중,안전운전불이행,건조,맑음,단일로 - 기타,원동기,남,72세,상해없음,보행자,여,79세,중상
2013112500100341,2013년 11월 25일 14시,월요일,전라남도 고흥군 도화면,중상사고,0,1,0,0,차량단독 - 기타,안전운전불이행,건조,맑음,단일로 - 기타,승용,남,50세,중상,,,,
2013112500100365,2013년 11월 25일 15시,월요일,전라남도 장성군 황룡면,중상사고,0,1,0,0,차대차 - 추돌 - 주정차중,안전운전불이행,습기,비,교차로 - 교차로부근,화물,남,64세,상해없음,승용,여,46세,중상
2013112500100388,2013년 11월 25일 16시,월요일,전라남도 여수시 돌산읍,중상사고,0,1,4,0,차대차 - 측면직각충돌,중앙선침범,건조,맑음,단일로 - 기타,승용,남,42세,경상,승용,남,36세,경상
2013112500100389,2013년 11월 25일 16시,월요일,전라남도 여수시 율촌면,중상사고,0,1,0,0,차대사람 - 기타,안전운전불이행,건조,맑음,단일로 - 기타,원동기,남,55세,상해없음,보행자,남,83세,중상
2013112500100390,2013년 11월 25일 16시,월요일,전라남도 순천시 연향동,경상사고,0,0,2,0,차대차 - 추돌 - 진행중,안전운전불이행,건조,맑음,교차로 - 교차로부근,승용,여,43세,상해없음,승용,남,51세,경상
2013112500100391,2013년 11월 25일 16시,월요일,전라남도 나주시 노안면,경상사고,0,0,5,0,차대차 - 기타,기타,건조,맑음,교차로 - 교차로안,승용,남,21세,경상,화물,여,41세,경상
2013112500100422,2013년 11월 25일 17시,월요일,전라남도 순천시 서면,경상사고,0,0,1,0,차대차 - 측면직각충돌,안전운전불이행,습기,흐림,단일로 - 기타,건설기계,남,52세,상해없음,승용,남,59세,경상
2013112500100423,2013년 11월 25일 17시,월요일,전라남도 순천시 조례동,경상사고,0,0,2,0,차대차 - 기타,안전운전불이행,건조,맑음,교차로 - 교차로부근,승합,남,51세,상해없음,승용,남,34세,경상
2013112500100424,2013년 11월 25일 17시,월요일,전라남도 고흥군 도양읍,중상사고,0,2,0,0,차대차 - 기타,차로위반,건조,맑음,단일로 - 기타,원동기,남,64세,중상,승용,남,25세,상해없음
2013112500100482,2013년 11월 25일 18시,월요일,전라남도 순천시 석현동,사망사고,1,0,0,0,차대사람 - 횡단중,안전운전불이행,습기,흐림,단일로 - 기타,승합,남,33세,상해없음,보행자,여,54세,사망
2013112500100483,2013년 11월 25일 18시,월요일,전라남도 나주시 금천면,중상사고,0,1,0,0,차대사람 - 횡단중,신호위반,습기,비,교차로 - 교차로안,승용,남,51세,상해없음,보행자,여,74세,중상
2013112500100484,2013년 11월 25일 18시,월요일,전라남도 함평군 함평읍,경상사고,0,0,2,0,차대사람 - 횡단중,안전운전불이행,습기,흐림,교차로 - 교차로안,승용,여,53세,상해없음,보행자,여,16세,경상
2013112500100485,2013년 11월 25일 18시,월요일,전라남도 장성군 진원면,중상사고,0,1,1,0,차대차 - 측면직각충돌,안전운전불이행,습기,맑음,교차로 - 교차로안,승용,남,66세,중상,승용,남,41세,경상
2013112500100486,2013년 11월 25일 18시,월요일,전라남도 담양군 금성면,경상사고,0,0,1,0,차대사람 - 횡단중,안전운전불이행,습기,흐림,교차로 - 교차로부근,승용,여,31세,상해없음,보행자,여,27세,경상
2013112500100487,2013년 11월 25일 18시,월요일,전라남도 담양군 금성면,경상사고,0,0,1,0,차대차 - 기타,중앙선침범,건조,맑음,단일로 - 기타,기타불명,기타불명,기타불명,기타불명,승용,여,41세,경상
2013112500100561,2013년 11월 25일 20시,월요일,전라남도 광양시 광양읍,부상신고사고,0,0,0,1,차대차 - 추돌 - 주정차중,안전운전불이행,건조,맑음,단일로 - 기타,화물,남,47세,기타불명,승합,여,43세,상해없음
2013112500100577,2013년 11월 25일 21시,월요일,전라남도 광양시 중동,경상사고,0,0,2,0,차대차 - 추돌 - 주정차중,안전운전불이행,건조,맑음,교차로 - 교차로부근,이륜,남,17세,경상,승용,남,47세,상해없음
2013112500100600,2013년 11월 25일 22시,월요일,전라남도 목포시 산정동,경상사고,0,0,1,0,차대차 - 추돌 - 진행중,안전운전불이행,건조,맑음,교차로 - 교차로부근,이륜,남,20세,경상,승용,남,35세,상해없음
2013112600100011,2013년 11월 26일 00시,화요일,전라남도 목포시 옥암동,중상사고,0,1,0,0,차대사람 - 기타,안전운전불이행,건조,맑음,기타 - 기타,승용,남,42세,상해없음,보행자,남,50세,중상
2013112600100012,2013년 11월 26일 00시,화요일,전라남도 완도군 군외면,중상사고,0,1,0,0,차량단독 - 공작물충돌,안전운전불이행,건조,맑음,단일로 - 기타,승용,남,29세,중상,,,,
2013112600100101,2013년 11월 26일 07시,화요일,전라남도 영암군 덕진면,경상사고,0,0,2,0,차대차 - 기타,직진우회전진행방해,건조,맑음,교차로 - 교차로안,승용,여,47세,경상,건설기계,남,41세,상해없음
2013112600100102,2013년 11월 26일 07시,화요일,전라남도 영암군 삼호읍,경상사고,0,0,2,1,차대차 - 기타,직진우회전진행방해,건조,맑음,교차로 - 교차로안,승용,남,33세,부상신고,승용,여,44세,경상
2013112600100143,2013년 11월 26일 08시,화요일,전라남도 목포시 대성동,경상사고,0,0,1,0,차대차 - 추돌 - 진행중,안전운전불이행,건조,맑음,교차로 - 교차로부근,이륜,남,62세,경상,승용,여,46세,상해없음
2013112600100144,2013년 11월 26일 08시,화요일,전라남도 목포시 상동,경상사고,0,0,3,0,차대차 - 추돌 - 진행중,안전운전불이행,건조,맑음,교차로 - 교차로부근,화물,남,30세,상해없음,승용,남,57세,경상
2013112600100145,2013년 11월 26일 08시,화요일,전라남도 순천시 연향동,경상사고,0,0,1,0,차대차 - 추돌 - 주정차중,안전운전불이행,건조,맑음,단일로 - 기타,승용,여,23세,상해없음,화물,남,42세,기타불명
2013112600100146,2013년 11월 26일 08시,화요일,전라남도 순천시 풍덕동,경상사고,0,0,2,0,차대차 - 측면직각충돌,교차로운행방법위반,건조,맑음,교차로 - 교차로안,승용,남,40세,상해없음,승용,여,39세,경상
2013112600100147,2013년 11월 26일 08시,화요일,전라남도 영광군 묘량면,중상사고,0,1,0,0,차대사람 - 기타,과속,건조,맑음,단일로 - 기타,화물,남,50세,상해없음,보행자,여,77세,중상
2013112600100148,2013년 11월 26일 08시,화요일,전라남도 강진군 강진읍,중상사고,0,1,0,0,차대사람 - 기타,안전운전불이행,건조,맑음,단일로 - 기타,화물,여,57세,상해없음,보행자,여,40세,중상
2013112600100149,2013년 11월 26일 08시,화요일,전라남도 무안군 현경면,부상신고사고,0,0,0,2,차대차 - 추돌 - 진행중,안전운전불이행,건조,맑음,단일로 - 기타,승용,여,47세,상해없음,농기계,남,77세,부상신고
2013112600100150,2013년 11월 26일 08시,화요일,전라남도 광양시 광양읍,부상신고사고,0,0,0,1,차대차 - 추돌 - 진행중,직진우회전진행방해,건조,맑음,교차로 - 교차로안,원동기,여,62세,부상신고,승용,남,64세,상해없음
2013112600100201,2013년 11월 26일 09시,화요일,전라남도 강진군 대구면,중상사고,0,1,0,0,차량단독 - 공작물충돌,안전운전불이행,건조,맑음,단일로 - 기타,화물,남,43세,중상,,,,
2013112600100202,2013년 11월 26일 09시,화요일,전라남도 광양시 광양읍,중상사고,0,3,2,0,차대차 - 추돌 - 진행중,신호위반,건조,맑음,교차로 - 교차로안,승용,남,23세,경상,승용,남,47세,중상
2013112600100231,2013년 11월 26일 10시,화요일,전라남도 나주시 성북동,경상사고,0,0,1,0,차대차 - 기타,안전거리미확보,건조,맑음,교차로 - 교차로부근,승용,남,71세,상해없음,화물,남,56세,상해없음
2013112600100256,2013년 11월 26일 11시,화요일,전라남도 영암군 영암읍,사망사고,1,0,3,0,차대사람 - 기타,안전운전불이행,건조,맑음,기타 - 기타,화물,남,42세,상해없음,보행자,여,43세,사망
2013112600100309,2013년 11월 26일 13시,화요일,전라남도 나주시 봉황면,중상사고,0,1,0,0,차량단독 - 전도전복,안전운전불이행,건조,맑음,단일로 - 기타,화물,남,41세,중상,,,,
2013112600100334,2013년 11월 26일 14시,화요일,전라남도 해남군 산이면,중상사고,0,1,0,0,차대차 - 기타,중앙선침범,건조,맑음,단일로 - 기타,화물,남,72세,상해없음,승용,남,65세,상해없음
2013112600100335,2013년 11월 26일 14시,화요일,전라남도 영암군 삼호읍,중상사고,0,2,0,0,차대차 - 측면직각충돌,직진우회전진행방해,건조,맑음,교차로 - 교차로안,승용,남,54세,중상,화물,남,51세,중상
2013112600100402,2013년 11월 26일 16시,화요일,전라남도 화순군 화순읍,경상사고,0,0,2,0,차대차 - 측면직각충돌,신호위반,건조,맑음,교차로 - 교차로안,승용,여,40세,경상,승용,남,36세,경상
2013112600100403,2013년 11월 26일 16시,화요일,전라남도 함평군 월야면,경상사고,0,0,6,0,차대차 - 측면직각충돌,직진우회전진행방해,건조,맑음,교차로 - 교차로안,승용,남,42세,경상,승용,남,50세,경상
2013112600100565,2013년 11월 26일 20시,화요일,전라남도 영광군 영광읍,경상사고,0,0,2,0,차대차 - 기타,안전운전불이행,건조,맑음,단일로 - 기타,승용,남,52세,상해없음,승용,남,30세,경상
2013112700100015,2013년 11월 27일 00시,수요일,전라남도 목포시 용당동,경상사고,0,0,1,0,차대사람 - 기타,안전운전불이행,건조,맑음,단일로 - 기타,승용,남,29세,상해없음,보행자,남,24세,경상
2013112700100036,2013년 11월 27일 01시,수요일,전라남도 여수시 덕충동,경상사고,0,0,2,0,차대차 - 측면직각충돌,교차로운행방법위반,건조,맑음,교차로 - 교차로안,승용,남,39세,상해없음,승용,남,41세,경상
2013112700100037,2013년 11월 27일 01시,수요일,전라남도 영광군 홍농읍,경상사고,0,0,1,0,차량단독 - 공작물충돌,안전운전불이행,건조,맑음,단일로 - 기타,승용,남,26세,경상,,,,
2013112700100084,2013년 11월 27일 06시,수요일,전라남도 순천시 해룡면,중상사고,0,1,1,0,차대차 - 기타,안전운전불이행,건조,맑음,단일로 - 기타,화물,남,42세,상해없음,이륜,여,26세,중상
2013112700100110,2013년 11월 27일 07시,수요일,전라남도 영암군 삼호읍,중상사고,0,1,0,0,차대차 - 기타,안전운전불이행,건조,맑음,단일로 - 기타,원동기,남,24세,중상,승용,남,27세,상해없음
2013112700100132,2013년 11월 27일 08시,수요일,전라남도 강진군 군동면,부상신고사고,0,0,0,1,차량단독 - 공작물충돌,안전운전불이행,건조,흐림,단일로 - 기타,승용,여,52세,부상신고,,,,
2013112700100164,2013년 11월 27일 09시,수요일,전라남도 목포시 용해동,경상사고,0,0,1,0,차대차 - 기타,안전운전불이행,건조,흐림,단일로 - 기타,승용,남,69세,상해없음,자전거,여,53세,경상
2013112700100165,2013년 11월 27일 09시,수요일,전라남도 화순군 이양면,경상사고,0,0,4,0,차대차 - 정면충돌,안전운전불이행,적설,흐림,단일로 - 교량,승용,여,39세,경상,화물,남,72세,상해없음
2013112700100199,2013년 11월 27일 11시,수요일,전라남도 순천시 장천동,중상사고,0,1,0,0,차대차 - 측면직각충돌,교차로운행방법위반,건조,맑음,교차로 - 교차로안,승용,남,58세,상해없음,이륜,남,61세,중상
2013112700100200,2013년 11월 27일 11시,수요일,전라남도 진도군 의신면,중상사고,0,1,0,0,차대차 - 기타,안전운전불이행,기타,맑음,교차로 - 교차로안,화물,남,28세,상해없음,이륜,여,71세,중상
2013112700100230,2013년 11월 27일 12시,수요일,전라남도 목포시 죽교동,경상사고,0,0,2,0,차대차 - 추돌 - 진행중,안전운전불이행,건조,맑음,단일로 - 교량,화물,남,44세,상해없음,승용,남,32세,경상
2013112700100253,2013년 11월 27일 13시,수요일,전라남도 순천시 인월동,중상사고,0,1,0,0,차대차 - 추돌 - 진행중,안전거리미확보,습기,흐림,교차로 - 교차로부근,화물,남,48세,상해없음,승용,여,43세,중상
2013112700100318,2013년 11월 27일 15시,수요일,전라남도 장성군 장성읍,중상사고,0,1,0,0,차대차 - 추돌 - 진행중,안전운전불이행,건조,맑음,단일로 - 기타,승용,여,34세,상해없음,자전거,남,79세,중상
2013112700100319,2013년 11월 27일 15시,수요일,전라남도 담양군 대전면,경상사고,0,0,1,1,차대차 - 기타,중앙선침범,습기,비,단일로 - 기타,승용,남,40세,부상신고,승용,남,59세,경상
2013112700100320,2013년 11월 27일 15시,수요일,전라남도 구례군 광의면,경상사고,0,0,2,0,차대차 - 추돌 - 진행중,안전운전불이행,건조,맑음,교차로 - 교차로안,화물,남,71세,경상,승용,남,49세,경상
2013112700100354,2013년 11월 27일 16시,수요일,전라남도 목포시 용당동,경상사고,0,0,3,0,차대차 - 추돌 - 주정차중,안전운전불이행,건조,흐림,교차로 - 교차로부근,승용,여,49세,상해없음,승용,여,34세,경상
2013112700100453,2013년 11월 27일 18시,수요일,전라남도 영암군 삼호읍,중상사고,0,1,0,0,차대차 - 정면충돌,신호위반,건조,맑음,교차로 - 교차로안,자전거,남,32세,중상,승용,남,52세,상해없음
2013112700100535,2013년 11월 27일 20시,수요일,전라남도 목포시 옥암동,경상사고,0,0,1,0,차대사람 - 기타,신호위반,건조,맑음,교차로 - 교차로부근,승합,여,53세,상해없음,보행자,남,49세,경상
2013112700100610,2013년 11월 27일 22시,수요일,전라남도 영암군 삼호읍,경상사고,0,0,2,0,차대차 - 측면직각충돌,안전운전불이행,건조,맑음,단일로 - 기타,승용,남,43세,상해없음,승용,여,54세,경상
2013112700100643,2013년 11월 27일 23시,수요일,전라남도 여수시 화치동,사망사고,1,0,0,0,차량단독 - 공작물충돌,안전운전불이행,건조,맑음,단일로 - 기타,승용,남,26세,사망,,,,
2013112700100644,2013년 11월 27일 23시,수요일,전라남도 순천시 연향동,경상사고,0,0,3,0,차대차 - 추돌 - 진행중,안전운전불이행,건조,맑음,교차로 - 교차로부근,승용,여,46세,상해없음,승용,남,51세,경상
2013112800100012,2013년 11월 28일 00시,목요일,전라남도 나주시 석현동,경상사고,0,0,1,0,차량단독 - 공작물충돌,안전운전불이행,적설,눈,단일로 - 기타,승용,남,31세,경상,,,,
2013112800100013,2013년 11월 28일 00시,목요일,전라남도 순천시 주암면,중상사고,0,1,0,0,차대차 - 기타,안전운전불이행,적설,눈,단일로 - 교량,화물,남,51세,중상,화물,남,28세,상해없음
2013112800100035,2013년 11월 28일 01시,목요일,전라남도 장성군 남면,경상사고,0,0,1,0,차량단독 - 공작물충돌,안전운전불이행,적설,눈,단일로 - 기타,승용,남,54세,상해없음,,,,
2013112800100064,2013년 11월 28일 05시,목요일,전라남도 해남군 현산면,중상사고,0,1,0,0,차량단독 - 기타,안전운전불이행,결빙,눈,단일로 - 기타,승용,남,35세,중상,,,,
2013112800100077,2013년 11월 28일 06시,목요일,전라남도 순천시 조례동,경상사고,0,0,3,0,차대차 - 추돌 - 진행중,안전운전불이행,결빙,눈,단일로 - 기타,승용,남,33세,경상,승용,남,37세,경상
2013112800100096,2013년 11월 28일 07시,목요일,전라남도 무안군 현경면,중상사고,0,2,1,0,차대차 - 정면충돌,중앙선침범,결빙,맑음,미분류 - 미분류,화물,남,22세,경상,승용,여,49세,중상
2013112800100131,2013년 11월 28일 08시,목요일,전라남도 순천시 서면,경상사고,0,0,1,0,차대차 - 추돌 - 진행중,안전거리미확보,결빙,맑음,단일로 - 기타,승용,남,67세,상해없음,승용,남,56세,경상
2013112800100132,2013년 11월 28일 08시,목요일,전라남도 순천시 서면,경상사고,0,0,1,0,차량단독 - 공작물충돌,안전운전불이행,결빙,눈,단일로 - 교량,승용,여,49세,경상,,,,
2013112800100133,2013년 11월 28일 08시,목요일,전라남도 장흥군 안양면,중상사고,0,1,1,0,차대차 - 정면충돌,중앙선침범,적설,눈,단일로 - 기타,화물,여,45세,중상,화물,남,43세,상해없음
2013112800100134,2013년 11월 28일 08시,목요일,전라남도 고흥군 동강면,중상사고,0,1,0,0,차량단독 - 공작물충돌,안전운전불이행,결빙,흐림,단일로 - 기타,승용,남,49세,상해없음,,,,
2013112800100135,2013년 11월 28일 08시,목요일,전라남도 영암군 신북면,경상사고,0,0,1,0,차대차 - 측면직각충돌,안전운전불이행,결빙,맑음,단일로 - 기타,화물,남,39세,상해없음,승용,여,36세,경상
2013112800100136,2013년 11월 28일 08시,목요일,전라남도 영암군 삼호읍,경상사고,0,0,1,0,차량단독 - 전도전복,안전운전불이행,결빙,눈,단일로 - 기타,건설기계,남,53세,경상,,,,
2013112800100137,2013년 11월 28일 08시,목요일,전라남도 광양시 금호동,경상사고,0,0,1,0,차대차 - 기타,안전운전불이행,결빙,맑음,단일로 - 교량,승용,남,35세,상해없음,승용,남,54세,경상
2013112800100172,2013년 11월 28일 09시,목요일,전라남도 함평군 손불면,중상사고,0,1,7,0,차량단독 - 도로외이탈 - 기타,안전운전불이행,결빙,눈,단일로 - 기타,승합,남,56세,상해없음,,,,
2013112800100173,2013년 11월 28일 09시,목요일,전라남도 장성군 북이면,중상사고,0,1,2,0,차량단독 - 전도전복,안전운전불이행,적설,눈,단일로 - 기타,승용,남,66세,상해없음,,,,
2013112800100174,2013년 11월 28일 09시,목요일,전라남도 담양군 금성면,중상사고,0,1,0,0,차대사람 - 기타,안전운전불이행,결빙,맑음,단일로 - 기타,승용,남,55세,상해없음,보행자,남,35세,중상
2013112800100204,2013년 11월 28일 10시,목요일,전라남도 순천시 인제동,중상사고,0,1,0,0,차대차 - 기타,직진우회전진행방해,건조,맑음,교차로 - 교차로안,승용,남,53세,상해없음,승용,남,26세,중상
2013112800100205,2013년 11월 28일 10시,목요일,전라남도 해남군 마산면,경상사고,0,0,1,0,차대차 - 기타,중앙선침범,습기,맑음,단일로 - 기타,농기계,남,58세,상해없음,화물,남,71세,경상
2013112800100217,2013년 11월 28일 11시,목요일,전라남도 순천시 인제동,중상사고,0,1,0,0,차대차 - 기타,안전운전불이행,건조,맑음,단일로 - 기타,승용,남,40세,상해없음,자전거,남,78세,중상
2013112800100218,2013년 11월 28일 11시,목요일,전라남도 곡성군 겸면,경상사고,0,0,1,0,차대사람 - 길가장자리구역통행중,안전운전불이행,습기,흐림,기타 - 기타,화물,여,58세,상해없음,보행자,남,71세,경상
2013112800100244,2013년 11월 28일 12시,목요일,전라남도 무안군 몽탄면,경상사고,0,0,3,0,차대차 - 기타,안전운전불이행,결빙,눈,단일로 - 터널,승용,남,46세,기타불명,승용,여,29세,경상
2013112800100245,2013년 11월 28일 12시,목요일,전라남도 순천시 조례동,부상신고사고,0,0,0,1,차대차 - 추돌 - 주정차중,안전운전불이행,건조,맑음,단일로 - 기타,승용,남,70세,상해없음,승용,여,33세,부상신고
2013112800100295,2013년 11월 28일 14시,목요일,전라남도 화순군 화순읍,중상사고,0,1,0,0,차대차 - 측면직각충돌,교차로운행방법위반,습기,맑음,교차로 - 교차로안,원동기,남,71세,중상,화물,남,47세,상해없음
2013112800100326,2013년 11월 28일 15시,목요일,전라남도 무안군 무안읍,경상사고,0,0,1,0,차대차 - 기타,안전거리미확보,적설,눈,단일로 - 기타,기타불명,기타불명,기타불명,기타불명,승용,남,44세,상해없음
2013112800100327,2013년 11월 28일 15시,목요일,전라남도 진도군 진도읍,중상사고,0,2,2,0,차량단독 - 도로외이탈 - 기타,안전운전불이행,건조,흐림,단일로 - 기타,승용,남,69세,중상,,,,
2013112800100388,2013년 11월 28일 17시,목요일,전라남도 목포시 산정동,경상사고,0,0,2,0,차대차 - 측면직각충돌,교차로운행방법위반,기타,맑음,교차로 - 교차로안,승용,여,41세,상해없음,승용,남,52세,경상