사고번호,사고일시,요일,시군구,사고내용,사망자수,중상자수,경상자수,부상신고자수,사고유형,법규위반,노면상태,기상상태,도로형태,가해운전자 차종,가해운전자 성별,가해운전자 연령,가해운전자 상해정도,피해운전자 차종,피해운전자 성별,피해운전자 연령,피해운전자 상해정도
2013112800100389,2013년 11월 28일 17시,목요일,전라남도 장흥군 장흥읍,경상사고,0,0,6,0,차대차 - 측면직각충돌,안전거리미확보,습기,흐림,단일로 - 기타,승용,남,60세,경상,승용,여,42세,경상
2013112800100433,2013년 11월 28일 18시,목요일,전라남도 목포시 상동,중상사고,0,1,0,0,차대차 - 측면직각충돌,차로위반,건조,맑음,단일로 - 기타,자전거,남,23세,중상,승용,남,44세,상해없음
2013112800100434,2013년 11월 28일 18시,목요일,전라남도 목포시 상동,경상사고,0,0,1,0,차대사람 - 기타,안전운전불이행,건조,맑음,단일로 - 기타,승용,남,58세,상해없음,보행자,남,49세,경상
2013112800100435,2013년 11월 28일 18시,목요일,전라남도 여수시 호명동,경상사고,0,0,1,0,차대차 - 추돌 - 진행중,안전운전불이행,건조,맑음,단일로 - 기타,승용,여,35세,상해없음,건설기계,남,38세,경상
2013112800100436,2013년 11월 28일 18시,목요일,전라남도 함평군 학교면,경상사고,0,0,4,0,차대차 - 추돌 - 진행중,안전거리미확보,결빙,눈,미분류 - 미분류,승용,남,51세,경상,승합,남,45세,경상
2013112800100437,2013년 11월 28일 18시,목요일,전라남도 함평군 학교면,경상사고,0,0,1,0,차대차 - 추돌 - 진행중,안전운전불이행,결빙,눈,미분류 - 미분류,화물,남,48세,상해없음,승용,남,48세,경상
2013112800100438,2013년 11월 28일 18시,목요일,전라남도 함평군 학교면,중상사고,0,1,3,0,차대차 - 기타,안전거리미확보,결빙,눈,미분류 - 미분류,화물,남,50세,경상,승용,남,43세,중상
2013112800100439,2013년 11월 28일 18시,목요일,전라남도 함평군 학교면,경상사고,0,0,1,0,차대차 - 추돌 - 진행중,안전운전불이행,결빙,눈,단일로 - 교량,화물,남,46세,상해없음,화물,남,51세,경상
2013112800100440,2013년 11월 28일 18시,목요일,전라남도 광양시 광양읍,부상신고사고,0,0,0,1,차대차 - 측면직각충돌,안전운전불이행,기타,맑음,단일로 - 기타,이륜,남,57세,부상신고,승용,남,34세,상해없음
2013112800100488,2013년 11월 28일 19시,목요일,전라남도 나주시 석현동,경상사고,0,0,1,0,차대차 - 기타,안전운전불이행,결빙,눈,단일로 - 교량,승용,남,23세,상해없음,화물,남,44세,상해없음
2013112800100489,2013년 11월 28일 19시,목요일,전라남도 영광군 영광읍,중상사고,0,1,0,0,차대사람 - 횡단중,보행자보호의무위반,건조,맑음,단일로 - 횡단보도상,승용,남,61세,상해없음,보행자,여,36세,중상
2013112800100518,2013년 11월 28일 20시,목요일,전라남도 나주시 산포면,경상사고,0,0,5,0,차대차 - 기타,안전운전불이행,건조,맑음,단일로 - 교량,승용,여,65세,경상,승용,남,43세,경상
2013112800100519,2013년 11월 28일 20시,목요일,전라남도 보성군 보성읍,사망사고,2,1,1,0,차대사람 - 기타,과속,결빙,맑음,단일로 - 교량,승용,남,43세,경상,보행자,여,30세,사망
2013112800100553,2013년 11월 28일 21시,목요일,전라남도 순천시 조례동,부상신고사고,0,0,0,1,차대사람 - 기타,안전운전불이행,건조,맑음,교차로 - 교차로안,화물,남,41세,상해없음,보행자,여,21세,부상신고
2013112800100589,2013년 11월 28일 22시,목요일,전라남도 강진군 작천면,중상사고,0,1,1,0,차량단독 - 기타,안전운전불이행,결빙,눈,단일로 - 교량,화물,남,56세,중상,,,,
2013112800100590,2013년 11월 28일 22시,목요일,전라남도 곡성군 곡성읍,중상사고,0,1,0,0,차대차 - 기타,안전운전불이행,습기,흐림,기타 - 기타,승용,남,40세,상해없음,원동기,남,56세,중상
2013112800100618,2013년 11월 28일 23시,목요일,전라남도 해남군 해남읍,경상사고,0,0,1,0,차대차 - 측면직각충돌,교차로운행방법위반,습기,비,교차로 - 교차로안,승합,남,47세,상해없음,이륜,남,19세,경상
2013112800100619,2013년 11월 28일 23시,목요일,전라남도 담양군 금성면,중상사고,0,1,1,0,차량단독 - 전도전복,안전운전불이행,적설,맑음,단일로 - 기타,화물,남,59세,상해없음,,,,
2013112900100013,2013년 11월 29일 00시,금요일,전라남도 목포시 상동,중상사고,0,1,0,0,차대사람 - 기타,안전운전불이행,건조,맑음,교차로 - 교차로부근,승용,남,41세,상해없음,보행자,남,35세,중상
2013112900100014,2013년 11월 29일 00시,금요일,전라남도 목포시 옥암동,경상사고,0,0,1,0,차대차 - 측면직각충돌,교차로운행방법위반,건조,맑음,교차로 - 교차로안,기타불명,기타불명,기타불명,기타불명,승용,여,40세,경상
2013112900100024,2013년 11월 29일 01시,금요일,전라남도 무안군 삼향읍,경상사고,0,0,1,0,차대차 - 측면직각충돌,안전운전불이행,습기,비,교차로 - 교차로안,승용,남,34세,상해없음,이륜,남,45세,경상
2013112900100039,2013년 11월 29일 02시,금요일,전라남도 순천시 연향동,경상사고,0,0,2,0,차대차 - 기타,안전운전불이행,건조,맑음,교차로 - 교차로안,승용,여,39세,상해없음,승용,남,50세,경상
2013112900100077,2013년 11월 29일 06시,금요일,전라남도 여수시 문수동,경상사고,0,0,1,0,차대차 - 기타,안전운전불이행,건조,맑음,단일로 - 기타,화물,남,21세,상해없음,원동기,남,73세,경상
2013112900100100,2013년 11월 29일 07시,금요일,전라남도 순천시 월등면,중상사고,0,1,0,0,차대차 - 기타,안전운전불이행,결빙,눈,단일로 - 기타,화물,남,56세,중상,승용,여,41세,상해없음
2013112900100101,2013년 11월 29일 07시,금요일,전라남도 고흥군 동강면,중상사고,0,1,0,0,차량단독 - 공작물충돌,안전운전불이행,습기,눈,교차로 - 교차로부근,화물,남,54세,중상,,,,
2013112900100102,2013년 11월 29일 07시,금요일,전라남도 해남군 옥천면,중상사고,0,1,2,0,차량단독 - 전도전복,안전운전불이행,결빙,흐림,단일로 - 교량,화물,남,38세,경상,,,,
2013112900100103,2013년 11월 29일 07시,금요일,전라남도 해남군 해남읍,중상사고,0,1,0,1,차량단독 - 공작물충돌,안전운전불이행,결빙,맑음,단일로 - 교량,승용,남,50세,부상신고,,,,
2013112900100104,2013년 11월 29일 07시,금요일,전라남도 강진군 칠량면,중상사고,0,2,0,0,차대차 - 정면충돌,중앙선침범,결빙,눈,기타 - 기타,화물,남,45세,중상,화물,남,40세,중상
2013112900100144,2013년 11월 29일 08시,금요일,전라남도 순천시 황전면,경상사고,0,0,3,0,차대차 - 기타,안전운전불이행,결빙,맑음,단일로 - 기타,승합,남,28세,상해없음,승용,여,33세,상해없음
2013112900100145,2013년 11월 29일 08시,금요일,전라남도 광양시 광양읍,경상사고,0,0,4,0,차대차 - 측면직각충돌,직진우회전진행방해,건조,맑음,교차로 - 교차로안,승용,여,44세,경상,승용,남,63세,경상
2013112900100208,2013년 11월 29일 10시,금요일,전라남도 목포시 석현동,경상사고,0,0,2,0,차대차 - 추돌 - 주정차중,안전거리미확보,습기,흐림,교차로 - 교차로안,승용,남,42세,상해없음,승용,여,54세,경상
2013112900100209,2013년 11월 29일 10시,금요일,전라남도 나주시 산포면,경상사고,0,0,2,0,차대차 - 기타,직진우회전진행방해,습기,맑음,교차로 - 교차로안,승용,남,61세,경상,승용,남,44세,경상
2013112900100242,2013년 11월 29일 11시,금요일,전라남도 목포시 상동,경상사고,0,0,2,0,차대차 - 추돌 - 진행중,안전거리미확보,습기,비,단일로 - 기타,원동기,남,21세,상해없음,승용,남,18세,경상
2013112900100274,2013년 11월 29일 12시,금요일,전라남도 여수시 교동,중상사고,0,1,0,0,차대사람 - 차도통행중,안전운전불이행,건조,맑음,단일로 - 기타,승용,남,31세,상해없음,보행자,여,68세,중상
2013112900100275,2013년 11월 29일 12시,금요일,전라남도 영암군 삼호읍,경상사고,0,0,1,0,차대차 - 추돌 - 주정차중,안전운전불이행,습기,흐림,교차로 - 교차로부근,화물,남,46세,상해없음,승용,남,34세,경상
2013112900100276,2013년 11월 29일 12시,금요일,전라남도 광양시 광양읍,경상사고,0,0,1,0,차대차 - 추돌 - 주정차중,안전운전불이행,건조,맑음,교차로 - 교차로부근,승용,남,49세,경상,승용,여,42세,상해없음
2013112900100301,2013년 11월 29일 13시,금요일,전라남도 장흥군 장흥읍,중상사고,0,1,0,0,차대차 - 측면직각충돌,교차로운행방법위반,건조,맑음,교차로 - 교차로안,승용,남,43세,상해없음,원동기,남,77세,중상
2013112900100302,2013년 11월 29일 13시,금요일,전라남도 장흥군 장흥읍,중상사고,0,1,2,0,차대차 - 측면직각충돌,안전운전불이행,건조,맑음,단일로 - 기타,승용,남,44세,경상,화물,남,51세,상해없음
2013112900100303,2013년 11월 29일 13시,금요일,전라남도 고흥군 고흥읍,경상사고,0,0,1,0,차대사람 - 기타,안전운전불이행,건조,맑음,단일로 - 기타,승합,여,56세,상해없음,보행자,여,46세,경상
2013112900100304,2013년 11월 29일 13시,금요일,전라남도 영광군 법성면,경상사고,0,0,3,0,차대차 - 측면직각충돌,직진우회전진행방해,건조,맑음,교차로 - 교차로안,승용,남,23세,경상,화물,남,55세,경상
2013112900100338,2013년 11월 29일 14시,금요일,전라남도 나주시 용산동,중상사고,0,1,0,0,차대차 - 기타,직진우회전진행방해,건조,맑음,교차로 - 교차로안,화물,여,52세,상해없음,원동기,여,67세,중상
2013112900100399,2013년 11월 29일 16시,금요일,전라남도 나주시 청동,경상사고,0,0,2,0,차대차 - 기타,기타,건조,흐림,교차로 - 교차로부근,승용,남,57세,상해없음,원동기,남,17세,경상
2013112900100441,2013년 11월 29일 17시,금요일,전라남도 나주시 왕곡면,중상사고,0,1,2,0,차대차 - 추돌 - 주정차중,안전운전불이행,습기,기타,단일로 - 기타,승용,남,59세,경상,화물,남,65세,기타불명
2013112900100442,2013년 11월 29일 17시,금요일,전라남도 광양시 태인동,경상사고,0,0,1,0,차대차 - 측면직각충돌,교차로운행방법위반,건조,맑음,교차로 - 교차로안,특수,남,51세,상해없음,승용,남,39세,경상
2013112900100490,2013년 11월 29일 18시,금요일,전라남도 순천시 조례동,경상사고,0,0,1,0,차대차 - 기타,안전운전불이행,건조,맑음,단일로 - 기타,승합,남,56세,상해없음,승용,남,42세,경상
2013112900100491,2013년 11월 29일 18시,금요일,전라남도 순천시 해룡면,경상사고,0,0,1,0,차대사람 - 기타,안전운전불이행,건조,맑음,단일로 - 기타,기타불명,기타불명,기타불명,기타불명,보행자,여,20세,경상
2013112900100492,2013년 11월 29일 18시,금요일,전라남도 영암군 삼호읍,중상사고,0,1,3,0,차대차 - 측면직각충돌,신호위반,건조,흐림,교차로 - 교차로안,승용,여,43세,경상,승용,남,43세,경상
2013112900100493,2013년 11월 29일 18시,금요일,전라남도 담양군 고서면,경상사고,0,0,2,0,차대차 - 추돌 - 진행중,안전운전불이행,건조,맑음,기타 - 기타,승용,남,56세,경상,화물,남,53세,경상
2013112900100536,2013년 11월 29일 19시,금요일,전라남도 목포시 상동,경상사고,0,0,1,0,차대사람 - 횡단중,보행자보호의무위반,건조,맑음,단일로 - 기타,원동기,남,30세,상해없음,보행자,여,24세,경상
2013112900100573,2013년 11월 29일 20시,금요일,전라남도 목포시 산정동,경상사고,0,0,3,0,차대차 - 측면직각충돌,안전운전불이행,건조,맑음,단일로 - 기타,승합,남,39세,상해없음,승용,남,34세,경상
2013112900100602,2013년 11월 29일 21시,금요일,전라남도 광양시 광영동,경상사고,0,0,1,0,차대차 - 추돌 - 주정차중,안전운전불이행,건조,맑음,교차로 - 교차로부근,승용,남,43세,상해없음,승용,남,56세,경상
2013112900100603,2013년 11월 29일 21시,금요일,전라남도 곡성군 오산면,경상사고,0,0,5,0,차대차 - 기타,안전운전불이행,건조,맑음,단일로 - 기타,승용,남,22세,경상,승용,남,36세,경상
2013113000100063,2013년 11월 30일 02시,토요일,전라남도 나주시 금계동,경상사고,0,0,1,0,차량단독 - 도로외이탈 - 추락,안전운전불이행,결빙,안개,교차로 - 교차로부근,승용,여,51세,기타불명,,,,
2013113000100112,2013년 11월 30일 06시,토요일,전라남도 나주시 남평읍,경상사고,0,0,8,0,차대차 - 기타,안전운전불이행,결빙,안개,단일로 - 기타,승용,남,50세,기타불명,승용,남,34세,경상
2013113000100138,2013년 11월 30일 08시,토요일,전라남도 순천시 매곡동,사망사고,1,0,0,0,차대사람 - 횡단중,안전운전불이행,건조,맑음,단일로 - 기타,승용,여,48세,상해없음,보행자,여,90세 이상,사망
2013113000100139,2013년 11월 30일 08시,토요일,전라남도 나주시 금천면,경상사고,0,0,3,0,차대차 - 기타,안전운전불이행,결빙,안개,단일로 - 기타,화물,남,42세,경상,화물,남,71세,경상
2013113000100140,2013년 11월 30일 08시,토요일,전라남도 담양군 용면,경상사고,0,0,1,0,차대차 - 추돌 - 주정차중,안전운전불이행,결빙,맑음,단일로 - 기타,승용,남,47세,상해없음,승용,여,50세,경상
2013113000100141,2013년 11월 30일 08시,토요일,전라남도 담양군 수북면,경상사고,0,0,2,0,차대차 - 측면직각충돌,안전운전불이행,습기,맑음,단일로 - 기타,승용,여,51세,경상,승용,여,42세,경상
2013113000100162,2013년 11월 30일 09시,토요일,전라남도 목포시 산정동,경상사고,0,0,1,0,차대차 - 기타,직진우회전진행방해,건조,맑음,교차로 - 교차로안,승용,여,26세,상해없음,원동기,남,66세,경상
2013113000100163,2013년 11월 30일 09시,토요일,전라남도 여수시 충무동,경상사고,0,0,1,0,차대사람 - 기타,안전운전불이행,건조,맑음,단일로 - 기타,원동기,남,68세,상해없음,보행자,여,7세,경상
2013113000100164,2013년 11월 30일 09시,토요일,전라남도 여수시 웅천동,경상사고,0,0,2,0,차대차 - 추돌 - 진행중,안전운전불이행,건조,맑음,단일로 - 기타,승용,남,72세,경상,승용,여,40세,경상
2013113000100186,2013년 11월 30일 10시,토요일,전라남도 고흥군 고흥읍,중상사고,0,1,0,1,차대차 - 기타,안전운전불이행,건조,맑음,교차로 - 교차로안,승용,남,52세,부상신고,승용,남,52세,중상
2013113000100187,2013년 11월 30일 10시,토요일,전라남도 영광군 홍농읍,경상사고,0,0,2,0,차량단독 - 공작물충돌,안전운전불이행,건조,맑음,단일로 - 기타,승용,여,38세,경상,,,,
2013113000100188,2013년 11월 30일 10시,토요일,전라남도 곡성군 곡성읍,경상사고,0,0,6,0,차대차 - 기타,안전운전불이행,습기,안개,단일로 - 기타,화물,남,63세,상해없음,화물,남,65세,경상
2013113000100223,2013년 11월 30일 11시,토요일,전라남도 목포시 금동1가,경상사고,0,0,1,0,차대차 - 기타,직진우회전진행방해,건조,맑음,교차로 - 교차로안,승용,남,62세,상해없음,자전거,남,75세,경상
2013113000100262,2013년 11월 30일 12시,토요일,전라남도 순천시 조례동,경상사고,0,0,1,0,차대사람 - 기타,안전운전불이행,건조,맑음,단일로 - 기타,승용,남,48세,상해없음,보행자,여,23세,경상
2013113000100263,2013년 11월 30일 12시,토요일,전라남도 순천시 해룡면,경상사고,0,0,1,0,차대사람 - 기타,안전운전불이행,건조,맑음,단일로 - 기타,승용,남,79세,상해없음,보행자,남,19세,경상
2013113000100264,2013년 11월 30일 12시,토요일,전라남도 장성군 삼계면,중상사고,0,1,0,0,차대사람 - 기타,안전운전불이행,건조,맑음,단일로 - 기타,승용,남,51세,상해없음,보행자,남,3세,중상
2013113000100265,2013년 11월 30일 12시,토요일,전라남도 담양군 담양읍,경상사고,0,0,2,0,차대차 - 측면직각충돌,안전운전불이행,건조,흐림,단일로 - 기타,원동기,남,54세,경상,원동기,남,45세,경상
2013113000100292,2013년 11월 30일 13시,토요일,전라남도 목포시 옥암동,경상사고,0,0,2,0,차대차 - 기타,직진우회전진행방해,건조,맑음,교차로 - 교차로안,승용,남,49세,상해없음,승용,여,28세,경상
2013113000100293,2013년 11월 30일 13시,토요일,전라남도 여수시 오림동,경상사고,0,0,1,0,차대차 - 기타,차로위반,건조,맑음,단일로 - 기타,기타불명,기타불명,기타불명,기타불명,승합,남,37세,상해없음
2013113000100294,2013년 11월 30일 13시,토요일,전라남도 순천시 연향동,경상사고,0,0,1,0,차대차 - 기타,직진우회전진행방해,건조,맑음,교차로 - 교차로부근,건설기계,남,64세,상해없음,승용,남,28세,경상
2013113000100295,2013년 11월 30일 13시,토요일,전라남도 강진군 신전면,중상사고,0,1,3,0,차대차 - 측면직각충돌,중앙선침범,건조,맑음,단일로 - 기타,농기계,남,73세,상해없음,승용,남,36세,중상
2013113000100329,2013년 11월 30일 14시,토요일,전라남도 고흥군 금산면,중상사고,0,1,0,0,차대차 - 기타,중앙선침범,건조,맑음,단일로 - 기타,화물,남,55세,상해없음,화물,남,39세,중상
2013113000100419,2013년 11월 30일 17시,토요일,전라남도 완도군 노화읍,중상사고,0,1,0,0,차대차 - 정면충돌,중앙선침범,건조,맑음,단일로 - 기타,승용,여,38세,상해없음,화물,남,66세,중상
2013113000100468,2013년 11월 30일 18시,토요일,전라남도 목포시 산정동,경상사고,0,0,2,0,차대차 - 기타,안전운전불이행,건조,맑음,기타 - 기타,승용,남,50세,상해없음,승용,남,31세,경상
2013113000100469,2013년 11월 30일 18시,토요일,전라남도 보성군 겸백면,사망사고,1,0,0,0,차량단독 - 공작물충돌,안전운전불이행,건조,맑음,단일로 - 기타,화물,남,64세,사망,,,,
2013113000100470,2013년 11월 30일 18시,토요일,전라남도 영광군 염산면,사망사고,1,0,0,0,차대차 - 추돌 - 진행중,안전운전불이행,건조,맑음,단일로 - 기타,화물,남,24세,상해없음,자전거,남,86세,사망
2013113000100471,2013년 11월 30일 18시,토요일,전라남도 영암군 삼호읍,중상사고,0,1,1,0,차대차 - 측면직각충돌,안전운전불이행,건조,맑음,교차로 - 교차로안,승용,남,47세,상해없음,원동기,남,31세,경상
2013113000100551,2013년 11월 30일 20시,토요일,전라남도 목포시 용해동,중상사고,0,1,0,0,차대사람 - 기타,안전운전불이행,건조,맑음,기타 - 기타,승용,남,52세,상해없음,보행자,여,55세,중상
2013113000100552,2013년 11월 30일 20시,토요일,전라남도 장성군 황룡면,경상사고,0,0,1,0,차량단독 - 기타,안전운전불이행,건조,맑음,단일로 - 기타,화물,남,44세,경상,,,,
2013113000100584,2013년 11월 30일 21시,토요일,전라남도 순천시 조례동,경상사고,0,0,1,0,차대차 - 추돌 - 진행중,안전운전불이행,건조,맑음,단일로 - 기타,원동기,남,17세,경상,승용,남,54세,상해없음
2013113000100612,2013년 11월 30일 22시,토요일,전라남도 목포시 상동,중상사고,0,1,0,0,차대사람 - 횡단중,안전운전불이행,건조,맑음,기타 - 기타,승용,남,54세,상해없음,보행자,남,35세,중상
2013113000100613,2013년 11월 30일 22시,토요일,전라남도 순천시 연향동,중상사고,0,1,0,0,차대차 - 측면직각충돌,안전운전불이행,건조,맑음,단일로 - 기타,승용,남,25세,중상,승용,남,54세,기타불명
2013120100100034,2013년 12월 1일 01시,일요일,전라남도 목포시 상동,중상사고,0,1,1,0,차대차 - 기타,직진우회전진행방해,건조,맑음,교차로 - 교차로안,원동기,남,33세,중상,승용,남,40세,경상
2013120100100068,2013년 12월 1일 03시,일요일,전라남도 무안군 삼향읍,경상사고,0,0,3,0,차량단독 - 공작물충돌,안전운전불이행,건조,흐림,단일로 - 기타,승용,남,29세,경상,,,,
2013120100100098,2013년 12월 1일 05시,일요일,전라남도 광양시 광영동,중상사고,0,1,0,0,차대차 - 정면충돌,안전운전불이행,건조,맑음,단일로 - 기타,화물,남,54세,상해없음,이륜,남,16세,중상
2013120100100110,2013년 12월 1일 06시,일요일,전라남도 완도군 완도읍,중상사고,0,2,0,0,차대차 - 추돌 - 주정차중,안전운전불이행,건조,맑음,단일로 - 기타,화물,남,32세,중상,화물,남,44세,상해없음
2013120100100145,2013년 12월 1일 09시,일요일,전라남도 목포시 산정동,중상사고,0,1,0,0,차대사람 - 기타,안전운전불이행,건조,맑음,교차로 - 교차로안,화물,남,56세,상해없음,보행자,남,41세,중상
2013120100100146,2013년 12월 1일 09시,일요일,전라남도 목포시 용당동,경상사고,0,0,1,0,차대사람 - 기타,안전운전불이행,건조,맑음,단일로 - 기타,기타불명,기타불명,기타불명,기타불명,보행자,남,50세,경상
2013120100100210,2013년 12월 1일 12시,일요일,전라남도 강진군 강진읍,경상사고,0,0,1,0,차대차 - 측면직각충돌,직진우회전진행방해,건조,맑음,교차로 - 교차로안,승용,남,51세,상해없음,자전거,남,66세,경상
2013120100100237,2013년 12월 1일 13시,일요일,전라남도 해남군 삼산면,중상사고,0,1,0,0,차대사람 - 차도통행중,안전운전불이행,건조,맑음,단일로 - 기타,승용,남,69세,상해없음,보행자,남,49세,중상
2013120100100277,2013년 12월 1일 15시,일요일,전라남도 여수시 소호동,경상사고,0,0,4,0,차대차 - 추돌 - 진행중,안전운전불이행,건조,맑음,단일로 - 기타,승용,여,46세,상해없음,승용,여,50세,경상
2013120100100278,2013년 12월 1일 15시,일요일,전라남도 순천시 조례동,중상사고,0,1,0,0,차량단독 - 기타,안전운전불이행,건조,맑음,단일로 - 기타,이륜,남,68세,중상,,,,
2013120100100279,2013년 12월 1일 15시,일요일,전라남도 순천시 연향동,경상사고,0,0,3,0,차대차 - 측면직각충돌,차로위반,건조,맑음,단일로 - 기타,승용,여,26세,상해없음,승용,남,53세,경상
2013120100100280,2013년 12월 1일 15시,일요일,전라남도 강진군 성전면,중상사고,0,3,2,0,차대차 - 추돌 - 주정차중,안전운전불이행,건조,맑음,교차로 - 교차로부근,화물,남,56세,중상,승용,여,45세,중상
2013120100100301,2013년 12월 1일 16시,일요일,전라남도 목포시 석현동,경상사고,0,0,3,0,차대차 - 측면직각충돌,차로위반,건조,맑음,단일로 - 기타,승용,남,55세,상해없음,승용,남,26세,경상
2013120100100302,2013년 12월 1일 16시,일요일,전라남도 영암군 삼호읍,경상사고,0,0,2,0,차대차 - 측면직각충돌,안전거리미확보,건조,맑음,단일로 - 기타,승용,여,54세,경상,승용,남,53세,상해없음
2013120100100330,2013년 12월 1일 17시,일요일,전라남도 목포시 대성동,경상사고,0,0,2,0,차대차 - 측면직각충돌,안전운전불이행,건조,맑음,단일로 - 기타,승용,여,48세,경상,승용,남,46세,경상
2013120100100365,2013년 12월 1일 18시,일요일,전라남도 목포시 용해동,경상사고,0,0,4,0,차대차 - 측면직각충돌,신호위반,건조,맑음,교차로 - 교차로안,승용,여,57세,상해없음,승용,남,52세,경상
2013120100100366,2013년 12월 1일 18시,일요일,전라남도 순천시 서면,경상사고,0,0,2,0,차대차 - 기타,안전운전불이행,건조,맑음,단일로 - 기타,승용,남,24세,상해없음,승용,여,36세,상해없음
2013120100100367,2013년 12월 1일 18시,일요일,전라남도 나주시 노안면,경상사고,0,0,1,0,차대사람 - 기타,안전운전불이행,건조,맑음,단일로 - 기타,승용,남,64세,상해없음,보행자,여,19세,경상
2013120100100368,2013년 12월 1일 18시,일요일,전라남도 무안군 삼향읍,중상사고,0,1,1,0,차대차 - 측면직각충돌,신호위반,건조,맑음,교차로 - 교차로안,승용,여,27세,경상,승용,여,62세,중상
2013120100100395,2013년 12월 1일 19시,일요일,전라남도 여수시 둔덕동,경상사고,0,0,1,0,차대차 - 기타,안전운전불이행,건조,맑음,교차로 - 교차로부근,이륜,남,49세,경상,승용,남,54세,상해없음
2013120100100396,2013년 12월 1일 19시,일요일,전라남도 순천시 해룡면,경상사고,0,0,3,0,차대차 - 추돌 - 주정차중,안전운전불이행,건조,맑음,교차로 - 교차로부근,승용,남,48세,상해없음,승용,남,32세,경상
2013120100100451,2013년 12월 1일 21시,일요일,전라남도 목포시 용당동,중상사고,0,1,5,0,차대차 - 측면직각충돌,교차로운행방법위반,건조,맑음,교차로 - 교차로안,승용,여,42세,경상,승용,여,43세,경상
2013120100100470,2013년 12월 1일 22시,일요일,전라남도 여수시 신기동,경상사고,0,0,1,0,차대차 - 기타,안전운전불이행,건조,맑음,교차로 - 교차로부근,승용,남,26세,상해없음,이륜,남,27세,경상
2013120100100486,2013년 12월 1일 23시,일요일,전라남도 목포시 산정동,경상사고,0,0,3,0,차대차 - 측면직각충돌,교차로운행방법위반,건조,맑음,교차로 - 교차로안,화물,여,43세,경상,승용,남,33세,경상
2013120200100033,2013년 12월 2일 04시,월요일,전라남도 여수시 중앙동,부상신고사고,0,0,0,1,차대사람 - 길가장자리구역통행중,안전운전불이행,습기,맑음,교차로 - 교차로안,화물,남,63세,상해없음,보행자,남,46세,부상신고
2013120200100041,2013년 12월 2일 05시,월요일,전라남도 장흥군 장흥읍,경상사고,0,0,1,0,차대차 - 정면충돌,중앙선침범,건조,맑음,교차로 - 교차로부근,농기계,남,79세,상해없음,특수,남,58세,상해없음
2013120200100061,2013년 12월 2일 06시,월요일,전라남도 순천시 덕월동,중상사고,0,1,1,0,차대차 - 측면직각충돌,신호위반,건조,맑음,교차로 - 교차로안,화물,남,32세,경상,승용,남,70세,중상
2013120200100062,2013년 12월 2일 06시,월요일,전라남도 화순군 화순읍,중상사고,0,1,0,0,차대사람 - 기타,보행자보호의무위반,건조,맑음,단일로 - 횡단보도상,기타불명,기타불명,기타불명,기타불명,보행자,남,71세,중상
2013120200100091,2013년 12월 2일 07시,월요일,전라남도 목포시 석현동,중상사고,0,1,2,0,차대차 - 측면직각충돌,신호위반,건조,맑음,교차로 - 교차로안,화물,여,61세,경상,승용,남,55세,상해없음
2013120200100092,2013년 12월 2일 07시,월요일,전라남도 영광군 백수읍,경상사고,0,0,1,0,차대차 - 추돌 - 진행중,안전운전불이행,건조,맑음,단일로 - 기타,화물,남,54세,상해없음,화물,남,74세,경상
2013120200100093,2013년 12월 2일 07시,월요일,전라남도 영암군 삼호읍,중상사고,0,3,0,0,차대차 - 측면직각충돌,신호위반,건조,맑음,교차로 - 교차로안,승용,남,24세,중상,승용,남,32세,중상
2013120200100119,2013년 12월 2일 08시,월요일,전라남도 여수시 학동,경상사고,0,0,2,0,차대차 - 추돌 - 진행중,안전거리미확보,건조,맑음,단일로 - 기타,화물,남,68세,상해없음,승용,여,57세,경상
2013120200100120,2013년 12월 2일 08시,월요일,전라남도 순천시 외서면,중상사고,0,1,1,0,차대차 - 측면직각충돌,중앙선침범,건조,맑음,단일로 - 기타,화물,남,42세,상해없음,승용,여,53세,중상
2013120200100121,2013년 12월 2일 08시,월요일,전라남도 무안군 무안읍,중상사고,0,1,0,0,차대사람 - 횡단중,안전운전불이행,건조,맑음,교차로 - 교차로안,화물,남,37세,상해없음,보행자,여,50세,중상
2013120200100122,2013년 12월 2일 08시,월요일,전라남도 광양시 태인동,경상사고,0,0,2,0,차대차 - 추돌 - 주정차중,안전운전불이행,건조,맑음,교차로 - 교차로부근,승용,남,30세,상해없음,승용,여,32세,경상
2013120200100176,2013년 12월 2일 10시,월요일,전라남도 목포시 석현동,경상사고,0,0,3,0,차대차 - 기타,안전운전불이행,건조,기타,단일로 - 기타,화물,남,23세,상해없음,승용,여,36세,경상
2013120200100177,2013년 12월 2일 10시,월요일,전라남도 목포시 산정동,경상사고,0,0,5,0,차대차 - 기타,안전운전불이행,건조,기타,단일로 - 기타,승용,여,54세,경상,화물,남,41세,경상
2013120200100178,2013년 12월 2일 10시,월요일,전라남도 장성군 삼계면,중상사고,0,1,1,0,차대차 - 기타,안전운전불이행,건조,맑음,단일로 - 기타,화물,남,35세,상해없음,승용,여,55세,중상
2013120200100204,2013년 12월 2일 11시,월요일,전라남도 목포시 옥암동,중상사고,0,1,1,0,차대차 - 기타,신호위반,건조,기타,교차로 - 교차로안,승용,남,71세,상해없음,승용,남,46세,경상