사고번호,사고일시,요일,시군구,사고내용,사망자수,중상자수,경상자수,부상신고자수,사고유형,법규위반,노면상태,기상상태,도로형태,가해운전자 차종,가해운전자 성별,가해운전자 연령,가해운전자 상해정도,피해운전자 차종,피해운전자 성별,피해운전자 연령,피해운전자 상해정도
2013120600100183,2013년 12월 6일 10시,금요일,전라남도 목포시 산정동,경상사고,0,0,2,0,차대차 - 측면직각충돌,신호위반,건조,맑음,교차로 - 교차로안,승용,남,40세,상해없음,화물,남,24세,경상
2013120600100184,2013년 12월 6일 10시,금요일,전라남도 화순군 화순읍,경상사고,0,0,1,0,차대차 - 측면직각충돌,안전운전불이행,건조,맑음,교차로 - 교차로안,승용,남,54세,상해없음,승용,여,39세,경상
2013120600100185,2013년 12월 6일 10시,금요일,전라남도 완도군 고금면,사망사고,1,0,0,0,차량단독 - 도로외이탈 - 추락,안전운전불이행,건조,맑음,단일로 - 기타,농기계,남,83세,사망,,,,
2013120600100186,2013년 12월 6일 10시,금요일,전라남도 광양시 진상면,경상사고,0,0,1,0,차량단독 - 공작물충돌,안전운전불이행,건조,맑음,단일로 - 기타,화물,여,51세,경상,,,,
2013120600100216,2013년 12월 6일 11시,금요일,전라남도 여수시 둔덕동,중상사고,0,1,2,0,차대차 - 추돌 - 진행중,안전거리미확보,건조,맑음,교차로 - 교차로부근,승합,남,48세,상해없음,승용,남,21세,중상
2013120600100217,2013년 12월 6일 11시,금요일,전라남도 순천시 연향동,경상사고,0,0,3,0,차대차 - 측면직각충돌,신호위반,건조,맑음,교차로 - 교차로안,승용,남,54세,상해없음,승용,여,32세,경상
2013120600100218,2013년 12월 6일 11시,금요일,전라남도 장흥군 장평면,중상사고,0,2,0,0,차대차 - 측면직각충돌,안전운전불이행,건조,맑음,교차로 - 교차로안,화물,남,52세,상해없음,원동기,남,73세,중상
2013120600100219,2013년 12월 6일 11시,금요일,전라남도 화순군 화순읍,경상사고,0,0,7,0,차대차 - 추돌 - 주정차중,안전운전불이행,건조,맑음,교차로 - 교차로부근,화물,남,35세,상해없음,승용,남,26세,경상
2013120600100280,2013년 12월 6일 13시,금요일,전라남도 나주시 이창동,중상사고,0,1,0,0,차대차 - 기타,안전운전불이행,건조,맑음,교차로 - 교차로부근,자전거,남,71세,중상,승용,남,85세,상해없음
2013120600100281,2013년 12월 6일 13시,금요일,전라남도 영암군 신북면,경상사고,0,0,2,0,차대차 - 기타,안전거리미확보,건조,맑음,단일로 - 기타,화물,남,29세,상해없음,승용,남,34세,경상
2013120600100318,2013년 12월 6일 14시,금요일,전라남도 순천시 장천동,중상사고,0,1,0,0,차대사람 - 횡단중,안전운전불이행,건조,맑음,단일로 - 기타,승용,여,55세,상해없음,보행자,여,72세,중상
2013120600100319,2013년 12월 6일 14시,금요일,전라남도 해남군 송지면,중상사고,0,1,0,0,차대차 - 기타,안전운전불이행,건조,맑음,단일로 - 기타,승용,남,61세,상해없음,이륜,남,77세,중상
2013120600100320,2013년 12월 6일 14시,금요일,전라남도 구례군 마산면,부상신고사고,0,0,0,1,차대차 - 기타,안전운전불이행,건조,맑음,단일로 - 기타,원동기,남,54세,부상신고,승용,여,54세,상해없음
2013120600100368,2013년 12월 6일 15시,금요일,전라남도 영광군 영광읍,경상사고,0,0,1,0,차대차 - 기타,직진우회전진행방해,건조,맑음,교차로 - 교차로안,승용,남,66세,상해없음,승용,여,55세,경상
2013120600100369,2013년 12월 6일 15시,금요일,전라남도 영광군 영광읍,경상사고,0,0,2,0,차대차 - 기타,직진우회전진행방해,건조,맑음,교차로 - 교차로안,승용,남,73세,상해없음,승용,여,40세,경상
2013120600100440,2013년 12월 6일 17시,금요일,전라남도 영광군 염산면,경상사고,0,0,1,0,차대사람 - 길가장자리구역통행중,안전운전불이행,건조,맑음,단일로 - 기타,기타불명,기타불명,기타불명,기타불명,보행자,여,63세,경상
2013120600100441,2013년 12월 6일 17시,금요일,전라남도 광양시 중동,경상사고,0,0,1,0,차대차 - 추돌 - 진행중,안전운전불이행,건조,맑음,단일로 - 교량,승용,남,32세,경상,화물,남,73세,상해없음
2013120600100489,2013년 12월 6일 18시,금요일,전라남도 순천시 장천동,경상사고,0,0,1,0,차대사람 - 횡단중,안전운전불이행,건조,맑음,단일로 - 기타,화물,남,70세,상해없음,보행자,여,51세,경상
2013120600100490,2013년 12월 6일 18시,금요일,전라남도 순천시 생목동,경상사고,0,0,1,0,차대차 - 측면직각충돌,신호위반,건조,맑음,교차로 - 교차로안,승용,남,72세,상해없음,승용,남,54세,경상
2013120600100491,2013년 12월 6일 18시,금요일,전라남도 영암군 신북면,사망사고,1,1,0,0,차대사람 - 길가장자리구역통행중,안전운전불이행,건조,맑음,단일로 - 기타,승용,남,44세,상해없음,보행자,남,87세,사망
2013120600100492,2013년 12월 6일 18시,금요일,전라남도 광양시 금호동,중상사고,0,1,1,0,차대차 - 추돌 - 진행중,교차로운행방법위반,건조,맑음,교차로 - 교차로안,승용,여,31세,경상,승용,남,58세,중상
2013120600100528,2013년 12월 6일 19시,금요일,전라남도 광양시 도이동,경상사고,0,0,1,0,차대사람 - 횡단중,신호위반,건조,맑음,단일로 - 횡단보도상,승용,남,57세,상해없음,보행자,여,24세,경상
2013120600100529,2013년 12월 6일 19시,금요일,전라남도 담양군 대덕면,경상사고,0,0,2,0,차대차 - 추돌 - 진행중,안전운전불이행,건조,맑음,단일로 - 기타,화물,남,31세,상해없음,승용,여,46세,경상
2013120600100628,2013년 12월 6일 22시,금요일,전라남도 목포시 옥암동,중상사고,0,2,2,0,차대차 - 측면직각충돌,교차로운행방법위반,건조,맑음,교차로 - 교차로안,승용,남,24세,상해없음,승용,남,48세,경상
2013120700100050,2013년 12월 7일 01시,토요일,전라남도 장흥군 장흥읍,경상사고,0,0,1,0,차대차 - 측면직각충돌,교차로운행방법위반,건조,맑음,교차로 - 교차로안,승용,남,37세,기타불명,승용,남,42세,경상
2013120700100122,2013년 12월 7일 06시,토요일,전라남도 목포시 산정동,경상사고,0,0,1,0,차대사람 - 기타,안전운전불이행,건조,흐림,단일로 - 기타,승용,남,63세,상해없음,보행자,여,46세,경상
2013120700100151,2013년 12월 7일 08시,토요일,전라남도 순천시 용당동,경상사고,0,0,1,0,차대차 - 측면직각충돌,교차로운행방법위반,건조,맑음,교차로 - 교차로안,승용,여,52세,경상,승용,남,21세,상해없음
2013120700100160,2013년 12월 7일 09시,토요일,전라남도 광양시 중동,중상사고,0,2,0,1,차량단독 - 기타,안전운전불이행,건조,맑음,교차로 - 교차로부근,승용,여,53세,부상신고,,,,
2013120700100161,2013년 12월 7일 09시,토요일,전라남도 광양시 다압면,경상사고,0,0,2,0,차대차 - 측면직각충돌,직진우회전진행방해,건조,맑음,교차로 - 교차로안,원동기,남,79세,경상,화물,남,49세,상해없음
2013120700100181,2013년 12월 7일 10시,토요일,전라남도 함평군 함평읍,중상사고,0,1,0,0,차대차 - 측면직각충돌,중앙선침범,건조,맑음,단일로 - 기타,화물,남,54세,상해없음,이륜,남,57세,중상
2013120700100182,2013년 12월 7일 10시,토요일,전라남도 영암군 신북면,중상사고,0,1,0,0,차대차 - 측면직각충돌,중앙선침범,건조,맑음,단일로 - 기타,화물,남,43세,상해없음,원동기,남,45세,중상
2013120700100211,2013년 12월 7일 11시,토요일,전라남도 해남군 해남읍,경상사고,0,0,1,0,차대차 - 측면직각충돌,직진우회전진행방해,건조,맑음,교차로 - 교차로안,화물,남,62세,상해없음,이륜,남,83세,경상
2013120700100212,2013년 12월 7일 11시,토요일,전라남도 곡성군 곡성읍,경상사고,0,0,3,0,차대차 - 기타,직진우회전진행방해,건조,맑음,교차로 - 교차로안,승용,남,64세,상해없음,승용,여,35세,경상
2013120700100236,2013년 12월 7일 12시,토요일,전라남도 목포시 남교동,경상사고,0,0,1,0,차대사람 - 횡단중,안전운전불이행,건조,맑음,교차로 - 교차로안,기타불명,기타불명,기타불명,기타불명,보행자,남,2세,경상
2013120700100237,2013년 12월 7일 12시,토요일,전라남도 고흥군 도양읍,경상사고,0,0,1,0,차대차 - 기타,신호위반,건조,맑음,교차로 - 교차로안,승용,남,25세,상해없음,승용,남,68세,경상
2013120700100277,2013년 12월 7일 13시,토요일,전라남도 목포시 용해동,경상사고,0,0,3,0,차대차 - 추돌 - 주정차중,안전운전불이행,건조,맑음,교차로 - 교차로부근,화물,남,33세,상해없음,승용,남,31세,상해없음
2013120700100311,2013년 12월 7일 14시,토요일,전라남도 강진군 도암면,경상사고,0,0,2,0,차대차 - 추돌 - 진행중,안전운전불이행,건조,맑음,교차로 - 교차로부근,승용,남,28세,기타불명,승용,남,72세,경상
2013120700100339,2013년 12월 7일 15시,토요일,전라남도 고흥군 도화면,경상사고,0,0,2,0,차대차 - 기타,안전거리미확보,건조,맑음,단일로 - 기타,건설기계,남,54세,상해없음,화물,남,29세,경상
2013120700100340,2013년 12월 7일 15시,토요일,전라남도 무안군 현경면,중상사고,0,2,1,0,차대차 - 측면직각충돌,안전운전불이행,건조,맑음,교차로 - 교차로안,승합,남,44세,상해없음,화물,남,66세,중상
2013120700100370,2013년 12월 7일 16시,토요일,전라남도 보성군 조성면,사망사고,1,0,0,0,차량단독 - 공작물충돌,안전운전불이행,건조,맑음,단일로 - 기타,이륜,남,71세,사망,,,,
2013120700100398,2013년 12월 7일 17시,토요일,전라남도 고흥군 도화면,경상사고,0,0,2,0,차대차 - 기타,안전운전불이행,건조,맑음,단일로 - 기타,화물,여,58세,경상,승용,남,49세,경상
2013120700100399,2013년 12월 7일 17시,토요일,전라남도 영광군 영광읍,부상신고사고,0,0,0,1,차대차 - 추돌 - 진행중,안전거리미확보,건조,맑음,단일로 - 기타,이륜,남,71세,부상신고,승용,남,30세,상해없음
2013120700100439,2013년 12월 7일 18시,토요일,전라남도 해남군 해남읍,경상사고,0,0,1,0,차량단독 - 전도전복,안전운전불이행,건조,맑음,단일로 - 기타,화물,남,38세,상해없음,,,,
2013120700100440,2013년 12월 7일 18시,토요일,전라남도 무안군 현경면,중상사고,0,1,4,0,차대차 - 정면충돌,중앙선침범,건조,맑음,단일로 - 기타,승용,남,31세,경상,승용,남,36세,중상
2013120700100476,2013년 12월 7일 19시,토요일,전라남도 순천시 가곡동,경상사고,0,0,1,0,차대차 - 측면직각충돌,신호위반,건조,맑음,교차로 - 교차로안,승용,여,32세,상해없음,승용,남,39세,상해없음
2013120700100510,2013년 12월 7일 20시,토요일,전라남도 목포시 옥암동,사망사고,1,0,0,0,차대사람 - 횡단중,안전운전불이행,건조,기타,단일로 - 기타,승용,남,49세,상해없음,보행자,여,65세,사망
2013120700100531,2013년 12월 7일 21시,토요일,전라남도 영암군 삼호읍,경상사고,0,0,1,0,차량단독 - 기타,안전운전불이행,습기,흐림,단일로 - 기타,승용,남,31세,경상,,,,
2013120700100559,2013년 12월 7일 22시,토요일,전라남도 해남군 북평면,중상사고,0,2,2,0,차량단독 - 전도전복,안전운전불이행,건조,맑음,단일로 - 기타,승용,여,37세,중상,,,,
2013120700100592,2013년 12월 7일 23시,토요일,전라남도 해남군 문내면,경상사고,0,0,4,1,차량단독 - 전도전복,안전운전불이행,건조,맑음,교차로 - 교차로안,승용,남,56세,부상신고,,,,
2013120700100593,2013년 12월 7일 23시,토요일,전라남도 장성군 장성읍,경상사고,0,0,1,0,차량단독 - 공작물충돌,안전운전불이행,건조,맑음,교차로 - 교차로부근,승용,남,45세,경상,,,,
2013120800100132,2013년 12월 8일 07시,일요일,전라남도 나주시 송월동,경상사고,0,0,2,0,차대차 - 측면직각충돌,신호위반,건조,맑음,교차로 - 교차로안,화물,남,53세,상해없음,승합,남,56세,경상
2013120800100158,2013년 12월 8일 09시,일요일,전라남도 곡성군 겸면,경상사고,0,0,4,0,차대차 - 기타,신호위반,습기,안개,교차로 - 교차로안,화물,남,65세,상해없음,승용,남,41세,경상
2013120800100185,2013년 12월 8일 11시,일요일,전라남도 화순군 화순읍,경상사고,0,0,1,0,차대사람 - 차도통행중,안전운전불이행,건조,맑음,단일로 - 기타,승용,남,41세,상해없음,보행자,여,66세,경상
2013120800100186,2013년 12월 8일 11시,일요일,전라남도 강진군 강진읍,경상사고,0,0,1,0,차대차 - 측면직각충돌,직진우회전진행방해,건조,맑음,교차로 - 교차로안,화물,남,40세,상해없음,화물,남,65세,상해없음
2013120800100187,2013년 12월 8일 11시,일요일,전라남도 담양군 봉산면,경상사고,0,0,2,0,차대차 - 측면직각충돌,안전운전불이행,건조,맑음,교차로 - 교차로부근,승용,남,28세,상해없음,화물,남,52세,상해없음
2013120800100205,2013년 12월 8일 12시,일요일,전라남도 광양시 중동,중상사고,0,3,1,0,차대차 - 측면직각충돌,직진우회전진행방해,건조,맑음,교차로 - 교차로안,승용,남,58세,중상,승용,남,42세,중상
2013120800100252,2013년 12월 8일 14시,일요일,전라남도 담양군 담양읍,경상사고,0,0,1,0,차대차 - 측면직각충돌,교차로운행방법위반,건조,맑음,교차로 - 교차로안,원동기,남,63세,경상,승용,남,54세,상해없음
2013120800100286,2013년 12월 8일 15시,일요일,전라남도 함평군 나산면,중상사고,0,1,1,0,차대차 - 추돌 - 진행중,안전운전불이행,건조,맑음,단일로 - 기타,화물,남,56세,경상,승용,남,71세,중상
2013120800100313,2013년 12월 8일 16시,일요일,전라남도 구례군 구례읍,경상사고,0,0,1,0,차대차 - 추돌 - 진행중,안전운전불이행,건조,맑음,교차로 - 교차로부근,승용,여,51세,상해없음,승용,여,50세,경상
2013120800100342,2013년 12월 8일 17시,일요일,전라남도 여수시 돌산읍,중상사고,0,1,0,0,차대사람 - 기타,안전운전불이행,건조,맑음,단일로 - 기타,화물,남,52세,상해없음,보행자,여,66세,중상
2013120800100343,2013년 12월 8일 17시,일요일,전라남도 해남군 문내면,경상사고,0,0,1,0,차대사람 - 횡단중,안전운전불이행,건조,맑음,단일로 - 기타,승합,남,55세,상해없음,보행자,남,13세,경상
2013120800100344,2013년 12월 8일 17시,일요일,전라남도 담양군 대전면,경상사고,0,0,4,0,차대차 - 정면충돌,안전운전불이행,건조,흐림,단일로 - 기타,승합,여,45세,상해없음,승용,남,59세,상해없음
2013120800100345,2013년 12월 8일 17시,일요일,전라남도 광양시 광양읍,경상사고,0,0,2,0,차대차 - 추돌 - 진행중,안전운전불이행,건조,맑음,단일로 - 기타,승용,남,30세,경상,승용,남,30세,경상
2013120800100390,2013년 12월 8일 18시,일요일,전라남도 순천시 해룡면,경상사고,0,0,1,0,차량단독 - 공작물충돌,안전운전불이행,건조,맑음,단일로 - 기타,화물,남,55세,상해없음,,,,
2013120800100391,2013년 12월 8일 18시,일요일,전라남도 장성군 삼서면,경상사고,0,0,1,0,차대차 - 기타,교차로운행방법위반,건조,맑음,교차로 - 교차로안,승용,남,25세,상해없음,승용,남,39세,경상
2013120800100393,2013년 12월 8일 18시,일요일,전라남도 무안군 무안읍,경상사고,0,0,4,0,차대차 - 측면직각충돌,안전운전불이행,건조,맑음,교차로 - 교차로안,승용,여,25세,경상,승용,여,55세,경상
2013120800100394,2013년 12월 8일 18시,일요일,전라남도 광양시 광양읍,중상사고,0,1,4,0,차대차 - 측면직각충돌,신호위반,건조,맑음,교차로 - 교차로안,화물,남,33세,상해없음,승용,남,39세,경상
2013120800100427,2013년 12월 8일 19시,일요일,전라남도 순천시 용당동,경상사고,0,0,2,0,차대사람 - 횡단중,보행자보호의무위반,건조,맑음,교차로 - 교차로부근,승용,남,32세,상해없음,보행자,남,48세,경상
2013120800100428,2013년 12월 8일 19시,일요일,전라남도 순천시 연향동,경상사고,0,0,1,0,차대차 - 기타,안전운전불이행,건조,맑음,단일로 - 기타,원동기,남,17세,경상,승용,여,43세,상해없음
2013120800100458,2013년 12월 8일 20시,일요일,전라남도 목포시 용해동,경상사고,0,0,1,0,차대차 - 기타,안전운전불이행,건조,맑음,단일로 - 기타,승용,남,45세,상해없음,승용,여,56세,경상
2013120800100459,2013년 12월 8일 20시,일요일,전라남도 장성군 북일면,경상사고,0,0,1,0,차대차 - 기타,직진우회전진행방해,건조,맑음,교차로 - 교차로안,이륜,남,16세,상해없음,승용,여,65세,기타불명
2013120800100480,2013년 12월 8일 21시,일요일,전라남도 목포시 용당동,중상사고,0,1,0,0,차대차 - 기타,교차로운행방법위반,건조,맑음,교차로 - 교차로안,승합,남,44세,상해없음,이륜,남,19세,중상
2013120900100060,2013년 12월 9일 06시,월요일,전라남도 목포시 동명동,경상사고,0,0,2,0,차대차 - 기타,안전운전불이행,건조,맑음,단일로 - 기타,승용,남,50세,경상,화물,남,38세,경상
2013120900100061,2013년 12월 9일 06시,월요일,전라남도 여수시 군자동,부상신고사고,0,0,0,1,차량단독 - 공작물충돌,안전운전불이행,건조,맑음,단일로 - 기타,이륜,남,60세,부상신고,,,,
2013120900100089,2013년 12월 9일 07시,월요일,전라남도 순천시 교량동,경상사고,0,0,2,0,차대차 - 추돌 - 주정차중,안전운전불이행,건조,맑음,단일로 - 기타,화물,남,47세,기타불명,승용,남,40세,경상
2013120900100119,2013년 12월 9일 08시,월요일,전라남도 목포시 산정동,부상신고사고,0,0,0,1,차대사람 - 횡단중,보행자보호의무위반,건조,맑음,교차로 - 교차로부근,기타불명,기타불명,기타불명,기타불명,보행자,남,19세,부상신고
2013120900100206,2013년 12월 9일 11시,월요일,전라남도 나주시 남평읍,중상사고,0,1,0,0,차량단독 - 공작물충돌,안전운전불이행,건조,흐림,단일로 - 기타,특수,남,43세,중상,,,,
2013120900100207,2013년 12월 9일 11시,월요일,전라남도 화순군 동면,중상사고,0,1,1,0,차대차 - 정면충돌,중앙선침범,건조,맑음,단일로 - 기타,승용,남,54세,상해없음,승용,남,60세,경상
2013120900100208,2013년 12월 9일 11시,월요일,전라남도 무안군 무안읍,경상사고,0,0,2,0,차대차 - 측면직각충돌,직진우회전진행방해,건조,맑음,교차로 - 교차로안,화물,남,49세,경상,화물,남,65세,상해없음
2013120900100234,2013년 12월 9일 12시,월요일,전라남도 여수시 국동,경상사고,0,0,1,0,차대차 - 기타,안전운전불이행,건조,맑음,교차로 - 교차로안,승용,남,65세,상해없음,승용,남,33세,경상
2013120900100235,2013년 12월 9일 12시,월요일,전라남도 고흥군 도덕면,경상사고,0,0,2,0,차대차 - 측면직각충돌,직진우회전진행방해,습기,비,교차로 - 교차로안,승용,남,55세,상해없음,화물,남,29세,경상
2013120900100259,2013년 12월 9일 13시,월요일,전라남도 여수시 화양면,중상사고,0,1,0,0,차량단독 - 도로외이탈 - 추락,안전운전불이행,습기,비,단일로 - 기타,승용,남,46세,상해없음,,,,
2013120900100260,2013년 12월 9일 13시,월요일,전라남도 보성군 보성읍,중상사고,0,1,1,0,차대차 - 측면직각충돌,안전운전불이행,습기,흐림,단일로 - 기타,승용,남,46세,상해없음,원동기,남,16세,중상
2013120900100261,2013년 12월 9일 13시,월요일,전라남도 화순군 화순읍,경상사고,0,0,4,0,차대차 - 측면직각충돌,신호위반,습기,비,교차로 - 교차로안,승용,남,68세,경상,화물,남,30세,경상
2013120900100282,2013년 12월 9일 14시,월요일,전라남도 목포시 산정동,중상사고,0,1,0,0,차대차 - 기타,신호위반,건조,맑음,교차로 - 교차로안,승용,남,56세,상해없음,승용,남,60세,중상
2013120900100283,2013년 12월 9일 14시,월요일,전라남도 여수시 율촌면,경상사고,0,0,1,0,차대차 - 기타,안전운전불이행,건조,맑음,단일로 - 기타,화물,남,62세,상해없음,화물,여,57세,경상
2013120900100387,2013년 12월 9일 17시,월요일,전라남도 영암군 도포면,경상사고,0,0,2,0,차대차 - 측면직각충돌,직진우회전진행방해,습기,맑음,교차로 - 교차로안,승용,여,50세,경상,화물,남,40세,경상
2013120900100388,2013년 12월 9일 17시,월요일,전라남도 강진군 성전면,경상사고,0,0,1,0,차대차 - 측면직각충돌,직진우회전진행방해,건조,맑음,교차로 - 교차로안,승용,남,60세,상해없음,승용,여,33세,경상
2013120900100389,2013년 12월 9일 17시,월요일,전라남도 무안군 무안읍,중상사고,0,1,0,0,차대사람 - 차도통행중,안전운전불이행,건조,맑음,단일로 - 기타,승합,남,39세,상해없음,보행자,남,74세,중상
2013120900100506,2013년 12월 9일 19시,월요일,전라남도 여수시 국동,경상사고,0,0,1,0,차대차 - 측면직각충돌,안전운전불이행,건조,맑음,교차로 - 교차로부근,승용,남,60세,상해없음,승용,여,34세,경상
2013120900100507,2013년 12월 9일 19시,월요일,전라남도 담양군 고서면,경상사고,0,0,6,0,차대차 - 측면직각충돌,안전운전불이행,습기,흐림,단일로 - 기타,승용,여,54세,경상,승용,여,29세,경상
2013120900100583,2013년 12월 9일 21시,월요일,전라남도 보성군 보성읍,중상사고,0,1,0,0,차대사람 - 차도통행중,안전운전불이행,습기,흐림,단일로 - 기타,승용,여,27세,상해없음,보행자,남,47세,중상
2013120900100633,2013년 12월 9일 23시,월요일,전라남도 순천시 연향동,경상사고,0,0,3,0,차대차 - 측면직각충돌,직진우회전진행방해,건조,맑음,교차로 - 교차로안,승용,여,47세,경상,승용,남,35세,경상
2013120900100634,2013년 12월 9일 23시,월요일,전라남도 순천시 풍덕동,경상사고,0,0,2,0,차대차 - 기타,신호위반,건조,맑음,교차로 - 교차로안,승용,여,55세,상해없음,승용,남,57세,경상
2013121000100021,2013년 12월 10일 01시,화요일,전라남도 광양시 성황동,중상사고,0,1,0,0,차량단독 - 공작물충돌,안전운전불이행,건조,흐림,단일로 - 기타,승용,남,23세,중상,,,,
2013121000100045,2013년 12월 10일 05시,화요일,전라남도 순천시 남정동,중상사고,0,1,0,0,차대사람 - 횡단중,안전운전불이행,건조,맑음,단일로 - 기타,승용,남,37세,상해없음,보행자,여,61세,중상
2013121000100058,2013년 12월 10일 06시,화요일,전라남도 고흥군 도양읍,경상사고,0,0,1,0,차대차 - 측면직각충돌,안전운전불이행,건조,맑음,교차로 - 교차로안,화물,남,61세,상해없음,승용,여,41세,경상
2013121000100102,2013년 12월 10일 08시,화요일,전라남도 목포시 용당동,경상사고,0,0,1,0,차대차 - 측면직각충돌,안전운전불이행,건조,맑음,교차로 - 교차로부근,기타불명,기타불명,기타불명,기타불명,자전거,남,17세,경상
2013121000100103,2013년 12월 10일 08시,화요일,전라남도 나주시 성북동,경상사고,0,0,1,0,차대차 - 측면직각충돌,안전운전불이행,건조,맑음,단일로 - 기타,승용,여,40세,상해없음,승합,남,62세,상해없음
2013121000100119,2013년 12월 10일 09시,화요일,전라남도 광양시 마동,중상사고,0,1,0,1,차대차 - 측면직각충돌,직진우회전진행방해,건조,맑음,교차로 - 교차로안,승용,남,60세,부상신고,승용,남,45세,중상
2013121000100136,2013년 12월 10일 10시,화요일,전라남도 목포시 상동,경상사고,0,0,4,0,차대차 - 추돌 - 진행중,교차로운행방법위반,건조,맑음,교차로 - 교차로안,승용,남,71세,경상,승용,남,55세,경상
2013121000100137,2013년 12월 10일 10시,화요일,전라남도 영암군 시종면,경상사고,0,0,2,0,차대차 - 측면직각충돌,중앙선침범,건조,맑음,단일로 - 기타,화물,남,53세,상해없음,원동기,남,70세,경상
2013121000100159,2013년 12월 10일 11시,화요일,전라남도 나주시 송월동,경상사고,0,0,3,0,차대차 - 기타,안전운전불이행,건조,맑음,교차로 - 교차로안,승용,남,23세,경상,화물,남,48세,경상
2013121000100160,2013년 12월 10일 11시,화요일,전라남도 영암군 군서면,중상사고,0,1,0,0,차대차 - 측면직각충돌,직진우회전진행방해,건조,맑음,교차로 - 교차로안,이륜,남,56세,상해없음,이륜,남,71세,중상
2013121000100199,2013년 12월 10일 13시,화요일,전라남도 여수시 국동,경상사고,0,0,2,0,차대차 - 기타,안전운전불이행,건조,맑음,단일로 - 기타,승용,남,51세,상해없음,승용,남,57세,경상
2013121000100200,2013년 12월 10일 13시,화요일,전라남도 진도군 진도읍,경상사고,0,0,1,0,차대사람 - 기타,안전운전불이행,건조,맑음,교차로 - 교차로부근,기타불명,기타불명,기타불명,기타불명,보행자,남,13세,경상
2013121000100302,2013년 12월 10일 17시,화요일,전라남도 목포시 산정동,경상사고,0,0,2,0,차대차 - 측면직각충돌,직진우회전진행방해,건조,맑음,교차로 - 교차로안,승용,남,60세,경상,승용,남,45세,경상
2013121000100338,2013년 12월 10일 18시,화요일,전라남도 목포시 산정동,중상사고,0,1,0,0,차대사람 - 기타,안전운전불이행,건조,맑음,단일로 - 횡단보도부근,승용,남,62세,상해없음,보행자,남,55세,중상
2013121000100339,2013년 12월 10일 18시,화요일,전라남도 장흥군 장흥읍,경상사고,0,0,1,0,차대차 - 기타,교차로운행방법위반,건조,맑음,교차로 - 교차로안,승용,남,74세,기타불명,승용,남,52세,경상
2013121000100379,2013년 12월 10일 19시,화요일,전라남도 목포시 용해동,경상사고,0,0,1,0,차대차 - 추돌 - 진행중,안전거리미확보,건조,맑음,단일로 - 기타,승용,남,67세,상해없음,승용,남,41세,상해없음
2013121000100380,2013년 12월 10일 19시,화요일,전라남도 여수시 학동,중상사고,0,1,0,0,차량단독 - 공작물충돌,안전운전불이행,건조,맑음,교차로 - 교차로안,승용,남,45세,상해없음,,,,
2013121000100381,2013년 12월 10일 19시,화요일,전라남도 여수시 여서동,경상사고,0,0,3,1,차대차 - 측면직각충돌,교차로운행방법위반,건조,맑음,교차로 - 교차로부근,승용,여,50세,부상신고,승용,남,33세,경상
2013121000100382,2013년 12월 10일 19시,화요일,전라남도 광양시 광양읍,경상사고,0,0,1,0,차대차 - 측면직각충돌,안전운전불이행,건조,기타,교차로 - 교차로부근,승용,남,18세,상해없음,승용,여,59세,경상
2013121000100413,2013년 12월 10일 20시,화요일,전라남도 나주시 중앙동,경상사고,0,0,1,0,차대차 - 기타,직진우회전진행방해,건조,맑음,교차로 - 교차로안,승용,여,29세,상해없음,승합,남,54세,상해없음
2013121000100448,2013년 12월 10일 21시,화요일,전라남도 순천시 매곡동,중상사고,0,1,0,0,차대차 - 추돌 - 진행중,안전운전불이행,건조,맑음,교차로 - 교차로부근,승용,남,50세,상해없음,이륜,남,70세,중상
2013121000100449,2013년 12월 10일 21시,화요일,전라남도 광양시 중동,경상사고,0,0,3,0,차대차 - 추돌 - 진행중,안전운전불이행,건조,기타,단일로 - 기타,승용,남,39세,상해없음,승용,남,26세,경상
2013121000100474,2013년 12월 10일 22시,화요일,전라남도 화순군 화순읍,경상사고,0,0,1,0,차대사람 - 기타,안전운전불이행,건조,맑음,단일로 - 기타,승용,남,59세,상해없음,보행자,여,45세,경상
2013121000100507,2013년 12월 10일 23시,화요일,전라남도 완도군 노화읍,부상신고사고,0,0,0,1,차량단독 - 공작물충돌,안전운전불이행,건조,맑음,단일로 - 기타,화물,남,47세,부상신고,,,,
2013121100100029,2013년 12월 11일 01시,수요일,전라남도 여수시 학동,경상사고,0,0,1,0,차대차 - 추돌 - 진행중,안전운전불이행,건조,맑음,단일로 - 기타,승용,남,28세,상해없음,승용,남,26세,경상
2013121100100047,2013년 12월 11일 03시,수요일,전라남도 여수시 학동,경상사고,0,0,1,0,차대차 - 측면직각충돌,안전운전불이행,건조,맑음,교차로 - 교차로안,승용,여,31세,상해없음,승용,남,21세,경상
2013121100100063,2013년 12월 11일 05시,수요일,전라남도 영암군 삼호읍,중상사고,0,1,0,0,차대차 - 추돌 - 주정차중,안전운전불이행,습기,비,교차로 - 교차로부근,화물,남,46세,상해없음,승용,남,61세,중상
2013121100100123,2013년 12월 11일 07시,수요일,전라남도 광양시 광양읍,중상사고,0,1,0,0,차대사람 - 기타,안전운전불이행,건조,맑음,단일로 - 기타,승합,남,55세,상해없음,보행자,여,71세,중상