사고번호,사고일시,요일,시군구,사고내용,사망자수,중상자수,경상자수,부상신고자수,사고유형,법규위반,노면상태,기상상태,도로형태,가해운전자 차종,가해운전자 성별,가해운전자 연령,가해운전자 상해정도,피해운전자 차종,피해운전자 성별,피해운전자 연령,피해운전자 상해정도
2013121100100166,2013년 12월 11일 08시,수요일,전라남도 목포시 상동,중상사고,0,2,5,0,차대차 - 측면직각충돌,신호위반,건조,맑음,교차로 - 교차로안,승용,남,38세,경상,승용,남,45세,중상
2013121100100167,2013년 12월 11일 08시,수요일,전라남도 장흥군 장흥읍,중상사고,0,1,0,0,차대차 - 측면직각충돌,교차로운행방법위반,습기,흐림,교차로 - 교차로안,화물,남,53세,상해없음,자전거,남,74세,중상
2013121100100204,2013년 12월 11일 09시,수요일,전라남도 영광군 법성면,경상사고,0,0,1,0,차대차 - 기타,안전운전불이행,건조,맑음,교차로 - 교차로안,화물,여,67세,상해없음,이륜,남,63세,경상
2013121100100205,2013년 12월 11일 09시,수요일,전라남도 장성군 삼계면,중상사고,0,1,0,1,차대차 - 추돌 - 진행중,안전운전불이행,습기,눈,단일로 - 기타,이륜,남,74세,부상신고,화물,남,71세,기타불명
2013121100100230,2013년 12월 11일 10시,수요일,전라남도 영암군 영암읍,경상사고,0,0,2,0,차대차 - 측면직각충돌,중앙선침범,습기,흐림,단일로 - 교량,화물,남,74세,상해없음,이륜,남,82세,경상
2013121100100231,2013년 12월 11일 10시,수요일,전라남도 완도군 노화읍,경상사고,0,0,1,0,차대차 - 추돌 - 진행중,안전운전불이행,건조,맑음,단일로 - 기타,화물,남,70세,상해없음,화물,남,58세,경상
2013121100100282,2013년 12월 11일 12시,수요일,전라남도 순천시 동외동,경상사고,0,0,2,0,차대차 - 추돌 - 진행중,직진우회전진행방해,건조,맑음,교차로 - 교차로안,화물,남,77세,경상,승합,남,39세,경상
2013121100100283,2013년 12월 11일 12시,수요일,전라남도 무안군 현경면,경상사고,0,0,1,0,차대차 - 추돌 - 주정차중,안전운전불이행,건조,맑음,단일로 - 기타,화물,남,52세,상해없음,승용,여,34세,경상
2013121100100311,2013년 12월 11일 13시,수요일,전라남도 나주시 남평읍,경상사고,0,0,1,0,차대차 - 기타,안전운전불이행,건조,흐림,교차로 - 교차로안,건설기계,남,32세,상해없음,승용,남,72세,경상
2013121100100312,2013년 12월 11일 13시,수요일,전라남도 담양군 담양읍,경상사고,0,0,4,0,차대차 - 측면직각충돌,안전운전불이행,건조,흐림,교차로 - 교차로안,화물,남,52세,상해없음,승합,남,54세,경상
2013121100100313,2013년 12월 11일 13시,수요일,전라남도 광양시 마동,경상사고,0,0,1,0,차대차 - 측면직각충돌,교차로운행방법위반,건조,맑음,교차로 - 교차로안,승용,남,25세,상해없음,원동기,남,56세,경상
2013121100100337,2013년 12월 11일 14시,수요일,전라남도 여수시 오림동,경상사고,0,0,1,0,차대차 - 추돌 - 주정차중,안전거리미확보,건조,맑음,교차로 - 교차로부근,승용,남,22세,상해없음,승용,남,51세,경상
2013121100100338,2013년 12월 11일 14시,수요일,전라남도 광양시 광양읍,경상사고,0,0,1,0,차량단독 - 전도전복,안전운전불이행,건조,맑음,기타 - 기타,건설기계,남,42세,경상,,,,
2013121100100364,2013년 12월 11일 15시,수요일,전라남도 고흥군 봉래면,중상사고,0,1,0,0,차량단독 - 전도전복,안전운전불이행,건조,맑음,기타 - 기타,원동기,남,83세,중상,,,,
2013121100100398,2013년 12월 11일 16시,수요일,전라남도 나주시 금성동,경상사고,0,0,2,0,차대차 - 기타,직진우회전진행방해,습기,눈,교차로 - 교차로안,승용,여,59세,경상,화물,남,49세,상해없음
2013121100100425,2013년 12월 11일 17시,수요일,전라남도 나주시 성북동,사망사고,1,0,0,0,차대사람 - 기타,안전운전불이행,습기,눈,교차로 - 교차로부근,승합,남,54세,상해없음,보행자,여,12세,사망
2013121100100471,2013년 12월 11일 18시,수요일,전라남도 목포시 연산동,경상사고,0,0,1,0,차대사람 - 길가장자리구역통행중,안전운전불이행,습기,눈,단일로 - 기타,승용,남,46세,상해없음,보행자,남,73세,경상
2013121100100472,2013년 12월 11일 18시,수요일,전라남도 고흥군 포두면,경상사고,0,0,1,0,차대차 - 기타,안전거리미확보,건조,맑음,단일로 - 기타,승용,여,45세,상해없음,원동기,남,60세,경상
2013121100100473,2013년 12월 11일 18시,수요일,전라남도 영광군 대마면,중상사고,0,1,0,0,차대사람 - 기타,안전운전불이행,건조,맑음,단일로 - 기타,승용,남,52세,상해없음,보행자,여,79세,중상
2013121100100474,2013년 12월 11일 18시,수요일,전라남도 화순군 화순읍,중상사고,0,1,0,0,차대사람 - 기타,안전운전불이행,건조,맑음,교차로 - 교차로안,승용,남,32세,상해없음,보행자,남,69세,중상
2013121100100475,2013년 12월 11일 18시,수요일,전라남도 영암군 서호면,중상사고,0,1,0,0,차대차 - 기타,중앙선침범,습기,비,단일로 - 기타,승용,남,49세,상해없음,화물,남,42세,중상
2013121100100476,2013년 12월 11일 18시,수요일,전라남도 담양군 수북면,경상사고,0,0,3,0,차대차 - 추돌 - 진행중,안전운전불이행,건조,맑음,교차로 - 교차로부근,승용,남,63세,상해없음,승용,여,37세,경상
2013121100100512,2013년 12월 11일 19시,수요일,전라남도 나주시 이창동,경상사고,0,0,2,0,차대차 - 기타,신호위반,습기,눈,교차로 - 교차로안,승용,남,55세,경상,승합,남,62세,상해없음
2013121100100513,2013년 12월 11일 19시,수요일,전라남도 강진군 마량면,경상사고,0,0,1,0,차량단독 - 공작물충돌,안전운전불이행,건조,맑음,단일로 - 기타,화물,남,47세,경상,,,,
2013121100100582,2013년 12월 11일 21시,수요일,전라남도 신안군 암태면,중상사고,0,1,0,0,차량단독 - 공작물충돌,안전운전불이행,습기,눈,단일로 - 기타,승용,남,67세,기타불명,,,,
2013121100100583,2013년 12월 11일 21시,수요일,전라남도 순천시 해룡면,경상사고,0,0,1,0,차대차 - 기타,안전운전불이행,건조,맑음,단일로 - 기타,승용,남,61세,상해없음,승용,남,33세,상해없음
2013121100100604,2013년 12월 11일 22시,수요일,전라남도 광양시 중동,경상사고,0,0,2,0,차대차 - 추돌 - 주정차중,안전운전불이행,건조,맑음,교차로 - 교차로부근,승용,여,44세,경상,승용,남,48세,기타불명
2013121200100030,2013년 12월 12일 01시,목요일,전라남도 순천시 석현동,경상사고,0,0,3,0,차대차 - 기타,안전운전불이행,건조,맑음,교차로 - 교차로안,승용,여,32세,상해없음,승용,남,61세,경상
2013121200100074,2013년 12월 12일 05시,목요일,전라남도 영암군 삼호읍,중상사고,0,1,1,0,차대차 - 기타,안전운전불이행,결빙,기타,단일로 - 교량,승용,남,41세,경상,화물,남,41세,중상
2013121200100085,2013년 12월 12일 06시,목요일,전라남도 목포시 산정동,경상사고,0,0,1,0,차대차 - 기타,안전운전불이행,결빙,흐림,단일로 - 기타,화물,남,62세,상해없음,승용,남,62세,경상
2013121200100086,2013년 12월 12일 06시,목요일,전라남도 영암군 학산면,경상사고,0,0,1,0,차대차 - 기타,안전운전불이행,결빙,맑음,단일로 - 기타,승용,여,41세,경상,화물,남,37세,상해없음
2013121200100087,2013년 12월 12일 06시,목요일,전라남도 영암군 삼호읍,중상사고,0,1,1,0,차대차 - 정면충돌,중앙선침범,결빙,흐림,단일로 - 기타,승용,남,46세,경상,승용,남,47세,중상
2013121200100099,2013년 12월 12일 07시,목요일,전라남도 목포시 죽교동,경상사고,0,0,2,0,차대차 - 측면직각충돌,직진우회전진행방해,습기,흐림,교차로 - 교차로안,화물,남,36세,경상,승용,남,62세,상해없음
2013121200100100,2013년 12월 12일 07시,목요일,전라남도 영암군 삼호읍,중상사고,0,1,0,0,차대차 - 기타,안전운전불이행,결빙,맑음,단일로 - 기타,승용,남,41세,상해없음,승용,남,41세,중상
2013121200100101,2013년 12월 12일 07시,목요일,전라남도 무안군 청계면,경상사고,0,0,5,0,차대차 - 측면직각충돌,안전운전불이행,결빙,눈,교차로 - 교차로안,승용,여,36세,경상,승용,남,44세,경상
2013121200100123,2013년 12월 12일 08시,목요일,전라남도 목포시 상동,경상사고,0,0,1,0,차대차 - 기타,안전운전불이행,결빙,흐림,교차로 - 교차로부근,승용,여,42세,상해없음,승용,남,41세,경상
2013121200100124,2013년 12월 12일 08시,목요일,전라남도 고흥군 도양읍,경상사고,0,0,1,0,차대사람 - 기타,안전운전불이행,건조,맑음,기타 - 기타,화물,남,50세,상해없음,보행자,여,65세,경상
2013121200100125,2013년 12월 12일 08시,목요일,전라남도 해남군 화원면,경상사고,0,0,2,0,차대차 - 기타,안전운전불이행,결빙,흐림,교차로 - 교차로부근,화물,남,47세,상해없음,승용,남,55세,경상
2013121200100126,2013년 12월 12일 08시,목요일,전라남도 함평군 학교면,경상사고,0,0,1,0,차대차 - 측면직각충돌,안전운전불이행,결빙,흐림,단일로 - 교량,화물,남,62세,상해없음,승용,여,32세,경상
2013121200100163,2013년 12월 12일 09시,목요일,전라남도 해남군 문내면,중상사고,0,1,0,0,차량단독 - 공작물충돌,안전운전불이행,결빙,흐림,단일로 - 교량,화물,남,61세,상해없음,,,,
2013121200100164,2013년 12월 12일 09시,목요일,전라남도 해남군 산이면,중상사고,0,1,0,1,차량단독 - 전도전복,안전운전불이행,결빙,눈,단일로 - 기타,화물,남,52세,부상신고,,,,
2013121200100165,2013년 12월 12일 09시,목요일,전라남도 강진군 강진읍,경상사고,0,0,3,0,차대차 - 정면충돌,중앙선침범,기타,맑음,단일로 - 기타,승용,남,60세,상해없음,승용,여,43세,경상
2013121200100166,2013년 12월 12일 09시,목요일,전라남도 광양시 중동,경상사고,0,0,2,1,차대차 - 측면직각충돌,직진우회전진행방해,건조,맑음,교차로 - 교차로안,승용,여,49세,부상신고,승용,남,46세,경상
2013121200100208,2013년 12월 12일 11시,목요일,전라남도 여수시 소라면,중상사고,0,1,1,0,차대차 - 측면직각충돌,교차로운행방법위반,건조,맑음,교차로 - 교차로안,승용,남,54세,중상,건설기계,남,54세,경상
2013121200100209,2013년 12월 12일 11시,목요일,전라남도 나주시 공산면,부상신고사고,0,0,0,1,차량단독 - 전도전복,안전운전불이행,건조,맑음,단일로 - 기타,원동기,남,77세,부상신고,,,,
2013121200100210,2013년 12월 12일 11시,목요일,전라남도 강진군 작천면,경상사고,0,0,1,0,차량단독 - 공작물충돌,안전운전불이행,습기,맑음,단일로 - 기타,화물,남,45세,상해없음,,,,
2013121200100228,2013년 12월 12일 12시,목요일,전라남도 광양시 진월면,부상신고사고,0,0,0,1,차대차 - 정면충돌,교차로운행방법위반,건조,맑음,교차로 - 교차로안,원동기,남,79세,부상신고,화물,남,56세,상해없음
2013121200100283,2013년 12월 12일 14시,목요일,전라남도 진도군 의신면,경상사고,0,0,2,0,차대차 - 기타,안전운전불이행,기타,맑음,기타 - 기타,승용,남,71세,상해없음,화물,남,45세,경상
2013121200100303,2013년 12월 12일 15시,목요일,전라남도 목포시 연산동,경상사고,0,0,1,0,차대사람 - 길가장자리구역통행중,안전운전불이행,건조,맑음,단일로 - 기타,승용,남,33세,기타불명,보행자,여,7세,경상
2013121200100327,2013년 12월 12일 16시,목요일,전라남도 목포시 옥암동,중상사고,0,1,0,0,차대차 - 기타,안전운전불이행,건조,맑음,단일로 - 기타,승용,여,51세,상해없음,자전거,여,44세,중상
2013121200100354,2013년 12월 12일 17시,목요일,전라남도 목포시 대성동,사망사고,1,0,0,0,차대사람 - 횡단중,안전운전불이행,건조,맑음,단일로 - 기타,승합,남,51세,상해없음,보행자,여,80세,사망
2013121200100355,2013년 12월 12일 17시,목요일,전라남도 순천시 연향동,경상사고,0,0,1,0,차대차 - 기타,직진우회전진행방해,건조,맑음,교차로 - 교차로부근,승합,남,46세,상해없음,승용,남,52세,경상
2013121200100356,2013년 12월 12일 17시,목요일,전라남도 곡성군 옥과면,경상사고,0,0,1,0,차대사람 - 기타,안전운전불이행,습기,비,기타 - 기타,승합,남,42세,상해없음,보행자,여,18세,경상
2013121200100357,2013년 12월 12일 17시,목요일,전라남도 광양시 중동,중상사고,0,1,0,0,차대사람 - 횡단중,안전운전불이행,건조,맑음,교차로 - 교차로부근,승용,여,29세,상해없음,보행자,여,6세,중상
2013121200100392,2013년 12월 12일 18시,목요일,전라남도 목포시 옥암동,경상사고,0,0,2,0,차대차 - 추돌 - 진행중,안전운전불이행,건조,맑음,교차로 - 교차로부근,승용,남,43세,상해없음,승용,남,47세,경상
2013121200100393,2013년 12월 12일 18시,목요일,전라남도 여수시 광무동,경상사고,0,0,5,0,차대차 - 추돌 - 주정차중,안전운전불이행,건조,맑음,단일로 - 기타,승용,남,56세,경상,승용,남,34세,경상
2013121200100394,2013년 12월 12일 18시,목요일,전라남도 순천시 조례동,경상사고,0,0,1,0,차대사람 - 횡단중,안전운전불이행,건조,맑음,단일로 - 기타,승용,여,48세,상해없음,보행자,남,4세,경상
2013121200100395,2013년 12월 12일 18시,목요일,전라남도 영암군 학산면,경상사고,0,0,2,0,차대차 - 측면직각충돌,직진우회전진행방해,건조,맑음,교차로 - 교차로안,화물,남,49세,경상,화물,남,38세,경상
2013121200100488,2013년 12월 12일 21시,목요일,전라남도 목포시 연산동,경상사고,0,0,1,0,차대차 - 기타,안전운전불이행,건조,기타,단일로 - 기타,승용,남,31세,상해없음,승용,남,32세,경상
2013121200100489,2013년 12월 12일 21시,목요일,전라남도 순천시 석현동,경상사고,0,0,1,0,차대차 - 기타,안전운전불이행,기타,기타,단일로 - 기타,승용,여,45세,상해없음,이륜,남,21세,경상
2013121200100520,2013년 12월 12일 22시,목요일,전라남도 순천시 장천동,중상사고,0,1,0,0,차대차 - 측면직각충돌,신호위반,습기,흐림,교차로 - 교차로안,승용,남,58세,상해없음,이륜,남,47세,중상
2013121200100521,2013년 12월 12일 22시,목요일,전라남도 순천시 장천동,경상사고,0,0,4,0,차대차 - 추돌 - 진행중,안전운전불이행,건조,맑음,교차로 - 교차로부근,승용,남,60세,기타불명,승용,여,41세,경상
2013121300100048,2013년 12월 13일 03시,금요일,전라남도 광양시 중군동,중상사고,0,2,1,1,차대차 - 추돌 - 진행중,안전운전불이행,건조,맑음,단일로 - 기타,승용,여,22세,부상신고,승용,남,46세,중상
2013121300100108,2013년 12월 13일 08시,금요일,전라남도 여수시 소호동,경상사고,0,0,1,0,차대차 - 추돌 - 주정차중,안전거리미확보,건조,맑음,교차로 - 교차로부근,승합,남,47세,상해없음,승용,여,40세,경상
2013121300100109,2013년 12월 13일 08시,금요일,전라남도 화순군 화순읍,경상사고,0,0,2,0,차대차 - 측면직각충돌,안전운전불이행,건조,맑음,교차로 - 교차로안,화물,남,50세,경상,승합,남,59세,경상
2013121300100135,2013년 12월 13일 09시,금요일,전라남도 순천시 저전동,경상사고,0,0,1,0,차대차 - 추돌 - 진행중,안전운전불이행,건조,맑음,단일로 - 기타,승용,남,35세,상해없음,원동기,남,72세,경상
2013121300100136,2013년 12월 13일 09시,금요일,전라남도 무안군 삼향읍,경상사고,0,0,3,0,차대차 - 측면직각충돌,직진우회전진행방해,건조,맑음,교차로 - 교차로안,승용,남,75세,경상,화물,남,43세,경상
2013121300100138,2013년 12월 13일 09시,금요일,전라남도 광양시 금호동,경상사고,0,0,1,0,차대차 - 측면직각충돌,직진우회전진행방해,건조,맑음,교차로 - 교차로안,건설기계,남,45세,상해없음,승용,남,43세,경상
2013121300100161,2013년 12월 13일 10시,금요일,전라남도 여수시 문수동,중상사고,0,1,0,0,차대사람 - 기타,안전운전불이행,건조,흐림,단일로 - 기타,승합,여,23세,상해없음,보행자,여,92세,중상
2013121300100185,2013년 12월 13일 11시,금요일,전라남도 목포시 산정동,경상사고,0,0,1,0,차대사람 - 기타,안전운전불이행,건조,맑음,단일로 - 기타,승용,남,39세,상해없음,보행자,남,74세,경상
2013121300100232,2013년 12월 13일 13시,금요일,전라남도 목포시 호남동,경상사고,0,0,2,0,차대차 - 측면직각충돌,신호위반,건조,맑음,교차로 - 교차로안,승용,남,50세,경상,승용,남,38세,경상
2013121300100258,2013년 12월 13일 14시,금요일,전라남도 여수시 돌산읍,경상사고,0,0,1,0,차대차 - 측면직각충돌,중앙선침범,건조,맑음,교차로 - 교차로부근,승용,남,26세,상해없음,승용,여,43세,경상
2013121300100259,2013년 12월 13일 14시,금요일,전라남도 장성군 장성읍,경상사고,0,0,1,1,차대차 - 측면직각충돌,신호위반,건조,흐림,교차로 - 교차로안,원동기,남,80세,부상신고,승용,남,32세,경상
2013121300100260,2013년 12월 13일 14시,금요일,전라남도 광양시 중동,경상사고,0,0,3,0,차대차 - 측면직각충돌,중앙선침범,건조,맑음,단일로 - 기타,승용,여,52세,경상,승용,남,30세,경상
2013121300100286,2013년 12월 13일 15시,금요일,전라남도 목포시 용해동,경상사고,0,0,1,0,차대사람 - 기타,안전운전불이행,건조,맑음,단일로 - 기타,승용,여,36세,상해없음,보행자,남,14세,경상
2013121300100287,2013년 12월 13일 15시,금요일,전라남도 순천시 연향동,부상신고사고,0,0,0,2,차대차 - 추돌 - 주정차중,안전운전불이행,건조,맑음,기타 - 기타,승용,여,46세,상해없음,승용,남,24세,부상신고
2013121300100288,2013년 12월 13일 15시,금요일,전라남도 무안군 무안읍,경상사고,0,0,2,0,차대차 - 측면직각충돌,신호위반,건조,맑음,교차로 - 교차로안,승합,남,40세,상해없음,승용,남,37세,경상
2013121300100315,2013년 12월 13일 16시,금요일,전라남도 고흥군 두원면,경상사고,0,0,1,0,차대차 - 측면직각충돌,중앙선침범,건조,맑음,단일로 - 기타,화물,남,44세,상해없음,원동기,남,63세,경상
2013121300100391,2013년 12월 13일 18시,금요일,전라남도 여수시 학동,경상사고,0,0,1,0,차대사람 - 기타,안전운전불이행,기타,맑음,단일로 - 기타,승용,남,20세,기타불명,보행자,여,29세,경상
2013121300100392,2013년 12월 13일 18시,금요일,전라남도 나주시 삼영동,경상사고,0,0,2,0,차대차 - 측면직각충돌,교차로운행방법위반,건조,맑음,교차로 - 교차로안,승용,남,48세,상해없음,승용,여,39세,경상
2013121300100393,2013년 12월 13일 18시,금요일,전라남도 고흥군 금산면,중상사고,0,1,0,0,차대차 - 정면충돌,중앙선침범,건조,맑음,단일로 - 기타,승용,남,68세,상해없음,승용,여,46세,중상
2013121300100420,2013년 12월 13일 19시,금요일,전라남도 여수시 신기동,경상사고,0,0,3,0,차대차 - 추돌 - 진행중,안전운전불이행,건조,맑음,단일로 - 기타,승용,남,26세,상해없음,승용,남,46세,경상
2013121300100421,2013년 12월 13일 19시,금요일,전라남도 여수시 선원동,경상사고,0,0,1,0,차대사람 - 기타,신호위반,건조,맑음,단일로 - 기타,승합,남,62세,상해없음,보행자,여,83세,경상
2013121300100422,2013년 12월 13일 19시,금요일,전라남도 순천시 해룡면,경상사고,0,0,1,0,차대차 - 기타,안전운전불이행,건조,맑음,교차로 - 교차로안,승합,남,44세,상해없음,승용,남,34세,경상
2013121300100423,2013년 12월 13일 19시,금요일,전라남도 보성군 벌교읍,중상사고,0,3,1,0,차대차 - 추돌 - 진행중,안전운전불이행,습기,흐림,단일로 - 기타,승용,남,68세,경상,화물,남,46세,중상
2013121300100424,2013년 12월 13일 19시,금요일,전라남도 영암군 삼호읍,경상사고,0,0,2,0,차대차 - 기타,안전운전불이행,습기,비,단일로 - 기타,승용,남,46세,경상,승용,남,45세,경상
2013121300100479,2013년 12월 13일 21시,금요일,전라남도 순천시 연향동,경상사고,0,0,1,0,차대사람 - 기타,안전운전불이행,건조,맑음,교차로 - 교차로안,승용,남,53세,상해없음,보행자,여,42세,경상
2013121300100507,2013년 12월 13일 22시,금요일,전라남도 광양시 금호동,경상사고,0,0,2,0,차대차 - 추돌 - 주정차중,안전운전불이행,건조,맑음,교차로 - 교차로안,승용,남,49세,상해없음,승용,남,36세,경상
2013121300100539,2013년 12월 13일 23시,금요일,전라남도 여수시 국동,경상사고,0,0,2,0,차대차 - 추돌 - 주정차중,안전운전불이행,건조,맑음,단일로 - 기타,승용,남,42세,상해없음,승용,여,32세,경상
2013121400100112,2013년 12월 14일 05시,토요일,전라남도 진도군 지산면,중상사고,0,2,0,0,차량단독 - 공작물충돌,안전운전불이행,건조,맑음,단일로 - 기타,승합,남,60세,중상,,,,
2013121400100127,2013년 12월 14일 06시,토요일,전라남도 여수시 미평동,경상사고,0,0,1,0,차대사람 - 길가장자리구역통행중,안전운전불이행,건조,맑음,단일로 - 기타,승용,남,50세,상해없음,보행자,여,64세,경상
2013121400100162,2013년 12월 14일 08시,토요일,전라남도 목포시 상동,경상사고,0,0,2,0,차대차 - 정면충돌,중앙선침범,건조,맑음,단일로 - 기타,승용,남,25세,상해없음,화물,여,43세,기타불명
2013121400100189,2013년 12월 14일 09시,토요일,전라남도 목포시 용당동,중상사고,0,2,0,0,차대차 - 측면직각충돌,기타,건조,맑음,교차로 - 교차로안,승용,남,20세,상해없음,승용,남,69세,중상
2013121400100262,2013년 12월 14일 12시,토요일,전라남도 광양시 중동,경상사고,0,0,4,0,차대차 - 추돌 - 주정차중,안전운전불이행,건조,맑음,교차로 - 교차로부근,승용,남,25세,경상,승용,남,45세,경상
2013121400100319,2013년 12월 14일 14시,토요일,전라남도 순천시 조곡동,경상사고,0,0,3,0,차대차 - 추돌 - 진행중,안전운전불이행,건조,맑음,단일로 - 터널,승용,남,61세,상해없음,승용,여,54세,경상
2013121400100320,2013년 12월 14일 14시,토요일,전라남도 나주시 남내동,중상사고,0,1,0,0,차대사람 - 횡단중,보행자보호의무위반,건조,맑음,교차로 - 교차로부근,승용,여,56세,상해없음,보행자,여,85세,중상
2013121400100321,2013년 12월 14일 14시,토요일,전라남도 무안군 일로읍,경상사고,0,0,1,1,차대차 - 기타,직진우회전진행방해,건조,맑음,교차로 - 교차로안,승용,남,61세,부상신고,화물,남,46세,경상
2013121400100347,2013년 12월 14일 15시,토요일,전라남도 순천시 연향동,중상사고,0,1,0,0,차대사람 - 기타,안전운전불이행,건조,맑음,단일로 - 기타,승합,남,39세,상해없음,보행자,여,67세,중상
2013121400100348,2013년 12월 14일 15시,토요일,전라남도 화순군 화순읍,경상사고,0,0,1,0,차대차 - 측면직각충돌,차로위반,건조,맑음,단일로 - 기타,건설기계,남,54세,상해없음,승용,남,51세,경상
2013121400100349,2013년 12월 14일 15시,토요일,전라남도 광양시 진상면,경상사고,0,0,2,0,차대차 - 추돌 - 진행중,안전운전불이행,건조,맑음,단일로 - 기타,화물,여,55세,경상,화물,남,65세,경상
2013121400100367,2013년 12월 14일 16시,토요일,전라남도 완도군 완도읍,중상사고,0,1,0,0,차대사람 - 기타,안전운전불이행,건조,맑음,교차로 - 교차로부근,기타불명,기타불명,기타불명,기타불명,보행자,여,43세,중상
2013121400100383,2013년 12월 14일 17시,토요일,전라남도 순천시 장천동,경상사고,0,0,1,0,차대차 - 기타,안전운전불이행,건조,맑음,단일로 - 기타,승용,남,50세,상해없음,승용,남,53세,경상
2013121400100384,2013년 12월 14일 17시,토요일,전라남도 순천시 조례동,부상신고사고,0,0,0,1,차대차 - 기타,중앙선침범,건조,맑음,단일로 - 기타,기타불명,기타불명,기타불명,기타불명,원동기,남,18세,부상신고
2013121400100385,2013년 12월 14일 17시,토요일,전라남도 순천시 해룡면,경상사고,0,0,2,0,차대차 - 측면직각충돌,교차로운행방법위반,건조,맑음,교차로 - 교차로안,승용,여,53세,경상,승용,남,28세,경상
2013121400100418,2013년 12월 14일 18시,토요일,전라남도 순천시 석현동,중상사고,0,1,0,0,차대차 - 기타,안전운전불이행,건조,맑음,교차로 - 교차로부근,승용,여,49세,상해없음,원동기,남,28세,중상
2013121400100447,2013년 12월 14일 19시,토요일,전라남도 광양시 광양읍,중상사고,0,1,0,0,차대차 - 측면직각충돌,안전거리미확보,건조,맑음,단일로 - 기타,이륜,남,52세,상해없음,승용,여,53세,중상
2013121400100493,2013년 12월 14일 21시,토요일,전라남도 나주시 남내동,경상사고,0,0,1,0,차대차 - 측면직각충돌,신호위반,건조,맑음,교차로 - 교차로안,승용,여,42세,상해없음,자전거,남,37세,경상
2013121500100040,2013년 12월 15일 01시,일요일,전라남도 나주시 대호동,경상사고,0,0,2,0,차대차 - 기타,안전운전불이행,건조,맑음,단일로 - 횡단보도부근,승용,남,56세,상해없음,승용,남,46세,상해없음
2013121500100077,2013년 12월 15일 04시,일요일,전라남도 목포시 옥암동,중상사고,0,1,0,0,차대사람 - 횡단중,보행자보호의무위반,건조,맑음,교차로 - 교차로안,승용,여,30세,상해없음,보행자,여,73세,중상
2013121500100126,2013년 12월 15일 09시,일요일,전라남도 나주시 이창동,경상사고,0,0,1,0,차대차 - 측면직각충돌,안전거리미확보,건조,맑음,단일로 - 기타,원동기,남,67세,경상,화물,여,70세,상해없음
2013121500100148,2013년 12월 15일 11시,일요일,전라남도 화순군 화순읍,중상사고,0,4,2,0,차대차 - 측면직각충돌,교차로운행방법위반,건조,맑음,교차로 - 교차로안,승합,남,70세,상해없음,승용,남,26세,중상
2013121500100158,2013년 12월 15일 12시,일요일,전라남도 순천시 연향동,경상사고,0,0,1,0,차대사람 - 길가장자리구역통행중,안전운전불이행,건조,맑음,단일로 - 기타,승용,남,52세,상해없음,보행자,여,58세,경상
2013121500100197,2013년 12월 15일 14시,일요일,전라남도 나주시 남평읍,경상사고,0,0,4,0,차대차 - 측면직각충돌,직진우회전진행방해,건조,맑음,교차로 - 교차로안,승용,남,56세,경상,승용,여,60세,경상
2013121500100198,2013년 12월 15일 14시,일요일,전라남도 화순군 도암면,경상사고,0,0,2,0,차대차 - 정면충돌,중앙선침범,건조,맑음,단일로 - 기타,화물,남,58세,상해없음,승용,여,52세,경상
2013121500100199,2013년 12월 15일 14시,일요일,전라남도 담양군 대전면,경상사고,0,0,1,0,차대사람 - 차도통행중,안전운전불이행,건조,맑음,단일로 - 기타,기타불명,기타불명,기타불명,기타불명,보행자,남,58세,경상
2013121500100221,2013년 12월 15일 15시,일요일,전라남도 목포시 호남동,경상사고,0,0,5,0,차대차 - 기타,안전운전불이행,건조,맑음,기타 - 기타,승용,여,70세,경상,승용,여,36세,경상
2013121500100222,2013년 12월 15일 15시,일요일,전라남도 순천시 별량면,경상사고,0,0,1,0,차대차 - 측면직각충돌,안전운전불이행,건조,맑음,교차로 - 교차로안,승용,여,43세,경상,화물,남,75세,상해없음
2013121500100223,2013년 12월 15일 15시,일요일,전라남도 나주시 이창동,경상사고,0,0,3,0,차대차 - 측면직각충돌,직진우회전진행방해,건조,맑음,교차로 - 교차로안,승용,남,36세,경상,승용,남,62세,경상
2013121500100249,2013년 12월 15일 16시,일요일,전라남도 강진군 강진읍,경상사고,0,0,1,0,차대차 - 측면직각충돌,안전운전불이행,건조,맑음,교차로 - 교차로안,승용,여,32세,상해없음,이륜,여,59세,경상
2013121500100293,2013년 12월 15일 18시,일요일,전라남도 목포시 상동,경상사고,0,0,1,0,차대차 - 기타,안전운전불이행,건조,맑음,기타 - 기타,승용,남,48세,상해없음,승용,남,44세,경상
2013121500100294,2013년 12월 15일 18시,일요일,전라남도 순천시 조례동,경상사고,0,0,1,1,차대차 - 기타,안전운전불이행,건조,맑음,단일로 - 기타,승용,여,23세,부상신고,원동기,남,30세,경상
2013121500100326,2013년 12월 15일 19시,일요일,전라남도 광양시 도이동,중상사고,0,1,0,0,차대사람 - 횡단중,안전운전불이행,건조,맑음,단일로 - 기타,화물,남,46세,상해없음,보행자,남,38세,중상