사고번호,사고일시,요일,시군구,사고내용,사망자수,중상자수,경상자수,부상신고자수,사고유형,법규위반,노면상태,기상상태,도로형태,가해운전자 차종,가해운전자 성별,가해운전자 연령,가해운전자 상해정도,피해운전자 차종,피해운전자 성별,피해운전자 연령,피해운전자 상해정도
2013121500100346,2013년 12월 15일 20시,일요일,전라남도 목포시 산정동,중상사고,0,1,0,0,차대사람 - 횡단중,안전운전불이행,건조,맑음,기타 - 기타,화물,남,33세,상해없음,보행자,남,41세,중상
2013121500100379,2013년 12월 15일 22시,일요일,전라남도 무안군 무안읍,경상사고,0,0,1,0,차대차 - 측면직각충돌,직진우회전진행방해,건조,맑음,교차로 - 교차로안,승용,남,23세,상해없음,이륜,남,22세,경상
2013121600100008,2013년 12월 16일 00시,월요일,전라남도 여수시 여서동,경상사고,0,0,2,0,차대차 - 측면직각충돌,교차로운행방법위반,건조,맑음,교차로 - 교차로안,승용,남,35세,상해없음,승용,남,66세,상해없음
2013121600100016,2013년 12월 16일 01시,월요일,전라남도 무안군 무안읍,중상사고,0,2,0,0,차대차 - 기타,중앙선침범,건조,맑음,단일로 - 기타,승용,기타불명,기타불명,기타불명,승용,남,55세,중상
2013121600100047,2013년 12월 16일 06시,월요일,전라남도 순천시 장천동,중상사고,0,1,0,0,차대차 - 측면직각충돌,직진우회전진행방해,건조,맑음,교차로 - 교차로안,승용,남,64세,상해없음,승용,남,57세,중상
2013121600100048,2013년 12월 16일 06시,월요일,전라남도 무안군 일로읍,경상사고,0,0,3,0,차대차 - 측면직각충돌,직진우회전진행방해,건조,맑음,교차로 - 교차로안,화물,남,59세,경상,승용,여,45세,경상
2013121600100064,2013년 12월 16일 07시,월요일,전라남도 여수시 선원동,경상사고,0,0,1,0,차대차 - 측면직각충돌,신호위반,건조,맑음,교차로 - 교차로안,승용,남,28세,상해없음,승용,남,33세,경상
2013121600100095,2013년 12월 16일 08시,월요일,전라남도 광양시 중동,경상사고,0,0,4,0,차대차 - 추돌 - 진행중,교차로운행방법위반,건조,맑음,교차로 - 교차로안,승용,남,46세,경상,승용,여,42세,경상
2013121600100153,2013년 12월 16일 11시,월요일,전라남도 목포시 용당동,경상사고,0,0,1,0,차대차 - 기타,교차로운행방법위반,건조,맑음,교차로 - 교차로안,이륜,남,30세,경상,승용,여,53세,상해없음
2013121600100154,2013년 12월 16일 11시,월요일,전라남도 광양시 옥곡면,경상사고,0,0,1,0,차대차 - 추돌 - 진행중,기타,건조,맑음,단일로 - 기타,이륜,남,65세,경상,승용,남,50세,상해없음
2013121600100175,2013년 12월 16일 12시,월요일,전라남도 순천시 매곡동,중상사고,0,1,0,0,차대차 - 기타,안전운전불이행,건조,맑음,단일로 - 기타,승용,남,51세,상해없음,자전거,남,18세,중상
2013121600100176,2013년 12월 16일 12시,월요일,전라남도 화순군 능주면,경상사고,0,0,3,0,차대차 - 측면직각충돌,안전운전불이행,건조,맑음,교차로 - 교차로안,화물,남,27세,경상,화물,남,57세,경상
2013121600100177,2013년 12월 16일 12시,월요일,전라남도 강진군 강진읍,경상사고,0,0,1,0,차대차 - 측면직각충돌,직진우회전진행방해,건조,맑음,교차로 - 교차로안,승용,남,72세,상해없음,화물,남,24세,경상
2013121600100178,2013년 12월 16일 12시,월요일,전라남도 광양시 광양읍,경상사고,0,0,2,0,차대차 - 추돌 - 진행중,교차로운행방법위반,건조,맑음,교차로 - 교차로안,승용,여,64세,경상,승용,남,74세,경상
2013121600100194,2013년 12월 16일 13시,월요일,전라남도 목포시 산정동,중상사고,0,1,0,0,차대사람 - 기타,안전운전불이행,건조,맑음,단일로 - 기타,승용,남,79세,상해없음,보행자,여,78세,중상
2013121600100195,2013년 12월 16일 13시,월요일,전라남도 화순군 능주면,경상사고,0,0,2,0,차대차 - 측면직각충돌,안전운전불이행,건조,맑음,교차로 - 교차로안,승용,남,19세,경상,승합,남,61세,경상
2013121600100196,2013년 12월 16일 13시,월요일,전라남도 화순군 화순읍,경상사고,0,0,1,0,차대사람 - 횡단중,보행자보호의무위반,건조,맑음,교차로 - 교차로부근,승용,여,52세,상해없음,보행자,여,67세,경상
2013121600100197,2013년 12월 16일 13시,월요일,전라남도 강진군 강진읍,경상사고,0,0,3,0,차대차 - 측면직각충돌,직진우회전진행방해,건조,맑음,교차로 - 교차로안,승용,남,51세,경상,화물,남,71세,경상
2013121600100265,2013년 12월 16일 16시,월요일,전라남도 광양시 광양읍,경상사고,0,0,2,0,차대사람 - 횡단중,안전운전불이행,건조,맑음,교차로 - 교차로부근,이륜,여,73세,경상,보행자,여,62세,경상
2013121600100266,2013년 12월 16일 16시,월요일,전라남도 광양시 중동,경상사고,0,0,3,0,차대차 - 측면직각충돌,신호위반,건조,맑음,교차로 - 교차로안,승용,남,51세,경상,승용,여,55세,경상
2013121600100307,2013년 12월 16일 17시,월요일,전라남도 순천시 인제동,경상사고,0,0,1,0,차대사람 - 횡단중,안전운전불이행,건조,맑음,단일로 - 기타,이륜,남,62세,상해없음,보행자,여,66세,경상
2013121600100308,2013년 12월 16일 17시,월요일,전라남도 무안군 삼향읍,경상사고,0,0,3,0,차대차 - 추돌 - 진행중,안전거리미확보,건조,맑음,교차로 - 교차로부근,승용,여,32세,경상,화물,여,44세,경상
2013121600100356,2013년 12월 16일 18시,월요일,전라남도 무안군 삼향읍,중상사고,0,1,0,0,차대차 - 측면직각충돌,안전운전불이행,건조,맑음,교차로 - 교차로부근,승용,남,38세,상해없음,자전거,남,51세,중상
2013121600100400,2013년 12월 16일 20시,월요일,전라남도 목포시 옥암동,중상사고,0,1,0,0,차대차 - 측면직각충돌,신호위반,건조,맑음,교차로 - 교차로안,이륜,남,17세,중상,승용,남,36세,상해없음
2013121600100426,2013년 12월 16일 21시,월요일,전라남도 목포시 죽교동,경상사고,0,0,1,0,차대차 - 정면충돌,안전운전불이행,건조,맑음,단일로 - 기타,승용,남,45세,상해없음,승용,남,54세,경상
2013121600100462,2013년 12월 16일 22시,월요일,전라남도 순천시 조례동,중상사고,0,1,1,0,차대차 - 기타,안전운전불이행,건조,맑음,교차로 - 교차로안,화물,남,38세,상해없음,이륜,남,17세,중상
2013121600100491,2013년 12월 16일 23시,월요일,전라남도 영암군 삼호읍,경상사고,0,0,1,0,차대차 - 추돌 - 진행중,안전운전불이행,건조,맑음,단일로 - 기타,화물,남,34세,상해없음,승용,남,34세,상해없음
2013121600100492,2013년 12월 16일 23시,월요일,전라남도 광양시 성황동,경상사고,0,0,3,0,차대차 - 추돌 - 진행중,안전운전불이행,건조,맑음,교차로 - 교차로안,승합,남,41세,상해없음,승용,남,34세,경상
2013121600100493,2013년 12월 16일 23시,월요일,전라남도 구례군 산동면,경상사고,0,0,1,0,차대차 - 추돌 - 진행중,안전운전불이행,건조,맑음,단일로 - 터널,승용,남,36세,상해없음,화물,남,42세,경상
2013121700100009,2013년 12월 17일 00시,화요일,전라남도 화순군 능주면,사망사고,4,0,0,0,차대차 - 기타,과속,건조,맑음,단일로 - 기타,승용,남,28세,사망,승용,남,39세,상해없음
2013121700100051,2013년 12월 17일 04시,화요일,전라남도 담양군 수북면,경상사고,0,0,1,0,차대차 - 측면직각충돌,교차로운행방법위반,건조,흐림,교차로 - 교차로안,승용,남,49세,상해없음,원동기,여,53세,경상
2013121700100076,2013년 12월 17일 06시,화요일,전라남도 여수시 학동,경상사고,0,0,1,0,차대차 - 추돌 - 진행중,안전운전불이행,건조,맑음,단일로 - 기타,원동기,남,24세,경상,승합,남,63세,상해없음
2013121700100123,2013년 12월 17일 08시,화요일,전라남도 나주시 금천면,중상사고,0,1,0,0,차대사람 - 기타,안전운전불이행,건조,맑음,단일로 - 기타,화물,남,51세,상해없음,보행자,남,64세,중상
2013121700100124,2013년 12월 17일 08시,화요일,전라남도 고흥군 도화면,중상사고,0,1,0,0,차대차 - 기타,안전운전불이행,건조,흐림,교차로 - 교차로부근,화물,남,51세,상해없음,이륜,여,70세,중상
2013121700100125,2013년 12월 17일 08시,화요일,전라남도 광양시 중동,경상사고,0,0,1,0,차대사람 - 횡단중,보행자보호의무위반,건조,맑음,단일로 - 기타,승용,기타불명,기타불명,기타불명,보행자,남,11세,경상
2013121700100160,2013년 12월 17일 09시,화요일,전라남도 진도군 지산면,경상사고,0,0,2,0,차량단독 - 도로외이탈 - 기타,안전운전불이행,건조,맑음,단일로 - 기타,화물,남,69세,상해없음,,,,
2013121700100174,2013년 12월 17일 10시,화요일,전라남도 순천시 연향동,중상사고,0,1,0,0,차대차 - 기타,교차로운행방법위반,건조,맑음,교차로 - 교차로안,승용,남,37세,상해없음,원동기,여,52세,중상
2013121700100246,2013년 12월 17일 13시,화요일,전라남도 영암군 삼호읍,중상사고,0,1,0,0,차대차 - 기타,안전거리미확보,건조,맑음,단일로 - 기타,자전거,여,66세,중상,건설기계,남,41세,상해없음
2013121700100247,2013년 12월 17일 13시,화요일,전라남도 광양시 광양읍,경상사고,0,0,2,0,차대차 - 측면직각충돌,안전운전불이행,건조,맑음,교차로 - 교차로부근,화물,남,44세,상해없음,승용,남,38세,경상
2013121700100323,2013년 12월 17일 16시,화요일,전라남도 여수시 호명동,중상사고,0,1,1,0,차대차 - 측면직각충돌,안전거리미확보,건조,맑음,단일로 - 기타,승용,남,44세,상해없음,승용,남,62세,경상
2013121700100324,2013년 12월 17일 16시,화요일,전라남도 순천시 남정동,중상사고,0,1,0,0,차대차 - 측면직각충돌,교차로운행방법위반,건조,맑음,교차로 - 교차로안,화물,남,43세,상해없음,이륜,남,43세,중상
2013121700100325,2013년 12월 17일 16시,화요일,전라남도 장성군 북하면,경상사고,0,0,1,0,차대차 - 측면직각충돌,안전운전불이행,건조,맑음,단일로 - 기타,승용,남,70세,상해없음,이륜,남,71세,경상
2013121700100326,2013년 12월 17일 16시,화요일,전라남도 완도군 완도읍,중상사고,0,3,2,0,차량단독 - 공작물충돌,안전운전불이행,건조,맑음,단일로 - 기타,승용,여,51세,경상,,,,
2013121700100367,2013년 12월 17일 17시,화요일,전라남도 순천시 장천동,중상사고,0,1,0,1,차대차 - 기타,안전운전불이행,건조,맑음,단일로 - 기타,원동기,남,69세,부상신고,원동기,남,31세,중상
2013121700100368,2013년 12월 17일 17시,화요일,전라남도 나주시 다시면,경상사고,0,0,2,0,차대차 - 기타,안전운전불이행,건조,맑음,교차로 - 교차로안,승용,남,67세,상해없음,승용,남,46세,경상
2013121700100369,2013년 12월 17일 17시,화요일,전라남도 무안군 삼향읍,중상사고,0,1,0,0,차대차 - 기타,신호위반,건조,맑음,교차로 - 교차로안,원동기,남,16세,중상,승합,남,66세,상해없음
2013121700100406,2013년 12월 17일 18시,화요일,전라남도 순천시 해룡면,경상사고,0,0,3,0,차대차 - 추돌 - 주정차중,안전운전불이행,건조,맑음,단일로 - 기타,화물,남,42세,경상,승용,여,30세,경상
2013121700100407,2013년 12월 17일 18시,화요일,전라남도 광양시 금호동,경상사고,0,0,4,1,차대차 - 추돌 - 진행중,안전운전불이행,건조,맑음,교차로 - 교차로부근,승용,남,33세,부상신고,승용,남,33세,경상
2013121700100453,2013년 12월 17일 19시,화요일,전라남도 목포시 양동,경상사고,0,0,2,0,차대차 - 기타,중앙선침범,건조,기타,단일로 - 기타,승용,남,38세,상해없음,승용,남,40세,경상
2013121700100485,2013년 12월 17일 20시,화요일,전라남도 보성군 벌교읍,경상사고,0,0,1,0,차대사람 - 기타,안전운전불이행,건조,맑음,단일로 - 기타,승용,남,49세,상해없음,보행자,남,38세,경상
2013121700100515,2013년 12월 17일 21시,화요일,전라남도 화순군 화순읍,경상사고,0,0,2,0,차대차 - 측면직각충돌,안전운전불이행,건조,맑음,기타 - 기타,승용,남,36세,상해없음,승용,여,35세,경상
2013121700100549,2013년 12월 17일 22시,화요일,전라남도 여수시 화양면,중상사고,0,1,0,0,차대차 - 측면직각충돌,안전운전불이행,건조,기타,교차로 - 교차로안,승용,남,27세,상해없음,승용,여,29세,중상
2013121700100578,2013년 12월 17일 23시,화요일,전라남도 여수시 소호동,경상사고,0,0,2,0,차대차 - 추돌 - 진행중,안전운전불이행,건조,맑음,단일로 - 기타,승용,남,47세,상해없음,승용,여,61세,경상
2013121800100017,2013년 12월 18일 00시,수요일,전라남도 여수시 문수동,중상사고,0,1,2,0,차대차 - 정면충돌,중앙선침범,습기,비,교차로 - 교차로부근,승용,남,28세,상해없음,승용,남,20세,경상
2013121800100018,2013년 12월 18일 00시,수요일,전라남도 무안군 삼향읍,경상사고,0,0,4,0,차대차 - 측면직각충돌,직진우회전진행방해,건조,맑음,교차로 - 교차로안,화물,남,58세,경상,승용,남,27세,상해없음
2013121800100079,2013년 12월 18일 04시,수요일,전라남도 순천시 해룡면,경상사고,0,0,2,0,차대차 - 추돌 - 진행중,안전운전불이행,건조,맑음,교차로 - 교차로부근,승용,남,30세,상해없음,승용,여,48세,경상
2013121800100090,2013년 12월 18일 05시,수요일,전라남도 광양시 광영동,사망사고,1,0,0,0,차대차 - 추돌 - 진행중,안전운전불이행,습기,기타,교차로 - 교차로부근,화물,남,41세,사망,화물,남,48세,상해없음
2013121800100106,2013년 12월 18일 06시,수요일,전라남도 영광군 영광읍,경상사고,0,0,1,0,차대사람 - 길가장자리구역통행중,안전운전불이행,건조,맑음,단일로 - 기타,승용,남,64세,상해없음,보행자,여,63세,경상
2013121800100169,2013년 12월 18일 08시,수요일,전라남도 나주시 삼영동,경상사고,0,0,2,0,차대차 - 추돌 - 진행중,안전운전불이행,결빙,맑음,교차로 - 교차로부근,화물,남,46세,상해없음,화물,남,62세,경상
2013121800100237,2013년 12월 18일 10시,수요일,전라남도 해남군 송지면,경상사고,0,0,1,0,차대차 - 기타,안전운전불이행,건조,맑음,단일로 - 기타,승용,남,61세,상해없음,화물,남,35세,경상
2013121800100238,2013년 12월 18일 10시,수요일,전라남도 영암군 신북면,경상사고,0,0,2,0,차대차 - 추돌 - 주정차중,안전거리미확보,건조,맑음,단일로 - 기타,건설기계,남,52세,상해없음,화물,남,46세,경상
2013121800100239,2013년 12월 18일 10시,수요일,전라남도 영암군 신북면,경상사고,0,0,2,0,차대차 - 추돌 - 주정차중,안전거리미확보,건조,맑음,단일로 - 기타,승용,여,33세,상해없음,승용,남,51세,경상
2013121800100285,2013년 12월 18일 12시,수요일,전라남도 화순군 도암면,경상사고,0,0,1,0,차대차 - 추돌 - 주정차중,안전운전불이행,건조,맑음,단일로 - 기타,화물,남,41세,상해없음,승용,남,69세,경상
2013121800100286,2013년 12월 18일 12시,수요일,전라남도 영암군 삼호읍,경상사고,0,0,2,0,차대차 - 추돌 - 진행중,안전운전불이행,건조,맑음,교차로 - 교차로부근,승용,남,52세,상해없음,화물,남,60세,경상
2013121800100335,2013년 12월 18일 14시,수요일,전라남도 목포시 항동,경상사고,0,0,3,1,차대차 - 측면직각충돌,교차로운행방법위반,건조,맑음,교차로 - 교차로안,승용,남,66세,경상,승용,남,48세,경상
2013121800100336,2013년 12월 18일 14시,수요일,전라남도 장흥군 장흥읍,중상사고,0,1,0,0,차대사람 - 횡단중,안전운전불이행,건조,맑음,교차로 - 교차로부근,승용,여,32세,상해없음,보행자,여,6세,중상
2013121800100358,2013년 12월 18일 15시,수요일,전라남도 목포시 용당동,경상사고,0,0,1,0,차대차 - 기타,안전운전불이행,건조,맑음,단일로 - 기타,승용,남,48세,상해없음,화물,남,59세,경상
2013121800100359,2013년 12월 18일 15시,수요일,전라남도 진도군 고군면,경상사고,0,0,1,0,차대사람 - 길가장자리구역통행중,안전운전불이행,기타,맑음,단일로 - 기타,승용,남,51세,상해없음,보행자,남,52세,경상
2013121800100377,2013년 12월 18일 16시,수요일,전라남도 여수시 학동,중상사고,0,1,0,0,차대사람 - 기타,안전운전불이행,건조,맑음,단일로 - 기타,승합,남,60세,상해없음,보행자,여,77세,중상
2013121800100378,2013년 12월 18일 16시,수요일,전라남도 고흥군 금산면,경상사고,0,0,1,0,차대차 - 측면직각충돌,중앙선침범,건조,맑음,단일로 - 기타,승용,남,31세,상해없음,승용,여,39세,경상
2013121800100418,2013년 12월 18일 17시,수요일,전라남도 순천시 조례동,부상신고사고,0,0,0,1,차대사람 - 길가장자리구역통행중,안전운전불이행,건조,맑음,단일로 - 기타,승용,남,74세,상해없음,보행자,남,18세,부상신고
2013121800100469,2013년 12월 18일 18시,수요일,전라남도 여수시 광무동,사망사고,1,0,0,0,차대사람 - 기타,안전운전불이행,건조,맑음,교차로 - 교차로부근,승용,남,41세,상해없음,보행자,여,84세,사망
2013121800100470,2013년 12월 18일 18시,수요일,전라남도 순천시 장천동,경상사고,0,0,1,0,차대사람 - 횡단중,안전운전불이행,건조,맑음,단일로 - 기타,승용,남,45세,상해없음,보행자,여,78세,경상
2013121800100471,2013년 12월 18일 18시,수요일,전라남도 해남군 해남읍,경상사고,0,0,1,0,차대차 - 측면직각충돌,교차로운행방법위반,건조,맑음,교차로 - 교차로안,승용,여,39세,상해없음,승합,남,35세,경상
2013121800100472,2013년 12월 18일 18시,수요일,전라남도 해남군 송지면,사망사고,1,0,0,0,차대사람 - 기타,안전운전불이행,습기,눈,단일로 - 기타,화물,남,41세,상해없음,보행자,남,48세,사망
2013121800100516,2013년 12월 18일 19시,수요일,전라남도 여수시 오림동,사망사고,1,0,0,0,차대차 - 기타,안전운전불이행,건조,맑음,교차로 - 교차로부근,자전거,남,69세,사망,승용,남,21세,상해없음
2013121800100544,2013년 12월 18일 20시,수요일,전라남도 순천시 조례동,경상사고,0,0,1,0,차대차 - 측면직각충돌,안전운전불이행,건조,맑음,교차로 - 교차로안,승용,여,40세,상해없음,자전거,남,12세,경상
2013121900100021,2013년 12월 19일 00시,목요일,전라남도 무안군 삼향읍,경상사고,0,0,3,0,차대차 - 측면직각충돌,안전운전불이행,습기,비,교차로 - 교차로안,승용,남,34세,상해없음,승용,남,48세,상해없음
2013121900100143,2013년 12월 19일 07시,목요일,전라남도 목포시 옥암동,경상사고,0,0,1,0,차대차 - 기타,안전운전불이행,건조,맑음,단일로 - 기타,승용,남,47세,상해없음,승용,남,36세,경상
2013121900100224,2013년 12월 19일 09시,목요일,전라남도 장흥군 장흥읍,경상사고,0,0,1,0,차대차 - 측면직각충돌,교차로운행방법위반,건조,맑음,교차로 - 교차로안,화물,여,47세,상해없음,승용,여,45세,경상
2013121900100225,2013년 12월 19일 09시,목요일,전라남도 무안군 현경면,경상사고,0,0,4,0,차대차 - 측면직각충돌,안전운전불이행,건조,맑음,단일로 - 기타,승용,여,38세,상해없음,승합,여,55세,경상
2013121900100258,2013년 12월 19일 11시,목요일,전라남도 여수시 학동,경상사고,0,0,1,0,차대차 - 추돌 - 주정차중,안전운전불이행,건조,맑음,교차로 - 교차로부근,화물,남,38세,상해없음,화물,남,45세,경상
2013121900100346,2013년 12월 19일 15시,목요일,전라남도 목포시 축복동2가,경상사고,0,0,1,0,차대차 - 기타,안전운전불이행,습기,눈,교차로 - 교차로안,승용,여,32세,상해없음,승용,남,53세,경상
2013121900100348,2013년 12월 19일 15시,목요일,전라남도 여수시 학동,경상사고,0,0,2,0,차대차 - 추돌 - 주정차중,안전운전불이행,건조,맑음,단일로 - 기타,승용,여,46세,상해없음,승용,여,42세,경상
2013121900100349,2013년 12월 19일 15시,목요일,전라남도 해남군 삼산면,부상신고사고,0,0,0,1,차대차 - 추돌 - 진행중,안전운전불이행,습기,눈,단일로 - 기타,이륜,남,74세,부상신고,승용,남,40세,상해없음
2013121900100377,2013년 12월 19일 16시,목요일,전라남도 광양시 봉강면,중상사고,0,1,0,0,차대사람 - 횡단중,안전운전불이행,건조,맑음,교차로 - 교차로안,화물,남,46세,기타불명,보행자,남,65세,중상
2013121900100408,2013년 12월 19일 17시,목요일,전라남도 여수시 소라면,경상사고,0,0,1,0,차대차 - 측면직각충돌,신호위반,건조,맑음,교차로 - 교차로부근,승용,여,35세,상해없음,승용,남,37세,경상
2013121900100409,2013년 12월 19일 17시,목요일,전라남도 여수시 주삼동,경상사고,0,0,1,0,차대차 - 측면직각충돌,안전거리미확보,건조,맑음,단일로 - 기타,승용,남,69세,상해없음,승용,여,47세,경상
2013121900100410,2013년 12월 19일 17시,목요일,전라남도 나주시 세지면,중상사고,0,1,0,0,차대차 - 정면충돌,중앙선침범,건조,맑음,기타 - 기타,원동기,남,66세,중상,승용,남,46세,상해없음
2013121900100411,2013년 12월 19일 17시,목요일,전라남도 장흥군 부산면,중상사고,0,1,0,0,차대사람 - 기타,안전운전불이행,기타,눈,단일로 - 기타,기타불명,기타불명,기타불명,기타불명,보행자,남,54세,중상
2013121900100448,2013년 12월 19일 18시,목요일,전라남도 광양시 금호동,경상사고,0,0,1,0,차대차 - 측면직각충돌,중앙선침범,건조,맑음,단일로 - 기타,승용,남,71세,상해없음,이륜,남,32세,경상
2013121900100489,2013년 12월 19일 19시,목요일,전라남도 해남군 해남읍,경상사고,0,0,1,1,차대차 - 추돌 - 진행중,안전운전불이행,결빙,눈,단일로 - 기타,승용,남,34세,부상신고,화물,남,34세,경상
2013121900100490,2013년 12월 19일 19시,목요일,전라남도 함평군 나산면,중상사고,0,1,5,0,차량단독 - 전도전복,안전운전불이행,적설,눈,교차로 - 교차로안,승합,남,64세,상해없음,,,,
2013121900100491,2013년 12월 19일 19시,목요일,전라남도 함평군 나산면,경상사고,0,0,4,0,차량단독 - 도로외이탈 - 추락,안전운전불이행,결빙,눈,단일로 - 기타,승합,남,62세,상해없음,,,,
2013121900100492,2013년 12월 19일 19시,목요일,전라남도 영암군 미암면,경상사고,0,0,1,0,차대차 - 기타,신호위반,건조,맑음,교차로 - 교차로안,승용,남,60세,상해없음,승용,남,43세,경상
2013121900100525,2013년 12월 19일 20시,목요일,전라남도 순천시 서면,중상사고,0,1,2,0,차대차 - 측면직각충돌,안전운전불이행,습기,흐림,교차로 - 교차로안,승용,여,41세,경상,승용,남,40세,중상
2013121900100526,2013년 12월 19일 20시,목요일,전라남도 나주시 다시면,경상사고,0,0,3,0,차대차 - 정면충돌,중앙선침범,습기,눈,기타 - 기타,화물,남,66세,상해없음,승용,여,40세,경상
2013121900100559,2013년 12월 19일 21시,목요일,전라남도 목포시 산정동,중상사고,0,1,0,0,차대차 - 측면직각충돌,안전운전불이행,건조,맑음,단일로 - 기타,승용,남,48세,상해없음,이륜,남,27세,중상
2013121900100560,2013년 12월 19일 21시,목요일,전라남도 여수시 화장동,중상사고,0,1,0,0,차대사람 - 기타,안전운전불이행,건조,맑음,기타 - 기타,승용,남,47세,상해없음,보행자,여,15세,중상
2013121900100561,2013년 12월 19일 21시,목요일,전라남도 광양시 광양읍,중상사고,0,1,0,0,차대차 - 추돌 - 주정차중,안전운전불이행,건조,맑음,교차로 - 교차로부근,화물,남,71세,상해없음,승용,남,28세,중상
2013121900100591,2013년 12월 19일 22시,목요일,전라남도 목포시 상동,경상사고,0,0,1,0,차대사람 - 보도통행중,보행자보호의무위반,건조,흐림,단일로 - 기타,승용,남,50세,상해없음,보행자,남,45세,경상
2013121900100592,2013년 12월 19일 22시,목요일,전라남도 여수시 오림동,경상사고,0,0,3,0,차대차 - 추돌 - 주정차중,안전운전불이행,건조,맑음,단일로 - 기타,승용,남,19세,상해없음,승용,여,46세,경상
2013121900100615,2013년 12월 19일 23시,목요일,전라남도 여수시 소라면,경상사고,0,0,3,0,차대차 - 기타,안전운전불이행,결빙,눈,단일로 - 기타,승용,남,57세,상해없음,승용,여,39세,경상
2013122000100023,2013년 12월 20일 00시,금요일,전라남도 순천시 연향동,경상사고,0,0,1,0,차대차 - 추돌 - 주정차중,안전운전불이행,건조,맑음,교차로 - 교차로부근,승용,남,45세,상해없음,승용,남,34세,경상
2013122000100069,2013년 12월 20일 03시,금요일,전라남도 여수시 오림동,부상신고사고,0,0,0,1,차량단독 - 공작물충돌,안전운전불이행,건조,맑음,교차로 - 교차로부근,승용,남,21세,부상신고,,,,
2013122000100110,2013년 12월 20일 06시,금요일,전라남도 여수시 소라면,중상사고,0,1,0,0,차대사람 - 횡단중,보행자보호의무위반,건조,맑음,교차로 - 교차로부근,승합,남,49세,상해없음,보행자,남,62세,중상
2013122000100111,2013년 12월 20일 06시,금요일,전라남도 영광군 홍농읍,사망사고,1,0,0,0,차대사람 - 길가장자리구역통행중,안전운전불이행,결빙,눈,단일로 - 기타,화물,남,25세,상해없음,보행자,남,64세,사망
2013122000100141,2013년 12월 20일 07시,금요일,전라남도 순천시 서면,중상사고,0,2,0,0,차대차 - 정면충돌,중앙선침범,결빙,흐림,미분류 - 미분류,승용,남,43세,중상,화물,남,36세,중상
2013122000100142,2013년 12월 20일 07시,금요일,전라남도 담양군 남면,경상사고,0,0,13,0,차량단독 - 기타,안전운전불이행,건조,흐림,단일로 - 기타,승합,남,56세,상해없음,,,,
2013122000100261,2013년 12월 20일 12시,금요일,전라남도 영광군 묘량면,경상사고,0,0,1,0,차대차 - 측면직각충돌,안전운전불이행,습기,맑음,교차로 - 교차로부근,승용,남,56세,상해없음,승용,남,25세,경상
2013122000100286,2013년 12월 20일 13시,금요일,전라남도 목포시 석현동,중상사고,0,2,0,0,차대차 - 측면직각충돌,안전운전불이행,건조,맑음,단일로 - 기타,화물,남,33세,상해없음,승합,남,43세,중상
2013122000100314,2013년 12월 20일 14시,금요일,전라남도 목포시 산정동,경상사고,0,0,1,0,차대차 - 추돌 - 진행중,안전거리미확보,건조,흐림,교차로 - 교차로부근,승용,남,29세,상해없음,승용,여,57세,경상
2013122000100331,2013년 12월 20일 15시,금요일,전라남도 순천시 해룡면,경상사고,0,0,1,0,차대차 - 정면충돌,신호위반,건조,맑음,교차로 - 교차로안,승용,남,53세,상해없음,화물,남,42세,경상
2013122000100332,2013년 12월 20일 15시,금요일,전라남도 장성군 북일면,중상사고,0,1,2,0,차대차 - 측면직각충돌,중앙선침범,습기,흐림,단일로 - 기타,승용,남,46세,경상,승용,여,64세,경상
2013122000100372,2013년 12월 20일 16시,금요일,전라남도 여수시 국동,경상사고,0,0,1,0,차대차 - 측면직각충돌,안전운전불이행,건조,맑음,단일로 - 기타,승용,남,35세,상해없음,승합,남,36세,경상
2013122000100373,2013년 12월 20일 16시,금요일,전라남도 순천시 주암면,중상사고,0,1,0,0,차량단독 - 기타,안전운전불이행,결빙,맑음,단일로 - 기타,화물,남,73세,중상,,,,
2013122000100374,2013년 12월 20일 16시,금요일,전라남도 함평군 월야면,경상사고,0,0,1,0,차대사람 - 횡단중,중앙선침범,습기,흐림,단일로 - 기타,승용,여,39세,상해없음,보행자,남,9세,경상
2013122000100375,2013년 12월 20일 16시,금요일,전라남도 담양군 고서면,중상사고,0,1,0,0,차대사람 - 길가장자리구역통행중,안전운전불이행,습기,흐림,교차로 - 교차로부근,화물,남,63세,상해없음,보행자,남,65세,중상
2013122000100457,2013년 12월 20일 18시,금요일,전라남도 여수시 신월동,중상사고,0,1,0,0,차대사람 - 횡단중,신호위반,기타,흐림,단일로 - 횡단보도상,승용,여,47세,상해없음,보행자,여,55세,중상
2013122000100458,2013년 12월 20일 18시,금요일,전라남도 순천시 조곡동,중상사고,0,1,0,0,차대사람 - 횡단중,안전운전불이행,건조,맑음,단일로 - 횡단보도상,승합,남,59세,상해없음,보행자,남,62세,중상
2013122000100459,2013년 12월 20일 18시,금요일,전라남도 광양시 금호동,경상사고,0,0,1,0,차대차 - 측면직각충돌,신호위반,건조,맑음,교차로 - 교차로안,화물,남,56세,상해없음,승용,남,26세,경상