사고번호,사고일시,요일,시군구,사고내용,사망자수,중상자수,경상자수,부상신고자수,사고유형,법규위반,노면상태,기상상태,도로형태,가해운전자 차종,가해운전자 성별,가해운전자 연령,가해운전자 상해정도,피해운전자 차종,피해운전자 성별,피해운전자 연령,피해운전자 상해정도
2013122000100499,2013년 12월 20일 19시,금요일,전라남도 영광군 묘량면,중상사고,0,1,1,0,차대차 - 추돌 - 진행중,안전운전불이행,결빙,눈,단일로 - 기타,승용,남,37세,경상,화물,남,49세,중상
2013122000100540,2013년 12월 20일 20시,금요일,전라남도 나주시 왕곡면,중상사고,0,1,2,0,차대차 - 추돌 - 진행중,안전운전불이행,습기,흐림,교차로 - 교차로부근,승합,남,71세,중상,승용,여,50세,경상
2013122000100541,2013년 12월 20일 20시,금요일,전라남도 고흥군 과역면,사망사고,1,3,1,0,차대차 - 기타,중앙선침범,건조,기타,단일로 - 기타,승용,남,59세,사망,승합,남,48세,중상
2013122000100579,2013년 12월 20일 21시,금요일,전라남도 나주시 영산동,경상사고,0,0,1,0,차대차 - 측면직각충돌,직진우회전진행방해,건조,맑음,교차로 - 교차로안,기타불명,기타불명,기타불명,기타불명,승용,남,36세,경상
2013122000100631,2013년 12월 20일 22시,금요일,전라남도 목포시 석현동,경상사고,0,0,1,0,차대차 - 기타,안전운전불이행,습기,흐림,단일로 - 기타,승용,남,42세,상해없음,승용,남,25세,경상
2013122000100632,2013년 12월 20일 22시,금요일,전라남도 곡성군 옥과면,경상사고,0,0,4,0,차대차 - 기타,안전운전불이행,적설,눈,단일로 - 교량,승용,남,28세,상해없음,승용,남,34세,경상
2013122000100674,2013년 12월 20일 23시,금요일,전라남도 순천시 용당동,중상사고,0,1,2,0,차대차 - 측면직각충돌,안전운전불이행,습기,비,교차로 - 교차로안,승용,남,22세,상해없음,승용,남,24세,경상
2013122100100023,2013년 12월 21일 00시,토요일,전라남도 순천시 조례동,경상사고,0,0,1,0,차대차 - 기타,교차로운행방법위반,건조,맑음,교차로 - 교차로안,승용,남,32세,상해없음,승용,남,26세,경상
2013122100100076,2013년 12월 21일 01시,토요일,전라남도 순천시 조례동,중상사고,0,1,0,0,차대사람 - 기타,안전운전불이행,건조,맑음,단일로 - 기타,승용,남,32세,상해없음,보행자,남,24세,중상
2013122100100077,2013년 12월 21일 01시,토요일,전라남도 담양군 봉산면,경상사고,0,0,6,0,차대차 - 추돌 - 주정차중,안전운전불이행,결빙,눈,단일로 - 교량,승용,여,57세,상해없음,승용,여,51세,경상
2013122100100128,2013년 12월 21일 03시,토요일,전라남도 목포시 석현동,경상사고,0,0,3,0,차대차 - 추돌 - 주정차중,안전거리미확보,건조,맑음,교차로 - 교차로부근,승용,남,39세,상해없음,승용,남,22세,경상
2013122100100207,2013년 12월 21일 07시,토요일,전라남도 순천시 조례동,경상사고,0,0,1,0,차대차 - 측면직각충돌,신호위반,건조,맑음,교차로 - 교차로안,화물,남,56세,상해없음,승용,남,31세,경상
2013122100100233,2013년 12월 21일 08시,토요일,전라남도 광양시 광양읍,경상사고,0,0,1,0,차대차 - 추돌 - 주정차중,안전운전불이행,건조,맑음,교차로 - 교차로부근,승용,여,20세,상해없음,승합,남,35세,경상
2013122100100259,2013년 12월 21일 09시,토요일,전라남도 목포시 산정동,경상사고,0,0,4,0,차대차 - 추돌 - 진행중,안전거리미확보,건조,맑음,단일로 - 기타,승용,남,60세,상해없음,승용,남,65세,상해없음
2013122100100260,2013년 12월 21일 09시,토요일,전라남도 함평군 나산면,중상사고,0,1,0,0,차대차 - 측면직각충돌,안전운전불이행,결빙,기타,교차로 - 교차로부근,승용,여,37세,중상,건설기계,남,48세,상해없음
2013122100100285,2013년 12월 21일 10시,토요일,전라남도 목포시 용당동,사망사고,1,0,0,0,차대사람 - 기타,안전운전불이행,건조,맑음,교차로 - 교차로안,화물,남,53세,상해없음,보행자,여,83세,사망
2013122100100341,2013년 12월 21일 12시,토요일,전라남도 순천시 서면,경상사고,0,0,3,0,차대차 - 정면충돌,안전운전불이행,결빙,맑음,단일로 - 기타,승용,남,37세,경상,승용,여,43세,경상
2013122100100399,2013년 12월 21일 14시,토요일,전라남도 목포시 상동,경상사고,0,0,1,0,차대사람 - 횡단중,보행자보호의무위반,건조,맑음,단일로 - 횡단보도상,기타불명,기타불명,기타불명,기타불명,보행자,여,11세,경상
2013122100100428,2013년 12월 21일 15시,토요일,전라남도 순천시 연향동,경상사고,0,0,4,0,차대차 - 측면직각충돌,신호위반,건조,맑음,교차로 - 교차로안,승용,남,22세,상해없음,승용,남,41세,경상
2013122100100460,2013년 12월 21일 16시,토요일,전라남도 무안군 삼향읍,사망사고,1,0,0,0,차량단독 - 공작물충돌,안전운전불이행,건조,맑음,단일로 - 기타,화물,남,65세,사망,,,,
2013122100100490,2013년 12월 21일 17시,토요일,전라남도 보성군 득량면,중상사고,0,1,0,0,차대사람 - 횡단중,보행자보호의무위반,건조,맑음,단일로 - 횡단보도상,화물,남,56세,상해없음,보행자,여,73세,중상
2013122100100491,2013년 12월 21일 17시,토요일,전라남도 무안군 삼향읍,경상사고,0,0,2,0,차대차 - 측면직각충돌,신호위반,건조,맑음,교차로 - 교차로안,승용,남,50세,상해없음,승용,여,25세,경상
2013122100100529,2013년 12월 21일 18시,토요일,전라남도 담양군 고서면,경상사고,0,0,3,0,차대차 - 기타,안전운전불이행,건조,맑음,교차로 - 교차로안,승용,여,66세,경상,승용,남,63세,경상
2013122100100573,2013년 12월 21일 19시,토요일,전라남도 무안군 몽탄면,경상사고,0,0,5,0,차대차 - 추돌 - 진행중,안전운전불이행,결빙,흐림,단일로 - 기타,승용,남,28세,상해없음,승용,남,63세,경상
2013122100100574,2013년 12월 21일 19시,토요일,전라남도 여수시 국동,중상사고,0,1,0,0,차대사람 - 기타,안전운전불이행,건조,맑음,단일로 - 기타,승용,남,31세,상해없음,보행자,여,74세,중상
2013122100100575,2013년 12월 21일 19시,토요일,전라남도 고흥군 도덕면,중상사고,0,1,1,0,차량단독 - 전도전복,안전운전불이행,건조,맑음,단일로 - 기타,승용,여,44세,중상,,,,
2013122100100697,2013년 12월 21일 23시,토요일,전라남도 화순군 화순읍,경상사고,0,0,1,0,차대차 - 측면직각충돌,신호위반,건조,맑음,교차로 - 교차로안,승용,여,35세,상해없음,승용,남,39세,경상
2013122200100057,2013년 12월 22일 02시,일요일,전라남도 여수시 선원동,경상사고,0,0,1,0,차대차 - 추돌 - 진행중,안전거리미확보,건조,기타,교차로 - 교차로안,승용,남,43세,상해없음,승용,남,64세,경상
2013122200100077,2013년 12월 22일 03시,일요일,전라남도 고흥군 풍양면,사망사고,1,0,0,0,차량단독 - 전도전복,안전운전불이행,건조,맑음,단일로 - 기타,승용,남,27세,사망,,,,
2013122200100128,2013년 12월 22일 08시,일요일,전라남도 강진군 강진읍,중상사고,0,1,1,0,차대차 - 측면직각충돌,신호위반,건조,맑음,교차로 - 교차로안,화물,남,50세,경상,승용,여,58세,중상
2013122200100189,2013년 12월 22일 12시,일요일,전라남도 나주시 금천면,경상사고,0,0,2,0,차대차 - 기타,안전운전불이행,건조,맑음,단일로 - 기타,승용,남,54세,경상,화물,남,37세,경상
2013122200100238,2013년 12월 22일 14시,일요일,전라남도 광양시 중동,중상사고,0,1,6,0,차대차 - 측면직각충돌,안전운전불이행,건조,맑음,교차로 - 교차로부근,승용,여,30세,경상,승합,남,57세,경상
2013122200100239,2013년 12월 22일 14시,일요일,전라남도 광양시 금호동,경상사고,0,0,2,0,차대차 - 추돌 - 진행중,안전운전불이행,건조,맑음,단일로 - 교량,화물,남,51세,상해없음,승용,여,23세,경상
2013122200100256,2013년 12월 22일 15시,일요일,전라남도 장흥군 장흥읍,경상사고,0,0,1,0,차대차 - 추돌 - 진행중,안전운전불이행,건조,맑음,단일로 - 기타,승용,남,73세,상해없음,화물,남,61세,상해없음
2013122200100285,2013년 12월 22일 16시,일요일,전라남도 순천시 동외동,중상사고,0,1,0,0,차대차 - 측면직각충돌,안전운전불이행,건조,맑음,교차로 - 교차로안,승용,남,55세,상해없음,이륜,남,74세,중상
2013122200100286,2013년 12월 22일 16시,일요일,전라남도 완도군 완도읍,중상사고,0,2,2,0,차대차 - 측면직각충돌,직진우회전진행방해,건조,맑음,교차로 - 교차로안,승용,여,27세,경상,승용,남,48세,경상
2013122200100306,2013년 12월 22일 17시,일요일,전라남도 목포시 용당동,경상사고,0,0,2,0,차대차 - 측면직각충돌,신호위반,건조,맑음,교차로 - 교차로안,승용,남,65세,상해없음,승용,여,42세,경상
2013122200100343,2013년 12월 22일 18시,일요일,전라남도 나주시 금천면,경상사고,0,0,1,2,차대차 - 기타,안전운전불이행,건조,맑음,단일로 - 기타,승용,남,49세,상해없음,승용,남,45세,경상
2013122200100375,2013년 12월 22일 19시,일요일,전라남도 목포시 산정동,경상사고,0,0,3,1,차대차 - 추돌 - 진행중,안전운전불이행,건조,맑음,교차로 - 교차로부근,승용,남,50세,부상신고,승용,여,43세,경상
2013122200100376,2013년 12월 22일 19시,일요일,전라남도 광양시 광양읍,부상신고사고,0,0,0,1,차대차 - 측면직각충돌,안전운전불이행,건조,맑음,단일로 - 기타,승용,남,45세,상해없음,원동기,남,56세,부상신고
2013122200100403,2013년 12월 22일 20시,일요일,전라남도 여수시 신기동,중상사고,0,1,1,0,차대차 - 기타,신호위반,건조,맑음,교차로 - 교차로안,이륜,남,25세,중상,이륜,남,19세,경상
2013122200100425,2013년 12월 22일 21시,일요일,전라남도 고흥군 고흥읍,중상사고,0,2,1,0,차대차 - 정면충돌,중앙선침범,건조,맑음,단일로 - 기타,승용,남,55세,경상,승용,남,37세,중상
2013122300100011,2013년 12월 23일 00시,월요일,전라남도 순천시 조곡동,경상사고,0,0,2,0,차대차 - 측면직각충돌,안전운전불이행,건조,맑음,교차로 - 교차로부근,승용,남,40세,상해없음,승용,남,50세,경상
2013122300100030,2013년 12월 23일 02시,월요일,전라남도 순천시 대룡동,중상사고,0,1,2,0,차량단독 - 공작물충돌,안전운전불이행,건조,맑음,단일로 - 기타,승용,남,31세,경상,,,,
2013122300100042,2013년 12월 23일 04시,월요일,전라남도 광양시 마동,경상사고,0,0,1,0,차대차 - 추돌 - 주정차중,안전운전불이행,건조,맑음,단일로 - 기타,승용,남,21세,상해없음,승용,남,45세,기타불명
2013122300100087,2013년 12월 23일 07시,월요일,전라남도 광양시 중동,중상사고,0,1,2,0,차대차 - 추돌 - 진행중,신호위반,건조,맑음,교차로 - 교차로안,승용,여,41세,경상,승용,남,29세,중상
2013122300100123,2013년 12월 23일 08시,월요일,전라남도 여수시 돌산읍,경상사고,0,0,1,0,차대사람 - 보도통행중,기타,건조,맑음,기타 - 기타,승합,남,54세,상해없음,보행자,여,58세,경상
2013122300100124,2013년 12월 23일 08시,월요일,전라남도 강진군 강진읍,경상사고,0,0,1,0,차대사람 - 보도통행중,보행자보호의무위반,건조,맑음,단일로 - 횡단보도상,승용,여,51세,상해없음,보행자,여,12세,경상
2013122300100125,2013년 12월 23일 08시,월요일,전라남도 무안군 해제면,사망사고,1,0,0,0,차대사람 - 횡단중,안전운전불이행,건조,흐림,교차로 - 교차로안,건설기계,남,44세,상해없음,보행자,여,79세,사망
2013122300100126,2013년 12월 23일 08시,월요일,전라남도 구례군 토지면,경상사고,0,0,4,0,차대차 - 기타,직진우회전진행방해,건조,맑음,교차로 - 교차로안,승용,여,41세,상해없음,화물,남,52세,경상
2013122300100151,2013년 12월 23일 09시,월요일,전라남도 해남군 산이면,경상사고,0,0,1,0,차대차 - 측면직각충돌,신호위반,건조,맑음,교차로 - 교차로안,건설기계,남,38세,상해없음,건설기계,남,45세,경상
2013122300100152,2013년 12월 23일 09시,월요일,전라남도 광양시 중동,경상사고,0,0,3,0,차대차 - 측면직각충돌,직진우회전진행방해,건조,맑음,교차로 - 교차로안,승용,여,35세,경상,승용,여,39세,경상
2013122300100245,2013년 12월 23일 12시,월요일,전라남도 목포시 상동,경상사고,0,0,1,0,차대차 - 측면직각충돌,중앙선침범,건조,맑음,교차로 - 교차로안,승용,여,26세,상해없음,화물,남,54세,경상
2013122300100348,2013년 12월 23일 15시,월요일,전라남도 함평군 해보면,중상사고,0,1,0,0,차대차 - 측면직각충돌,안전운전불이행,건조,맑음,교차로 - 교차로부근,화물,남,62세,상해없음,자전거,남,68세,중상
2013122300100350,2013년 12월 23일 15시,월요일,전라남도 광양시 중동,경상사고,0,0,1,0,차대사람 - 횡단중,안전운전불이행,건조,맑음,단일로 - 기타,승용,남,29세,상해없음,보행자,남,8세,경상
2013122300100386,2013년 12월 23일 16시,월요일,전라남도 순천시 석현동,중상사고,0,1,1,0,차대사람 - 횡단중,보행자보호의무위반,건조,맑음,단일로 - 횡단보도상,승용,남,23세,상해없음,보행자,남,11세,중상
2013122300100425,2013년 12월 23일 17시,월요일,전라남도 목포시 석현동,경상사고,0,0,1,0,차대차 - 기타,안전운전불이행,건조,맑음,교차로 - 교차로안,이륜,남,71세,경상,승용,여,50세,상해없음
2013122300100426,2013년 12월 23일 17시,월요일,전라남도 여수시 여서동,부상신고사고,0,0,0,1,차대차 - 측면직각충돌,교차로운행방법위반,건조,맑음,교차로 - 교차로안,승용,여,31세,부상신고,화물,남,62세,상해없음
2013122300100427,2013년 12월 23일 17시,월요일,전라남도 해남군 산이면,경상사고,0,0,4,0,차대차 - 측면직각충돌,안전운전불이행,건조,맑음,단일로 - 기타,화물,남,45세,상해없음,승용,남,25세,경상
2013122300100428,2013년 12월 23일 17시,월요일,전라남도 함평군 함평읍,사망사고,1,0,0,0,차대사람 - 기타,안전운전불이행,건조,맑음,기타 - 기타,화물,남,55세,상해없음,보행자,남,51세,사망
2013122300100474,2013년 12월 23일 18시,월요일,전라남도 여수시 덕충동,사망사고,1,0,0,0,차대사람 - 횡단중,안전운전불이행,건조,맑음,단일로 - 횡단보도상,승용,여,45세,상해없음,보행자,여,67세,사망
2013122300100475,2013년 12월 23일 18시,월요일,전라남도 여수시 국동,경상사고,0,0,1,0,차대사람 - 길가장자리구역통행중,안전운전불이행,건조,맑음,교차로 - 교차로안,승용,여,35세,상해없음,보행자,남,20세,경상
2013122300100476,2013년 12월 23일 18시,월요일,전라남도 순천시 장천동,경상사고,0,0,1,0,차대차 - 기타,안전운전불이행,건조,맑음,단일로 - 기타,화물,남,30세,상해없음,승용,남,39세,경상
2013122300100477,2013년 12월 23일 18시,월요일,전라남도 담양군 담양읍,경상사고,0,0,2,0,차대차 - 추돌 - 주정차중,안전거리미확보,건조,맑음,단일로 - 기타,승용,남,27세,상해없음,승용,남,42세,경상
2013122300100478,2013년 12월 23일 18시,월요일,전라남도 구례군 마산면,경상사고,0,0,3,0,차대차 - 추돌 - 진행중,기타,건조,맑음,교차로 - 교차로부근,승용,남,71세,상해없음,승용,여,42세,경상
2013122300100521,2013년 12월 23일 19시,월요일,전라남도 목포시 옥암동,경상사고,0,0,3,0,차대차 - 측면직각충돌,교차로운행방법위반,건조,맑음,단일로 - 기타,승용,여,27세,경상,승용,여,37세,경상
2013122300100522,2013년 12월 23일 19시,월요일,전라남도 순천시 조례동,중상사고,0,1,0,0,차대사람 - 횡단중,보행자보호의무위반,건조,맑음,단일로 - 횡단보도상,승용,남,49세,상해없음,보행자,남,11세,중상
2013122400100036,2013년 12월 24일 01시,화요일,전라남도 여수시 소호동,중상사고,0,2,1,0,차량단독 - 공작물충돌,안전운전불이행,건조,맑음,단일로 - 기타,승용,남,15세,상해없음,,,,
2013122400100181,2013년 12월 24일 09시,화요일,전라남도 여수시 중흥동,중상사고,0,1,0,0,차대차 - 측면직각충돌,신호위반,건조,맑음,교차로 - 교차로안,화물,남,46세,상해없음,화물,남,28세,중상
2013122400100182,2013년 12월 24일 09시,화요일,전라남도 나주시 반남면,사망사고,2,1,0,0,차량단독 - 도로외이탈 - 기타,안전운전불이행,건조,맑음,단일로 - 기타,승용,남,70세,사망,,,,
2013122400100183,2013년 12월 24일 09시,화요일,전라남도 광양시 중동,경상사고,0,0,2,0,차대차 - 측면직각충돌,교차로운행방법위반,건조,맑음,교차로 - 교차로안,이륜,남,64세,경상,승용,여,19세,경상
2013122400100203,2013년 12월 24일 10시,화요일,전라남도 목포시 동명동,경상사고,0,0,2,0,차대차 - 기타,안전운전불이행,건조,맑음,단일로 - 기타,승용,여,52세,경상,승용,남,52세,경상
2013122400100204,2013년 12월 24일 10시,화요일,전라남도 완도군 금당면,경상사고,0,0,1,0,차대차 - 정면충돌,중앙선침범,건조,맑음,단일로 - 기타,승합,남,60세,상해없음,화물,남,60세,경상
2013122400100227,2013년 12월 24일 11시,화요일,전라남도 영광군 영광읍,중상사고,0,1,0,0,차대차 - 측면직각충돌,안전운전불이행,건조,맑음,교차로 - 교차로안,화물,남,69세,기타불명,이륜,남,61세,중상
2013122400100248,2013년 12월 24일 12시,화요일,전라남도 여수시 학동,경상사고,0,0,1,0,차대사람 - 횡단중,신호위반,건조,맑음,단일로 - 횡단보도상,승용,남,34세,상해없음,보행자,여,34세,경상
2013122400100302,2013년 12월 24일 14시,화요일,전라남도 영암군 삼호읍,경상사고,0,0,3,0,차대차 - 측면직각충돌,직진우회전진행방해,건조,맑음,교차로 - 교차로안,화물,남,55세,경상,화물,남,35세,경상
2013122400100364,2013년 12월 24일 16시,화요일,전라남도 영암군 영암읍,중상사고,0,1,0,0,차대차 - 기타,안전운전불이행,건조,맑음,교차로 - 교차로부근,승용,남,49세,상해없음,원동기,남,81세,중상
2013122400100365,2013년 12월 24일 16시,화요일,전라남도 담양군 담양읍,중상사고,0,1,0,0,차대차 - 기타,안전운전불이행,건조,맑음,교차로 - 교차로안,자전거,남,8세,중상,화물,여,50세,상해없음
2013122400100390,2013년 12월 24일 17시,화요일,전라남도 신안군 압해읍,경상사고,0,0,1,0,차량단독 - 공작물충돌,안전운전불이행,건조,맑음,미분류 - 미분류,승용,남,47세,경상,,,,
2013122400100391,2013년 12월 24일 17시,화요일,전라남도 순천시 대룡동,사망사고,1,0,0,0,차량단독 - 공작물충돌,안전운전불이행,건조,맑음,단일로 - 기타,승용,남,43세,사망,,,,
2013122400100493,2013년 12월 24일 19시,화요일,전라남도 담양군 대전면,경상사고,0,0,2,1,차대차 - 기타,신호위반,건조,맑음,교차로 - 교차로안,승용,남,36세,부상신고,승합,남,54세,경상
2013122400100533,2013년 12월 24일 20시,화요일,전라남도 목포시 옥암동,부상신고사고,0,0,0,1,차대사람 - 기타,안전운전불이행,건조,맑음,단일로 - 기타,기타불명,기타불명,기타불명,기타불명,보행자,남,26세,부상신고
2013122400100576,2013년 12월 24일 21시,화요일,전라남도 순천시 장천동,경상사고,0,0,1,0,차대차 - 측면직각충돌,안전운전불이행,건조,맑음,교차로 - 교차로안,화물,남,49세,상해없음,승용,여,46세,경상
2013122400100577,2013년 12월 24일 21시,화요일,전라남도 나주시 남평읍,경상사고,0,0,1,0,차대차 - 추돌 - 주정차중,안전운전불이행,건조,맑음,단일로 - 기타,승용,남,28세,상해없음,승용,여,46세,상해없음
2013122400100651,2013년 12월 24일 23시,화요일,전라남도 순천시 조례동,부상신고사고,0,0,0,1,차대차 - 기타,안전운전불이행,건조,맑음,단일로 - 기타,원동기,남,16세,부상신고,승용,남,50세,상해없음
2013122400100652,2013년 12월 24일 23시,화요일,전라남도 해남군 해남읍,부상신고사고,0,0,0,1,차대차 - 측면직각충돌,교차로운행방법위반,건조,맑음,교차로 - 교차로안,이륜,남,16세,부상신고,승용,남,41세,상해없음
2013122400100653,2013년 12월 24일 23시,화요일,전라남도 화순군 화순읍,사망사고,1,0,0,0,차대사람 - 차도통행중,보행자보호의무위반,건조,맑음,단일로 - 횡단보도부근,승용,남,31세,상해없음,보행자,남,54세,사망
2013122500100016,2013년 12월 25일 00시,수요일,전라남도 순천시 용당동,경상사고,0,0,7,0,차대차 - 측면직각충돌,직진우회전진행방해,건조,맑음,교차로 - 교차로안,승용,남,25세,경상,승용,여,45세,경상
2013122500100039,2013년 12월 25일 01시,수요일,전라남도 여수시 화양면,경상사고,0,0,1,0,차량단독 - 전도전복,안전운전불이행,기타,맑음,단일로 - 기타,화물,남,19세,경상,,,,
2013122500100126,2013년 12월 25일 06시,수요일,전라남도 여수시 봉강동,경상사고,0,0,2,0,차대차 - 측면직각충돌,신호위반,건조,맑음,교차로 - 교차로안,승용,남,27세,상해없음,승용,남,50세,경상
2013122500100127,2013년 12월 25일 06시,수요일,전라남도 광양시 광양읍,경상사고,0,0,1,0,차대차 - 추돌 - 주정차중,안전운전불이행,건조,맑음,교차로 - 교차로부근,승용,남,48세,상해없음,승용,여,45세,경상
2013122500100140,2013년 12월 25일 07시,수요일,전라남도 신안군 증도면,사망사고,1,0,0,0,차대사람 - 기타,안전운전불이행,건조,맑음,단일로 - 기타,화물,남,52세,상해없음,보행자,여,94세,사망
2013122500100175,2013년 12월 25일 09시,수요일,전라남도 나주시 용산동,경상사고,0,0,1,0,차대차 - 측면직각충돌,안전운전불이행,건조,맑음,교차로 - 교차로안,이륜,남,79세,경상,승용,여,57세,상해없음
2013122500100205,2013년 12월 25일 11시,수요일,전라남도 순천시 승주읍,경상사고,0,0,1,0,차량단독 - 기타,안전운전불이행,건조,맑음,단일로 - 기타,화물,남,60세,상해없음,,,,
2013122500100223,2013년 12월 25일 12시,수요일,전라남도 무안군 청계면,경상사고,0,0,2,0,차대차 - 측면직각충돌,안전운전불이행,건조,맑음,교차로 - 교차로안,승용,남,47세,상해없음,원동기,여,54세,경상
2013122500100239,2013년 12월 25일 13시,수요일,전라남도 순천시 조례동,중상사고,0,1,1,0,차대차 - 측면직각충돌,안전운전불이행,건조,맑음,단일로 - 기타,승용,여,45세,중상,승용,남,59세,경상
2013122500100321,2013년 12월 25일 17시,수요일,전라남도 광양시 옥곡면,중상사고,0,2,0,0,차대차 - 추돌 - 진행중,직진우회전진행방해,건조,맑음,교차로 - 교차로부근,화물,남,59세,상해없음,이륜,남,54세,중상
2013122500100350,2013년 12월 25일 18시,수요일,전라남도 진도군 진도읍,중상사고,0,1,0,0,차량단독 - 전도전복,안전운전불이행,건조,맑음,단일로 - 기타,화물,여,56세,중상,,,,
2013122500100387,2013년 12월 25일 19시,수요일,전라남도 여수시 율촌면,사망사고,1,0,0,0,차대사람 - 기타,안전운전불이행,건조,맑음,교차로 - 교차로부근,승용,남,42세,상해없음,보행자,여,80세,사망
2013122500100388,2013년 12월 25일 19시,수요일,전라남도 광양시 중동,중상사고,0,1,1,0,차대차 - 측면직각충돌,교차로운행방법위반,건조,기타,교차로 - 교차로안,승용,남,42세,경상,승용,남,52세,중상
2013122500100412,2013년 12월 25일 20시,수요일,전라남도 무안군 청계면,중상사고,0,1,1,0,차대차 - 측면직각충돌,중앙선침범,건조,맑음,단일로 - 기타,승합,남,35세,중상,특수,남,49세,경상
2013122500100413,2013년 12월 25일 20시,수요일,전라남도 광양시 도이동,경상사고,0,0,1,0,차량단독 - 공작물충돌,안전운전불이행,건조,맑음,단일로 - 기타,승용,남,60세,경상,,,,
2013122600100038,2013년 12월 26일 03시,목요일,전라남도 여수시 둔덕동,경상사고,0,0,1,0,차대차 - 추돌 - 진행중,안전거리미확보,건조,맑음,교차로 - 교차로안,승용,남,39세,상해없음,승용,남,37세,경상
2013122600100089,2013년 12월 26일 07시,목요일,전라남도 여수시 화양면,경상사고,0,0,2,0,차대차 - 추돌 - 진행중,안전거리미확보,건조,맑음,단일로 - 기타,화물,남,63세,상해없음,화물,남,57세,경상
2013122600100090,2013년 12월 26일 07시,목요일,전라남도 순천시 해룡면,부상신고사고,0,0,0,1,차대차 - 기타,차로위반,건조,맑음,단일로 - 기타,승용,남,58세,부상신고,승용,남,42세,상해없음
2013122600100091,2013년 12월 26일 07시,목요일,전라남도 완도군 군외면,중상사고,0,1,5,0,차대차 - 정면충돌,중앙선침범,건조,맑음,단일로 - 기타,승용,여,56세,상해없음,승용,남,64세,경상
2013122600100170,2013년 12월 26일 10시,목요일,전라남도 영암군 덕진면,중상사고,0,1,0,0,차대차 - 기타,안전운전불이행,건조,맑음,교차로 - 교차로안,화물,여,60세,상해없음,이륜,남,77세,중상
2013122600100255,2013년 12월 26일 13시,목요일,전라남도 여수시 돌산읍,중상사고,0,1,0,0,차대차 - 추돌 - 진행중,안전운전불이행,건조,맑음,교차로 - 교차로부근,승합,남,46세,상해없음,승합,남,51세,상해없음
2013122600100256,2013년 12월 26일 13시,목요일,전라남도 해남군 현산면,경상사고,0,0,1,0,차대차 - 측면직각충돌,직진우회전진행방해,건조,맑음,교차로 - 교차로안,화물,남,25세,상해없음,승용,남,51세,경상
2013122600100304,2013년 12월 26일 15시,목요일,전라남도 곡성군 옥과면,중상사고,0,1,0,0,차대차 - 기타,신호위반,건조,흐림,교차로 - 교차로안,화물,남,54세,상해없음,원동기,남,80세,중상
2013122600100333,2013년 12월 26일 16시,목요일,전라남도 광양시 중동,경상사고,0,0,2,0,차대차 - 추돌 - 진행중,교차로운행방법위반,건조,맑음,교차로 - 교차로안,승용,여,50세,상해없음,승용,여,43세,상해없음
2013122600100366,2013년 12월 26일 17시,목요일,전라남도 목포시 석현동,경상사고,0,0,1,0,차대차 - 기타,신호위반,습기,흐림,단일로 - 횡단보도상,자전거,남,13세,경상,승용,남,45세,상해없음
2013122600100367,2013년 12월 26일 17시,목요일,전라남도 순천시 동외동,경상사고,0,0,1,0,차대사람 - 기타,안전운전불이행,건조,맑음,교차로 - 교차로안,승용,남,45세,상해없음,보행자,여,16세,경상
2013122600100405,2013년 12월 26일 18시,목요일,전라남도 영암군 삼호읍,경상사고,0,0,2,0,차대차 - 기타,신호위반,습기,비,교차로 - 교차로안,승합,남,58세,상해없음,승용,남,46세,경상
2013122600100406,2013년 12월 26일 18시,목요일,전라남도 담양군 담양읍,중상사고,0,1,1,0,차대차 - 측면직각충돌,중앙선침범,습기,흐림,단일로 - 기타,화물,남,46세,상해없음,승용,여,31세,중상
2013122600100407,2013년 12월 26일 18시,목요일,전라남도 광양시 금호동,중상사고,0,1,0,0,차대사람 - 횡단중,중앙선침범,건조,맑음,단일로 - 기타,승합,남,26세,상해없음,보행자,남,61세,중상
2013122600100447,2013년 12월 26일 19시,목요일,전라남도 여수시 문수동,중상사고,0,1,0,0,차대사람 - 횡단중,신호위반,건조,맑음,교차로 - 교차로부근,승용,남,22세,상해없음,보행자,여,15세,중상
2013122600100473,2013년 12월 26일 20시,목요일,전라남도 영광군 영광읍,중상사고,0,1,0,0,차대사람 - 길가장자리구역통행중,안전운전불이행,건조,맑음,단일로 - 기타,화물,남,48세,상해없음,보행자,남,16세,중상
2013122600100559,2013년 12월 26일 23시,목요일,전라남도 순천시 장천동,경상사고,0,0,1,0,차대차 - 기타,차로위반,건조,맑음,교차로 - 교차로부근,승용,남,47세,상해없음,승합,남,44세,상해없음
2013122700100071,2013년 12월 27일 06시,금요일,전라남도 나주시 노안면,중상사고,0,1,0,0,차대사람 - 횡단중,신호위반,건조,맑음,교차로 - 교차로부근,승합,남,39세,상해없음,보행자,남,61세,중상
2013122700100087,2013년 12월 27일 07시,금요일,전라남도 진도군 지산면,중상사고,0,1,0,0,차대차 - 기타,중앙선침범,건조,맑음,단일로 - 기타,승용,여,47세,상해없음,승용,남,64세,중상
2013122700100088,2013년 12월 27일 07시,금요일,전라남도 광양시 황길동,중상사고,0,1,0,0,차대차 - 측면직각충돌,신호위반,건조,맑음,교차로 - 교차로부근,화물,남,46세,상해없음,이륜,남,68세,중상