사고번호,사고일시,요일,시군구,사고내용,사망자수,중상자수,경상자수,부상신고자수,사고유형,법규위반,노면상태,기상상태,도로형태,가해운전자 차종,가해운전자 성별,가해운전자 연령,가해운전자 상해정도,피해운전자 차종,피해운전자 성별,피해운전자 연령,피해운전자 상해정도
2013122700100110,2013년 12월 27일 08시,금요일,전라남도 곡성군 오곡면,경상사고,0,0,2,0,차대차 - 기타,중앙선침범,건조,맑음,단일로 - 기타,승용,여,55세,경상,승용,남,30세,경상
2013122700100127,2013년 12월 27일 09시,금요일,전라남도 영광군 홍농읍,경상사고,0,0,1,0,차대차 - 측면직각충돌,직진우회전진행방해,건조,맑음,교차로 - 교차로안,승용,남,39세,기타불명,승용,여,58세,경상
2013122700100152,2013년 12월 27일 10시,금요일,전라남도 해남군 송지면,경상사고,0,0,2,1,차대차 - 측면직각충돌,중앙선침범,건조,맑음,단일로 - 기타,화물,남,66세,부상신고,화물,남,62세,경상
2013122700100153,2013년 12월 27일 10시,금요일,전라남도 곡성군 곡성읍,경상사고,0,0,1,0,차대차 - 추돌 - 주정차중,안전운전불이행,건조,맑음,단일로 - 횡단보도상,화물,남,42세,상해없음,승용,남,43세,경상
2013122700100154,2013년 12월 27일 10시,금요일,전라남도 진도군 진도읍,경상사고,0,0,1,0,차대사람 - 기타,안전운전불이행,기타,기타,기타 - 기타,화물,남,78세,상해없음,보행자,여,71세,경상
2013122700100175,2013년 12월 27일 11시,금요일,전라남도 곡성군 삼기면,경상사고,0,0,1,0,차대차 - 기타,안전운전불이행,건조,맑음,교차로 - 교차로부근,화물,남,27세,상해없음,승용,남,28세,경상
2013122700100230,2013년 12월 27일 13시,금요일,전라남도 여수시 중흥동,경상사고,0,0,1,0,차대차 - 측면직각충돌,기타,건조,맑음,단일로 - 기타,건설기계,남,59세,상해없음,승용,여,42세,경상
2013122700100231,2013년 12월 27일 13시,금요일,전라남도 영암군 삼호읍,경상사고,0,0,3,0,차대차 - 기타,기타,건조,맑음,단일로 - 기타,화물,남,53세,상해없음,승용,남,26세,경상
2013122700100232,2013년 12월 27일 13시,금요일,전라남도 구례군 산동면,사망사고,1,1,0,0,차대차 - 추돌 - 진행중,중앙선침범,건조,맑음,단일로 - 기타,승용,남,64세,사망,승용,남,38세,중상
2013122700100256,2013년 12월 27일 14시,금요일,전라남도 화순군 동면,경상사고,0,0,1,0,차대차 - 정면충돌,중앙선침범,건조,맑음,단일로 - 기타,화물,남,26세,상해없음,화물,남,64세,경상
2013122700100282,2013년 12월 27일 15시,금요일,전라남도 나주시 금천면,중상사고,0,1,0,0,차대차 - 추돌 - 진행중,안전운전불이행,건조,맑음,단일로 - 교량,화물,남,37세,중상,화물,남,40세,상해없음
2013122700100336,2013년 12월 27일 17시,금요일,전라남도 순천시 조례동,경상사고,0,0,1,0,차량단독 - 기타,안전운전불이행,건조,맑음,교차로 - 교차로부근,승용,여,43세,상해없음,,,,
2013122700100337,2013년 12월 27일 17시,금요일,전라남도 담양군 담양읍,경상사고,0,0,1,0,차대차 - 추돌 - 진행중,안전운전불이행,건조,흐림,단일로 - 기타,화물,남,70세,상해없음,승용,여,49세,경상
2013122700100369,2013년 12월 27일 18시,금요일,전라남도 순천시 풍덕동,경상사고,0,0,1,0,차대사람 - 기타,안전운전불이행,건조,맑음,기타 - 기타,화물,여,47세,상해없음,보행자,여,79세,경상
2013122700100370,2013년 12월 27일 18시,금요일,전라남도 나주시 산포면,경상사고,0,0,5,0,차대차 - 추돌 - 진행중,안전거리미확보,건조,맑음,단일로 - 기타,승용,남,23세,상해없음,승용,남,67세,경상
2013122700100371,2013년 12월 27일 18시,금요일,전라남도 나주시 산포면,경상사고,0,0,2,0,차대차 - 추돌 - 주정차중,안전거리미확보,건조,맑음,단일로 - 기타,승합,남,42세,상해없음,승용,남,23세,경상
2013122700100372,2013년 12월 27일 18시,금요일,전라남도 나주시 산포면,경상사고,0,0,1,0,차대차 - 추돌 - 주정차중,안전거리미확보,건조,맑음,단일로 - 기타,승용,남,51세,상해없음,승합,남,42세,상해없음
2013122700100373,2013년 12월 27일 18시,금요일,전라남도 광양시 광양읍,경상사고,0,0,1,0,차대사람 - 보도통행중,안전운전불이행,건조,맑음,단일로 - 횡단보도상,승용,남,27세,상해없음,보행자,여,54세,경상
2013122700100413,2013년 12월 27일 19시,금요일,전라남도 영암군 삼호읍,중상사고,0,1,0,0,차대차 - 기타,안전운전불이행,건조,맑음,단일로 - 기타,화물,남,46세,상해없음,자전거,남,50세,중상
2013122700100414,2013년 12월 27일 19시,금요일,전라남도 광양시 광양읍,경상사고,0,0,1,0,차대차 - 측면직각충돌,직진우회전진행방해,건조,맑음,교차로 - 교차로안,승용,여,48세,상해없음,승용,남,53세,경상
2013122700100449,2013년 12월 27일 20시,금요일,전라남도 여수시 소라면,경상사고,0,0,1,0,차대차 - 기타,중앙선침범,건조,맑음,단일로 - 기타,승용,남,30세,상해없음,승용,남,48세,경상
2013122700100450,2013년 12월 27일 20시,금요일,전라남도 해남군 문내면,경상사고,0,0,2,0,차대차 - 기타,기타,건조,맑음,교차로 - 교차로안,승용,여,50세,상해없음,화물,여,51세,상해없음
2013122700100451,2013년 12월 27일 20시,금요일,전라남도 광양시 금호동,중상사고,0,1,0,0,차대차 - 측면직각충돌,교차로운행방법위반,건조,맑음,교차로 - 교차로안,승용,남,53세,상해없음,이륜,남,18세,중상
2013122700100485,2013년 12월 27일 21시,금요일,전라남도 목포시 대의동1가,경상사고,0,0,1,0,차대사람 - 기타,안전운전불이행,건조,기타,교차로 - 교차로안,승용,남,31세,상해없음,보행자,남,71세,경상
2013122700100517,2013년 12월 27일 22시,금요일,전라남도 여수시 미평동,경상사고,0,0,1,0,차대차 - 측면직각충돌,교차로운행방법위반,건조,맑음,교차로 - 교차로안,화물,남,58세,상해없음,이륜,남,17세,경상
2013122700100557,2013년 12월 27일 23시,금요일,전라남도 여수시 봉산동,경상사고,0,0,2,0,차대차 - 기타,신호위반,건조,맑음,교차로 - 교차로안,이륜,남,18세,경상,승용,남,51세,경상
2013122800100023,2013년 12월 28일 00시,토요일,전라남도 순천시 연향동,경상사고,0,0,1,0,차대차 - 측면직각충돌,중앙선침범,건조,맑음,단일로 - 기타,승용,남,28세,상해없음,승용,남,21세,상해없음
2013122800100146,2013년 12월 28일 06시,토요일,전라남도 나주시 금천면,중상사고,0,4,3,0,차대차 - 측면직각충돌,교차로운행방법위반,건조,맑음,교차로 - 교차로안,화물,남,59세,경상,승합,남,47세,중상
2013122800100188,2013년 12월 28일 09시,토요일,전라남도 영암군 삼호읍,경상사고,0,0,1,0,차대차 - 기타,안전거리미확보,습기,비,교차로 - 교차로부근,화물,남,42세,경상,승용,여,40세,상해없음
2013122800100232,2013년 12월 28일 11시,토요일,전라남도 순천시 덕암동,경상사고,0,0,4,0,차대차 - 정면충돌,신호위반,건조,맑음,교차로 - 교차로안,승용,남,42세,경상,승용,남,68세,경상
2013122800100233,2013년 12월 28일 11시,토요일,전라남도 장흥군 장흥읍,중상사고,0,1,0,0,차대사람 - 기타,안전운전불이행,건조,맑음,교차로 - 교차로안,승용,남,50세,상해없음,보행자,여,70세,중상
2013122800100234,2013년 12월 28일 11시,토요일,전라남도 함평군 해보면,중상사고,0,1,0,0,차량단독 - 전도전복,안전운전불이행,건조,맑음,교차로 - 교차로부근,승용,남,54세,중상,,,,
2013122800100235,2013년 12월 28일 11시,토요일,전라남도 강진군 강진읍,경상사고,0,0,1,0,차대사람 - 기타,안전운전불이행,건조,맑음,교차로 - 교차로안,화물,남,76세,기타불명,보행자,남,32세,경상
2013122800100265,2013년 12월 28일 12시,토요일,전라남도 해남군 해남읍,경상사고,0,0,3,0,차대차 - 측면직각충돌,안전운전불이행,건조,맑음,단일로 - 기타,승용,남,37세,상해없음,승용,남,42세,경상
2013122800100299,2013년 12월 28일 13시,토요일,전라남도 영광군 군서면,중상사고,0,1,0,0,차대사람 - 기타,안전운전불이행,적설,눈,단일로 - 기타,승용,여,45세,상해없음,보행자,여,50세,중상
2013122800100320,2013년 12월 28일 14시,토요일,전라남도 목포시 상동,경상사고,0,0,2,0,차대차 - 추돌 - 진행중,안전운전불이행,결빙,눈,단일로 - 기타,승용,남,42세,상해없음,승용,여,47세,경상
2013122800100346,2013년 12월 28일 15시,토요일,전라남도 완도군 고금면,경상사고,0,0,3,0,차대차 - 측면직각충돌,중앙선침범,습기,비,단일로 - 기타,승용,남,53세,상해없음,승용,여,36세,경상
2013122800100347,2013년 12월 28일 15시,토요일,전라남도 광양시 광양읍,경상사고,0,0,2,0,차대차 - 추돌 - 진행중,안전운전불이행,건조,맑음,단일로 - 교량,승용,여,44세,경상,화물,남,42세,경상
2013122800100368,2013년 12월 28일 16시,토요일,전라남도 순천시 저전동,중상사고,0,1,0,0,차대사람 - 횡단중,안전운전불이행,건조,맑음,단일로 - 기타,승용,남,40세,상해없음,보행자,여,72세,중상
2013122800100439,2013년 12월 28일 18시,토요일,전라남도 순천시 풍덕동,중상사고,0,1,0,0,차대차 - 추돌 - 주정차중,안전운전불이행,건조,맑음,교차로 - 교차로부근,승용,여,25세,상해없음,승용,여,52세,중상
2013122800100440,2013년 12월 28일 18시,토요일,전라남도 해남군 북평면,중상사고,0,1,0,0,차량단독 - 공작물충돌,안전운전불이행,건조,맑음,교차로 - 교차로안,화물,남,48세,중상,,,,
2013122800100441,2013년 12월 28일 18시,토요일,전라남도 강진군 성전면,중상사고,0,1,0,0,차대사람 - 횡단중,안전운전불이행,건조,흐림,단일로 - 기타,화물,남,56세,상해없음,보행자,남,59세,중상
2013122800100474,2013년 12월 28일 19시,토요일,전라남도 여수시 학동,경상사고,0,0,1,0,차대차 - 기타,교차로운행방법위반,건조,맑음,교차로 - 교차로안,승용,여,47세,상해없음,이륜,남,16세,경상
2013122800100475,2013년 12월 28일 19시,토요일,전라남도 순천시 조례동,경상사고,0,0,1,0,차대차 - 기타,안전운전불이행,건조,맑음,교차로 - 교차로부근,승용,남,23세,상해없음,원동기,여,43세,경상
2013122800100476,2013년 12월 28일 19시,토요일,전라남도 나주시 노안면,경상사고,0,0,4,0,차대차 - 추돌 - 진행중,안전운전불이행,건조,맑음,교차로 - 교차로부근,승용,남,38세,상해없음,승용,여,26세,경상
2013122800100477,2013년 12월 28일 19시,토요일,전라남도 무안군 무안읍,경상사고,0,0,2,0,차대차 - 기타,직진우회전진행방해,건조,맑음,교차로 - 교차로안,승용,여,49세,경상,승용,남,63세,경상
2013122800100503,2013년 12월 28일 20시,토요일,전라남도 목포시 옥암동,경상사고,0,0,1,0,차대사람 - 기타,안전운전불이행,건조,맑음,교차로 - 교차로안,승합,남,49세,상해없음,보행자,남,12세,경상
2013122800100557,2013년 12월 28일 22시,토요일,전라남도 여수시 오림동,경상사고,0,0,1,0,차대차 - 추돌 - 주정차중,안전운전불이행,건조,맑음,단일로 - 기타,승용,여,34세,상해없음,승용,남,31세,경상
2013122900100034,2013년 12월 29일 01시,일요일,전라남도 광양시 중동,경상사고,0,0,1,0,차대차 - 측면직각충돌,직진우회전진행방해,건조,맑음,교차로 - 교차로안,승용,여,38세,상해없음,승용,여,51세,경상
2013122900100091,2013년 12월 29일 04시,일요일,전라남도 여수시 문수동,부상신고사고,0,0,0,1,차량단독 - 공작물충돌,안전운전불이행,건조,맑음,교차로 - 교차로부근,승용,남,22세,부상신고,,,,
2013122900100103,2013년 12월 29일 05시,일요일,전라남도 영암군 학산면,경상사고,0,0,1,0,차대차 - 기타,안전운전불이행,결빙,눈,단일로 - 기타,승용,여,34세,경상,승용,남,46세,기타불명
2013122900100128,2013년 12월 29일 07시,일요일,전라남도 목포시 상동,경상사고,0,0,2,0,차대차 - 측면직각충돌,신호위반,습기,눈,교차로 - 교차로안,승용,남,26세,상해없음,승용,남,34세,경상
2013122900100129,2013년 12월 29일 07시,일요일,전라남도 장성군 남면,중상사고,0,2,1,0,차량단독 - 공작물충돌,안전운전불이행,적설,눈,단일로 - 기타,승용,남,37세,경상,,,,
2013122900100163,2013년 12월 29일 10시,일요일,전라남도 순천시 덕암동,경상사고,0,0,1,0,차대차 - 추돌 - 주정차중,안전거리미확보,건조,맑음,단일로 - 기타,승용,여,44세,상해없음,승용,남,28세,경상
2013122900100174,2013년 12월 29일 11시,일요일,전라남도 목포시 상동,중상사고,0,1,0,0,차대차 - 측면직각충돌,신호위반,습기,맑음,교차로 - 교차로안,승용,남,53세,상해없음,원동기,남,35세,중상
2013122900100175,2013년 12월 29일 11시,일요일,전라남도 해남군 삼산면,중상사고,0,3,0,0,차대사람 - 길가장자리구역통행중,안전운전불이행,적설,맑음,단일로 - 기타,승용,남,50세,상해없음,보행자,남,54세,중상
2013122900100222,2013년 12월 29일 14시,일요일,전라남도 목포시 양동,사망사고,1,0,0,0,차대차 - 추돌 - 주정차중,기타,습기,흐림,단일로 - 기타,화물,남,63세,사망,원동기,남,61세,기타불명
2013122900100223,2013년 12월 29일 14시,일요일,전라남도 광양시 광영동,경상사고,0,0,1,0,차대차 - 추돌 - 진행중,교차로운행방법위반,건조,맑음,교차로 - 교차로안,승용,남,61세,상해없음,승용,여,33세,경상
2013122900100240,2013년 12월 29일 15시,일요일,전라남도 순천시 해룡면,경상사고,0,0,2,0,차대차 - 측면직각충돌,안전운전불이행,건조,맑음,단일로 - 기타,승용,남,25세,상해없음,승용,남,39세,경상
2013122900100256,2013년 12월 29일 16시,일요일,전라남도 화순군 능주면,중상사고,0,1,0,0,차량단독 - 공작물충돌,안전운전불이행,결빙,맑음,단일로 - 기타,승용,여,45세,중상,,,,
2013122900100257,2013년 12월 29일 16시,일요일,전라남도 진도군 진도읍,중상사고,0,1,0,0,차대차 - 기타,안전운전불이행,건조,맑음,교차로 - 교차로안,승용,남,62세,상해없음,승용,여,48세,중상
2013122900100283,2013년 12월 29일 17시,일요일,전라남도 순천시 주암면,중상사고,0,1,0,0,차량단독 - 기타,안전운전불이행,건조,맑음,단일로 - 기타,승용,남,22세,중상,,,,
2013122900100323,2013년 12월 29일 18시,일요일,전라남도 목포시 상동,경상사고,0,0,1,0,차대사람 - 길가장자리구역통행중,안전운전불이행,건조,맑음,단일로 - 기타,이륜,남,50세,상해없음,보행자,여,21세,경상
2013122900100411,2013년 12월 29일 21시,일요일,전라남도 목포시 산정동,경상사고,0,0,2,0,차대차 - 측면직각충돌,신호위반,건조,맑음,교차로 - 교차로안,승용,남,57세,상해없음,승용,남,27세,경상
2013122900100443,2013년 12월 29일 23시,일요일,전라남도 여수시 미평동,중상사고,0,1,1,0,차대차 - 정면충돌,중앙선침범,건조,맑음,단일로 - 기타,승용,남,24세,상해없음,승용,남,29세,중상
2013123000100009,2013년 12월 30일 00시,월요일,전라남도 목포시 산정동,중상사고,0,1,1,0,차대차 - 측면직각충돌,중앙선침범,건조,맑음,단일로 - 기타,원동기,남,16세,경상,승용,남,19세,상해없음
2013123000100043,2013년 12월 30일 04시,월요일,전라남도 목포시 산정동,경상사고,0,0,1,0,차대차 - 기타,안전운전불이행,건조,맑음,단일로 - 기타,승용,여,42세,상해없음,승용,남,28세,경상
2013123000100067,2013년 12월 30일 06시,월요일,전라남도 순천시 연향동,경상사고,0,0,1,0,차대차 - 기타,중앙선침범,건조,맑음,단일로 - 기타,승용,남,22세,상해없음,승용,남,44세,경상
2013123000100085,2013년 12월 30일 07시,월요일,전라남도 광양시 광양읍,중상사고,0,1,0,0,차대차 - 측면직각충돌,안전운전불이행,건조,맑음,단일로 - 기타,승용,남,34세,상해없음,이륜,남,35세,중상
2013123000100086,2013년 12월 30일 07시,월요일,전라남도 광양시 금호동,경상사고,0,0,1,0,차대사람 - 기타,안전운전불이행,건조,맑음,단일로 - 기타,승용,남,35세,상해없음,보행자,남,50세,경상
2013123000100087,2013년 12월 30일 07시,월요일,전라남도 광양시 중동,중상사고,0,1,0,0,차대차 - 추돌 - 진행중,교차로운행방법위반,건조,맑음,교차로 - 교차로안,승용,남,47세,상해없음,자전거,남,67세,중상
2013123000100115,2013년 12월 30일 08시,월요일,전라남도 목포시 상동,경상사고,0,0,1,0,차대차 - 기타,안전운전불이행,건조,맑음,단일로 - 기타,승용,남,53세,상해없음,승용,여,32세,경상
2013123000100116,2013년 12월 30일 08시,월요일,전라남도 화순군 화순읍,경상사고,0,0,4,0,차대차 - 측면직각충돌,안전운전불이행,건조,흐림,단일로 - 기타,승용,남,35세,경상,화물,남,64세,경상
2013123000100164,2013년 12월 30일 10시,월요일,전라남도 순천시 조곡동,경상사고,0,0,1,0,차대차 - 기타,직진우회전진행방해,건조,맑음,교차로 - 교차로안,화물,남,62세,상해없음,화물,남,59세,경상
2013123000100246,2013년 12월 30일 13시,월요일,전라남도 영암군 삼호읍,중상사고,0,1,0,0,차대사람 - 횡단중,안전운전불이행,건조,맑음,단일로 - 기타,승용,여,42세,상해없음,보행자,남,7세,중상
2013123000100247,2013년 12월 30일 13시,월요일,전라남도 담양군 무정면,중상사고,0,1,0,0,차대차 - 기타,안전운전불이행,건조,맑음,교차로 - 교차로안,원동기,남,41세,중상,화물,남,50세,상해없음
2013123000100276,2013년 12월 30일 14시,월요일,전라남도 고흥군 도양읍,중상사고,0,1,0,0,차대차 - 측면직각충돌,교차로운행방법위반,건조,맑음,교차로 - 교차로안,원동기,남,74세,중상,승용,남,29세,상해없음
2013123000100415,2013년 12월 30일 18시,월요일,전라남도 목포시 용해동,경상사고,0,0,1,0,차대차 - 기타,안전운전불이행,건조,맑음,기타 - 기타,승용,남,49세,상해없음,원동기,여,38세,경상
2013123000100416,2013년 12월 30일 18시,월요일,전라남도 순천시 매곡동,경상사고,0,0,5,0,차대차 - 기타,신호위반,건조,맑음,교차로 - 교차로안,승용,여,46세,경상,승용,남,51세,경상
2013123000100417,2013년 12월 30일 18시,월요일,전라남도 나주시 반남면,사망사고,1,0,0,0,차대사람 - 차도통행중,안전운전불이행,건조,맑음,단일로 - 기타,화물,남,65세,상해없음,보행자,여,79세,사망
2013123000100418,2013년 12월 30일 18시,월요일,전라남도 광양시 광영동,중상사고,0,1,0,0,차대차 - 추돌 - 주정차중,안전거리미확보,건조,맑음,교차로 - 교차로부근,화물,남,59세,상해없음,화물,남,50세,중상
2013123000100457,2013년 12월 30일 19시,월요일,전라남도 여수시 상암동,중상사고,0,1,0,0,차대차 - 기타,중앙선침범,건조,맑음,단일로 - 기타,건설기계,남,45세,상해없음,승용,남,60세,중상
2013123000100458,2013년 12월 30일 19시,월요일,전라남도 순천시 덕암동,중상사고,0,1,0,0,차대차 - 측면직각충돌,신호위반,건조,맑음,교차로 - 교차로안,승용,여,56세,중상,승용,남,49세,상해없음
2013123000100459,2013년 12월 30일 19시,월요일,전라남도 영암군 삼호읍,중상사고,0,3,2,0,차대차 - 추돌 - 주정차중,안전운전불이행,건조,맑음,교차로 - 교차로안,승합,남,56세,상해없음,승용,여,50세,경상
2013123000100501,2013년 12월 30일 20시,월요일,전라남도 목포시 죽교동,경상사고,0,0,1,0,차대차 - 기타,안전운전불이행,건조,맑음,기타 - 기타,승용,남,50세,상해없음,승용,여,48세,상해없음
2013123000100538,2013년 12월 30일 21시,월요일,전라남도 광양시 중동,중상사고,0,1,0,0,차대차 - 추돌 - 주정차중,안전운전불이행,건조,맑음,단일로 - 기타,자전거,남,51세,중상,승용,여,26세,기타불명
2013123000100622,2013년 12월 30일 23시,월요일,전라남도 순천시 해룡면,중상사고,0,1,1,0,차대차 - 추돌 - 진행중,기타,건조,맑음,단일로 - 기타,승용,남,64세,경상,승용,여,54세,중상
2013123100100022,2013년 12월 31일 00시,화요일,전라남도 여수시 학동,경상사고,0,0,1,0,차대차 - 추돌 - 주정차중,안전운전불이행,건조,맑음,교차로 - 교차로안,승용,남,45세,상해없음,승용,여,44세,경상
2013123100100063,2013년 12월 31일 02시,화요일,전라남도 여수시 주삼동,중상사고,0,1,0,0,차대사람 - 기타,신호위반,건조,맑음,교차로 - 교차로안,승용,여,31세,상해없음,보행자,남,37세,중상
2013123100100064,2013년 12월 31일 02시,화요일,전라남도 광양시 중동,경상사고,0,0,4,0,차대차 - 측면직각충돌,안전운전불이행,건조,맑음,단일로 - 기타,승용,남,47세,상해없음,승용,남,21세,경상
2013123100100091,2013년 12월 31일 04시,화요일,전라남도 순천시 조례동,경상사고,0,0,1,0,차대차 - 추돌 - 주정차중,안전운전불이행,건조,맑음,교차로 - 교차로안,승용,남,21세,상해없음,승용,남,37세,경상
2013123100100105,2013년 12월 31일 05시,화요일,전라남도 광양시 광양읍,중상사고,0,1,1,0,차대차 - 측면직각충돌,과속,건조,맑음,교차로 - 교차로안,승용,남,28세,경상,승용,남,45세,중상
2013123100100128,2013년 12월 31일 06시,화요일,전라남도 여수시 국동,사망사고,1,0,0,0,차대사람 - 횡단중,신호위반,건조,맑음,교차로 - 교차로안,승용,남,25세,상해없음,보행자,남,72세,사망
2013123100100147,2013년 12월 31일 07시,화요일,전라남도 영암군 삼호읍,경상사고,0,0,2,0,차대차 - 측면직각충돌,직진우회전진행방해,건조,맑음,교차로 - 교차로안,승용,여,59세,경상,승용,남,28세,경상
2013123100100172,2013년 12월 31일 08시,화요일,전라남도 여수시 오림동,경상사고,0,0,1,0,차대차 - 추돌 - 진행중,안전운전불이행,건조,맑음,교차로 - 교차로부근,승용,남,62세,상해없음,승합,여,49세,경상
2013123100100200,2013년 12월 31일 09시,화요일,전라남도 광양시 금호동,중상사고,0,1,0,0,차대차 - 추돌 - 진행중,안전거리미확보,건조,맑음,단일로 - 기타,건설기계,남,30세,상해없음,승용,여,51세,중상
2013123100100243,2013년 12월 31일 11시,화요일,전라남도 여수시 돌산읍,사망사고,1,1,0,0,차대차 - 기타,중앙선침범,건조,맑음,단일로 - 기타,화물,남,53세,사망,화물,남,57세,중상
2013123100100270,2013년 12월 31일 12시,화요일,전라남도 순천시 매곡동,중상사고,0,1,0,0,차대사람 - 기타,안전운전불이행,건조,맑음,단일로 - 기타,승용,여,55세,상해없음,보행자,남,6세,중상
2013123100100271,2013년 12월 31일 12시,화요일,전라남도 담양군 대전면,경상사고,0,0,1,0,차대사람 - 기타,안전운전불이행,건조,맑음,단일로 - 기타,승용,여,44세,상해없음,보행자,여,59세,경상
2013123100100290,2013년 12월 31일 13시,화요일,전라남도 순천시 별량면,중상사고,0,1,0,0,차대차 - 추돌 - 주정차중,안전운전불이행,건조,맑음,교차로 - 교차로부근,화물,남,39세,상해없음,승용,남,48세,중상
2013123100100291,2013년 12월 31일 13시,화요일,전라남도 구례군 토지면,경상사고,0,0,1,0,차대차 - 기타,직진우회전진행방해,건조,맑음,교차로 - 교차로안,이륜,남,66세,경상,화물,남,42세,상해없음
2013123100100349,2013년 12월 31일 15시,화요일,전라남도 순천시 남내동,중상사고,0,1,0,0,차대사람 - 기타,안전운전불이행,건조,맑음,기타 - 기타,승용,남,53세,상해없음,보행자,남,49세,중상
2013123100100375,2013년 12월 31일 16시,화요일,전라남도 순천시 연향동,경상사고,0,0,1,0,차대차 - 기타,안전운전불이행,건조,맑음,단일로 - 기타,승용,남,46세,상해없음,승용,남,29세,경상
2013123100100376,2013년 12월 31일 16시,화요일,전라남도 광양시 옥곡면,중상사고,0,2,0,0,차대차 - 추돌 - 진행중,기타,건조,맑음,단일로 - 기타,화물,남,66세,상해없음,이륜,여,72세,중상
2013123100100404,2013년 12월 31일 17시,화요일,전라남도 순천시 서면,중상사고,0,2,3,0,차대차 - 기타,안전운전불이행,건조,맑음,단일로 - 기타,승용,남,53세,상해없음,승용,여,61세,경상
2013123100100405,2013년 12월 31일 17시,화요일,전라남도 고흥군 과역면,중상사고,0,1,0,0,차대사람 - 기타,안전운전불이행,건조,맑음,단일로 - 기타,승합,남,45세,상해없음,보행자,여,83세,중상
2013123100100453,2013년 12월 31일 18시,화요일,전라남도 목포시 산정동,중상사고,0,1,0,0,차대사람 - 횡단중,안전운전불이행,건조,맑음,단일로 - 기타,승용,여,43세,상해없음,보행자,남,75세,중상
2013123100100454,2013년 12월 31일 18시,화요일,전라남도 목포시 옥암동,경상사고,0,0,1,0,차대차 - 측면직각충돌,교차로운행방법위반,건조,맑음,교차로 - 교차로안,화물,남,36세,상해없음,승용,여,29세,경상
2013123100100455,2013년 12월 31일 18시,화요일,전라남도 화순군 화순읍,경상사고,0,0,1,0,차대차 - 측면직각충돌,안전운전불이행,건조,맑음,기타 - 기타,승용,남,63세,상해없음,승용,남,27세,경상
2013123100100513,2013년 12월 31일 19시,화요일,전라남도 순천시 동외동,경상사고,0,0,1,0,차대차 - 기타,직진우회전진행방해,건조,맑음,교차로 - 교차로안,화물,남,22세,상해없음,승용,남,37세,경상
2013123100100514,2013년 12월 31일 19시,화요일,전라남도 영암군 삼호읍,경상사고,0,0,1,0,차대차 - 정면충돌,중앙선침범,건조,맑음,단일로 - 기타,승용,남,35세,상해없음,승용,남,45세,경상
2013123100100515,2013년 12월 31일 19시,화요일,전라남도 무안군 무안읍,중상사고,0,1,0,0,차대차 - 측면직각충돌,안전운전불이행,건조,맑음,교차로 - 교차로안,승용,여,69세,상해없음,이륜,남,22세,중상
2013123100100564,2013년 12월 31일 20시,화요일,전라남도 여수시 소호동,경상사고,0,0,1,0,차대차 - 기타,안전운전불이행,건조,맑음,단일로 - 기타,승용,남,51세,상해없음,승용,남,49세,경상
2013123100100565,2013년 12월 31일 20시,화요일,전라남도 순천시 석현동,경상사고,0,0,1,0,차대차 - 추돌 - 주정차중,안전운전불이행,건조,맑음,단일로 - 기타,승용,남,29세,상해없음,승용,남,33세,경상
2013123100100588,2013년 12월 31일 21시,화요일,전라남도 여수시 해산동,경상사고,0,0,6,0,차대차 - 추돌 - 주정차중,안전운전불이행,건조,맑음,단일로 - 기타,승용,여,26세,상해없음,승용,남,52세,경상
2013123100100589,2013년 12월 31일 21시,화요일,전라남도 여수시 국동,경상사고,0,0,2,0,차대차 - 추돌 - 주정차중,기타,건조,맑음,단일로 - 기타,승용,남,51세,상해없음,승용,남,49세,경상
2013123100100630,2013년 12월 31일 22시,화요일,전라남도 목포시 죽교동,경상사고,0,0,3,0,차대차 - 측면직각충돌,안전운전불이행,건조,맑음,단일로 - 기타,승용,남,48세,상해없음,승용,남,45세,경상
2013123100100631,2013년 12월 31일 22시,화요일,전라남도 여수시 오림동,중상사고,0,1,0,0,차대사람 - 횡단중,신호위반,건조,맑음,단일로 - 횡단보도상,승용,여,45세,상해없음,보행자,여,53세,중상
2013123100100632,2013년 12월 31일 22시,화요일,전라남도 순천시 해룡면,중상사고,0,1,0,0,차대사람 - 기타,안전운전불이행,건조,맑음,교차로 - 교차로안,승용,여,28세,상해없음,보행자,여,53세,중상
2013123100100633,2013년 12월 31일 22시,화요일,전라남도 강진군 강진읍,사망사고,1,0,2,0,차대사람 - 기타,안전운전불이행,건조,맑음,기타 - 기타,승용,남,42세,경상,보행자,남,46세,경상
2013123100100662,2013년 12월 31일 23시,화요일,전라남도 목포시 옥암동,경상사고,0,0,2,0,차대차 - 측면직각충돌,교차로운행방법위반,건조,맑음,교차로 - 교차로안,승용,여,39세,경상,승용,여,55세,경상
2013123100100663,2013년 12월 31일 23시,화요일,전라남도 순천시 남정동,중상사고,0,1,0,0,차대차 - 기타,안전운전불이행,건조,맑음,단일로 - 기타,이륜,남,20세,중상,승용,여,49세,상해없음